gid,role,role_score,cluster_id,priority_score,evidence
100000000011452100,terminal,0.642,1,0.563,"Возможный конечный получатель: вход 110,000, выход 16,685 KZT; выход 15% входа, отправителей 3."
100000000018102100,peripheral,0.2,1,0.285,"Роль не определена: 1 отправителей, 0 получателей; вход 7,000, выход 0 KZT. Обрыв на depth=4: 0 исходящих — эффект границы выгрузки."
100000000031787100,transit,0.795,2,0.413,"Признаки транзита: вход 90,000 KZT, выход 90,000 KZT (100% входа); 1 отправителей."
100000000041368100,peripheral,0.6,3,0.572,"Роль не определена: 1 отправителей, 0 получателей; вход 160,000, выход 0 KZT."
100000000076451100,consolidator,0.271,4,0.485,"Признаки консолидации: 3 отправителей, 4 получателей; вход 87,707, выход 58,000 KZT."
100000000089154100,distributor,0.877,1,0.707,"Признаки распределения: 15 получателей, 1 отправителей; вход 10,000, выход 425,500 KZT."
100000000190228100,peripheral,0.6,5,0.491,"Роль не определена: 1 отправителей, 1 получателей; вход 5,000, выход 28,560 KZT."
100000000201868100,peripheral,0.6,6,0.418,"Роль не определена: 1 отправителей, 1 получателей; вход 190,000, выход 190,000 KZT."
100000000254336100,peripheral,0.2,1,0.456,"Роль не определена: 2 отправителей, 1 получателей; вход 97,177, выход 60,000 KZT."
100000000267734100,distributor,0.498,2,0.533,"Признаки распределения: 7 получателей, 2 отправителей; вход 180,000, выход 282,000 KZT."
100000000274067100,distributor,0.624,2,0.658,"Признаки распределения: 3 получателей, 2 отправителей; вход 517,704, выход 2,969,000 KZT."
100000000287768100,peripheral,0.6,1,0.53,"Роль не определена: 1 отправителей, 0 получателей; вход 35,168, выход 0 KZT."
100000000288317100,peripheral,0.2,1,0.491,"Роль не определена: 2 отправителей, 3 получателей; вход 100,000, выход 53,500 KZT."
100000000291906100,transit,0.872,7,0.484,"Признаки транзита: вход 388,000 KZT, выход 455,854 KZT (117% входа); 2 отправителей."
100000000291908100,terminal,0.713,7,0.595,"Возможный конечный получатель: вход 295,500, выход 13,300 KZT; выход 5% входа, отправителей 1."
100000000297649100,peripheral,0.2,8,0.439,"Роль не определена: 1 отправителей, 1 получателей; вход 40,000, выход 70,600 KZT."
100000000299820100,peripheral,0.2,9,0.295,"Роль не определена: 1 отправителей, 0 получателей; вход 10,000, выход 0 KZT. Обрыв на depth=4: 0 исходящих — эффект границы выгрузки."
100000000307908100,peripheral,0.6,10,0.475,"Роль не определена: 1 отправителей, 0 получателей; вход 5,000, выход 0 KZT."
100000000331309100,distributor,0.985,11,0.884,"Признаки распределения: 99 получателей, 5 отправителей; вход 984,635, выход 23,001,375 KZT."
100000000332284100,distributor,0.413,11,0.595,"Признаки распределения: 3 получателей, 10 отправителей; вход 107,426, выход 289,500 KZT."
100000000343175100,coordinator,0.56,12,0.725,"Признаки координации: 8 отправителей и 31 получателей; вход 178,712, выход 4,000,039 KZT. Seed: входящие неполны; баланс не используется."
100000000369781100,peripheral,0.2,11,0.275,"Роль не определена: 1 отправителей, 0 получателей; вход 5,000, выход 0 KZT. Обрыв на depth=4: 0 исходящих — эффект границы выгрузки."
100000000375150100,peripheral,0.2,13,0.39,"Роль не определена: 1 отправителей, 0 получателей; вход 300,000, выход 0 KZT. Обрыв на depth=4: 0 исходящих — эффект границы выгрузки."
100000000404740100,peripheral,0.2,14,0.32,"Роль не определена: 1 отправителей, 0 получателей; вход 25,000, выход 0 KZT. Обрыв на depth=4: 0 исходящих — эффект границы выгрузки."
100000000408846100,peripheral,0.6,15,0.534,"Роль не определена: 1 отправителей, 0 получателей; вход 40,500, выход 0 KZT."
100000000413678100,distributor,0.388,9,0.531,"Признаки распределения: 3 получателей, 2 отправителей; вход 306,500, выход 528,198 KZT."
100000000424935100,peripheral,0.2,16,0.306,"Роль не определена: 1 отправителей, 0 получателей; вход 15,000, выход 0 KZT. Обрыв на depth=4: 0 исходящих — эффект границы выгрузки."
100000000425407100,peripheral,0.6,3,0.514,"Роль не определена: 1 отправителей, 0 получателей; вход 20,000, выход 0 KZT."
100000000437046100,distributor,0.949,1,0.809,"Признаки распределения: 42 получателей, 9 отправителей; вход 1,107,200, выход 7,606,224 KZT."
100000000440392100,terminal,0.643,17,0.561,"Возможный конечный получатель: вход 105,705, выход 0 KZT; выход 0% входа, отправителей 1."
100000000456947100,peripheral,0.6,18,0.1,"Роль не определена: 0 отправителей, 0 получателей; вход 0, выход 0 KZT. Seed: входящие неполны; баланс не используется."
100000000470237100,peripheral,0.2,16,0.328,"Роль не определена: 1 отправителей, 0 получателей; вход 32,500, выход 0 KZT. Обрыв на depth=4: 0 исходящих — эффект границы выгрузки."
100000000481716100,peripheral,0.6,19,0.488,"Роль не определена: 1 отправителей, 0 получателей; вход 8,000, выход 0 KZT."
100000000489417100,transit,0.64,13,0.429,"Признаки транзита: вход 73,504 KZT, выход 80,000 KZT (109% входа); 3 отправителей."
100000000490383100,distributor,0.755,17,0.654,"Признаки распределения: 8 получателей, 3 отправителей; вход 62,600, выход 461,375 KZT."
100000000500040100,peripheral,0.2,1,0.314,"Роль не определена: 1 отправителей, 0 получателей; вход 20,000, выход 0 KZT. Обрыв на depth=4: 0 исходящих — эффект границы выгрузки."
100000000507799100,peripheral,0.6,20,0.368,"Роль не определена: 1 отправителей, 1 получателей; вход 5,132, выход 8,000 KZT."
100000000533217100,peripheral,0.6,1,0.542,"Роль не определена: 1 отправителей, 0 получателей; вход 53,587, выход 0 KZT."
100000000534581100,peripheral,0.2,9,0.429,"Роль не определена: 2 отправителей, 1 получателей; вход 55,960, выход 40,000 KZT."
100000000542087100,peripheral,0.2,21,0.29,"Роль не определена: 1 отправителей, 0 получателей; вход 8,507, выход 0 KZT. Обрыв на depth=4: 0 исходящих — эффект границы выгрузки."
100000000552584100,terminal,0.827,22,0.662,"Возможный конечный получатель: вход 2,500,000, выход 57,500 KZT; выход 2% входа, отправителей 1."
100000000555721100,terminal,0.687,1,0.584,"Возможный конечный получатель: вход 113,000, выход 0 KZT; выход 0% входа, отправителей 2."
100000000557536100,peripheral,0.2,21,0.371,"Роль не определена: 1 отправителей, 0 получателей; вход 153,000, выход 0 KZT. Обрыв на depth=4: 0 исходящих — эффект границы выгрузки."
100000000560751100,peripheral,0.6,13,0.52,"Роль не определена: 1 отправителей, 0 получателей; вход 25,000, выход 0 KZT."
100000000561160100,peripheral,0.2,3,0.383,"Роль не определена: 1 отправителей, 0 получателей; вход 240,000, выход 0 KZT. Обрыв на depth=4: 0 исходящих — эффект границы выгрузки."
100000000569479100,peripheral,0.6,1,0.591,"Роль не определена: 1 отправителей, 0 получателей; вход 320,000, выход 0 KZT."
100000000572276100,peripheral,0.6,23,0.45,"Роль не определена: 1 отправителей, 1 получателей; вход 13,075, выход 34,547 KZT."
100000000580561100,peripheral,0.2,24,0.594,"Роль не определена: 2 отправителей, 3 получателей; вход 27,980, выход 1,488,077 KZT. Seed: входящие неполны; баланс не используется."
100000000581662100,peripheral,0.2,25,0.316,"Роль не определена: 1 отправителей, 0 получателей; вход 21,160, выход 0 KZT. Обрыв на depth=4: 0 исходящих — эффект границы выгрузки."
100000000581682100,peripheral,0.2,16,0.275,"Роль не определена: 1 отправителей, 0 получателей; вход 5,000, выход 0 KZT. Обрыв на depth=4: 0 исходящих — эффект границы выгрузки."
100000000583220100,peripheral,0.2,26,0.635,"Роль не определена: 1 отправителей, 1 получателей; вход 5,000, выход 761,255 KZT."
100000000594783100,terminal,0.808,22,0.668,"Возможный конечный получатель: вход 2,635,000, выход 152,500 KZT; выход 6% входа, отправителей 1."
100000000596954100,peripheral,0.2,3,0.497,"Роль не определена: 1 отправителей, 2 получателей; вход 120,000, выход 48,100 KZT."
100000000600707100,peripheral,0.2,27,0.356,"Роль не определена: 1 отправителей, 0 получателей; вход 89,000, выход 0 KZT. Обрыв на depth=4: 0 исходящих — эффект границы выгрузки."
100000000607731100,peripheral,0.6,28,0.485,"Роль не определена: 1 отправителей, 1 получателей; вход 20,000, выход 66,666 KZT."
100000000607941100,peripheral,0.2,17,0.435,"Роль не определена: 2 отправителей, 1 получателей; вход 50,000, выход 70,000 KZT."
100000000608031100,peripheral,0.2,29,0.325,"Роль не определена: 1 отправителей, 0 получателей; вход 30,000, выход 0 KZT. Обрыв на depth=4: 0 исходящих — эффект границы выгрузки."
100000000611474100,peripheral,0.6,30,0.527,"Роль не определена: 1 отправителей, 0 получателей; вход 32,000, выход 0 KZT."
100000000625169100,peripheral,0.6,23,0.495,"Роль не определена: 1 отправителей, 0 получателей; вход 10,000, выход 0 KZT."
100000000627521100,peripheral,0.2,31,0.283,"Роль не определена: 1 отправителей, 0 получателей; вход 6,500, выход 0 KZT. Обрыв на depth=4: 0 исходящих — эффект границы выгрузки."
100000000629812100,peripheral,0.6,32,0.539,"Роль не определена: 2 отправителей, 0 получателей; вход 22,000, выход 0 KZT."
100000000634341100,peripheral,0.2,1,0.319,"Роль не определена: 1 отправителей, 0 получателей; вход 24,000, выход 0 KZT. Обрыв на depth=4: 0 исходящих — эффект границы выгрузки."
100000000640800100,distributor,0.58,9,0.615,"Признаки распределения: 4 получателей, 1 отправителей; вход 80,000, выход 518,135 KZT."
100000000646541100,terminal,0.683,1,0.558,"Возможный конечный получатель: вход 25,300, выход 0 KZT; выход 0% входа, отправителей 3."
100000000655469100,peripheral,0.2,33,0.314,"Роль не определена: 1 отправителей, 0 получателей; вход 20,000, выход 0 KZT. Обрыв на depth=4: 0 исходящих — эффект границы выгрузки."
100000000656682100,transit,0.72,1,0.42,"Признаки транзита: вход 71,000 KZT, выход 80,000 KZT (113% входа); 1 отправителей."
100000000661131100,peripheral,0.6,23,0.507,"Роль не определена: 1 отправителей, 0 получателей; вход 15,600, выход 0 KZT."
100000000661912100,transit,0.887,9,0.502,"Признаки транзита: вход 393,036 KZT, выход 430,700 KZT (110% входа); 5 отправителей."
100000000667713100,peripheral,0.2,17,0.5,"Роль не определена: 2 отправителей, 6 получателей; вход 119,495, выход 79,236 KZT."
100000000673868100,terminal,0.736,34,0.652,"Возможный конечный получатель: вход 2,030,650, выход 383,000 KZT; выход 19% входа, отправителей 1."
100000000673915100,peripheral,0.2,21,0.314,"Роль не определена: 1 отправителей, 0 получателей; вход 20,200, выход 0 KZT. Обрыв на depth=4: 0 исходящих — эффект границы выгрузки."
100000000703894100,peripheral,0.6,28,0.503,"Роль не определена: 1 отправителей, 1 получателей; вход 120,000, выход 35,000 KZT."
100000000703902100,peripheral,0.6,23,0.521,"Роль не определена: 1 отправителей, 0 получателей; вход 25,499, выход 0 KZT."
100000000704700100,peripheral,0.2,35,0.295,"Роль не определена: 1 отправителей, 0 получателей; вход 10,000, выход 0 KZT. Обрыв на depth=4: 0 исходящих — эффект границы выгрузки."
100000000706545100,terminal,0.881,17,0.65,"Возможный конечный получатель: вход 1,070,300, выход 75,800 KZT; выход 7% входа, отправителей 3."
100000000718427100,peripheral,0.6,23,0.48,"Роль не определена: 1 отправителей, 0 получателей; вход 6,000, выход 0 KZT."
100000000723383100,peripheral,0.2,33,0.558,"Роль не определена: 1 отправителей, 2 получателей; вход 6,800, выход 75,000 KZT."
100000000724540100,peripheral,0.6,36,0.459,"Роль не определена: 1 отправителей, 1 получателей; вход 50,000, выход 100,000 KZT."
100000000733373100,peripheral,0.6,17,0.497,"Роль не определена: 1 отправителей, 0 получателей; вход 10,710, выход 0 KZT."
100000000733451100,peripheral,0.2,13,0.542,"Роль не определена: 1 отправителей, 1 получателей; вход 70,000, выход 300,000 KZT."
100000000733940100,peripheral,0.2,37,0.415,"Роль не определена: 1 отправителей, 0 получателей; вход 752,000, выход 0 KZT. Обрыв на depth=4: 0 исходящих — эффект границы выгрузки."
100000000737152100,peripheral,0.2,1,0.33,"Роль не определена: 1 отправителей, 0 получателей; вход 35,000, выход 0 KZT. Обрыв на depth=4: 0 исходящих — эффект границы выгрузки."
100000000749118100,peripheral,0.6,1,0.39,"Роль не определена: 1 отправителей, 1 получателей; вход 10,330, выход 16,500 KZT."
100000000764836100,terminal,0.607,9,0.561,"Возможный конечный получатель: вход 251,716, выход 50,000 KZT; выход 20% входа, отправителей 1."
100000000765628100,peripheral,0.6,17,0.475,"Роль не определена: 1 отправителей, 0 получателей; вход 5,000, выход 0 KZT."
100000000769919100,peripheral,0.6,38,0.585,"Роль не определена: 1 отправителей, 0 получателей; вход 250,000, выход 0 KZT."
100000000782285100,peripheral,0.6,1,0.481,"Роль не определена: 1 отправителей, 0 получателей; вход 6,151, выход 0 KZT."
100000000783406100,peripheral,0.6,39,0.481,"Роль не определена: 1 отправителей, 0 получателей; вход 6,066, выход 0 KZT."
100000000785800100,peripheral,0.6,40,0.354,"Роль не определена: 1 отправителей, 1 получателей; вход 19,000, выход 19,000 KZT."
100000000790311100,peripheral,0.6,4,0.537,"Роль не определена: 1 отправителей, 0 получателей; вход 46,300, выход 0 KZT."
100000000791285100,peripheral,0.2,15,0.542,"Роль не определена: 1 отправителей, 3 получателей; вход 1,120,000, выход 650,000 KZT."
100000000795033100,peripheral,0.6,1,0.511,"Роль не определена: 1 отправителей, 0 получателей; вход 18,200, выход 0 KZT."
100000000795129100,peripheral,0.6,4,0.592,"Роль не определена: 1 отправителей, 0 получателей; вход 332,000, выход 0 KZT."
100000000795374100,peripheral,0.6,9,0.54,"Роль не определена: 1 отправителей, 0 получателей; вход 50,000, выход 0 KZT."
100000000802149100,peripheral,0.6,1,0.56,"Роль не определена: 1 отправителей, 0 получателей; вход 104,128, выход 0 KZT."
100000000803368100,peripheral,0.2,41,0.368,"Роль не определена: 1 отправителей, 0 получателей; вход 139,503, выход 0 KZT. Обрыв на depth=4: 0 исходящих — эффект границы выгрузки."
100000000806727100,peripheral,0.6,9,0.522,"Роль не определена: 1 отправителей, 1 получателей; вход 45,000, выход 5,000 KZT."
100000000810551100,peripheral,0.6,3,0.556,"Роль не определена: 1 отправителей, 1 получателей; вход 100,000, выход 7,100 KZT."
100000000817146100,peripheral,0.6,17,0.549,"Роль не определена: 1 отправителей, 0 получателей; вход 70,020, выход 0 KZT."
100000000821507100,peripheral,0.6,34,0.598,"Роль не определена: 1 отправителей, 0 получателей; вход 400,000, выход 0 KZT."
100000000831684100,peripheral,0.2,8,0.477,"Роль не определена: 1 отправителей, 1 получателей; вход 15,000, выход 50,000 KZT."
100000000838385100,peripheral,0.2,16,0.532,"Роль не определена: 1 отправителей, 2 получателей; вход 436,900, выход 177,500 KZT."
100000000850297100,peripheral,0.6,19,0.352,"Роль не определена: 1 отправителей, 1 получателей; вход 17,520, выход 17,520 KZT."
100000000860514100,peripheral,0.6,14,0.49,"Роль не определена: 1 отправителей, 1 получателей; вход 12,000, выход 50,000 KZT."
100000000861294100,peripheral,0.6,2,0.57,"Роль не определена: 1 отправителей, 0 получателей; вход 150,000, выход 0 KZT."
100000000870121100,peripheral,0.6,13,0.5,"Роль не определена: 1 отправителей, 0 получателей; вход 12,000, выход 0 KZT."
100000000878006100,peripheral,0.6,11,0.538,"Роль не определена: 1 отправителей, 0 получателей; вход 47,003, выход 0 KZT."
100000000896111100,peripheral,0.6,22,0.588,"Роль не определена: 1 отправителей, 0 получателей; вход 287,100, выход 0 KZT."
100000000907277100,peripheral,0.6,23,0.51,"Роль не определена: 1 отправителей, 0 получателей; вход 17,534, выход 0 KZT."
100000000910216100,peripheral,0.2,3,0.418,"Роль не определена: 1 отправителей, 1 получателей; вход 71,000, выход 52,010 KZT."
100000000912487100,peripheral,0.6,3,0.495,"Роль не определена: 1 отправителей, 0 получателей; вход 10,000, выход 0 KZT."
100000000913911100,peripheral,0.2,3,0.488,"Роль не определена: 2 отправителей, 1 получателей; вход 467,000, выход 600,000 KZT."
100000000917179100,peripheral,0.6,41,0.557,"Роль не определена: 1 отправителей, 0 получателей; вход 94,465, выход 0 KZT."
100000000922570100,peripheral,0.6,8,0.386,"Роль не определена: 1 отправителей, 1 получателей; вход 47,101, выход 50,000 KZT."
100000000926078100,peripheral,0.2,9,0.385,"Роль не определена: 1 отправителей, 0 получателей; вход 250,000, выход 0 KZT. Обрыв на depth=4: 0 исходящих — эффект границы выгрузки."
100000000926766100,peripheral,0.6,14,0.445,"Роль не определена: 1 отправителей, 1 получателей; вход 18,750, выход 6,000 KZT."
100000000933075100,peripheral,0.2,8,0.427,"Роль не определена: 1 отправителей, 2 получателей; вход 40,000, выход 55,000 KZT."
100000000941942100,peripheral,0.6,3,0.566,"Роль не определена: 1 отправителей, 0 получателей; вход 130,000, выход 0 KZT."
100000000942301100,peripheral,0.6,1,0.544,"Роль не определена: 1 отправителей, 0 получателей; вход 57,580, выход 0 KZT."
100000000943371100,peripheral,0.6,13,0.507,"Роль не определена: 1 отправителей, 0 получателей; вход 15,500, выход 0 KZT."
100000000945428100,peripheral,0.6,1,0.556,"Роль не определена: 1 отправителей, 0 получателей; вход 89,629, выход 0 KZT."
100000000954884100,peripheral,0.6,39,0.529,"Роль не определена: 1 отправителей, 0 получателей; вход 34,000, выход 0 KZT."
100000000955444100,peripheral,0.6,24,0.484,"Роль не определена: 1 отправителей, 0 получателей; вход 6,910, выход 0 KZT."
100000000955529100,peripheral,0.6,3,0.459,"Роль не определена: 1 отправителей, 1 получателей; вход 27,000, выход 63,500 KZT."
100000000957746100,peripheral,0.2,29,0.277,"Роль не определена: 1 отправителей, 0 получателей; вход 5,300, выход 0 KZT. Обрыв на depth=4: 0 исходящих — эффект границы выгрузки."
100000000961900100,terminal,0.648,1,0.552,"Возможный конечный получатель: вход 36,000, выход 0 KZT; выход 0% входа, отправителей 2."
100000000967918100,terminal,0.601,1,0.516,"Возможный конечный получатель: вход 21,200, выход 0 KZT; выход 0% входа, отправителей 1."
100000000968253100,peripheral,0.6,23,0.506,"Роль не определена: 1 отправителей, 0 получателей; вход 15,000, выход 0 KZT."
100000000971908100,peripheral,0.6,2,0.556,"Роль не определена: 1 отправителей, 0 получателей; вход 89,000, выход 0 KZT."
100000000976943100,transit,0.689,12,0.411,"Признаки транзита: вход 70,000 KZT, выход 84,000 KZT (120% входа); 1 отправителей."
100000000978041100,peripheral,0.6,23,0.536,"Роль не определена: 1 отправителей, 0 получателей; вход 44,445, выход 0 KZT."
100000000979567100,peripheral,0.6,23,0.495,"Роль не определена: 1 отправителей, 0 получателей; вход 10,000, выход 0 KZT."
100000000979923100,peripheral,0.6,12,0.558,"Роль не определена: 1 отправителей, 0 получателей; вход 97,900, выход 0 KZT."
100000000981693100,peripheral,0.2,1,0.309,"Роль не определена: 1 отправителей, 0 получателей; вход 16,500, выход 0 KZT. Обрыв на depth=4: 0 исходящих — эффект границы выгрузки."
100000000993112100,peripheral,0.6,42,0.569,"Роль не определена: 1 отправителей, 0 получателей; вход 141,000, выход 0 KZT."
100000000998559100,peripheral,0.6,3,0.559,"Роль не определена: 1 отправителей, 0 получателей; вход 100,000, выход 0 KZT."
100000001009583100,peripheral,0.6,11,0.597,"Роль не определена: 1 отправителей, 0 получателей; вход 393,740, выход 0 KZT."
100000001046057100,peripheral,0.6,43,0.554,"Роль не определена: 1 отправителей, 0 получателей; вход 83,420, выход 0 KZT."
100000001046626100,peripheral,0.6,11,0.57,"Роль не определена: 1 отправителей, 0 получателей; вход 150,000, выход 0 KZT."
100000001049200100,peripheral,0.2,44,0.502,"Роль не определена: 2 отправителей, 4 получателей; вход 76,624, выход 36,000 KZT."
100000001052789100,peripheral,0.6,44,0.549,"Роль не определена: 1 отправителей, 0 получателей; вход 70,975, выход 0 KZT."
100000001052945100,distributor,0.673,45,0.673,"Признаки распределения: 3 получателей, 1 отправителей; вход 56,520, выход 1,595,700 KZT."
100000001053894100,peripheral,0.2,31,0.443,"Роль не определена: 1 отправителей, 0 получателей; вход 2,000,000, выход 0 KZT. Обрыв на depth=4: 0 исходящих — эффект границы выгрузки."
100000001056414100,peripheral,0.6,25,0.585,"Роль не определена: 1 отправителей, 0 получателей; вход 250,000, выход 0 KZT."
100000001063678100,peripheral,0.2,30,0.491,"Роль не определена: 1 отправителей, 2 получателей; вход 35,000, выход 90,000 KZT."
100000001065234100,peripheral,0.2,4,0.395,"Роль не определена: 1 отправителей, 0 получателей; вход 360,000, выход 0 KZT. Обрыв на depth=4: 0 исходящих — эффект границы выгрузки."
100000001065481100,peripheral,0.2,13,0.308,"Роль не определена: 1 отправителей, 0 получателей; вход 16,000, выход 0 KZT. Обрыв на depth=4: 0 исходящих — эффект границы выгрузки."
100000001066017100,peripheral,0.2,1,0.498,"Роль не определена: 2 отправителей, 4 получателей; вход 136,123, выход 82,500 KZT."
100000001072022100,terminal,0.92,3,0.675,"Возможный конечный получатель: вход 1,684,000, выход 0 KZT; выход 0% входа, отправителей 3."
100000001073568100,peripheral,0.2,41,0.564,"Роль не определена: 1 отправителей, 2 получателей; вход 707,465, выход 219,503 KZT."
100000001074553100,peripheral,0.6,5,0.546,"Роль не определена: 2 отправителей, 0 получателей; вход 28,971, выход 0 KZT."
100000001083990100,peripheral,0.6,8,0.54,"Роль не определена: 1 отправителей, 0 получателей; вход 49,900, выход 0 KZT."
100000001089055100,peripheral,0.2,29,0.302,"Роль не определена: 1 отправителей, 0 получателей; вход 13,000, выход 0 KZT. Обрыв на depth=4: 0 исходящих — эффект границы выгрузки."
100000001102676100,peripheral,0.6,3,0.381,"Роль не определена: 1 отправителей, 1 получателей; вход 50,000, выход 50,000 KZT."
100000001103905100,peripheral,0.6,23,0.511,"Роль не определена: 1 отправителей, 0 получателей; вход 18,000, выход 0 KZT."
100000001110358100,peripheral,0.6,1,0.549,"Роль не определена: 2 отправителей, 0 получателей; вход 32,000, выход 0 KZT."
100000001111763100,peripheral,0.6,23,0.51,"Роль не определена: 1 отправителей, 0 получателей; вход 17,144, выход 0 KZT."
100000001114385100,peripheral,0.6,3,0.525,"Роль не определена: 1 отправителей, 0 получателей; вход 29,500, выход 0 KZT."
100000001126374100,terminal,0.713,1,0.593,"Возможный конечный получатель: вход 182,500, выход 29,200 KZT; выход 16% входа, отправителей 4."
100000001130176100,peripheral,0.6,1,0.52,"Роль не определена: 1 отправителей, 0 получателей; вход 25,000, выход 0 KZT."
100000001130553100,peripheral,0.2,11,0.311,"Роль не определена: 1 отправителей, 0 получателей; вход 18,000, выход 0 KZT. Обрыв на depth=4: 0 исходящих — эффект границы выгрузки."
100000001131403100,peripheral,0.2,45,0.436,"Роль не определена: 1 отправителей, 0 получателей; вход 1,570,000, выход 0 KZT. Обрыв на depth=4: 0 исходящих — эффект границы выгрузки."
100000001138283100,peripheral,0.2,9,0.452,"Роль не определена: 1 отправителей, 2 получателей; вход 81,805, выход 50,000 KZT."
100000001138376100,peripheral,0.6,4,0.507,"Роль не определена: 1 отправителей, 0 получателей; вход 15,300, выход 0 KZT."
100000001140785100,peripheral,0.6,43,0.602,"Роль не определена: 2 отправителей, 0 получателей; вход 215,000, выход 0 KZT."
100000001141268100,terminal,0.859,36,0.633,"Возможный конечный получатель: вход 480,000, выход 10,000 KZT; выход 2% входа, отправителей 2."
100000001145749100,peripheral,0.6,3,0.495,"Роль не определена: 1 отправителей, 0 получателей; вход 10,000, выход 0 KZT."
100000001149815100,peripheral,0.6,23,0.5,"Роль не определена: 1 отправителей, 0 получателей; вход 12,000, выход 0 KZT."
100000001155773100,peripheral,0.6,23,0.516,"Роль не определена: 1 отправителей, 0 получателей; вход 21,500, выход 0 KZT."
100000001160401100,peripheral,0.6,1,0.538,"Роль не определена: 1 отправителей, 0 получателей; вход 47,190, выход 0 KZT."
100000001162560100,distributor,0.96,5,0.72,"Признаки распределения: 12 получателей, 1 отправителей; вход 331,300, выход 2,904,398 KZT."
100000001164648100,peripheral,0.6,19,0.525,"Роль не определена: 2 отправителей, 0 получателей; вход 13,660, выход 0 KZT."
100000001166289100,terminal,0.861,23,0.639,"Возможный конечный получатель: вход 721,039, выход 25,000 KZT; выход 3% входа, отправителей 2."
100000001169666100,terminal,0.64,19,0.566,"Возможный конечный получатель: вход 220,000, выход 24,000 KZT; выход 11% входа, отправителей 1."
100000001184915100,peripheral,0.6,4,0.578,"Роль не определена: 1 отправителей, 0 получателей; вход 201,000, выход 0 KZT."
100000001194266100,peripheral,0.6,3,0.54,"Роль не определена: 1 отправителей, 0 получателей; вход 50,000, выход 0 KZT."
100000001202637100,peripheral,0.2,19,0.295,"Роль не определена: 1 отправителей, 0 получателей; вход 10,000, выход 0 KZT. Обрыв на depth=4: 0 исходящих — эффект границы выгрузки."
100000001202787100,peripheral,0.2,1,0.328,"Роль не определена: 2 отправителей, 0 получателей; вход 14,850, выход 0 KZT. Обрыв на depth=4: 0 исходящих — эффект границы выгрузки."
100000001220124100,peripheral,0.2,9,0.333,"Роль не определена: 1 отправителей, 0 получателей; вход 40,000, выход 0 KZT. Обрыв на depth=4: 0 исходящих — эффект границы выгрузки."
100000001222245100,peripheral,0.2,11,0.399,"Роль не определена: 1 отправителей, 0 получателей; вход 420,000, выход 0 KZT. Обрыв на depth=4: 0 исходящих — эффект границы выгрузки."
100000001222263100,peripheral,0.2,11,0.505,"Роль не определена: 1 отправителей, 1 получателей; вход 745,570, выход 420,000 KZT."
100000001223977100,peripheral,0.6,46,0.453,"Роль не определена: 1 отправителей, 1 получателей; вход 5,000, выход 18,000 KZT."
100000001227106100,peripheral,0.6,11,0.573,"Роль не определена: 1 отправителей, 0 получателей; вход 164,765, выход 0 KZT."
100000001229743100,peripheral,0.6,1,0.355,"Роль не определена: 1 отправителей, 1 получателей; вход 7,000, выход 9,000 KZT."
100000001232297100,peripheral,0.2,13,0.537,"Роль не определена: 1 отправителей, 2 получателей; вход 5,000, выход 45,000 KZT."
100000001236706100,consolidator,0.425,13,0.554,"Признаки консолидации: 3 отправителей, 2 получателей; вход 142,700, выход 36,000 KZT."
100000001241318100,peripheral,0.6,1,0.541,"Роль не определена: 1 отправителей, 0 получателей; вход 53,000, выход 0 KZT."
100000001246806100,peripheral,0.2,5,0.366,"Роль не определена: 1 отправителей, 0 получателей; вход 130,000, выход 0 KZT. Обрыв на depth=4: 0 исходящих — эффект границы выгрузки."
100000001248999100,peripheral,0.6,29,0.518,"Роль не определена: 1 отправителей, 0 получателей; вход 23,425, выход 0 KZT."
100000001249054100,peripheral,0.2,19,0.31,"Роль не определена: 1 отправителей, 0 получателей; вход 17,375, выход 0 KZT. Обрыв на depth=4: 0 исходящих — эффект границы выгрузки."
100000001250022100,peripheral,0.6,2,0.54,"Роль не определена: 1 отправителей, 0 получателей; вход 50,000, выход 0 KZT."
100000001251686100,peripheral,0.6,3,0.511,"Роль не определена: 1 отправителей, 0 получателей; вход 18,000, выход 0 KZT."
100000001252290100,peripheral,0.6,11,0.578,"Роль не определена: 1 отправителей, 1 получателей; вход 141,005, выход 5,000 KZT."
100000001253557100,terminal,0.855,43,0.639,"Возможный конечный получатель: вход 210,200, выход 0 KZT; выход 0% входа, отправителей 5."
100000001256409100,peripheral,0.2,9,0.288,"Роль не определена: 1 отправителей, 0 получателей; вход 8,000, выход 0 KZT. Обрыв на depth=4: 0 исходящих — эффект границы выгрузки."
100000001262647100,peripheral,0.6,4,0.519,"Роль не определена: 1 отправителей, 0 получателей; вход 23,650, выход 0 KZT."
100000001270349100,peripheral,0.6,47,0.578,"Роль не определена: 1 отправителей, 0 получателей; вход 200,000, выход 0 KZT."
100000001270470100,peripheral,0.2,1,0.324,"Роль не определена: 1 отправителей, 0 получателей; вход 28,300, выход 0 KZT. Обрыв на depth=4: 0 исходящих — эффект границы выгрузки."
100000001273783100,peripheral,0.6,19,0.518,"Роль не определена: 1 отправителей, 0 получателей; вход 23,200, выход 0 KZT."
100000001275557100,peripheral,0.2,30,0.314,"Роль не определена: 1 отправителей, 0 получателей; вход 20,000, выход 0 KZT. Обрыв на depth=4: 0 исходящих — эффект границы выгрузки."
100000001275752100,peripheral,0.6,5,0.571,"Роль не определена: 1 отправителей, 0 получателей; вход 151,500, выход 0 KZT."
100000001276409100,peripheral,0.2,19,0.357,"Роль не определена: 1 отправителей, 0 получателей; вход 94,760, выход 0 KZT. Обрыв на depth=4: 0 исходящих — эффект границы выгрузки."
100000001279272100,peripheral,0.2,1,0.493,"Роль не определена: 1 отправителей, 2 получателей; вход 250,000, выход 136,758 KZT."
100000001279875100,peripheral,0.6,25,0.539,"Роль не определена: 1 отправителей, 0 получателей; вход 49,235, выход 0 KZT."
100000001280798100,peripheral,0.6,19,0.519,"Роль не определена: 1 отправителей, 0 получателей; вход 23,785, выход 0 KZT."
100000001282143100,terminal,1.0,25,0.698,"Возможный конечный получатель: вход 1,700,000, выход 0 KZT; выход 0% входа, отправителей 5."
100000001285440100,peripheral,0.6,36,0.606,"Роль не определена: 2 отправителей, 0 получателей; вход 243,000, выход 0 KZT."
100000001286703100,peripheral,0.2,31,0.315,"Роль не определена: 1 отправителей, 0 получателей; вход 20,500, выход 0 KZT. Обрыв на depth=4: 0 исходящих — эффект границы выгрузки."
100000001287955100,distributor,0.572,25,0.63,"Признаки распределения: 4 получателей, 1 отправителей; вход 17,520, выход 310,000 KZT."
100000001290243100,peripheral,0.6,17,0.495,"Роль не определена: 1 отправителей, 0 получателей; вход 10,000, выход 0 KZT."
100000001297206100,peripheral,0.2,1,0.284,"Роль не определена: 1 отправителей, 0 получателей; вход 6,758, выход 0 KZT. Обрыв на depth=4: 0 исходящих — эффект границы выгрузки."
100000001298099100,peripheral,0.6,19,0.513,"Роль не определена: 1 отправителей, 0 получателей; вход 19,000, выход 0 KZT."
100000001299323100,peripheral,0.2,5,0.361,"Роль не определена: 1 отправителей, 0 получателей; вход 109,000, выход 0 KZT. Обрыв на depth=4: 0 исходящих — эффект границы выгрузки."
100000001299443100,peripheral,0.2,19,0.288,"Роль не определена: 1 отправителей, 0 получателей; вход 8,000, выход 0 KZT. Обрыв на depth=4: 0 исходящих — эффект границы выгрузки."
100000001299828100,peripheral,0.2,1,0.359,"Роль не определена: 1 отправителей, 0 получателей; вход 100,000, выход 0 KZT. Обрыв на depth=4: 0 исходящих — эффект границы выгрузки."
100000001303311100,terminal,1.0,36,0.691,"Возможный конечный получатель: вход 1,324,000, выход 0 KZT; выход 0% входа, отправителей 5."
100000001307612100,peripheral,0.6,23,0.532,"Роль не определена: 1 отправителей, 0 получателей; вход 38,483, выход 0 KZT."
100000001308856100,peripheral,0.6,23,0.522,"Роль не определена: 1 отправителей, 0 получателей; вход 27,000, выход 0 KZT."
100000001311175100,peripheral,0.2,25,0.39,"Роль не определена: 1 отправителей, 0 получателей; вход 300,000, выход 0 KZT. Обрыв на depth=4: 0 исходящих — эффект границы выгрузки."
100000001317336100,peripheral,0.2,37,0.651,"Роль не определена: 1 отправителей, 2 получателей; вход 131,196, выход 1,752,000 KZT."
100000001325618100,peripheral,0.2,19,0.293,"Роль не определена: 1 отправителей, 0 получателей; вход 9,300, выход 0 KZT. Обрыв на depth=4: 0 исходящих — эффект границы выгрузки."
100000001329153100,peripheral,0.6,1,0.57,"Роль не определена: 1 отправителей, 0 получателей; вход 150,687, выход 0 KZT."
100000001330595100,peripheral,0.2,35,0.489,"Роль не определена: 3 отправителей, 1 получателей; вход 87,000, выход 154,000 KZT."
100000001330685100,terminal,0.897,11,0.683,"Возможный конечный получатель: вход 2,435,923, выход 100,500 KZT; выход 4% входа, отправителей 3."
100000001339466100,peripheral,0.6,3,0.525,"Роль не определена: 1 отправителей, 0 получателей; вход 30,000, выход 0 KZT."
100000001346560100,peripheral,0.2,9,0.441,"Роль не определена: 2 отправителей, 1 получателей; вход 10,000, выход 22,200 KZT."
100000001362940100,peripheral,0.6,3,0.553,"Роль не определена: 1 отправителей, 0 получателей; вход 81,000, выход 0 KZT."
100000001363952100,peripheral,0.2,9,0.499,"Роль не определена: 2 отправителей, 1 получателей; вход 196,655, выход 91,000 KZT."
100000001373265100,peripheral,0.6,9,0.578,"Роль не определена: 1 отправителей, 1 получателей; вход 142,482, выход 5,000 KZT."
100000001378288100,peripheral,0.2,9,0.386,"Роль не определена: 1 отправителей, 0 получателей; вход 268,000, выход 0 KZT. Обрыв на depth=4: 0 исходящих — эффект границы выгрузки."
100000001379511100,peripheral,0.6,43,0.542,"Роль не определена: 1 отправителей, 0 получателей; вход 55,000, выход 0 KZT."
100000001380054100,distributor,0.433,28,0.558,"Признаки распределения: 3 получателей, 2 отправителей; вход 127,050, выход 360,000 KZT."
100000001380107100,peripheral,0.6,32,0.48,"Роль не определена: 1 отправителей, 0 получателей; вход 6,000, выход 0 KZT."
100000001380986100,peripheral,0.6,5,0.549,"Роль не определена: 1 отправителей, 0 получателей; вход 70,170, выход 0 KZT."
100000001382002100,transit,0.762,1,0.387,"Признаки транзита: вход 55,000 KZT, выход 56,500 KZT (103% входа); 1 отправителей."
100000001384826100,peripheral,0.6,11,0.607,"Роль не определена: 1 отправителей, 1 получателей; вход 364,260, выход 10,000 KZT."
100000001386612100,peripheral,0.6,48,0.546,"Роль не определена: 1 отправителей, 0 получателей; вход 62,264, выход 0 KZT."
100000001389255100,peripheral,0.6,23,0.508,"Роль не определена: 1 отправителей, 0 получателей; вход 16,136, выход 0 KZT."
100000001411870100,terminal,0.88,2,0.642,"Возможный конечный получатель: вход 900,000, выход 0 KZT; выход 0% входа, отправителей 2."
100000001415126100,peripheral,0.6,48,0.422,"Роль не определена: 1 отправителей, 0 получателей; вход 27,000, выход 0 KZT. Seed: входящие неполны; баланс не используется."
100000001418900100,peripheral,0.6,23,0.533,"Роль не определена: 1 отправителей, 0 получателей; вход 40,140, выход 0 KZT."
100000001420847100,peripheral,0.6,44,0.514,"Роль не определена: 1 отправителей, 0 получателей; вход 20,000, выход 0 KZT."
100000001427082100,distributor,0.586,33,0.619,"Признаки распределения: 5 получателей, 1 отправителей; вход 5,000, выход 124,900 KZT."
100000001429930100,peripheral,0.6,13,0.421,"Роль не определена: 1 отправителей, 0 получателей; вход 26,000, выход 0 KZT. Seed: входящие неполны; баланс не используется."
100000001439416100,peripheral,0.2,1,0.589,"Роль не определена: 1 отправителей, 2 получателей; вход 10,000, выход 165,000 KZT."
100000001445848100,peripheral,0.2,39,0.485,"Роль не определена: 1 отправителей, 1 получателей; вход 546,000, выход 351,850 KZT."
100000001463701100,peripheral,0.6,12,0.632,"Роль не определена: 2 отправителей, 0 получателей; вход 621,000, выход 0 KZT."
100000001471706100,peripheral,0.2,48,0.396,"Роль не определена: 1 отправителей, 0 получателей; вход 377,000, выход 0 KZT. Обрыв на depth=4: 0 исходящих — эффект границы выгрузки."
100000001477796100,peripheral,0.6,3,0.576,"Роль не определена: 1 отправителей, 0 получателей; вход 182,000, выход 0 KZT."
100000001484381100,terminal,0.678,19,0.58,"Возможный конечный получатель: вход 95,585, выход 0 KZT; выход 0% входа, отправителей 2."
100000001490461100,peripheral,0.6,19,0.462,"Роль не определена: 1 отправителей, 1 получателей; вход 20,000, выход 5,000 KZT."
100000001498732100,peripheral,0.2,49,0.278,"Роль не определена: 1 отправителей, 0 получателей; вход 5,500, выход 0 KZT. Обрыв на depth=4: 0 исходящих — эффект границы выгрузки."
100000001524952100,peripheral,0.6,1,0.56,"Роль не определена: 1 отправителей, 0 получателей; вход 103,807, выход 0 KZT."
100000001526235100,distributor,0.73,14,0.638,"Признаки распределения: 8 получателей, 3 отправителей; вход 82,000, выход 432,750 KZT."
100000001527186100,peripheral,0.6,3,0.612,"Роль не определена: 1 отправителей, 0 получателей; вход 678,000, выход 0 KZT."
100000001530709100,peripheral,0.6,1,0.542,"Роль не определена: 1 отправителей, 0 получателей; вход 53,961, выход 0 KZT."
100000001530740100,peripheral,0.6,17,0.506,"Роль не определена: 1 отправителей, 0 получателей; вход 15,000, выход 0 KZT."
100000001530983100,distributor,0.892,17,0.666,"Признаки распределения: 11 получателей, 4 отправителей; вход 564,158, выход 1,829,538 KZT."
100000001533161100,peripheral,0.2,50,0.359,"Роль не определена: 1 отправителей, 0 получателей; вход 100,000, выход 0 KZT. Обрыв на depth=4: 0 исходящих — эффект границы выгрузки."
100000001534244100,terminal,0.745,5,0.592,"Возможный конечный получатель: вход 366,000, выход 45,000 KZT; выход 12% входа, отправителей 2."
100000001537524100,peripheral,0.2,25,0.37,"Роль не определена: 1 отправителей, 0 получателей; вход 150,000, выход 0 KZT. Обрыв на depth=4: 0 исходящих — эффект границы выгрузки."
100000001538095100,peripheral,0.6,25,0.61,"Роль не определена: 2 отправителей, 0 получателей; вход 280,000, выход 0 KZT."
100000001541418100,peripheral,0.6,5,0.58,"Роль не определена: 2 отправителей, 0 получателей; вход 96,900, выход 0 KZT."
100000001549194100,peripheral,0.6,41,0.538,"Роль не определена: 1 отправителей, 0 получателей; вход 46,500, выход 0 KZT."
100000001550388100,peripheral,0.6,1,0.54,"Роль не определена: 1 отправителей, 0 получателей; вход 50,000, выход 0 KZT."
100000001550419100,peripheral,0.6,41,0.518,"Роль не определена: 1 отправителей, 0 получателей; вход 23,000, выход 0 KZT."
100000001554432100,peripheral,0.6,3,0.542,"Роль не определена: 1 отправителей, 0 получателей; вход 53,920, выход 0 KZT."
100000001557930100,peripheral,0.6,2,0.529,"Роль не определена: 1 отправителей, 0 получателей; вход 34,610, выход 0 KZT."
100000001567366100,terminal,0.84,17,0.618,"Возможный конечный получатель: вход 824,070, выход 0 KZT; выход 0% входа, отправителей 1."
100000001578517100,peripheral,0.6,17,0.525,"Роль не определена: 1 отправителей, 0 получателей; вход 30,000, выход 0 KZT."
100000001584286100,terminal,0.88,25,0.637,"Возможный конечный получатель: вход 738,699, выход 0 KZT; выход 0% входа, отправителей 2."
100000001590795100,peripheral,0.2,19,0.276,"Роль не определена: 1 отправителей, 0 получателей; вход 5,060, выход 0 KZT. Обрыв на depth=4: 0 исходящих — эффект границы выгрузки."
100000001597424100,peripheral,0.6,41,0.539,"Роль не определена: 1 отправителей, 0 получателей; вход 48,100, выход 0 KZT."
100000001597505100,peripheral,0.6,42,0.424,"Роль не определена: 1 отправителей, 1 получателей; вход 26,460, выход 12,920 KZT."
100000001598625100,peripheral,0.2,9,0.32,"Роль не определена: 1 отправителей, 0 получателей; вход 25,000, выход 0 KZT. Обрыв на depth=4: 0 исходящих — эффект границы выгрузки."
100000001600934100,terminal,0.647,9,0.576,"Возможный конечный получатель: вход 180,300, выход 11,000 KZT; выход 6% входа, отправителей 1."
100000001601320100,transit,0.662,2,0.4,"Признаки транзита: вход 43,500 KZT, выход 46,200 KZT (106% входа); 2 отправителей."
100000001609499100,terminal,0.758,1,0.618,"Возможный конечный получатель: вход 263,113, выход 21,000 KZT; выход 8% входа, отправителей 3."
100000001611488100,terminal,0.88,11,0.638,"Возможный конечный получатель: вход 779,300, выход 0 KZT; выход 0% входа, отправителей 2."
100000001616816100,peripheral,0.2,2,0.576,"Роль не определена: 5 отправителей, 3 получателей; вход 176,195, выход 181,326 KZT. Seed: входящие неполны; баланс не используется."
100000001632325100,terminal,0.633,23,0.555,"Возможный конечный получатель: вход 85,600, выход 0 KZT; выход 0% входа, отправителей 1."
100000001633685100,terminal,0.693,1,0.574,"Возможный конечный получатель: вход 45,000, выход 0 KZT; выход 0% входа, отправителей 3."
100000001637376100,peripheral,0.2,11,0.483,"Роль не определена: 1 отправителей, 1 получателей; вход 116,700, выход 234,250 KZT."
100000001639766100,peripheral,0.6,2,0.514,"Роль не определена: 1 отправителей, 0 получателей; вход 20,000, выход 0 KZT."
100000001641789100,peripheral,0.6,2,0.511,"Роль не определена: 1 отправителей, 0 получателей; вход 17,826, выход 0 KZT."
100000001641951100,terminal,0.603,9,0.52,"Возможный конечный получатель: вход 25,000, выход 0 KZT; выход 0% входа, отправителей 1."
100000001648936100,peripheral,0.6,2,0.557,"Роль не определена: 1 отправителей, 0 получателей; вход 92,740, выход 0 KZT."
100000001650895100,peripheral,0.6,19,0.57,"Роль не определена: 1 отправителей, 1 получателей; вход 153,500, выход 10,000 KZT."
100000001660397100,transit,0.77,1,0.419,"Признаки транзита: вход 48,600 KZT, выход 49,000 KZT (101% входа); 2 отправителей."
100000001669260100,peripheral,0.2,9,0.404,"Роль не определена: 1 отправителей, 0 получателей; вход 500,000, выход 0 KZT. Обрыв на depth=4: 0 исходящих — эффект границы выгрузки."
100000001674850100,peripheral,0.6,43,0.605,"Роль не определена: 2 отправителей, 0 получателей; вход 237,000, выход 0 KZT."
100000001677389100,peripheral,0.6,29,0.399,"Роль не определена: 1 отправителей, 1 получателей; вход 11,000, выход 5,400 KZT."
100000001677929100,peripheral,0.2,2,0.535,"Роль не определена: 3 отправителей, 2 получателей; вход 126,777, выход 286,098 KZT."
100000001680944100,peripheral,0.6,36,0.597,"Роль не определена: 1 отправителей, 0 получателей; вход 393,000, выход 0 KZT."
100000001684867100,peripheral,0.6,17,0.526,"Роль не определена: 1 отправителей, 0 получателей; вход 30,550, выход 0 KZT."
100000001686328100,peripheral,0.6,5,0.568,"Роль не определена: 1 отправителей, 0 получателей; вход 140,000, выход 0 KZT."
100000001688676100,peripheral,0.6,44,0.567,"Роль не определена: 1 отправителей, 0 получателей; вход 133,700, выход 0 KZT."
100000001689968100,terminal,0.842,11,0.631,"Возможный конечный получатель: вход 344,334, выход 0 KZT; выход 0% входа, отправителей 3."
100000001690439100,peripheral,0.6,11,0.504,"Роль не определена: 1 отправителей, 0 получателей; вход 14,200, выход 0 KZT."
100000001690558100,peripheral,0.6,44,0.615,"Роль не определена: 1 отправителей, 0 получателей; вход 740,000, выход 0 KZT."
100000001696818100,peripheral,0.6,3,0.542,"Роль не определена: 1 отправителей, 0 получателей; вход 53,550, выход 0 KZT."
100000001697501100,distributor,0.971,23,0.771,"Признаки распределения: 38 получателей, 3 отправителей; вход 123,700, выход 1,482,606 KZT."
100000001703168100,peripheral,0.6,3,0.456,"Роль не определена: 1 отправителей, 1 получателей; вход 45,000, выход 90,000 KZT."
100000001714173100,terminal,0.84,36,0.611,"Возможный конечный получатель: вход 638,905, выход 0 KZT; выход 0% входа, отправителей 1."
100000001714413100,peripheral,0.6,11,0.585,"Роль не определена: 1 отправителей, 0 получателей; вход 250,172, выход 0 KZT."
100000001714883100,peripheral,0.2,19,0.284,"Роль не определена: 1 отправителей, 0 получателей; вход 6,900, выход 0 KZT. Обрыв на depth=4: 0 исходящих — эффект границы выгрузки."
100000001716579100,peripheral,0.6,23,0.504,"Роль не определена: 1 отправителей, 0 получателей; вход 13,916, выход 0 KZT."
100000001724740100,peripheral,0.2,5,0.376,"Роль не определена: 1 отправителей, 0 получателей; вход 185,000, выход 0 KZT. Обрыв на depth=4: 0 исходящих — эффект границы выгрузки."
100000001726614100,peripheral,0.6,1,0.568,"Роль не определена: 1 отправителей, 0 получателей; вход 138,717, выход 0 KZT."
100000001732159100,distributor,0.38,43,0.629,"Признаки распределения: 4 получателей, 2 отправителей; вход 2,378,100, выход 1,505,966 KZT. Seed: входящие неполны; баланс не используется."
100000001733216100,peripheral,0.2,1,0.345,"Роль не определена: 1 отправителей, 0 получателей; вход 60,000, выход 0 KZT. Обрыв на depth=4: 0 исходящих — эффект границы выгрузки."
100000001733687100,peripheral,0.6,5,0.59,"Роль не определена: 1 отправителей, 0 получателей; вход 300,000, выход 0 KZT."
100000001737722100,peripheral,0.6,3,0.545,"Роль не определена: 1 отправителей, 0 получателей; вход 60,460, выход 0 KZT."
100000001740277100,peripheral,0.6,2,0.379,"Роль не определена: 1 отправителей, 1 получателей; вход 8,700, выход 5,000 KZT."
100000001745217100,peripheral,0.6,1,0.54,"Роль не определена: 1 отправителей, 0 получателей; вход 50,000, выход 0 KZT."
100000001746925100,peripheral,0.6,3,0.543,"Роль не определена: 1 отправителей, 1 получателей; вход 65,250, выход 5,000 KZT."
100000001782980100,peripheral,0.2,28,0.602,"Роль не определена: 1 отправителей, 1 получателей; вход 50,000, выход 596,200 KZT."
100000001784279100,peripheral,0.6,1,0.53,"Роль не определена: 1 отправителей, 0 получателей; вход 35,674, выход 0 KZT."
100000001785161100,peripheral,0.6,34,0.547,"Роль не определена: 2 отправителей, 0 получателей; вход 30,000, выход 0 KZT."
100000001788284100,distributor,0.625,14,0.647,"Признаки распределения: 5 получателей, 1 отправителей; вход 8,000, выход 296,700 KZT."
100000001805543100,peripheral,0.6,17,0.544,"Роль не определена: 1 отправителей, 0 получателей; вход 59,000, выход 0 KZT."
100000001808684100,transit,0.589,2,0.402,"Признаки транзита: вход 48,400 KZT, выход 37,700 KZT (78% входа); 1 отправителей."
100000001816678100,peripheral,0.2,3,0.345,"Роль не определена: 1 отправителей, 0 получателей; вход 60,000, выход 0 KZT. Обрыв на depth=4: 0 исходящих — эффект границы выгрузки."
100000001818442100,peripheral,0.6,19,0.535,"Роль не определена: 1 отправителей, 0 получателей; вход 42,215, выход 0 KZT."
100000001819396100,peripheral,0.6,15,0.573,"Роль не определена: 1 отправителей, 0 получателей; вход 166,080, выход 0 KZT."
100000001822623100,peripheral,0.6,30,0.579,"Роль не определена: 1 отправителей, 0 получателей; вход 201,300, выход 0 KZT."
100000001822650100,peripheral,0.2,5,0.362,"Роль не определена: 1 отправителей, 0 получателей; вход 112,000, выход 0 KZT. Обрыв на depth=4: 0 исходящих — эффект границы выгрузки."
100000001825934100,peripheral,0.6,27,0.473,"Роль не определена: 1 отправителей, 1 получателей; вход 40,000, выход 97,000 KZT."
100000001831496100,peripheral,0.6,12,0.594,"Роль не определена: 1 отправителей, 1 получателей; вход 25,000, выход 373,000 KZT."
100000001835625100,peripheral,0.6,11,0.551,"Роль не определена: 1 отправителей, 0 получателей; вход 75,130, выход 0 KZT."
100000001837130100,peripheral,0.6,1,0.574,"Роль не определена: 1 отправителей, 0 получателей; вход 172,900, выход 0 KZT."
100000001845505100,peripheral,0.2,9,0.314,"Роль не определена: 1 отправителей, 0 получателей; вход 20,000, выход 0 KZT. Обрыв на depth=4: 0 исходящих — эффект границы выгрузки."
100000001848426100,peripheral,0.6,2,0.558,"Роль не определена: 1 отправителей, 0 получателей; вход 95,530, выход 0 KZT."
100000001851289100,terminal,0.645,17,0.562,"Возможный конечный получатель: вход 109,510, выход 0 KZT; выход 0% входа, отправителей 1."
100000001852140100,peripheral,0.6,51,0.525,"Роль не определена: 1 отправителей, 0 получателей; вход 30,000, выход 0 KZT."
100000001853812100,peripheral,0.6,9,0.549,"Роль не определена: 1 отправителей, 0 получателей; вход 70,000, выход 0 KZT."
100000001857829100,distributor,0.87,9,0.68,"Признаки распределения: 16 получателей, 6 отправителей; вход 888,535, выход 2,390,993 KZT."
100000001860090100,peripheral,0.6,2,0.475,"Роль не определена: 1 отправителей, 0 получателей; вход 5,000, выход 0 KZT."
100000001870116100,peripheral,0.6,23,0.519,"Роль не определена: 1 отправителей, 0 получателей; вход 24,000, выход 0 KZT."
100000001872484100,peripheral,0.2,40,0.534,"Роль не определена: 1 отправителей, 3 получателей; вход 871,400, выход 514,580 KZT."
100000001875167100,peripheral,0.6,11,0.623,"Роль не определена: 1 отправителей, 0 получателей; вход 1,000,000, выход 0 KZT."
100000001875239100,terminal,0.92,5,0.651,"Возможный конечный получатель: вход 712,000, выход 0 KZT; выход 0% входа, отправителей 3."
100000001884825100,terminal,0.918,5,0.641,"Возможный конечный получатель: вход 495,000, выход 0 KZT; выход 0% входа, отправителей 3."
100000001887715100,consolidator,0.488,36,0.549,"Признаки консолидации: 3 отправителей, 1 получателей; вход 1,331,500, выход 750,000 KZT."
100000001893287100,peripheral,0.2,2,0.554,"Роль не определена: 1 отправителей, 1 получателей; вход 18,000, выход 152,700 KZT."
100000001899164100,consolidator,0.497,8,0.587,"Признаки консолидации: 4 отправителей, 3 получателей; вход 291,675, выход 76,500 KZT."
100000001904863100,peripheral,0.6,41,0.604,"Роль не определена: 1 отправителей, 0 получателей; вход 500,000, выход 0 KZT."
100000001924185100,peripheral,0.6,12,0.592,"Роль не определена: 2 отправителей, 0 получателей; вход 151,000, выход 0 KZT."
100000001927599100,peripheral,0.6,19,0.599,"Роль не определена: 2 отправителей, 0 получателей; вход 188,000, выход 0 KZT."
100000001929088100,peripheral,0.6,2,0.619,"Роль не определена: 2 отправителей, 0 получателей; вход 396,010, выход 0 KZT."
100000001934935100,peripheral,0.6,1,0.564,"Роль не определена: 1 отправителей, 0 получателей; вход 118,935, выход 0 KZT."
100000001937767100,distributor,0.72,41,0.691,"Признаки распределения: 4 получателей, 1 отправителей; вход 53,000, выход 1,933,000 KZT."
100000001952325100,peripheral,0.6,23,0.552,"Роль не определена: 1 отправителей, 0 получателей; вход 77,888, выход 0 KZT."
100000001953577100,peripheral,0.6,23,0.507,"Роль не определена: 1 отправителей, 0 получателей; вход 15,600, выход 0 KZT."
100000001954534100,peripheral,0.6,1,0.465,"Роль не определена: 1 отправителей, 1 получателей; вход 13,000, выход 40,000 KZT."
100000001954903100,peripheral,0.6,19,0.523,"Роль не определена: 1 отправителей, 0 получателей; вход 27,118, выход 0 KZT."
100000001957974100,peripheral,0.2,41,0.404,"Роль не определена: 1 отправителей, 0 получателей; вход 500,000, выход 0 KZT. Обрыв на depth=4: 0 исходящих — эффект границы выгрузки."
100000001960517100,peripheral,0.6,2,0.578,"Роль не определена: 1 отправителей, 0 получателей; вход 200,000, выход 0 KZT."
100000001961048100,peripheral,0.6,34,0.57,"Роль не определена: 1 отправителей, 0 получателей; вход 150,000, выход 0 KZT."
100000001965374100,distributor,0.485,22,0.581,"Признаки распределения: 3 получателей, 2 отправителей; вход 1,759,720, выход 3,082,100 KZT."
100000001969496100,peripheral,0.6,41,0.518,"Роль не определена: 1 отправителей, 0 получателей; вход 22,740, выход 0 KZT."
100000001985793100,peripheral,0.6,47,0.599,"Роль не определена: 1 отправителей, 0 получателей; вход 420,000, выход 0 KZT."
100000001987030100,peripheral,0.2,4,0.425,"Роль не определена: 2 отправителей, 1 получателей; вход 30,864, выход 19,000 KZT."
100000001991973100,peripheral,0.2,19,0.315,"Роль не определена: 1 отправителей, 0 получателей; вход 20,800, выход 0 KZT. Обрыв на depth=4: 0 исходящих — эффект границы выгрузки."
100000002015633100,peripheral,0.6,11,0.558,"Роль не определена: 1 отправителей, 0 получателей; вход 94,970, выход 0 KZT."
100000002028158100,peripheral,0.6,4,0.53,"Роль не определена: 1 отправителей, 0 получателей; вход 34,800, выход 0 KZT."
100000002032323100,peripheral,0.2,43,0.565,"Роль не определена: 1 отправителей, 1 получателей; вход 300,000, выход 1,050,000 KZT."
100000002087788100,peripheral,0.6,11,0.559,"Роль не определена: 1 отправителей, 0 получателей; вход 100,500, выход 0 KZT."
100000002095257100,peripheral,0.6,8,0.49,"Роль не определена: 1 отправителей, 0 получателей; вход 8,500, выход 0 KZT."
100000002103448100,peripheral,0.6,23,0.522,"Роль не определена: 1 отправителей, 0 получателей; вход 27,000, выход 0 KZT."
100000002109656100,peripheral,0.6,25,0.604,"Роль не определена: 1 отправителей, 0 получателей; вход 500,000, выход 0 KZT."
100000002116705100,peripheral,0.6,23,0.51,"Роль не определена: 1 отправителей, 0 получателей; вход 17,600, выход 0 KZT."
100000002119762100,peripheral,0.2,11,0.352,"Роль не определена: 1 отправителей, 0 получателей; вход 77,000, выход 0 KZT. Обрыв на depth=4: 0 исходящих — эффект границы выгрузки."
100000002121357100,peripheral,0.2,43,0.51,"Роль не определена: 2 отправителей, 1 получателей; вход 255,300, выход 113,000 KZT."
100000002126791100,peripheral,0.2,5,0.431,"Роль не определена: 1 отправителей, 0 получателей; вход 1,313,000, выход 0 KZT. Обрыв на depth=4: 0 исходящих — эффект границы выгрузки."
100000002130400100,peripheral,0.2,27,0.295,"Роль не определена: 1 отправителей, 0 получателей; вход 10,000, выход 0 KZT. Обрыв на depth=4: 0 исходящих — эффект границы выгрузки."
100000002132479100,peripheral,0.2,41,0.402,"Роль не определена: 1 отправителей, 1 получателей; вход 30,000, выход 20,000 KZT."
100000002152857100,distributor,0.745,47,0.668,"Признаки распределения: 5 получателей, 1 отправителей; вход 105,000, выход 1,230,000 KZT."
100000002156381100,peripheral,0.2,12,0.486,"Роль не определена: 2 отправителей, 1 получателей; вход 61,000, выход 21,800 KZT."
100000002158488100,peripheral,0.6,23,0.527,"Роль не определена: 1 отправителей, 0 получателей; вход 31,723, выход 0 KZT."
100000002170580100,peripheral,0.6,19,0.57,"Роль не определена: 1 отправителей, 0 получателей; вход 150,000, выход 0 KZT."
100000002173070100,peripheral,0.6,17,0.525,"Роль не определена: 1 отправителей, 0 получателей; вход 30,000, выход 0 KZT."
100000002173161100,terminal,0.92,17,0.671,"Возможный конечный получатель: вход 1,427,500, выход 0 KZT; выход 0% входа, отправителей 3."
100000002175422100,distributor,0.805,37,0.709,"Признаки распределения: 6 получателей, 3 отправителей; вход 68,500, выход 1,621,188 KZT."
100000002182176100,peripheral,0.6,1,0.535,"Роль не определена: 1 отправителей, 0 получателей; вход 42,465, выход 0 KZT."
100000002184107100,peripheral,0.6,39,0.481,"Роль не определена: 1 отправителей, 0 получателей; вход 6,066, выход 0 KZT."
100000002185328100,distributor,0.446,33,0.523,"Признаки распределения: 4 получателей, 1 отправителей; вход 15,000, выход 55,000 KZT."
100000002188586100,peripheral,0.2,19,0.332,"Роль не определена: 1 отправителей, 0 получателей; вход 38,310, выход 0 KZT. Обрыв на depth=4: 0 исходящих — эффект границы выгрузки."
100000002188829100,peripheral,0.6,3,0.598,"Роль не определена: 1 отправителей, 0 получателей; вход 400,000, выход 0 KZT."
100000002193259100,distributor,0.207,8,0.439,"Признаки распределения: 3 получателей, 2 отправителей; вход 48,000, выход 58,000 KZT."
100000002194320100,peripheral,0.2,4,0.387,"Роль не определена: 1 отправителей, 0 получателей; вход 275,000, выход 0 KZT. Обрыв на depth=4: 0 исходящих — эффект границы выгрузки."
100000002194329100,peripheral,0.6,1,0.52,"Роль не определена: 1 отправителей, 0 получателей; вход 25,170, выход 0 KZT."
100000002199091100,peripheral,0.6,23,0.547,"Роль не определена: 1 отправителей, 0 получателей; вход 65,000, выход 0 KZT."
100000002205022100,distributor,0.584,32,0.65,"Признаки распределения: 3 получателей, 1 отправителей; вход 7,100, выход 518,000 KZT."
100000002208836100,peripheral,0.2,11,0.356,"Роль не определена: 1 отправителей, 0 получателей; вход 90,000, выход 0 KZT. Обрыв на depth=4: 0 исходящих — эффект границы выгрузки."
100000002211413100,peripheral,0.6,23,0.531,"Роль не определена: 1 отправителей, 0 получателей; вход 37,000, выход 0 KZT."
100000002212494100,peripheral,0.6,37,0.572,"Роль не определена: 1 отправителей, 0 получателей; вход 160,000, выход 0 KZT."
100000002214207100,peripheral,0.2,27,0.358,"Роль не определена: 1 отправителей, 0 получателей; вход 97,000, выход 0 KZT. Обрыв на depth=4: 0 исходящих — эффект границы выгрузки."
100000002214301100,peripheral,0.6,1,0.438,"Роль не определена: 1 отправителей, 1 получателей; вход 21,438, выход 8,000 KZT."
100000002214383100,peripheral,0.2,23,0.38,"Роль не определена: 1 отправителей, 0 получателей; вход 213,000, выход 0 KZT. Обрыв на depth=4: 0 исходящих — эффект границы выгрузки."
100000002214570100,peripheral,0.6,23,0.522,"Роль не определена: 1 отправителей, 0 получателей; вход 26,471, выход 0 KZT."
100000002214664100,peripheral,0.2,23,0.539,"Роль не определена: 1 отправителей, 1 получателей; вход 7,950, выход 76,950 KZT."
100000002216999100,peripheral,0.6,23,0.519,"Роль не определена: 1 отправителей, 0 получателей; вход 23,677, выход 0 KZT."
100000002217161100,distributor,0.722,39,0.604,"Признаки распределения: 7 получателей, 2 отправителей; вход 404,750, выход 995,132 KZT."
100000002217806100,peripheral,0.2,20,0.342,"Роль не определена: 1 отправителей, 0 получателей; вход 55,000, выход 0 KZT. Обрыв на depth=4: 0 исходящих — эффект границы выгрузки."
100000002224132100,distributor,0.616,22,0.676,"Признаки распределения: 4 получателей, 5 отправителей; вход 3,951,020, выход 12,115,000 KZT."
100000002227960100,peripheral,0.2,33,0.295,"Роль не определена: 1 отправителей, 0 получателей; вход 10,000, выход 0 KZT. Обрыв на depth=4: 0 исходящих — эффект границы выгрузки."
100000002227989100,peripheral,0.2,33,0.314,"Роль не определена: 1 отправителей, 0 получателей; вход 20,000, выход 0 KZT. Обрыв на depth=4: 0 исходящих — эффект границы выгрузки."
100000002229615100,peripheral,0.2,33,0.32,"Роль не определена: 1 отправителей, 0 получателей; вход 25,000, выход 0 KZT. Обрыв на depth=4: 0 исходящих — эффект границы выгрузки."
100000002231144100,peripheral,0.2,33,0.306,"Роль не определена: 1 отправителей, 0 получателей; вход 15,000, выход 0 KZT. Обрыв на depth=4: 0 исходящих — эффект границы выгрузки."
100000002232266100,peripheral,0.6,9,0.537,"Роль не определена: 1 отправителей, 0 получателей; вход 45,000, выход 0 KZT."
100000002236528100,peripheral,0.6,2,0.547,"Роль не определена: 1 отправителей, 0 получателей; вход 66,000, выход 0 KZT."
100000002241986100,distributor,0.788,31,0.699,"Признаки распределения: 6 получателей, 1 отправителей; вход 280,000, выход 3,077,000 KZT."
100000002242066100,peripheral,0.2,39,0.345,"Роль не определена: 1 отправителей, 0 получателей; вход 60,000, выход 0 KZT. Обрыв на depth=4: 0 исходящих — эффект границы выгрузки."
100000002242455100,peripheral,0.2,11,0.362,"Роль не определена: 1 отправителей, 0 получателей; вход 110,000, выход 0 KZT. Обрыв на depth=4: 0 исходящих — эффект границы выгрузки."
100000002243354100,peripheral,0.6,23,0.515,"Роль не определена: 1 отправителей, 0 получателей; вход 20,879, выход 0 KZT."
100000002255058100,peripheral,0.6,3,0.603,"Роль не определена: 1 отправителей, 0 получателей; вход 491,500, выход 0 KZT."
100000002257794100,peripheral,0.6,35,0.571,"Роль не определена: 1 отправителей, 0 получателей; вход 154,000, выход 0 KZT."
100000002258492100,peripheral,0.2,48,0.292,"Роль не определена: 1 отправителей, 0 получателей; вход 9,000, выход 0 KZT. Обрыв на depth=4: 0 исходящих — эффект границы выгрузки."
100000002267998100,distributor,0.553,30,0.585,"Признаки распределения: 3 получателей, 2 отправителей; вход 420,000, выход 1,115,000 KZT."
100000002284426100,peripheral,0.6,11,0.556,"Роль не определена: 1 отправителей, 0 получателей; вход 90,000, выход 0 KZT."
100000002289937100,peripheral,0.6,23,0.514,"Роль не определена: 1 отправителей, 0 получателей; вход 20,000, выход 0 KZT."
100000002293421100,transit,0.67,1,0.419,"Признаки транзита: вход 41,000 KZT, выход 47,000 KZT (115% входа); 2 отправителей."
100000002299948100,peripheral,0.6,42,0.484,"Роль не определена: 1 отправителей, 0 получателей; вход 6,750, выход 0 KZT."
100000002301828100,peripheral,0.6,29,0.538,"Роль не определена: 1 отправителей, 0 получателей; вход 46,977, выход 0 KZT."
100000002304943100,peripheral,0.2,33,0.306,"Роль не определена: 1 отправителей, 0 получателей; вход 15,000, выход 0 KZT. Обрыв на depth=4: 0 исходящих — эффект границы выгрузки."
100000002305007100,peripheral,0.6,23,0.543,"Роль не определена: 1 отправителей, 0 получателей; вход 56,000, выход 0 KZT."
100000002305477100,peripheral,0.2,33,0.314,"Роль не определена: 1 отправителей, 0 получателей; вход 20,000, выход 0 KZT. Обрыв на depth=4: 0 исходящих — эффект границы выгрузки."
100000002306369100,distributor,0.574,3,0.58,"Признаки распределения: 6 получателей, 1 отправителей; вход 73,166, выход 260,900 KZT."
100000002308091100,peripheral,0.6,25,0.576,"Роль не определена: 1 отправителей, 0 получателей; вход 186,720, выход 0 KZT."
100000002320495100,peripheral,0.2,29,0.303,"Роль не определена: 1 отправителей, 0 получателей; вход 13,526, выход 0 KZT. Обрыв на depth=4: 0 исходящих — эффект границы выгрузки."
100000002324543100,peripheral,0.6,5,0.526,"Роль не определена: 1 отправителей, 0 получателей; вход 30,202, выход 0 KZT."
100000002335358100,peripheral,0.6,17,0.568,"Роль не определена: 1 отправителей, 0 получателей; вход 140,000, выход 0 KZT."
100000002340562100,peripheral,0.6,2,0.531,"Роль не определена: 1 отправителей, 0 получателей; вход 36,650, выход 0 KZT."
100000002343825100,consolidator,0.465,43,0.578,"Признаки консолидации: 3 отправителей, 2 получателей; вход 350,000, выход 89,800 KZT."
100000002346166100,peripheral,0.6,23,0.48,"Роль не определена: 1 отправителей, 0 получателей; вход 6,000, выход 0 KZT."
100000002356167100,terminal,0.686,11,0.594,"Возможный конечный получатель: вход 300,000, выход 29,500 KZT; выход 10% входа, отправителей 1."
100000002369443100,peripheral,0.6,23,0.54,"Роль не определена: 1 отправителей, 0 получателей; вход 50,000, выход 0 KZT."
100000002369454100,peripheral,0.2,9,0.32,"Роль не определена: 1 отправителей, 0 получателей; вход 25,000, выход 0 KZT. Обрыв на depth=4: 0 исходящих — эффект границы выгрузки."
100000002369510100,peripheral,0.6,23,0.531,"Роль не определена: 1 отправителей, 0 получателей; вход 37,150, выход 0 KZT."
100000002369874100,terminal,0.96,5,0.659,"Возможный конечный получатель: вход 600,000, выход 0 KZT; выход 0% входа, отправителей 4."
100000002371751100,transit,0.623,38,0.445,"Признаки транзита: вход 200,000 KZT, выход 250,000 KZT (125% входа); 1 отправителей."
100000002371892100,peripheral,0.2,52,0.336,"Роль не определена: 1 отправителей, 0 получателей; вход 43,830, выход 0 KZT. Обрыв на depth=4: 0 исходящих — эффект границы выгрузки."
100000002373144100,peripheral,0.6,1,0.49,"Роль не определена: 1 отправителей, 1 получателей; вход 46,468, выход 10,764 KZT."
100000002373386100,peripheral,0.6,23,0.519,"Роль не определена: 1 отправителей, 0 получателей; вход 24,000, выход 0 KZT."
100000002380341100,peripheral,0.6,1,0.544,"Роль не определена: 1 отправителей, 0 получателей; вход 57,566, выход 0 KZT."
100000002391278100,peripheral,0.2,47,0.431,"Роль не определена: 1 отправителей, 1 получателей; вход 30,000, выход 52,700 KZT."
100000002394199100,peripheral,0.2,2,0.53,"Роль не определена: 1 отправителей, 1 получателей; вход 277,398, выход 76,777 KZT."
100000002398779100,terminal,0.967,1,0.714,"Возможный конечный получатель: вход 1,095,690, выход 66,000 KZT; выход 6% входа, отправителей 13."
100000002404112100,peripheral,0.2,15,0.345,"Роль не определена: 1 отправителей, 0 получателей; вход 60,000, выход 0 KZT. Обрыв на depth=4: 0 исходящих — эффект границы выгрузки."
100000002432143100,peripheral,0.6,3,0.553,"Роль не определена: 1 отправителей, 0 получателей; вход 81,310, выход 0 KZT."
100000002433697100,peripheral,0.6,11,0.422,"Роль не определена: 1 отправителей, 1 получателей; вход 130,000, выход 110,000 KZT."
100000002435265100,terminal,0.656,1,0.567,"Возможный конечный получатель: вход 132,628, выход 0 KZT; выход 0% входа, отправителей 1."
100000002443664100,terminal,0.92,25,0.644,"Возможный конечный получатель: вход 556,880, выход 0 KZT; выход 0% входа, отправителей 3."
100000002445750100,peripheral,0.6,1,0.525,"Роль не определена: 1 отправителей, 1 получателей; вход 70,000, выход 10,000 KZT."
100000002448088100,transit,0.541,33,0.409,"Признаки транзита: вход 20,000 KZT, выход 25,000 KZT (125% входа); 3 отправителей."
100000002454724100,terminal,0.653,34,0.565,"Возможный конечный получатель: вход 125,000, выход 0 KZT; выход 0% входа, отправителей 1."
100000002457464100,peripheral,0.6,3,0.548,"Роль не определена: 1 отправителей, 0 получателей; вход 66,647, выход 0 KZT."
100000002459093100,terminal,0.78,47,0.589,"Возможный конечный получатель: вход 500,000, выход 55,000 KZT; выход 11% входа, отправителей 1."
100000002459163100,peripheral,0.6,40,0.514,"Роль не определена: 1 отправителей, 0 получателей; вход 20,180, выход 0 KZT."
100000002459164100,peripheral,0.6,1,0.514,"Роль не определена: 1 отправителей, 0 получателей; вход 20,000, выход 0 KZT."
100000002459240100,peripheral,0.6,11,0.57,"Роль не определена: 1 отправителей, 0 получателей; вход 150,000, выход 0 KZT."
100000002459832100,peripheral,0.6,9,0.642,"Роль не определена: 2 отправителей, 0 получателей; вход 880,606, выход 0 KZT."
100000002462183100,terminal,0.644,53,0.561,"Возможный конечный получатель: вход 107,500, выход 0 KZT; выход 0% входа, отправителей 1."
100000002469065100,peripheral,0.6,17,0.578,"Роль не определена: 1 отправителей, 0 получателей; вход 200,000, выход 0 KZT."
100000002472632100,terminal,0.858,14,0.627,"Возможный конечный получатель: вход 502,400, выход 20,000 KZT; выход 4% входа, отправителей 2."
100000002474570100,peripheral,0.2,19,0.284,"Роль не определена: 1 отправителей, 0 получателей; вход 6,750, выход 0 KZT. Обрыв на depth=4: 0 исходящих — эффект границы выгрузки."
100000002475601100,peripheral,0.6,9,0.583,"Роль не определена: 1 отправителей, 0 получателей; вход 232,301, выход 0 KZT."
100000002478829100,peripheral,0.2,33,0.329,"Роль не определена: 1 отправителей, 0 получателей; вход 34,000, выход 0 KZT. Обрыв на depth=4: 0 исходящих — эффект границы выгрузки."
100000002479804100,transit,0.631,3,0.417,"Признаки транзита: вход 46,000 KZT, выход 35,300 KZT (77% входа); 1 отправителей."
100000002480800100,peripheral,0.6,3,0.629,"Роль не определена: 2 отправителей, 0 получателей; вход 569,251, выход 0 KZT."
100000002481735100,peripheral,0.6,17,0.517,"Роль не определена: 1 отправителей, 0 получателей; вход 22,436, выход 0 KZT."
100000002481974100,peripheral,0.2,9,0.56,"Роль не определена: 2 отправителей, 2 получателей; вход 89,447, выход 318,000 KZT."
100000002487222100,peripheral,0.2,11,0.356,"Роль не определена: 1 отправителей, 0 получателей; вход 90,000, выход 0 KZT. Обрыв на depth=4: 0 исходящих — эффект границы выгрузки."
100000002488629100,peripheral,0.6,2,0.55,"Роль не определена: 1 отправителей, 0 получателей; вход 73,050, выход 0 KZT."
100000002489253100,peripheral,0.6,17,0.54,"Роль не определена: 1 отправителей, 0 получателей; вход 51,000, выход 0 KZT."
100000002492277100,peripheral,0.6,3,0.568,"Роль не определена: 1 отправителей, 0 получателей; вход 138,500, выход 0 KZT."
100000002505277100,peripheral,0.2,1,0.345,"Роль не определена: 1 отправителей, 0 получателей; вход 60,000, выход 0 KZT. Обрыв на depth=4: 0 исходящих — эффект границы выгрузки."
100000002506987100,peripheral,0.2,19,0.324,"Роль не определена: 1 отправителей, 0 получателей; вход 28,200, выход 0 KZT. Обрыв на depth=4: 0 исходящих — эффект границы выгрузки."
100000002508637100,peripheral,0.6,9,0.603,"Роль не определена: 1 отправителей, 1 получателей; вход 306,410, выход 8,000 KZT."
100000002509598100,peripheral,0.6,25,0.59,"Роль не определена: 1 отправителей, 0 получателей; вход 305,550, выход 0 KZT."
100000002511581100,peripheral,0.6,23,0.51,"Роль не определена: 1 отправителей, 0 получателей; вход 17,600, выход 0 KZT."
100000002511825100,peripheral,0.6,1,0.547,"Роль не определена: 1 отправителей, 0 получателей; вход 65,000, выход 0 KZT."
100000002512742100,peripheral,0.2,19,0.28,"Роль не определена: 1 отправителей, 0 получателей; вход 6,000, выход 0 KZT. Обрыв на depth=4: 0 исходящих — эффект границы выгрузки."
100000002513028100,distributor,0.542,54,0.632,"Признаки распределения: 3 получателей, 1 отправителей; вход 9,500, выход 332,709 KZT."
100000002514975100,peripheral,0.2,15,0.311,"Роль не определена: 1 отправителей, 0 получателей; вход 17,920, выход 0 KZT. Обрыв на depth=4: 0 исходящих — эффект границы выгрузки."
100000002516862100,peripheral,0.2,54,0.353,"Роль не определена: 1 отправителей, 0 получателей; вход 81,710, выход 0 KZT. Обрыв на depth=4: 0 исходящих — эффект границы выгрузки."
100000002521039100,peripheral,0.6,1,0.594,"Роль не определена: 1 отправителей, 0 получателей; вход 349,370, выход 0 KZT."
100000002527114100,distributor,0.65,23,0.77,"Признаки распределения: 111 получателей, 3 отправителей; вход 129,000, выход 3,289,249 KZT. Seed: входящие неполны; баланс не используется."
100000002528544100,peripheral,0.6,9,0.577,"Роль не определена: 1 отправителей, 0 получателей; вход 192,912, выход 0 KZT."
100000002528978100,peripheral,0.2,19,0.308,"Роль не определена: 1 отправителей, 0 получателей; вход 15,900, выход 0 KZT. Обрыв на depth=4: 0 исходящих — эффект границы выгрузки."
100000002529877100,peripheral,0.2,25,0.382,"Роль не определена: 1 отправителей, 0 получателей; вход 232,000, выход 0 KZT. Обрыв на depth=4: 0 исходящих — эффект границы выгрузки."
100000002529880100,peripheral,0.6,43,0.592,"Роль не определена: 2 отправителей, 0 получателей; вход 147,000, выход 0 KZT."
100000002530224100,peripheral,0.6,5,0.562,"Роль не определена: 1 отправителей, 0 получателей; вход 113,000, выход 0 KZT."
100000002531406100,peripheral,0.6,9,0.45,"Роль не определена: 1 отправителей, 1 получателей; вход 520,000, выход 500,000 KZT."
100000002534091100,peripheral,0.6,9,0.517,"Роль не определена: 1 отправителей, 0 получателей; вход 22,200, выход 0 KZT."
100000002537811100,peripheral,0.6,12,0.48,"Роль не определена: 1 отправителей, 1 получателей; вход 52,000, выход 15,000 KZT."
100000002539625100,peripheral,0.6,43,0.557,"Роль не определена: 1 отправителей, 0 получателей; вход 94,700, выход 0 KZT."
100000002540033100,peripheral,0.2,36,0.295,"Роль не определена: 1 отправителей, 0 получателей; вход 10,000, выход 0 KZT. Обрыв на depth=4: 0 исходящих — эффект границы выгрузки."
100000002540623100,peripheral,0.6,19,0.559,"Роль не определена: 1 отправителей, 0 получателей; вход 100,000, выход 0 KZT."
100000002546921100,peripheral,0.6,41,0.514,"Роль не определена: 1 отправителей, 0 получателей; вход 20,000, выход 0 KZT."
100000002547110100,terminal,1.0,43,0.702,"Возможный конечный получатель: вход 1,500,000, выход 0 KZT; выход 0% входа, отправителей 6."
100000002548759100,peripheral,0.6,5,0.618,"Роль не определена: 2 отправителей, 0 получателей; вход 375,000, выход 0 KZT."
100000002550141100,peripheral,0.6,9,0.559,"Роль не определена: 1 отправителей, 0 получателей; вход 100,586, выход 0 KZT."
100000002554175100,peripheral,0.6,19,0.52,"Роль не определена: 1 отправителей, 0 получателей; вход 24,621, выход 0 KZT."
100000002556775100,peripheral,0.6,11,0.59,"Роль не определена: 1 отправителей, 0 получателей; вход 300,000, выход 0 KZT."
100000002558173100,peripheral,0.6,42,0.493,"Роль не определена: 1 отправителей, 0 получателей; вход 9,300, выход 0 KZT."
100000002559089100,peripheral,0.6,25,0.636,"Роль не определена: 2 отправителей, 0 получателей; вход 715,000, выход 0 KZT."
100000002565277100,peripheral,0.6,3,0.603,"Роль не определена: 1 отправителей, 0 получателей; вход 483,319, выход 0 KZT."
100000002566204100,peripheral,0.6,19,0.553,"Роль не определена: 1 отправителей, 0 получателей; вход 80,805, выход 0 KZT."
100000002567887100,peripheral,0.6,11,0.54,"Роль не определена: 1 отправителей, 0 получателей; вход 50,915, выход 0 KZT."
100000002570206100,peripheral,0.6,29,0.595,"Роль не определена: 2 отправителей, 0 получателей; вход 166,960, выход 0 KZT."
100000002575080100,peripheral,0.6,4,0.347,"Роль не определена: 1 отправителей, 1 получателей; вход 13,000, выход 12,500 KZT."
100000002578405100,distributor,0.865,23,0.765,"Признаки распределения: 116 получателей, 2 отправителей; вход 1,200,351, выход 3,108,352 KZT."
100000002578653100,peripheral,0.6,55,0.514,"Роль не определена: 1 отправителей, 0 получателей; вход 20,000, выход 0 KZT."
100000002580377100,terminal,0.536,17,0.51,"Возможный конечный получатель: вход 37,750, выход 5,000 KZT; выход 13% входа, отправителей 1."
100000002581346100,peripheral,0.6,11,0.573,"Роль не определена: 1 отправителей, 0 получателей; вход 166,400, выход 0 KZT."
100000002589019100,peripheral,0.6,8,0.529,"Роль не определена: 1 отправителей, 0 получателей; вход 34,710, выход 0 KZT."
100000002591469100,peripheral,0.6,2,0.583,"Роль не определена: 1 отправителей, 0 получателей; вход 235,670, выход 0 KZT."
100000002592567100,peripheral,0.2,17,0.54,"Роль не определена: 1 отправителей, 2 получателей; вход 5,297, выход 48,600 KZT."
100000002593038100,peripheral,0.6,8,0.524,"Роль не определена: 1 отправителей, 0 получателей; вход 28,500, выход 0 KZT."
100000002593344100,peripheral,0.6,5,0.622,"Роль не определена: 2 отправителей, 0 получателей; вход 431,000, выход 0 KZT."
100000002594214100,peripheral,0.2,31,0.423,"Роль не определена: 1 отправителей, 0 получателей; вход 1,000,000, выход 0 KZT. Обрыв на depth=4: 0 исходящих — эффект границы выгрузки."
100000002596035100,peripheral,0.6,12,0.582,"Роль не определена: 1 отправителей, 0 получателей; вход 231,570, выход 0 KZT."
100000002596039100,peripheral,0.2,9,0.388,"Роль не определена: 1 отправителей, 0 получателей; вход 280,000, выход 0 KZT. Обрыв на depth=4: 0 исходящих — эффект границы выгрузки."
100000002597003100,peripheral,0.6,1,0.393,"Роль не определена: 1 отправителей, 1 получателей; вход 17,700, выход 11,000 KZT."
100000002597074100,peripheral,0.2,1,0.288,"Роль не определена: 1 отправителей, 0 получателей; вход 8,000, выход 0 KZT. Обрыв на depth=4: 0 исходящих — эффект границы выгрузки."
100000002597623100,peripheral,0.6,1,0.509,"Роль не определена: 1 отправителей, 0 получателей; вход 16,418, выход 0 KZT."
100000002599729100,peripheral,0.2,1,0.347,"Роль не определена: 1 отправителей, 0 получателей; вход 65,000, выход 0 KZT. Обрыв на depth=4: 0 исходящих — эффект границы выгрузки."
100000002600345100,peripheral,0.6,17,0.563,"Роль не определена: 2 отправителей, 0 получателей; вход 52,400, выход 0 KZT."
100000002603371100,peripheral,0.6,1,0.493,"Роль не определена: 1 отправителей, 0 получателей; вход 9,300, выход 0 KZT."
100000002603478100,peripheral,0.6,8,0.519,"Роль не определена: 1 отправителей, 0 получателей; вход 23,500, выход 0 KZT."
100000002603769100,terminal,0.92,1,0.666,"Возможный конечный получатель: вход 1,185,368, выход 0 KZT; выход 0% входа, отправителей 3."
100000002605184100,peripheral,0.6,4,0.568,"Роль не определена: 1 отправителей, 0 получателей; вход 140,000, выход 0 KZT."
100000002605308100,terminal,0.92,41,0.687,"Возможный конечный получатель: вход 2,569,522, выход 0 KZT; выход 0% входа, отправителей 3."
100000002605548100,peripheral,0.6,12,0.585,"Роль не определена: 2 отправителей, 0 получателей; вход 116,695, выход 0 KZT."
100000002606567100,peripheral,0.6,1,0.486,"Роль не определена: 1 отправителей, 1 получателей; вход 14,095, выход 53,000 KZT."
100000002609774100,peripheral,0.6,19,0.464,"Роль не определена: 1 отправителей, 1 получателей; вход 7,700, выход 27,500 KZT."
100000002611334100,peripheral,0.6,1,0.471,"Роль не определена: 1 отправителей, 1 получателей; вход 48,288, выход 15,500 KZT."
100000002612809100,distributor,0.416,27,0.535,"Признаки распределения: 3 получателей, 1 отправителей; вход 30,000, выход 114,000 KZT."
100000002613776100,peripheral,0.6,3,0.525,"Роль не определена: 1 отправителей, 0 получателей; вход 30,000, выход 0 KZT."
100000002613929100,peripheral,0.6,5,0.524,"Роль не определена: 1 отправителей, 0 получателей; вход 28,560, выход 0 KZT."
100000002614095100,peripheral,0.6,23,0.477,"Роль не определена: 1 отправителей, 0 получателей; вход 5,300, выход 0 KZT."
100000002615479100,peripheral,0.6,5,0.581,"Роль не определена: 1 отправителей, 0 получателей; вход 220,000, выход 0 KZT."
100000002618492100,peripheral,0.6,12,0.611,"Роль не определена: 2 отправителей, 0 получателей; вход 296,500, выход 0 KZT."
100000002621434100,peripheral,0.6,5,0.553,"Роль не определена: 1 отправителей, 0 получателей; вход 81,000, выход 0 KZT."
100000002621915100,peripheral,0.6,17,0.475,"Роль не определена: 1 отправителей, 0 получателей; вход 5,000, выход 0 KZT."
100000002621949100,peripheral,0.6,3,0.573,"Роль не определена: 1 отправителей, 0 получателей; вход 164,612, выход 0 KZT."
100000002622822100,peripheral,0.2,36,0.415,"Роль не определена: 1 отправителей, 0 получателей; вход 750,000, выход 0 KZT. Обрыв на depth=4: 0 исходящих — эффект границы выгрузки."
100000002628146100,peripheral,0.6,42,0.526,"Роль не определена: 1 отправителей, 0 получателей; вход 30,500, выход 0 KZT."
100000002628576100,peripheral,0.2,11,0.509,"Роль не определена: 2 отправителей, 2 получателей; вход 727,882, выход 539,000 KZT."
100000002632742100,peripheral,0.6,43,0.605,"Роль не определена: 2 отправителей, 0 получателей; вход 235,500, выход 0 KZT."
100000002633108100,terminal,0.75,41,0.591,"Возможный конечный получатель: вход 320,000, выход 0 KZT; выход 0% входа, отправителей 1."
100000002633701100,peripheral,0.6,5,0.586,"Роль не определена: 1 отправителей, 0 получателей; вход 266,850, выход 0 KZT."
100000002635746100,peripheral,0.2,19,0.277,"Роль не определена: 1 отправителей, 0 получателей; вход 5,300, выход 0 KZT. Обрыв на depth=4: 0 исходящих — эффект границы выгрузки."
100000002635780100,peripheral,0.6,2,0.573,"Роль не определена: 1 отправителей, 0 получателей; вход 163,000, выход 0 KZT."
100000002644285100,peripheral,0.6,25,0.604,"Роль не определена: 1 отправителей, 0 получателей; вход 500,000, выход 0 KZT."
100000002645046100,peripheral,0.2,19,0.3,"Роль не определена: 1 отправителей, 0 получателей; вход 12,000, выход 0 KZT. Обрыв на depth=4: 0 исходящих — эффект границы выгрузки."
100000002645609100,terminal,0.96,1,0.656,"Возможный конечный получатель: вход 546,821, выход 0 KZT; выход 0% входа, отправителей 4."
100000002645993100,distributor,0.393,1,0.497,"Признаки распределения: 5 получателей, 2 отправителей; вход 49,650, выход 86,980 KZT."
100000002646745100,peripheral,0.6,23,0.5,"Роль не определена: 1 отправителей, 0 получателей; вход 12,300, выход 0 KZT."
100000002646887100,peripheral,0.6,43,0.52,"Роль не определена: 1 отправителей, 0 получателей; вход 24,354, выход 0 KZT."
100000002648315100,peripheral,0.2,2,0.471,"Роль не определена: 1 отправителей, 2 получателей; вход 132,000, выход 76,000 KZT."
100000002653187100,peripheral,0.2,8,0.306,"Роль не определена: 1 отправителей, 0 получателей; вход 15,000, выход 0 KZT. Обрыв на depth=4: 0 исходящих — эффект границы выгрузки."
100000002653948100,peripheral,0.6,11,0.555,"Роль не определена: 1 отправителей, 0 получателей; вход 85,200, выход 0 KZT."
100000002659103100,peripheral,0.2,50,0.373,"Роль не определена: 1 отправителей, 0 получателей; вход 165,000, выход 0 KZT. Обрыв на depth=4: 0 исходящих — эффект границы выгрузки."
100000002659265100,peripheral,0.2,5,0.369,"Роль не определена: 1 отправителей, 0 получателей; вход 141,000, выход 0 KZT. Обрыв на depth=4: 0 исходящих — эффект границы выгрузки."
100000002660298100,peripheral,0.2,19,0.326,"Роль не определена: 1 отправителей, 0 получателей; вход 30,900, выход 0 KZT. Обрыв на depth=4: 0 исходящих — эффект границы выгрузки."
100000002662768100,peripheral,0.6,3,0.554,"Роль не определена: 1 отправителей, 0 получателей; вход 84,300, выход 0 KZT."
100000002663511100,peripheral,0.6,1,0.587,"Роль не определена: 1 отправителей, 0 получателей; вход 268,940, выход 0 KZT."
100000002666248100,peripheral,0.6,3,0.549,"Роль не определена: 1 отправителей, 0 получателей; вход 70,032, выход 0 KZT."
100000002670463100,peripheral,0.2,19,0.327,"Роль не определена: 1 отправителей, 0 получателей; вход 31,500, выход 0 KZT. Обрыв на depth=4: 0 исходящих — эффект границы выгрузки."
100000002670860100,peripheral,0.6,25,0.623,"Роль не определена: 2 отправителей, 0 получателей; вход 450,000, выход 0 KZT."
100000002670960100,peripheral,0.6,25,0.603,"Роль не определена: 1 отправителей, 0 получателей; вход 480,310, выход 0 KZT."
100000002671326100,peripheral,0.2,43,0.425,"Роль не определена: 1 отправителей, 0 получателей; вход 1,050,000, выход 0 KZT. Обрыв на depth=4: 0 исходящих — эффект границы выгрузки."
100000002671806100,peripheral,0.6,8,0.501,"Роль не определена: 1 отправителей, 0 получателей; вход 12,440, выход 0 KZT."
100000002677201100,peripheral,0.6,43,0.457,"Роль не определена: 1 отправителей, 1 получателей; вход 150,000, выход 87,750 KZT."
100000002679516100,terminal,0.721,8,0.597,"Возможный конечный получатель: вход 102,335, выход 0 KZT; выход 0% входа, отправителей 3."
100000002680477100,peripheral,0.6,25,0.52,"Роль не определена: 1 отправителей, 0 получателей; вход 25,000, выход 0 KZT."
100000002681449100,peripheral,0.2,43,0.465,"Роль не определена: 2 отправителей, 2 получателей; вход 94,638, выход 133,000 KZT."
100000002681544100,peripheral,0.6,2,0.595,"Роль не определена: 2 отправителей, 0 получателей; вход 166,072, выход 0 KZT."
100000002686226100,peripheral,0.2,29,0.4,"Роль не определена: 1 отправителей, 0 получателей; вход 430,000, выход 0 KZT. Обрыв на depth=4: 0 исходящих — эффект границы выгрузки."
100000002689717100,peripheral,0.2,19,0.338,"Роль не определена: 1 отправителей, 0 получателей; вход 47,500, выход 0 KZT. Обрыв на depth=4: 0 исходящих — эффект границы выгрузки."
100000002691583100,peripheral,0.6,15,0.588,"Роль не определена: 1 отправителей, 0 получателей; вход 285,200, выход 0 KZT."
100000002691858100,peripheral,0.6,42,0.54,"Роль не определена: 1 отправителей, 0 получателей; вход 51,500, выход 0 KZT."
100000002692044100,peripheral,0.6,8,0.558,"Роль не определена: 1 отправителей, 0 получателей; вход 97,000, выход 0 KZT."
100000002692750100,consolidator,0.269,2,0.464,"Признаки консолидации: 3 отправителей, 1 получателей; вход 112,830, выход 77,000 KZT."
100000002695812100,peripheral,0.2,19,0.358,"Роль не определена: 1 отправителей, 0 получателей; вход 95,000, выход 0 KZT. Обрыв на depth=4: 0 исходящих — эффект границы выгрузки."
100000002696152100,peripheral,0.2,12,0.498,"Роль не определена: 1 отправителей, 2 получателей; вход 21,800, выход 69,000 KZT."
100000002697752100,peripheral,0.6,9,0.599,"Роль не определена: 2 отправителей, 0 получателей; вход 190,785, выход 0 KZT."
100000002700161100,peripheral,0.2,46,0.333,"Роль не определена: 1 отправителей, 0 получателей; вход 39,000, выход 0 KZT. Обрыв на depth=4: 0 исходящих — эффект границы выгрузки."
100000002702968100,peripheral,0.2,19,0.327,"Роль не определена: 1 отправителей, 0 получателей; вход 31,600, выход 0 KZT. Обрыв на depth=4: 0 исходящих — эффект границы выгрузки."
100000002703376100,peripheral,0.6,1,0.538,"Роль не определена: 1 отправителей, 0 получателей; вход 46,501, выход 0 KZT."
100000002704875100,terminal,0.792,9,0.622,"Возможный конечный получатель: вход 244,891, выход 0 KZT; выход 0% входа, отправителей 3."
100000002705460100,peripheral,0.6,17,0.558,"Роль не определена: 1 отправителей, 0 получателей; вход 95,000, выход 0 KZT."
100000002706810100,peripheral,0.2,19,0.337,"Роль не определена: 1 отправителей, 0 получателей; вход 45,000, выход 0 KZT. Обрыв на depth=4: 0 исходящих — эффект границы выгрузки."
100000002707106100,peripheral,0.2,41,0.306,"Роль не определена: 1 отправителей, 0 получателей; вход 15,000, выход 0 KZT. Обрыв на depth=4: 0 исходящих — эффект границы выгрузки."
100000002708624100,peripheral,0.6,14,0.52,"Роль не определена: 1 отправителей, 0 получателей; вход 25,000, выход 0 KZT."
100000002710570100,peripheral,0.6,37,0.582,"Роль не определена: 1 отправителей, 0 получателей; вход 225,015, выход 0 KZT."
100000002712416100,peripheral,0.6,25,0.585,"Роль не определена: 2 отправителей, 0 получателей; вход 116,800, выход 0 KZT."
100000002713074100,peripheral,0.2,29,0.512,"Роль не определена: 2 отправителей, 1 получателей; вход 700,000, выход 430,000 KZT."
100000002713974100,peripheral,0.2,9,0.34,"Роль не определена: 1 отправителей, 0 получателей; вход 50,000, выход 0 KZT. Обрыв на depth=4: 0 исходящих — эффект границы выгрузки."
100000002718366100,terminal,1.0,5,0.717,"Возможный конечный получатель: вход 2,525,000, выход 0 KZT; выход 0% входа, отправителей 6."
100000002720627100,peripheral,0.6,12,0.578,"Роль не определена: 1 отправителей, 0 получателей; вход 199,300, выход 0 KZT."
100000002721825100,peripheral,0.6,1,0.497,"Роль не определена: 1 отправителей, 0 получателей; вход 11,000, выход 0 KZT."
100000002722108100,peripheral,0.6,25,0.617,"Роль не определена: 1 отправителей, 0 получателей; вход 800,000, выход 0 KZT."
100000002723439100,peripheral,0.2,12,0.311,"Роль не определена: 1 отправителей, 0 получателей; вход 18,000, выход 0 KZT. Обрыв на depth=4: 0 исходящих — эффект границы выгрузки."
100000002723538100,distributor,0.846,9,0.661,"Признаки распределения: 12 получателей, 3 отправителей; вход 105,647, выход 560,499 KZT."
100000002723674100,peripheral,0.2,33,0.325,"Роль не определена: 1 отправителей, 0 получателей; вход 30,000, выход 0 KZT. Обрыв на depth=4: 0 исходящих — эффект границы выгрузки."
100000002726055100,peripheral,0.2,33,0.295,"Роль не определена: 1 отправителей, 0 получателей; вход 10,000, выход 0 KZT. Обрыв на depth=4: 0 исходящих — эффект границы выгрузки."
100000002727288100,peripheral,0.6,4,0.508,"Роль не определена: 1 отправителей, 0 получателей; вход 16,000, выход 0 KZT."
100000002728246100,peripheral,0.2,11,0.295,"Роль не определена: 1 отправителей, 0 получателей; вход 10,000, выход 0 KZT. Обрыв на depth=4: 0 исходящих — эффект границы выгрузки."
100000002729875100,peripheral,0.2,19,0.351,"Роль не определена: 1 отправителей, 0 получателей; вход 76,000, выход 0 KZT. Обрыв на depth=4: 0 исходящих — эффект границы выгрузки."
100000002731501100,distributor,0.592,35,0.563,"Признаки распределения: 7 получателей, 3 отправителей; вход 570,370, выход 833,960 KZT."
100000002733083100,peripheral,0.2,19,0.306,"Роль не определена: 1 отправителей, 0 получателей; вход 15,200, выход 0 KZT. Обрыв на depth=4: 0 исходящих — эффект границы выгрузки."
100000002733905100,peripheral,0.2,23,0.628,"Роль не определена: 3 отправителей, 2 получателей; вход 100,000, выход 717,839 KZT."
100000002734815100,peripheral,0.2,5,0.362,"Роль не определена: 1 отправителей, 0 получателей; вход 110,000, выход 0 KZT. Обрыв на depth=4: 0 исходящих — эффект границы выгрузки."
100000002736033100,peripheral,0.6,29,0.462,"Роль не определена: 1 отправителей, 1 получателей; вход 34,530, выход 11,000 KZT."
100000002736316100,terminal,0.803,1,0.624,"Возможный конечный получатель: вход 266,921, выход 0 KZT; выход 0% входа, отправителей 3."
100000002737980100,peripheral,0.6,17,0.528,"Роль не определена: 1 отправителей, 0 получателей; вход 32,900, выход 0 KZT."
100000002738256100,peripheral,0.6,56,0.429,"Роль не определена: 1 отправителей, 1 получателей; вход 150,200, выход 175,000 KZT."
100000002741024100,coordinator,0.628,1,0.588,"Признаки координации: 5 отправителей и 6 получателей; вход 817,981, выход 434,989 KZT."
100000002742067100,peripheral,0.6,4,0.501,"Роль не определена: 1 отправителей, 0 получателей; вход 12,730, выход 0 KZT."
100000002744581100,peripheral,0.6,2,0.5,"Роль не определена: 1 отправителей, 0 получателей; вход 12,000, выход 0 KZT."
100000002748040100,peripheral,0.2,19,0.311,"Роль не определена: 1 отправителей, 0 получателей; вход 18,000, выход 0 KZT. Обрыв на depth=4: 0 исходящих — эффект границы выгрузки."
100000002748180100,distributor,0.841,25,0.694,"Признаки распределения: 8 получателей, 1 отправителей; вход 9,900, выход 679,743 KZT."
100000002748511100,peripheral,0.2,17,0.314,"Роль не определена: 1 отправителей, 0 получателей; вход 20,000, выход 0 KZT. Обрыв на depth=4: 0 исходящих — эффект границы выгрузки."
100000002748532100,peripheral,0.2,36,0.541,"Роль не определена: 3 отправителей, 2 получателей; вход 355,575, выход 646,685 KZT."
100000002748581100,peripheral,0.6,41,0.534,"Роль не определена: 1 отправителей, 0 получателей; вход 41,180, выход 0 KZT."
100000002748761100,terminal,0.84,25,0.617,"Возможный конечный получатель: вход 796,800, выход 0 KZT; выход 0% входа, отправителей 1."
100000002750332100,peripheral,0.6,5,0.498,"Роль не определена: 1 отправителей, 0 получателей; вход 11,360, выход 0 KZT."
100000002750956100,peripheral,0.6,1,0.538,"Роль не определена: 1 отправителей, 0 получателей; вход 47,416, выход 0 KZT."
100000002752565100,peripheral,0.2,9,0.343,"Роль не определена: 1 отправителей, 0 получателей; вход 57,000, выход 0 KZT. Обрыв на depth=4: 0 исходящих — эффект границы выгрузки."
100000002753146100,terminal,0.84,25,0.617,"Возможный конечный получатель: вход 803,540, выход 0 KZT; выход 0% входа, отправителей 1."
100000002755292100,peripheral,0.6,11,0.579,"Роль не определена: 1 отправителей, 0 получателей; вход 203,400, выход 0 KZT."
100000002757240100,peripheral,0.6,3,0.54,"Роль не определена: 1 отправителей, 0 получателей; вход 51,183, выход 0 KZT."
100000002757791100,peripheral,0.6,47,0.55,"Роль не определена: 1 отправителей, 0 получателей; вход 73,050, выход 0 KZT."
100000002757797100,peripheral,0.6,8,0.559,"Роль не определена: 1 отправителей, 0 получателей; вход 100,000, выход 0 KZT."
100000002760175100,peripheral,0.6,12,0.577,"Роль не определена: 1 отправителей, 0 получателей; вход 187,410, выход 0 KZT."
100000002762076100,peripheral,0.2,2,0.541,"Роль не определена: 2 отправителей, 1 получателей; вход 140,350, выход 30,000 KZT."
100000002769809100,peripheral,0.6,44,0.562,"Роль не определена: 1 отправителей, 0 получателей; вход 113,422, выход 0 KZT."
100000002773323100,peripheral,0.2,43,0.593,"Роль не определена: 2 отправителей, 1 получателей; вход 285,000, выход 1,171,644 KZT."
100000002774456100,peripheral,0.6,12,0.54,"Роль не определена: 1 отправителей, 0 получателей; вход 50,363, выход 0 KZT."
100000002778085100,peripheral,0.6,17,0.547,"Роль не определена: 1 отправителей, 0 получателей; вход 66,208, выход 0 KZT."
100000002779485100,peripheral,0.6,9,0.556,"Роль не определена: 1 отправителей, 0 получателей; вход 91,000, выход 0 KZT."
100000002781227100,transit,0.791,57,0.468,"Признаки транзита: вход 191,168 KZT, выход 212,420 KZT (111% входа); 2 отправителей."
100000002784085100,peripheral,0.6,5,0.578,"Роль не определена: 1 отправителей, 0 получателей; вход 200,000, выход 0 KZT."
100000002791494100,peripheral,0.2,19,0.355,"Роль не определена: 1 отправителей, 0 получателей; вход 85,860, выход 0 KZT. Обрыв на depth=4: 0 исходящих — эффект границы выгрузки."
100000002793851100,peripheral,0.6,17,0.497,"Роль не определена: 1 отправителей, 0 получателей; вход 11,052, выход 0 KZT."
100000002793881100,terminal,0.92,5,0.654,"Возможный конечный получатель: вход 785,600, выход 0 KZT; выход 0% входа, отправителей 3."
100000002794197100,peripheral,0.6,2,0.525,"Роль не определена: 1 отправителей, 0 получателей; вход 30,100, выход 0 KZT."
100000002794374100,peripheral,0.2,58,0.362,"Роль не определена: 1 отправителей, 0 получателей; вход 111,000, выход 0 KZT. Обрыв на depth=4: 0 исходящих — эффект границы выгрузки."
100000002796853100,peripheral,0.2,57,0.531,"Роль не определена: 1 отправителей, 1 получателей; вход 199,000, выход 46,168 KZT."
100000002799941100,peripheral,0.6,44,0.609,"Роль не определена: 1 отправителей, 0 получателей; вход 600,000, выход 0 KZT."
100000002807334100,peripheral,0.6,11,0.542,"Роль не определена: 1 отправителей, 0 получателей; вход 54,715, выход 0 KZT."
100000002809568100,peripheral,0.6,1,0.495,"Роль не определена: 1 отправителей, 0 получателей; вход 10,000, выход 0 KZT."
100000002809896100,peripheral,0.6,19,0.532,"Роль не определена: 1 отправителей, 0 получателей; вход 38,000, выход 0 KZT."
100000002810870100,peripheral,0.6,23,0.529,"Роль не определена: 1 отправителей, 0 получателей; вход 33,677, выход 0 KZT."
100000002812641100,peripheral,0.6,5,0.366,"Роль не определена: 1 отправителей, 1 получателей; вход 10,000, выход 7,024 KZT."
100000002815005100,peripheral,0.6,5,0.603,"Роль не определена: 1 отправителей, 0 получателей; вход 476,500, выход 0 KZT."
100000002818726100,peripheral,0.6,13,0.497,"Роль не определена: 1 отправителей, 0 получателей; вход 10,879, выход 0 KZT."
100000002820010100,peripheral,0.6,2,0.525,"Роль не определена: 1 отправителей, 0 получателей; вход 30,000, выход 0 KZT."
100000002821425100,peripheral,0.6,25,0.587,"Роль не определена: 1 отправителей, 0 получателей; вход 275,000, выход 0 KZT."
100000002822472100,peripheral,0.6,25,0.608,"Роль не определена: 2 отправителей, 0 получателей; вход 266,722, выход 0 KZT."
100000002824176100,peripheral,0.6,2,0.569,"Роль не определена: 1 отправителей, 0 получателей; вход 144,000, выход 0 KZT."
100000002826669100,terminal,0.67,1,0.572,"Возможный конечный получатель: вход 159,900, выход 0 KZT; выход 0% входа, отправителей 1."
100000002830055100,peripheral,0.6,23,0.504,"Роль не определена: 1 отправителей, 0 получателей; вход 14,000, выход 0 KZT."
100000002831727100,peripheral,0.2,44,0.547,"Роль не определена: 1 отправителей, 1 получателей; вход 6,000, выход 77,000 KZT."
100000002832753100,peripheral,0.2,4,0.301,"Роль не определена: 1 отправителей, 0 получателей; вход 12,500, выход 0 KZT. Обрыв на depth=4: 0 исходящих — эффект границы выгрузки."
100000002835874100,peripheral,0.2,5,0.344,"Роль не определена: 1 отправителей, 0 получателей; вход 58,700, выход 0 KZT. Обрыв на depth=4: 0 исходящих — эффект границы выгрузки."
100000002836052100,peripheral,0.6,9,0.506,"Роль не определена: 1 отправителей, 0 получателей; вход 15,000, выход 0 KZT."
100000002836736100,peripheral,0.6,2,0.626,"Роль не определена: 2 отправителей, 0 получателей; вход 509,000, выход 0 KZT."
100000002838519100,peripheral,0.6,41,0.538,"Роль не определена: 1 отправителей, 0 получателей; вход 46,900, выход 0 KZT."
100000002838861100,terminal,0.99,5,0.668,"Возможный конечный получатель: вход 554,524, выход 10,000 KZT; выход 2% входа, отправителей 5."
100000002842321100,peripheral,0.6,11,0.572,"Роль не определена: 1 отправителей, 0 получателей; вход 160,000, выход 0 KZT."
100000002842337100,peripheral,0.6,2,0.54,"Роль не определена: 1 отправителей, 0 получателей; вход 50,000, выход 0 KZT."
100000002844652100,peripheral,0.6,2,0.545,"Роль не определена: 1 отправителей, 0 получателей; вход 61,360, выход 0 KZT."
100000002844897100,peripheral,0.6,5,0.497,"Роль не определена: 1 отправителей, 0 получателей; вход 10,800, выход 0 KZT."
100000002845605100,peripheral,0.6,1,0.544,"Роль не определена: 1 отправителей, 0 получателей; вход 57,567, выход 0 KZT."
100000002847207100,peripheral,0.6,3,0.537,"Роль не определена: 1 отправителей, 0 получателей; вход 46,243, выход 0 KZT."
100000002849158100,peripheral,0.2,5,0.551,"Роль не определена: 3 отправителей, 1 получателей; вход 723,000, выход 1,313,000 KZT."
100000002852402100,peripheral,0.6,4,0.542,"Роль не определена: 1 отправителей, 0 получателей; вход 55,000, выход 0 KZT."
100000002858835100,peripheral,0.6,23,0.52,"Роль не определена: 1 отправителей, 0 получателей; вход 24,400, выход 0 KZT."
100000002860934100,peripheral,0.2,16,0.388,"Роль не определена: 1 отправителей, 0 получателей; вход 279,500, выход 0 KZT. Обрыв на depth=4: 0 исходящих — эффект границы выгрузки."
100000002861485100,peripheral,0.6,17,0.525,"Роль не определена: 1 отправителей, 0 получателей; вход 29,323, выход 0 KZT."
100000002862113100,peripheral,0.6,41,0.538,"Роль не определена: 1 отправителей, 0 получателей; вход 47,405, выход 0 KZT."
100000002863356100,peripheral,0.6,23,0.446,"Роль не определена: 1 отправителей, 1 получателей; вход 45,000, выход 20,000 KZT."
100000002864256100,peripheral,0.6,3,0.568,"Роль не определена: 1 отправителей, 0 получателей; вход 135,780, выход 0 KZT."
100000002864680100,peripheral,0.6,8,0.543,"Роль не определена: 1 отправителей, 0 получателей; вход 55,932, выход 0 KZT."
100000002870463100,terminal,0.747,2,0.612,"Возможный конечный получатель: вход 207,000, выход 10,000 KZT; выход 5% входа, отправителей 3."
100000002870937100,peripheral,0.6,2,0.554,"Роль не определена: 1 отправителей, 0 получателей; вход 83,700, выход 0 KZT."
100000002871199100,peripheral,0.6,41,0.518,"Роль не определена: 1 отправителей, 0 получателей; вход 23,186, выход 0 KZT."
100000002872399100,terminal,0.84,2,0.626,"Возможный конечный получатель: вход 1,090,000, выход 0 KZT; выход 0% входа, отправителей 1."
100000002876914100,peripheral,0.2,19,0.3,"Роль не определена: 1 отправителей, 0 получателей; вход 12,000, выход 0 KZT. Обрыв на depth=4: 0 исходящих — эффект границы выгрузки."
100000002877262100,peripheral,0.6,43,0.559,"Роль не определена: 1 отправителей, 0 получателей; вход 100,000, выход 0 KZT."
100000002878467100,peripheral,0.6,43,0.6,"Роль не определена: 2 отправителей, 0 получателей; вход 200,000, выход 0 KZT."
100000002878483100,peripheral,0.2,19,0.28,"Роль не определена: 1 отправителей, 0 получателей; вход 6,000, выход 0 KZT. Обрыв на depth=4: 0 исходящих — эффект границы выгрузки."
100000002881669100,peripheral,0.6,8,0.512,"Роль не определена: 1 отправителей, 0 получателей; вход 18,600, выход 0 KZT."
100000002883402100,terminal,0.82,5,0.627,"Возможный конечный получатель: вход 300,000, выход 0 KZT; выход 0% входа, отправителей 3."
100000002884708100,peripheral,0.2,43,0.428,"Роль не определена: 1 отправителей, 0 получателей; вход 1,171,644, выход 0 KZT. Обрыв на depth=4: 0 исходящих — эффект границы выгрузки."
100000002886166100,terminal,0.683,35,0.576,"Возможный конечный получатель: вход 185,000, выход 0 KZT; выход 0% входа, отправителей 1."
100000002890167100,peripheral,0.6,17,0.564,"Роль не определена: 1 отправителей, 0 получателей; вход 118,150, выход 0 KZT."
100000002891765100,peripheral,0.6,41,0.543,"Роль не определена: 1 отправителей, 0 получателей; вход 55,576, выход 0 KZT."
100000002893020100,peripheral,0.6,19,0.512,"Роль не определена: 1 отправителей, 0 получателей; вход 18,340, выход 0 KZT."
100000002894076100,terminal,0.96,2,0.676,"Возможный конечный получатель: вход 1,122,782, выход 0 KZT; выход 0% входа, отправителей 4."
100000002896506100,peripheral,0.2,11,0.337,"Роль не определена: 1 отправителей, 0 получателей; вход 45,000, выход 0 KZT. Обрыв на depth=4: 0 исходящих — эффект границы выгрузки."
100000002901457100,peripheral,0.2,1,0.547,"Роль не определена: 1 отправителей, 3 получателей; вход 340,000, выход 119,000 KZT."
100000002904919100,peripheral,0.6,1,0.536,"Роль не определена: 1 отправителей, 1 получателей; вход 60,325, выход 5,500 KZT."
100000002906470100,peripheral,0.6,44,0.566,"Роль не определена: 1 отправителей, 0 получателей; вход 130,000, выход 0 KZT."
100000002908521100,peripheral,0.6,23,0.536,"Роль не определена: 1 отправителей, 0 получателей; вход 44,500, выход 0 KZT."
100000002911170100,peripheral,0.6,34,0.59,"Роль не определена: 1 отправителей, 0 получателей; вход 300,000, выход 0 KZT."
100000002913340100,peripheral,0.6,23,0.519,"Роль не определена: 1 отправителей, 0 получателей; вход 23,600, выход 0 KZT."
100000002914245100,peripheral,0.6,9,0.568,"Роль не определена: 1 отправителей, 0 получателей; вход 140,611, выход 0 KZT."
100000002916006100,peripheral,0.6,48,0.427,"Роль не определена: 0 отправителей, 1 получателей; вход 0, выход 32,000 KZT. Seed: входящие неполны; баланс не используется."
100000002921047100,peripheral,0.2,2,0.511,"Роль не определена: 2 отправителей, 1 получателей; вход 338,000, выход 163,000 KZT."
100000002922000100,peripheral,0.2,50,0.401,"Роль не определена: 1 отправителей, 0 получателей; вход 448,000, выход 0 KZT. Обрыв на depth=4: 0 исходящих — эффект границы выгрузки."
100000002926970100,peripheral,0.6,19,0.554,"Роль не определена: 1 отправителей, 0 получателей; вход 85,000, выход 0 KZT."
100000002933386100,peripheral,0.6,3,0.49,"Роль не определена: 1 отправителей, 1 получателей; вход 15,000, выход 58,000 KZT."
100000002934441100,peripheral,0.6,1,0.567,"Роль не определена: 2 отправителей, 0 получателей; вход 60,846, выход 0 KZT."
100000002936322100,peripheral,0.6,9,0.639,"Роль не определена: 2 отправителей, 0 получателей; вход 787,133, выход 0 KZT."
100000002938501100,peripheral,0.6,17,0.376,"Роль не определена: 1 отправителей, 1 получателей; вход 8,395, выход 5,000 KZT."
100000002939838100,terminal,0.92,17,0.645,"Возможный конечный получатель: вход 571,233, выход 0 KZT; выход 0% входа, отправителей 3."
100000002941114100,terminal,0.63,12,0.565,"Возможный конечный получатель: вход 128,510, выход 15,000 KZT; выход 12% входа, отправителей 2."
100000002943472100,peripheral,0.6,43,0.574,"Роль не определена: 1 отправителей, 0 получателей; вход 170,000, выход 0 KZT."
100000002945031100,peripheral,0.6,13,0.506,"Роль не определена: 1 отправителей, 0 получателей; вход 15,000, выход 0 KZT."
100000002945626100,terminal,0.92,5,0.646,"Возможный конечный получатель: вход 584,000, выход 0 KZT; выход 0% входа, отправителей 3."
100000002947299100,peripheral,0.6,3,0.554,"Роль не определена: 1 отправителей, 0 получателей; вход 85,000, выход 0 KZT."
100000002948492100,peripheral,0.6,41,0.519,"Роль не определена: 1 отправителей, 0 получателей; вход 23,660, выход 0 KZT."
100000002951898100,peripheral,0.6,41,0.533,"Роль не определена: 1 отправителей, 0 получателей; вход 39,990, выход 0 KZT."
100000002952631100,peripheral,0.6,17,0.539,"Роль не определена: 1 отправителей, 0 получателей; вход 48,050, выход 0 KZT."
100000002952756100,peripheral,0.6,19,0.538,"Роль не определена: 1 отправителей, 0 получателей; вход 47,000, выход 0 KZT."
100000002954780100,peripheral,0.6,5,0.567,"Роль не определена: 1 отправителей, 0 получателей; вход 133,400, выход 0 KZT."
100000002956769100,terminal,0.92,25,0.656,"Возможный конечный получатель: вход 840,000, выход 0 KZT; выход 0% входа, отправителей 3."
100000002956779100,peripheral,0.6,3,0.598,"Роль не определена: 1 отправителей, 0 получателей; вход 411,000, выход 0 KZT."
100000002956898100,peripheral,0.6,4,0.611,"Роль не определена: 2 отправителей, 0 получателей; вход 290,240, выход 0 KZT."
100000002957306100,peripheral,0.6,12,0.62,"Роль не определена: 2 отправителей, 0 получателей; вход 398,490, выход 0 KZT."
100000002957787100,distributor,0.977,1,0.768,"Признаки распределения: 34 получателей, 4 отправителей; вход 84,956, выход 1,276,154 KZT."
100000002958139100,peripheral,0.6,5,0.58,"Роль не определена: 1 отправителей, 0 получателей; вход 209,500, выход 0 KZT."
100000002958286100,peripheral,0.6,5,0.585,"Роль не определена: 1 отправителей, 0 получателей; вход 257,000, выход 0 KZT."
100000002958343100,peripheral,0.2,2,0.572,"Роль не определена: 1 отправителей, 2 получателей; вход 2,900,000, выход 1,390,000 KZT."
100000002958345100,peripheral,0.6,25,0.59,"Роль не определена: 1 отправителей, 0 получателей; вход 307,000, выход 0 KZT."
100000002963189100,distributor,0.832,41,0.719,"Признаки распределения: 7 получателей, 1 отправителей; вход 490,000, выход 5,219,000 KZT."
100000002964966100,peripheral,0.6,3,0.578,"Роль не определена: 1 отправителей, 0 получателей; вход 200,000, выход 0 KZT."
100000002968096100,peripheral,0.2,9,0.349,"Роль не определена: 1 отправителей, 0 получателей; вход 70,000, выход 0 KZT. Обрыв на depth=4: 0 исходящих — эффект границы выгрузки."
100000002969048100,peripheral,0.6,2,0.561,"Роль не определена: 1 отправителей, 0 получателей; вход 108,470, выход 0 KZT."
100000002970466100,peripheral,0.2,1,0.521,"Роль не определена: 1 отправителей, 2 получателей; вход 23,317, выход 93,000 KZT."
100000002971593100,peripheral,0.2,11,0.339,"Роль не определена: 1 отправителей, 0 получателей; вход 49,050, выход 0 KZT. Обрыв на depth=4: 0 исходящих — эффект границы выгрузки."
100000002973903100,terminal,0.716,8,0.594,"Возможный конечный получатель: вход 92,880, выход 0 KZT; выход 0% входа, отправителей 3."
100000002974256100,peripheral,0.6,8,0.486,"Роль не определена: 1 отправителей, 0 получателей; вход 7,200, выход 0 KZT."
100000002975287100,peripheral,0.6,29,0.506,"Роль не определена: 1 отправителей, 0 получателей; вход 15,000, выход 0 KZT."
100000002975437100,terminal,0.831,37,0.622,"Возможный конечный получатель: вход 530,000, выход 8,500 KZT; выход 2% входа, отправителей 1."
100000002981489100,peripheral,0.2,11,0.295,"Роль не определена: 1 отправителей, 0 получателей; вход 10,000, выход 0 KZT. Обрыв на depth=4: 0 исходящих — эффект границы выгрузки."
100000002981527100,peripheral,0.6,5,0.573,"Роль не определена: 1 отправителей, 0 получателей; вход 168,000, выход 0 KZT."
100000002982252100,peripheral,0.6,23,0.514,"Роль не определена: 1 отправителей, 0 получателей; вход 20,320, выход 0 KZT."
100000002983426100,peripheral,0.6,19,0.556,"Роль не определена: 1 отправителей, 0 получателей; вход 88,945, выход 0 KZT."
100000002983879100,peripheral,0.6,3,0.6,"Роль не определена: 2 отправителей, 0 получателей; вход 200,050, выход 0 KZT."
100000002984403100,peripheral,0.6,14,0.381,"Роль не определена: 1 отправителей, 1 получателей; вход 20,000, выход 25,000 KZT."
100000002986245100,peripheral,0.2,19,0.279,"Роль не определена: 1 отправителей, 0 получателей; вход 5,750, выход 0 KZT. Обрыв на depth=4: 0 исходящих — эффект границы выгрузки."
100000002988894100,peripheral,0.2,3,0.565,"Роль не определена: 1 отправителей, 3 получателей; вход 306,121, выход 77,500 KZT."
100000002989353100,peripheral,0.2,25,0.499,"Роль не определена: 1 отправителей, 2 получателей; вход 500,000, выход 321,160 KZT."
100000002990675100,peripheral,0.6,11,0.54,"Роль не определена: 1 отправителей, 0 получателей; вход 51,143, выход 0 KZT."
100000002991079100,terminal,0.664,17,0.582,"Возможный конечный получатель: вход 148,900, выход 11,000 KZT; выход 7% входа, отправителей 2."
100000002992171100,peripheral,0.6,23,0.505,"Роль не определена: 1 отправителей, 0 получателей; вход 14,627, выход 0 KZT."
100000002994441100,peripheral,0.2,9,0.275,"Роль не определена: 1 отправителей, 0 получателей; вход 5,000, выход 0 KZT. Обрыв на depth=4: 0 исходящих — эффект границы выгрузки."
100000002999140100,peripheral,0.2,8,0.295,"Роль не определена: 1 отправителей, 0 получателей; вход 10,000, выход 0 KZT. Обрыв на depth=4: 0 исходящих — эффект границы выгрузки."
100000003001138100,peripheral,0.2,16,0.325,"Роль не определена: 1 отправителей, 0 получателей; вход 30,000, выход 0 KZT. Обрыв на depth=4: 0 исходящих — эффект границы выгрузки."
100000003001564100,peripheral,0.6,17,0.555,"Роль не определена: 1 отправителей, 1 получателей; вход 23,520, выход 180,000 KZT."
100000003001661100,distributor,0.575,16,0.594,"Признаки распределения: 5 получателей, 1 отправителей; вход 110,000, выход 439,500 KZT."
100000003003821100,peripheral,0.6,3,0.533,"Роль не определена: 1 отправителей, 0 получателей; вход 40,000, выход 0 KZT."
100000003004487100,peripheral,0.2,37,0.505,"Роль не определена: 4 отправителей, 2 получателей; вход 183,703, выход 265,015 KZT."
100000003005167100,peripheral,0.2,19,0.285,"Роль не определена: 1 отправителей, 0 получателей; вход 7,000, выход 0 KZT. Обрыв на depth=4: 0 исходящих — эффект границы выгрузки."
100000003006633100,peripheral,0.6,39,0.495,"Роль не определена: 1 отправителей, 0 получателей; вход 10,000, выход 0 KZT."
100000003009900100,peripheral,0.6,19,0.508,"Роль не определена: 1 отправителей, 0 получателей; вход 15,998, выход 0 KZT."
100000003010908100,peripheral,0.2,19,0.31,"Роль не определена: 1 отправителей, 0 получателей; вход 17,000, выход 0 KZT. Обрыв на depth=4: 0 исходящих — эффект границы выгрузки."
100000003014659100,peripheral,0.6,12,0.588,"Роль не определена: 1 отправителей, 0 получателей; вход 280,000, выход 0 KZT."
100000003016438100,peripheral,0.2,43,0.466,"Роль не определена: 1 отправителей, 1 получателей; вход 200,000, выход 300,000 KZT."
100000003016635100,coordinator,0.63,17,0.789,"Признаки координации: 8 отправителей и 73 получателей; вход 586,981, выход 9,414,081 KZT. Seed: входящие неполны; баланс не используется."
100000003016773100,peripheral,0.6,43,0.538,"Роль не определена: 1 отправителей, 0 получателей; вход 46,555, выход 0 KZT."
100000003022835100,peripheral,0.6,3,0.565,"Роль не определена: 1 отправителей, 0 получателей; вход 125,000, выход 0 KZT."
100000003024542100,peripheral,0.6,3,0.49,"Роль не определена: 1 отправителей, 0 получателей; вход 8,500, выход 0 KZT."
100000003025903100,peripheral,0.2,11,0.397,"Роль не определена: 1 отправителей, 0 получателей; вход 386,300, выход 0 KZT. Обрыв на depth=4: 0 исходящих — эффект границы выгрузки."
100000003031003100,terminal,0.81,25,0.625,"Возможный конечный получатель: вход 280,090, выход 0 KZT; выход 0% входа, отправителей 3."
100000003031633100,peripheral,0.6,5,0.599,"Роль не определена: 1 отправителей, 0 получателей; вход 414,000, выход 0 KZT."
100000003031761100,peripheral,0.6,9,0.602,"Роль не определена: 1 отправителей, 0 получателей; вход 460,408, выход 0 KZT."
100000003031890100,terminal,0.698,35,0.58,"Возможный конечный получатель: вход 215,000, выход 0 KZT; выход 0% входа, отправителей 1."
100000003034546100,peripheral,0.6,5,0.603,"Роль не определена: 1 отправителей, 0 получателей; вход 486,715, выход 0 KZT."
100000003035737100,terminal,0.876,11,0.652,"Возможный конечный получатель: вход 809,170, выход 6,545 KZT; выход 1% входа, отправителей 2."
100000003036198100,peripheral,0.6,3,0.506,"Роль не определена: 1 отправителей, 0 получателей; вход 15,000, выход 0 KZT."
100000003037476100,peripheral,0.2,5,0.444,"Роль не определена: 3 отправителей, 0 получателей; вход 555,000, выход 0 KZT. Обрыв на depth=4: 0 исходящих — эффект границы выгрузки."
100000003037660100,peripheral,0.6,3,0.541,"Роль не определена: 1 отправителей, 0 получателей; вход 53,000, выход 0 KZT."
100000003039473100,peripheral,0.6,17,0.518,"Роль не определена: 1 отправителей, 0 получателей; вход 23,000, выход 0 KZT."
100000003040087100,peripheral,0.2,19,0.324,"Роль не определена: 1 отправителей, 0 получателей; вход 29,000, выход 0 KZT. Обрыв на depth=4: 0 исходящих — эффект границы выгрузки."
100000003042994100,terminal,0.733,17,0.588,"Возможный конечный получатель: вход 286,086, выход 0 KZT; выход 0% входа, отправителей 1."
100000003044431100,peripheral,0.6,3,0.567,"Роль не определена: 2 отправителей, 0 получателей; вход 60,000, выход 0 KZT."
100000003044518100,peripheral,0.6,2,0.529,"Роль не определена: 1 отправителей, 0 получателей; вход 34,423, выход 0 KZT."
100000003047800100,peripheral,0.2,25,0.3,"Роль не определена: 1 отправителей, 0 получателей; вход 12,212, выход 0 KZT. Обрыв на depth=4: 0 исходящих — эффект границы выгрузки."
100000003050771100,peripheral,0.6,13,0.582,"Роль не определена: 1 отправителей, 0 получателей; вход 229,000, выход 0 KZT."
100000003054328100,peripheral,0.2,25,0.462,"Роль не определена: 1 отправителей, 2 получателей; вход 140,000, выход 193,720 KZT."
100000003057225100,peripheral,0.6,17,0.583,"Роль не определена: 1 отправителей, 0 получателей; вход 236,000, выход 0 KZT."
100000003060187100,peripheral,0.6,44,0.557,"Роль не определена: 1 отправителей, 0 получателей; вход 93,046, выход 0 KZT."
100000003060517100,peripheral,0.6,29,0.591,"Роль не определена: 1 отправителей, 0 получателей; вход 315,955, выход 0 KZT."
100000003061115100,peripheral,0.2,1,0.337,"Роль не определена: 1 отправителей, 0 получателей; вход 45,000, выход 0 KZT. Обрыв на depth=4: 0 исходящих — эффект границы выгрузки."
100000003062895100,peripheral,0.6,43,0.614,"Роль не определена: 2 отправителей, 0 получателей; вход 328,444, выход 0 KZT."
100000003066385100,peripheral,0.6,1,0.536,"Роль не определена: 2 отправителей, 0 получателей; вход 20,000, выход 0 KZT."
100000003068941100,consolidator,0.411,1,0.529,"Признаки консолидации: 3 отправителей, 1 получателей; вход 94,000, выход 25,000 KZT."
100000003069463100,peripheral,0.6,15,0.39,"Роль не определена: 1 отправителей, 1 получателей; вход 11,500, выход 17,920 KZT."
100000003071649100,peripheral,0.6,5,0.577,"Роль не определена: 1 отправителей, 0 получателей; вход 189,500, выход 0 KZT."
100000003071930100,terminal,0.903,5,0.648,"Возможный конечный получатель: вход 477,610, выход 5,000 KZT; выход 1% входа, отправителей 3."
100000003072205100,peripheral,0.2,5,0.395,"Роль не определена: 2 отправителей, 0 получателей; вход 163,000, выход 0 KZT. Обрыв на depth=4: 0 исходящих — эффект границы выгрузки."
100000003072676100,peripheral,0.6,29,0.527,"Роль не определена: 1 отправителей, 0 получателей; вход 31,545, выход 0 KZT."
100000003073398100,peripheral,0.6,2,0.557,"Роль не определена: 1 отправителей, 0 получателей; вход 92,960, выход 0 KZT."
100000003073635100,peripheral,0.6,9,0.566,"Роль не определена: 1 отправителей, 0 получателей; вход 129,231, выход 0 KZT."
100000003074515100,peripheral,0.2,5,0.36,"Роль не определена: 1 отправителей, 0 получателей; вход 105,000, выход 0 KZT. Обрыв на depth=4: 0 исходящих — эффект границы выгрузки."
100000003078839100,peripheral,0.2,9,0.304,"Роль не определена: 1 отправителей, 0 получателей; вход 14,000, выход 0 KZT. Обрыв на depth=4: 0 исходящих — эффект границы выгрузки."
100000003083865100,peripheral,0.2,19,0.306,"Роль не определена: 1 отправителей, 0 получателей; вход 15,000, выход 0 KZT. Обрыв на depth=4: 0 исходящих — эффект границы выгрузки."
100000003084870100,peripheral,0.2,25,0.283,"Роль не определена: 1 отправителей, 0 получателей; вход 6,500, выход 0 KZT. Обрыв на depth=4: 0 исходящих — эффект границы выгрузки."
100000003086040100,peripheral,0.6,1,0.496,"Роль не определена: 1 отправителей, 0 получателей; вход 10,500, выход 0 KZT."
100000003087877100,peripheral,0.6,9,0.556,"Роль не определена: 1 отправителей, 0 получателей; вход 91,486, выход 0 KZT."
100000003089018100,peripheral,0.6,5,0.582,"Роль не определена: 1 отправителей, 0 получателей; вход 230,000, выход 0 KZT."
100000003089553100,peripheral,0.6,43,0.57,"Роль не определена: 1 отправителей, 0 получателей; вход 150,000, выход 0 KZT."
100000003091142100,peripheral,0.2,1,0.333,"Роль не определена: 1 отправителей, 0 получателей; вход 40,000, выход 0 KZT. Обрыв на depth=4: 0 исходящих — эффект границы выгрузки."
100000003093299100,peripheral,0.6,1,0.506,"Роль не определена: 1 отправителей, 0 получателей; вход 15,000, выход 0 KZT."
100000003095610100,peripheral,0.6,19,0.519,"Роль не определена: 1 отправителей, 0 получателей; вход 23,665, выход 0 KZT."
100000003096787100,peripheral,0.2,19,0.309,"Роль не определена: 1 отправителей, 0 получателей; вход 16,400, выход 0 KZT. Обрыв на depth=4: 0 исходящих — эффект границы выгрузки."
100000003097324100,peripheral,0.6,36,0.611,"Роль не определена: 2 отправителей, 0 получателей; вход 294,000, выход 0 KZT."
100000003097947100,peripheral,0.2,9,0.341,"Роль не определена: 1 отправителей, 0 получателей; вход 52,980, выход 0 KZT. Обрыв на depth=4: 0 исходящих — эффект границы выгрузки."
100000003102157100,peripheral,0.6,1,0.558,"Роль не определена: 1 отправителей, 0 получателей; вход 96,746, выход 0 KZT."
100000003104347100,peripheral,0.6,30,0.594,"Роль не определена: 1 отправителей, 1 получателей; вход 418,000, выход 32,000 KZT."
100000003105089100,peripheral,0.2,33,0.295,"Роль не определена: 1 отправителей, 0 получателей; вход 10,000, выход 0 KZT. Обрыв на depth=4: 0 исходящих — эффект границы выгрузки."
100000003105929100,peripheral,0.2,11,0.524,"Роль не определена: 1 отправителей, 1 получателей; вход 429,567, выход 156,354 KZT."
100000003109805100,peripheral,0.6,29,0.531,"Роль не определена: 1 отправителей, 0 получателей; вход 36,929, выход 0 KZT."
100000003111305100,terminal,0.96,47,0.654,"Возможный конечный получатель: вход 509,338, выход 0 KZT; выход 0% входа, отправителей 4."
100000003112436100,peripheral,0.6,17,0.559,"Роль не определена: 1 отправителей, 0 получателей; вход 100,000, выход 0 KZT."
100000003112578100,peripheral,0.6,25,0.559,"Роль не определена: 1 отправителей, 0 получателей; вход 101,080, выход 0 KZT."
100000003115284100,consolidator,0.826,12,0.666,"Признаки консолидации: 8 отправителей, 2 получателей; вход 2,160,500, выход 517,000 KZT."
100000003116106100,peripheral,0.6,11,0.604,"Роль не определена: 1 отправителей, 0 получателей; вход 494,050, выход 0 KZT."
100000003119550100,peripheral,0.6,23,0.515,"Роль не определена: 1 отправителей, 0 получателей; вход 21,000, выход 0 KZT."
100000003122817100,peripheral,0.6,15,0.601,"Роль не определена: 1 отправителей, 0 получателей; вход 444,680, выход 0 KZT."
100000003123296100,peripheral,0.6,8,0.555,"Роль не определена: 1 отправителей, 0 получателей; вход 86,200, выход 0 KZT."
100000003125997100,peripheral,0.2,43,0.355,"Роль не определена: 1 отправителей, 0 получателей; вход 87,750, выход 0 KZT. Обрыв на depth=4: 0 исходящих — эффект границы выгрузки."
100000003128638100,peripheral,0.2,5,0.39,"Роль не определена: 1 отправителей, 0 получателей; вход 300,000, выход 0 KZT. Обрыв на depth=4: 0 исходящих — эффект границы выгрузки."
100000003131016100,peripheral,0.2,9,0.533,"Роль не определена: 1 отправителей, 1 получателей; вход 405,700, выход 126,000 KZT."
100000003131693100,peripheral,0.6,3,0.594,"Роль не определена: 1 отправителей, 0 получателей; вход 353,277, выход 0 KZT."
100000003132484100,peripheral,0.6,5,0.556,"Роль не определена: 1 отправителей, 0 получателей; вход 90,000, выход 0 KZT."
100000003133045100,peripheral,0.2,49,0.348,"Роль не определена: 1 отправителей, 0 получателей; вход 68,000, выход 0 KZT. Обрыв на depth=4: 0 исходящих — эффект границы выгрузки."
100000003134474100,peripheral,0.6,11,0.563,"Роль не определена: 1 отправителей, 0 получателей; вход 116,000, выход 0 KZT."
100000003134550100,peripheral,0.2,43,0.359,"Роль не определена: 1 отправителей, 0 получателей; вход 100,000, выход 0 KZT. Обрыв на depth=4: 0 исходящих — эффект границы выгрузки."
100000003134934100,terminal,0.9,1,0.646,"Возможный конечный получатель: вход 379,354, выход 0 KZT; выход 0% входа, отправителей 4."
100000003134937100,peripheral,0.6,17,0.495,"Роль не определена: 1 отправителей, 0 получателей; вход 10,286, выход 0 KZT."
100000003146511100,peripheral,0.2,13,0.295,"Роль не определена: 1 отправителей, 0 получателей; вход 10,000, выход 0 KZT. Обрыв на depth=4: 0 исходящих — эффект границы выгрузки."
100000003147719100,peripheral,0.6,5,0.559,"Роль не определена: 1 отправителей, 0 получателей; вход 100,000, выход 0 KZT."
100000003148220100,peripheral,0.2,51,0.531,"Роль не определена: 1 отправителей, 2 получателей; вход 5,650, выход 43,400 KZT."
100000003149149100,peripheral,0.6,11,0.584,"Роль не определена: 1 отправителей, 0 получателей; вход 245,000, выход 0 KZT."
100000003152964100,peripheral,0.6,9,0.577,"Роль не определена: 1 отправителей, 1 получателей; вход 141,847, выход 5,500 KZT."
100000003154105100,distributor,0.67,33,0.619,"Признаки распределения: 7 получателей, 1 отправителей; вход 60,000, выход 338,000 KZT."
100000003157333100,peripheral,0.6,2,0.525,"Роль не определена: 1 отправителей, 0 получателей; вход 30,000, выход 0 KZT."
100000003157679100,terminal,0.96,5,0.656,"Возможный конечный получатель: вход 541,000, выход 0 KZT; выход 0% входа, отправителей 4."
100000003158727100,terminal,0.854,2,0.633,"Возможный конечный получатель: вход 367,940, выход 0 KZT; выход 0% входа, отправителей 3."
100000003159641100,peripheral,0.2,4,0.548,"Роль не определена: 4 отправителей, 1 получателей; вход 64,000, выход 197,800 KZT."
100000003163256100,peripheral,0.6,17,0.357,"Роль не определена: 1 отправителей, 1 получателей; вход 13,485, выход 15,000 KZT."
100000003163886100,peripheral,0.6,32,0.604,"Роль не определена: 1 отправителей, 0 получателей; вход 500,000, выход 0 KZT."
100000003164661100,terminal,0.84,28,0.609,"Возможный конечный получатель: вход 596,200, выход 0 KZT; выход 0% входа, отправителей 1."
100000003166017100,peripheral,0.2,19,0.306,"Роль не определена: 1 отправителей, 0 получателей; вход 15,000, выход 0 KZT. Обрыв на depth=4: 0 исходящих — эффект границы выгрузки."
100000003166755100,peripheral,0.6,3,0.519,"Роль не определена: 1 отправителей, 0 получателей; вход 24,010, выход 0 KZT."
100000003171006100,peripheral,0.6,5,0.625,"Роль не определена: 2 отправителей, 0 получателей; вход 485,000, выход 0 KZT."
100000003171587100,peripheral,0.2,11,0.524,"Роль не определена: 2 отправителей, 2 получателей; вход 700,000, выход 431,300 KZT."
100000003173783100,peripheral,0.2,34,0.319,"Роль не определена: 1 отправителей, 0 получателей; вход 23,500, выход 0 KZT. Обрыв на depth=4: 0 исходящих — эффект границы выгрузки."
100000003177533100,peripheral,0.2,9,0.314,"Роль не определена: 1 отправителей, 0 получателей; вход 20,000, выход 0 KZT. Обрыв на depth=4: 0 исходящих — эффект границы выгрузки."
100000003178549100,peripheral,0.2,29,0.556,"Роль не определена: 2 отправителей, 4 получателей; вход 250,000, выход 89,080 KZT."
100000003180305100,peripheral,0.2,1,0.369,"Роль не определена: 1 отправителей, 0 получателей; вход 144,000, выход 0 KZT. Обрыв на depth=4: 0 исходящих — эффект границы выгрузки."
100000003180820100,peripheral,0.2,5,0.359,"Роль не определена: 1 отправителей, 0 получателей; вход 101,000, выход 0 KZT. Обрыв на depth=4: 0 исходящих — эффект границы выгрузки."
100000003186579100,peripheral,0.2,9,0.362,"Роль не определена: 1 отправителей, 0 получателей; вход 110,000, выход 0 KZT. Обрыв на depth=4: 0 исходящих — эффект границы выгрузки."
100000003187359100,peripheral,0.6,23,0.513,"Роль не определена: 1 отправителей, 0 получателей; вход 19,072, выход 0 KZT."
100000003188607100,peripheral,0.6,2,0.453,"Роль не определена: 1 отправителей, 1 получателей; вход 18,000, выход 5,000 KZT."
100000003190207100,peripheral,0.2,48,0.613,"Роль не определена: 1 отправителей, 1 получателей; вход 5,000, выход 377,000 KZT."
100000003191430100,peripheral,0.6,17,0.575,"Роль не определена: 1 отправителей, 0 получателей; вход 180,000, выход 0 KZT."
100000003192220100,peripheral,0.6,6,0.545,"Роль не определена: 1 отправителей, 0 получателей; вход 60,000, выход 0 KZT."
100000003192309100,peripheral,0.6,23,0.574,"Роль не определена: 1 отправителей, 1 получателей; вход 17,200, выход 213,000 KZT."
100000003194831100,peripheral,0.2,19,0.282,"Роль не определена: 1 отправителей, 0 получателей; вход 6,265, выход 0 KZT. Обрыв на depth=4: 0 исходящих — эффект границы выгрузки."
100000003199390100,peripheral,0.2,11,0.386,"Роль не определена: 1 отправителей, 0 получателей; вход 260,000, выход 0 KZT. Обрыв на depth=4: 0 исходящих — эффект границы выгрузки."
100000003200071100,peripheral,0.6,59,0.425,"Роль не определена: 0 отправителей, 1 получателей; вход 0, выход 30,000 KZT. Seed: входящие неполны; баланс не используется."
100000003204491100,peripheral,0.2,1,0.439,"Роль не определена: 1 отправителей, 1 получателей; вход 140,000, выход 100,000 KZT."
100000003205210100,peripheral,0.6,3,0.568,"Роль не определена: 1 отправителей, 0 получателей; вход 137,563, выход 0 KZT."
100000003207060100,peripheral,0.2,1,0.341,"Роль не определена: 1 отправителей, 0 получателей; вход 53,000, выход 0 KZT. Обрыв на depth=4: 0 исходящих — эффект границы выгрузки."
100000003213473100,distributor,0.764,1,0.613,"Признаки распределения: 11 получателей, 1 отправителей; вход 57,500, выход 240,000 KZT."
100000003214786100,peripheral,0.2,1,0.275,"Роль не определена: 1 отправителей, 0 получателей; вход 5,000, выход 0 KZT. Обрыв на depth=4: 0 исходящих — эффект границы выгрузки."
100000003215448100,peripheral,0.2,9,0.448,"Роль не определена: 1 отправителей, 2 получателей; вход 91,309, выход 124,000 KZT."
100000003216073100,peripheral,0.6,9,0.445,"Роль не определена: 1 отправителей, 1 получателей; вход 37,001, выход 70,000 KZT."
100000003218308100,peripheral,0.6,1,0.498,"Роль не определена: 1 отправителей, 0 получателей; вход 11,165, выход 0 KZT."
100000003219438100,peripheral,0.6,60,0.527,"Роль не определена: 1 отправителей, 0 получателей; вход 32,000, выход 0 KZT."
100000003220685100,peripheral,0.2,11,0.431,"Роль не определена: 1 отправителей, 0 получателей; вход 1,306,000, выход 0 KZT. Обрыв на depth=4: 0 исходящих — эффект границы выгрузки."
100000003221384100,peripheral,0.6,4,0.605,"Роль не определена: 1 отправителей, 0 получателей; вход 511,200, выход 0 KZT."
100000003221510100,peripheral,0.2,1,0.54,"Роль не определена: 1 отправителей, 2 получателей; вход 24,000, выход 120,000 KZT."
100000003230328100,peripheral,0.2,1,0.36,"Роль не определена: 3 отправителей, 0 получателей; вход 26,572, выход 0 KZT. Обрыв на depth=4: 0 исходящих — эффект границы выгрузки."
100000003230329100,peripheral,0.2,5,0.362,"Роль не определена: 1 отправителей, 0 получателей; вход 110,000, выход 0 KZT. Обрыв на depth=4: 0 исходящих — эффект границы выгрузки."
100000003232675100,peripheral,0.2,13,0.336,"Роль не определена: 1 отправителей, 0 получателей; вход 44,000, выход 0 KZT. Обрыв на depth=4: 0 исходящих — эффект границы выгрузки."
100000003235780100,peripheral,0.6,1,0.569,"Роль не определена: 2 отправителей, 0 получателей; вход 65,000, выход 0 KZT."
100000003237045100,peripheral,0.2,17,0.503,"Роль не определена: 1 отправителей, 1 получателей; вход 340,200, выход 150,000 KZT."
100000003239379100,peripheral,0.6,8,0.557,"Роль не определена: 1 отправителей, 0 получателей; вход 92,500, выход 0 KZT."
100000003239859100,peripheral,0.6,8,0.512,"Роль не определена: 1 отправителей, 0 получателей; вход 18,600, выход 0 KZT."
100000003241965100,peripheral,0.6,19,0.506,"Роль не определена: 1 отправителей, 0 получателей; вход 15,000, выход 0 KZT."
100000003242289100,distributor,0.919,29,0.719,"Признаки распределения: 23 получателей, 3 отправителей; вход 550,791, выход 2,377,741 KZT."
100000003242795100,peripheral,0.6,11,0.562,"Роль не определена: 1 отправителей, 0 получателей; вход 111,000, выход 0 KZT."
100000003246024100,peripheral,0.6,9,0.481,"Роль не определена: 1 отправителей, 1 получателей; вход 25,000, выход 5,000 KZT."
100000003247600100,peripheral,0.2,3,0.344,"Роль не определена: 1 отправителей, 0 получателей; вход 58,000, выход 0 KZT. Обрыв на depth=4: 0 исходящих — эффект границы выгрузки."
100000003249054100,terminal,0.717,3,0.592,"Возможный конечный получатель: вход 99,700, выход 15,000 KZT; выход 15% входа, отправителей 7."
100000003252446100,peripheral,0.2,43,0.361,"Роль не определена: 1 отправителей, 0 получателей; вход 108,600, выход 0 KZT. Обрыв на depth=4: 0 исходящих — эффект границы выгрузки."
100000003254277100,peripheral,0.6,1,0.388,"Роль не определена: 1 отправителей, 1 получателей; вход 49,200, выход 44,997 KZT."
100000003254723100,terminal,0.725,3,0.587,"Возможный конечный получатель: вход 269,850, выход 0 KZT; выход 0% входа, отправителей 1."
100000003265158100,transit,0.794,8,0.455,"Признаки транзита: вход 146,100 KZT, выход 154,200 KZT (106% входа); 3 отправителей."
100000003265658100,peripheral,0.6,61,0.1,"Роль не определена: 0 отправителей, 0 получателей; вход 0, выход 0 KZT. Seed: входящие неполны; баланс не используется."
100000003270419100,peripheral,0.6,13,0.57,"Роль не определена: 1 отправителей, 0 получателей; вход 150,000, выход 0 KZT."
100000003271151100,peripheral,0.6,9,0.566,"Роль не определена: 1 отправителей, 0 получателей; вход 127,294, выход 0 KZT."
100000003275398100,peripheral,0.6,35,0.588,"Роль не определена: 1 отправителей, 1 получателей; вход 300,000, выход 20,000 KZT."
100000003278020100,peripheral,0.6,1,0.577,"Роль не определена: 1 отправителей, 0 получателей; вход 190,000, выход 0 KZT."
100000003284932100,peripheral,0.6,3,0.549,"Роль не определена: 1 отправителей, 0 получателей; вход 69,925, выход 0 KZT."
100000003286537100,peripheral,0.6,5,0.593,"Роль не определена: 2 отправителей, 0 получателей; вход 153,000, выход 0 KZT."
100000003289281100,peripheral,0.2,1,0.333,"Роль не определена: 1 отправителей, 0 получателей; вход 40,000, выход 0 KZT. Обрыв на depth=4: 0 исходящих — эффект границы выгрузки."
100000003289405100,peripheral,0.6,3,0.594,"Роль не определена: 1 отправителей, 0 получателей; вход 355,000, выход 0 KZT."
100000003292191100,peripheral,0.6,36,0.562,"Роль не определена: 1 отправителей, 0 получателей; вход 112,000, выход 0 KZT."
100000003292979100,peripheral,0.6,3,0.539,"Роль не определена: 1 отправителей, 0 получателей; вход 48,950, выход 0 KZT."
100000003293377100,peripheral,0.6,11,0.54,"Роль не определена: 1 отправителей, 0 получателей; вход 50,000, выход 0 KZT."
100000003299365100,peripheral,0.6,3,0.42,"Роль не определена: 1 отправителей, 1 получателей; вход 200,000, выход 200,000 KZT."
100000003321423100,peripheral,0.6,12,0.559,"Роль не определена: 1 отправителей, 0 получателей; вход 100,000, выход 0 KZT."
100000003321895100,peripheral,0.2,52,0.629,"Роль не определена: 1 отправителей, 2 получателей; вход 24,000, выход 553,830 KZT."
100000003336565100,peripheral,0.6,23,0.509,"Роль не определена: 1 отправителей, 0 получателей; вход 16,550, выход 0 KZT."
100000003338583100,peripheral,0.6,35,0.516,"Роль не определена: 1 отправителей, 0 получателей; вход 21,765, выход 0 KZT."
100000003345947100,peripheral,0.2,9,0.353,"Роль не определена: 1 отправителей, 0 получателей; вход 79,500, выход 0 KZT. Обрыв на depth=4: 0 исходящих — эффект границы выгрузки."
100000003349739100,peripheral,0.6,62,0.1,"Роль не определена: 0 отправителей, 0 получателей; вход 0, выход 0 KZT. Seed: входящие неполны; баланс не используется."
100000003360542100,terminal,0.699,12,0.589,"Возможный конечный получатель: вход 317,000, выход 51,800 KZT; выход 16% входа, отправителей 2."
100000003366154100,distributor,0.392,3,0.528,"Признаки распределения: 3 получателей, 1 отправителей; вход 125,000, выход 289,170 KZT."
100000003366471100,terminal,0.762,9,0.609,"Возможный конечный получатель: вход 329,789, выход 20,000 KZT; выход 6% входа, отправителей 2."
100000003370425100,peripheral,0.2,13,0.314,"Роль не определена: 1 отправителей, 0 получателей; вход 20,000, выход 0 KZT. Обрыв на depth=4: 0 исходящих — эффект границы выгрузки."
100000003377795100,peripheral,0.6,2,0.485,"Роль не определена: 1 отправителей, 0 получателей; вход 7,000, выход 0 KZT."
100000003390036100,peripheral,0.2,12,0.554,"Роль не определена: 2 отправителей, 2 получателей; вход 231,300, выход 62,000 KZT."
100000003404627100,terminal,0.96,43,0.669,"Возможный конечный получатель: вход 877,700, выход 0 KZT; выход 0% входа, отправителей 4."
100000003406094100,peripheral,0.2,17,0.452,"Роль не определена: 1 отправителей, 3 получателей; вход 70,000, выход 47,000 KZT."
100000003447411100,peripheral,0.2,9,0.39,"Роль не определена: 1 отправителей, 0 получателей; вход 302,000, выход 0 KZT. Обрыв на depth=4: 0 исходящих — эффект границы выгрузки."
100000003448713100,peripheral,0.2,9,0.386,"Роль не определена: 1 отправителей, 0 получателей; вход 266,750, выход 0 KZT. Обрыв на depth=4: 0 исходящих — эффект границы выгрузки."
100000003449074100,peripheral,0.6,1,0.495,"Роль не определена: 1 отправителей, 0 получателей; вход 10,000, выход 0 KZT."
100000003457710100,peripheral,0.2,11,0.579,"Роль не определена: 1 отправителей, 1 получателей; вход 326,555, выход 1,306,000 KZT."
100000003470579100,peripheral,0.2,15,0.395,"Роль не определена: 1 отправителей, 0 получателей; вход 357,000, выход 0 KZT. Обрыв на depth=4: 0 исходящих — эффект границы выгрузки."
100000003476560100,peripheral,0.6,3,0.54,"Роль не определена: 1 отправителей, 0 получателей; вход 50,000, выход 0 KZT."
100000003481025100,peripheral,0.2,1,0.292,"Роль не определена: 1 отправителей, 0 получателей; вход 9,000, выход 0 KZT. Обрыв на depth=4: 0 исходящих — эффект границы выгрузки."
100000003484058100,peripheral,0.6,41,0.564,"Роль не определена: 1 отправителей, 1 получателей; вход 110,000, выход 6,000 KZT."
100000003486846100,peripheral,0.2,17,0.322,"Роль не определена: 1 отправителей, 0 получателей; вход 27,000, выход 0 KZT. Обрыв на depth=4: 0 исходящих — эффект границы выгрузки."
100000003486970100,peripheral,0.6,11,0.57,"Роль не определена: 1 отправителей, 0 получателей; вход 150,000, выход 0 KZT."
100000003497735100,peripheral,0.6,44,0.565,"Роль не определена: 1 отправителей, 0 получателей; вход 125,000, выход 0 KZT."
100000003500764100,peripheral,0.2,29,0.315,"Роль не определена: 1 отправителей, 0 получателей; вход 21,000, выход 0 KZT. Обрыв на depth=4: 0 исходящих — эффект границы выгрузки."
100000003509750100,transit,0.762,2,0.445,"Признаки транзита: вход 82,290 KZT, выход 78,400 KZT (95% входа); 3 отправителей."
100000003528285100,distributor,0.564,3,0.622,"Признаки распределения: 4 получателей, 4 отправителей; вход 118,870, выход 548,000 KZT."
100000003557488100,peripheral,0.2,37,0.586,"Роль не определена: 1 отправителей, 2 получателей; вход 664,992, выход 138,000 KZT."
100000003561031100,peripheral,0.6,9,0.424,"Роль не определена: 1 отправителей, 1 получателей; вход 13,300, выход 5,000 KZT."
100000003567087100,peripheral,0.6,23,0.546,"Роль не определена: 1 отправителей, 0 получателей; вход 62,115, выход 0 KZT."
100000003568904100,peripheral,0.2,13,0.339,"Роль не определена: 1 отправителей, 0 получателей; вход 49,000, выход 0 KZT. Обрыв на depth=4: 0 исходящих — эффект границы выгрузки."
100000003574895100,peripheral,0.6,1,0.394,"Роль не определена: 1 отправителей, 1 получателей; вход 27,968, выход 20,000 KZT."
100000003581109100,peripheral,0.6,1,0.535,"Роль не определена: 1 отправителей, 0 получателей; вход 42,750, выход 0 KZT."
100000003582677100,distributor,0.355,3,0.484,"Признаки распределения: 4 получателей, 2 отправителей; вход 29,757, выход 56,000 KZT."
100000003589877100,distributor,0.555,43,0.571,"Признаки распределения: 6 получателей, 2 отправителей; вход 176,000, выход 416,129 KZT."
100000003594472100,peripheral,0.6,37,0.514,"Роль не определена: 1 отправителей, 0 получателей; вход 20,000, выход 0 KZT."
100000003603979100,terminal,0.673,35,0.573,"Возможный конечный получатель: вход 165,000, выход 0 KZT; выход 0% входа, отправителей 1."
100000003610172100,peripheral,0.6,11,0.549,"Роль не определена: 1 отправителей, 0 получателей; вход 70,000, выход 0 KZT."
100000003616818100,distributor,0.419,35,0.561,"Признаки распределения: 3 получателей, 3 отправителей; вход 78,000, выход 240,100 KZT."
100000003617552100,peripheral,0.6,28,0.52,"Роль не определена: 1 отправителей, 0 получателей; вход 25,000, выход 0 KZT."
100000003622955100,peripheral,0.2,12,0.306,"Роль не определена: 1 отправителей, 0 получателей; вход 15,000, выход 0 KZT. Обрыв на depth=4: 0 исходящих — эффект границы выгрузки."
100000003626268100,peripheral,0.2,9,0.275,"Роль не определена: 1 отправителей, 0 получателей; вход 5,000, выход 0 KZT. Обрыв на depth=4: 0 исходящих — эффект границы выгрузки."
100000003631015100,peripheral,0.2,63,0.386,"Роль не определена: 1 отправителей, 0 получателей; вход 266,000, выход 0 KZT. Обрыв на depth=4: 0 исходящих — эффект границы выгрузки."
100000003632533100,peripheral,0.2,11,0.295,"Роль не определена: 1 отправителей, 0 получателей; вход 10,000, выход 0 KZT. Обрыв на depth=4: 0 исходящих — эффект границы выгрузки."
100000003635170100,transit,0.812,12,0.486,"Признаки транзита: вход 268,500 KZT, выход 253,500 KZT (94% входа); 3 отправителей."
100000003635660100,peripheral,0.6,1,0.513,"Роль не определена: 1 отправителей, 0 получателей; вход 18,985, выход 0 KZT."
100000003636627100,terminal,0.557,2,0.531,"Возможный конечный получатель: вход 77,000, выход 10,000 KZT; выход 13% входа, отправителей 1."
100000003646145100,peripheral,0.2,42,0.275,"Роль не определена: 1 отправителей, 0 получателей; вход 5,000, выход 0 KZT. Обрыв на depth=4: 0 исходящих — эффект границы выгрузки."
100000003647799100,peripheral,0.6,11,0.559,"Роль не определена: 1 отправителей, 0 получателей; вход 100,000, выход 0 KZT."
100000003650146100,peripheral,0.6,17,0.505,"Роль не определена: 1 отправителей, 0 получателей; вход 14,400, выход 0 KZT."
100000003664994100,peripheral,0.2,64,0.393,"Роль не определена: 1 отправителей, 0 получателей; вход 338,271, выход 0 KZT. Обрыв на depth=4: 0 исходящих — эффект границы выгрузки."
100000003671721100,peripheral,0.6,19,0.475,"Роль не определена: 1 отправителей, 0 получателей; вход 5,000, выход 0 KZT."
100000003677936100,terminal,0.525,2,0.514,"Возможный конечный получатель: вход 71,000, выход 13,000 KZT; выход 18% входа, отправителей 1."
100000003684369100,coordinator,0.635,3,0.792,"Признаки координации: 24 отправителей и 62 получателей; вход 3,848,436, выход 8,588,655 KZT. Seed: входящие неполны; баланс не используется."
100000003692843100,peripheral,0.2,52,0.404,"Роль не определена: 1 отправителей, 0 получателей; вход 510,000, выход 0 KZT. Обрыв на depth=4: 0 исходящих — эффект границы выгрузки."
100000003696422100,peripheral,0.2,37,0.364,"Роль не определена: 1 отправителей, 0 получателей; вход 118,000, выход 0 KZT. Обрыв на depth=4: 0 исходящих — эффект границы выгрузки."
100000003701161100,consolidator,0.65,30,0.642,"Признаки консолидации: 4 отправителей, 3 получателей; вход 1,527,103, выход 349,000 KZT."
100000003711830100,peripheral,0.6,9,0.54,"Роль не определена: 1 отправителей, 0 получателей; вход 50,000, выход 0 KZT."
100000003713616100,peripheral,0.6,17,0.508,"Роль не определена: 1 отправителей, 0 получателей; вход 15,893, выход 0 KZT."
100000003718221100,distributor,0.325,30,0.503,"Признаки распределения: 4 получателей, 2 отправителей; вход 350,000, выход 423,500 KZT."
100000003718715100,peripheral,0.2,13,0.421,"Роль не определена: 1 отправителей, 0 получателей; вход 915,000, выход 0 KZT. Обрыв на depth=4: 0 исходящих — эффект границы выгрузки."
100000003724440100,peripheral,0.6,3,0.562,"Роль не определена: 2 отправителей, 0 получателей; вход 50,000, выход 0 KZT."
100000003736419100,peripheral,0.6,1,0.43,"Роль не определена: 1 отправителей, 1 получателей; вход 23,300, выход 10,000 KZT."
100000003739818100,peripheral,0.6,3,0.543,"Роль не определена: 1 отправителей, 0 получателей; вход 57,293, выход 0 KZT."
100000003741418100,consolidator,0.693,11,0.595,"Признаки консолидации: 9 отправителей, 3 получателей; вход 151,900, выход 39,920 KZT."
100000003747133100,transit,0.728,55,0.484,"Признаки транзита: вход 237,068 KZT, выход 250,000 KZT (105% входа); 5 отправителей."
100000003760160100,peripheral,0.6,11,0.56,"Роль не определена: 1 отправителей, 0 получателей; вход 104,470, выход 0 KZT."
100000003770083100,peripheral,0.6,65,0.1,"Роль не определена: 0 отправителей, 0 получателей; вход 0, выход 0 KZT. Seed: входящие неполны; баланс не используется."
100000003781406100,peripheral,0.6,8,0.537,"Роль не определена: 1 отправителей, 0 получателей; вход 45,000, выход 0 KZT."
100000003782913100,peripheral,0.2,41,0.378,"Роль не определена: 1 отправителей, 0 получателей; вход 200,000, выход 0 KZT. Обрыв на depth=4: 0 исходящих — эффект границы выгрузки."
100000003786516100,peripheral,0.2,1,0.275,"Роль не определена: 1 отправителей, 0 получателей; вход 5,000, выход 0 KZT. Обрыв на depth=4: 0 исходящих — эффект границы выгрузки."
100000003792647100,peripheral,0.2,11,0.288,"Роль не определена: 1 отправителей, 0 получателей; вход 8,000, выход 0 KZT. Обрыв на depth=4: 0 исходящих — эффект границы выгрузки."
100000003795588100,peripheral,0.6,1,0.598,"Роль не определена: 1 отправителей, 0 получателей; вход 400,000, выход 0 KZT."
100000003796063100,distributor,0.979,11,0.725,"Признаки распределения: 15 получателей, 1 отправителей; вход 35,000, выход 959,150 KZT."
100000003798151100,terminal,0.765,17,0.594,"Возможный конечный получатель: вход 350,000, выход 0 KZT; выход 0% входа, отправителей 1."
100000003809101100,peripheral,0.2,12,0.531,"Роль не определена: 2 отправителей, 2 получателей; вход 166,050, выход 55,200 KZT."
100000003814002100,peripheral,0.6,11,0.525,"Роль не определена: 1 отправителей, 0 получателей; вход 30,000, выход 0 KZT."
100000003819173100,peripheral,0.2,9,0.369,"Роль не определена: 1 отправителей, 0 получателей; вход 143,777, выход 0 KZT. Обрыв на depth=4: 0 исходящих — эффект границы выгрузки."
100000003823811100,distributor,0.339,48,0.483,"Признаки распределения: 3 получателей, 1 отправителей; вход 30,000, выход 66,130 KZT."
100000003824464100,peripheral,0.6,30,0.578,"Роль не определена: 1 отправителей, 0 получателей; вход 200,000, выход 0 KZT."
100000003831201100,terminal,0.61,1,0.534,"Возможный конечный получатель: вход 40,500, выход 0 KZT; выход 0% входа, отправителей 1."
100000003831324100,peripheral,0.6,2,0.612,"Роль не определена: 2 отправителей, 0 получателей; вход 300,000, выход 0 KZT."
100000003832231100,peripheral,0.6,3,0.53,"Роль не определена: 1 отправителей, 0 получателей; вход 35,000, выход 0 KZT."
100000003834495100,terminal,0.902,1,0.647,"Возможный конечный получатель: вход 602,441, выход 20,000 KZT; выход 3% входа, отправителей 3."
100000003835149100,peripheral,0.2,22,0.684,"Роль не определена: 1 отправителей, 2 получателей; вход 248,500, выход 4,600,440 KZT."
100000003838587100,peripheral,0.2,41,0.28,"Роль не определена: 1 отправителей, 0 получателей; вход 6,000, выход 0 KZT. Обрыв на depth=4: 0 исходящих — эффект границы выгрузки."
100000003843844100,peripheral,0.6,13,0.581,"Роль не определена: 1 отправителей, 1 получателей; вход 16,680, выход 238,000 KZT."
100000003854444100,distributor,0.968,44,0.729,"Признаки распределения: 14 получателей, 1 отправителей; вход 210,000, выход 2,322,909 KZT."
100000003865939100,peripheral,0.6,66,0.553,"Роль не определена: 1 отправителей, 0 получателей; вход 81,465, выход 0 KZT."
100000003873332100,distributor,0.558,44,0.62,"Признаки распределения: 4 получателей, 1 отправителей; вход 23,468, выход 286,000 KZT."
100000003877908100,peripheral,0.6,3,0.533,"Роль не определена: 1 отправителей, 0 получателей; вход 40,000, выход 0 KZT."
100000003880331100,distributor,0.991,9,0.771,"Признаки распределения: 16 получателей, 1 отправителей; вход 100,000, выход 3,904,908 KZT."
100000003886323100,terminal,0.615,17,0.557,"Возможный конечный получатель: вход 78,168, выход 7,650 KZT; выход 10% входа, отправителей 2."
100000003888197100,peripheral,0.6,11,0.554,"Роль не определена: 1 отправителей, 0 получателей; вход 83,167, выход 0 KZT."
100000003888271100,peripheral,0.2,24,0.44,"Роль не определена: 1 отправителей, 2 получателей; вход 12,177, выход 25,590 KZT."
100000003888527100,peripheral,0.6,64,0.525,"Роль не определена: 1 отправителей, 0 получателей; вход 30,000, выход 0 KZT."
100000003896956100,peripheral,0.2,17,0.445,"Роль не определена: 1 отправителей, 1 получателей; вход 10,000, выход 27,000 KZT."
100000003899325100,peripheral,0.6,9,0.54,"Роль не определена: 1 отправителей, 0 получателей; вход 50,120, выход 0 KZT."
100000003899899100,terminal,0.714,17,0.602,"Возможный конечный получатель: вход 218,500, выход 10,000 KZT; выход 5% входа, отправителей 2."
100000003900547100,peripheral,0.6,17,0.519,"Роль не определена: 1 отправителей, 0 получателей; вход 23,700, выход 0 KZT."
100000003904497100,peripheral,0.2,5,0.295,"Роль не определена: 1 отправителей, 0 получателей; вход 10,000, выход 0 KZT. Обрыв на depth=4: 0 исходящих — эффект границы выгрузки."
100000003917461100,peripheral,0.2,8,0.581,"Роль не определена: 1 отправителей, 2 получателей; вход 10,000, выход 140,000 KZT."
100000003920950100,peripheral,0.6,2,0.592,"Роль не определена: 1 отправителей, 0 получателей; вход 323,290, выход 0 KZT."
100000003922499100,peripheral,0.6,8,0.54,"Роль не определена: 1 отправителей, 0 получателей; вход 50,000, выход 0 KZT."
100000003923946100,distributor,0.519,2,0.564,"Признаки распределения: 4 получателей, 1 отправителей; вход 282,000, выход 675,000 KZT."
100000003927792100,peripheral,0.6,4,0.502,"Роль не определена: 1 отправителей, 0 получателей; вход 13,067, выход 0 KZT."
100000003934614100,peripheral,0.2,60,0.4,"Роль не определена: 2 отправителей, 1 получателей; вход 17,000, выход 11,500 KZT."
100000003942602100,peripheral,0.6,23,0.367,"Роль не определена: 1 отправителей, 1 получателей; вход 30,000, выход 30,000 KZT."
100000003943247100,peripheral,0.6,1,0.533,"Роль не определена: 1 отправителей, 0 получателей; вход 40,000, выход 0 KZT."
100000003943483100,peripheral,0.6,8,0.495,"Роль не определена: 1 отправителей, 0 получателей; вход 10,000, выход 0 KZT."
100000003946524100,transit,0.774,3,0.445,"Признаки транзита: вход 133,757 KZT, выход 144,750 KZT (108% входа); 2 отправителей."
100000003950749100,peripheral,0.2,17,0.285,"Роль не определена: 1 отправителей, 0 получателей; вход 7,000, выход 0 KZT. Обрыв на depth=4: 0 исходящих — эффект границы выгрузки."
100000003951827100,peripheral,0.2,1,0.42,"Роль не определена: 1 отправителей, 2 получателей; вход 9,000, выход 17,000 KZT."
100000003962994100,peripheral,0.6,20,0.495,"Роль не определена: 1 отправителей, 0 получателей; вход 10,000, выход 0 KZT."
100000003964910100,peripheral,0.6,29,0.645,"Роль не определена: 2 отправителей, 0 получателей; вход 1,000,000, выход 0 KZT."
100000003968044100,distributor,0.502,9,0.598,"Признаки распределения: 3 получателей, 1 отправителей; вход 40,000, выход 311,000 KZT."
100000003970394100,peripheral,0.6,8,0.554,"Роль не определена: 1 отправителей, 0 получателей; вход 85,000, выход 0 KZT."
100000003971049100,terminal,0.618,1,0.543,"Возможный конечный получатель: вход 55,900, выход 0 KZT; выход 0% входа, отправителей 1."
100000003975102100,peripheral,0.2,17,0.5,"Роль не определена: 1 отправителей, 2 получателей; вход 25,650, выход 88,500 KZT. Seed: входящие неполны; баланс не используется."
100000003977183100,distributor,0.333,2,0.588,"Признаки распределения: 4 получателей, 2 отправителей; вход 123,800, выход 766,000 KZT. Seed: входящие неполны; баланс не используется."
100000003980083100,peripheral,0.6,59,0.525,"Роль не определена: 1 отправителей, 0 получателей; вход 30,000, выход 0 KZT."
100000003985389100,peripheral,0.2,9,0.399,"Роль не определена: 1 отправителей, 0 получателей; вход 422,698, выход 0 KZT. Обрыв на depth=4: 0 исходящих — эффект границы выгрузки."
100000003986141100,peripheral,0.6,29,0.477,"Роль не определена: 1 отправителей, 0 получателей; вход 5,286, выход 0 KZT."
100000003988112100,peripheral,0.2,48,0.429,"Роль не определена: 1 отправителей, 1 получателей; вход 92,000, выход 64,000 KZT."
100000003989033100,peripheral,0.2,19,0.396,"Роль не определена: 1 отправителей, 0 получателей; вход 373,400, выход 0 KZT. Обрыв на depth=4: 0 исходящих — эффект границы выгрузки."
100000003996562100,peripheral,0.6,1,0.487,"Роль не определена: 1 отправителей, 0 получателей; вход 7,700, выход 0 KZT."
100000004004621100,terminal,0.708,13,0.589,"Возможный конечный получатель: вход 75,389, выход 0 KZT; выход 0% входа, отправителей 3."
100000004005964100,consolidator,0.247,35,0.472,"Признаки консолидации: 3 отправителей, 3 получателей; вход 97,900, выход 72,000 KZT."
100000004006327100,peripheral,0.2,43,0.39,"Роль не определена: 1 отправителей, 0 получателей; вход 300,000, выход 0 KZT. Обрыв на depth=4: 0 исходящих — эффект границы выгрузки."
100000004007116100,peripheral,0.2,35,0.596,"Роль не определена: 3 отправителей, 4 получателей; вход 764,704, выход 148,000 KZT. Seed: входящие неполны; баланс не используется."
100000004007197100,peripheral,0.6,35,0.495,"Роль не определена: 1 отправителей, 0 получателей; вход 10,048, выход 0 KZT."
100000004013952100,peripheral,0.2,1,0.278,"Роль не определена: 1 отправителей, 0 получателей; вход 5,500, выход 0 KZT. Обрыв на depth=4: 0 исходящих — эффект границы выгрузки."
100000004015047100,terminal,0.959,2,0.687,"Возможный конечный получатель: вход 919,104, выход 69,195 KZT; выход 8% входа, отправителей 9."
100000004017410100,distributor,0.724,60,0.659,"Признаки распределения: 5 получателей, 2 отправителей; вход 193,650, выход 1,330,915 KZT."
100000004019056100,peripheral,0.2,13,0.34,"Роль не определена: 1 отправителей, 0 получателей; вход 50,000, выход 0 KZT. Обрыв на depth=4: 0 исходящих — эффект границы выгрузки."
100000004019124100,consolidator,0.174,17,0.515,"Признаки консолидации: 3 отправителей, 0 получателей; вход 193,000, выход 0 KZT. Seed: входящие неполны; баланс не используется."
100000004021459100,peripheral,0.6,67,0.1,"Роль не определена: 0 отправителей, 0 получателей; вход 0, выход 0 KZT. Seed: входящие неполны; баланс не используется."
100000004030553100,peripheral,0.2,9,0.349,"Роль не определена: 1 отправителей, 0 получателей; вход 70,000, выход 0 KZT. Обрыв на depth=4: 0 исходящих — эффект границы выгрузки."
100000004035925100,peripheral,0.2,68,0.426,"Роль не определена: 1 отправителей, 0 получателей; вход 1,111,588, выход 0 KZT. Обрыв на depth=4: 0 исходящих — эффект границы выгрузки."
100000004041163100,peripheral,0.2,48,0.558,"Роль не определена: 1 отправителей, 2 получателей; вход 50,000, выход 866,000 KZT. Seed: входящие неполны; баланс не используется."
100000004041294100,peripheral,0.2,14,0.311,"Роль не определена: 1 отправителей, 0 получателей; вход 17,800, выход 0 KZT. Обрыв на depth=4: 0 исходящих — эффект границы выгрузки."
100000004047887100,peripheral,0.2,31,0.325,"Роль не определена: 1 отправителей, 0 получателей; вход 30,000, выход 0 KZT. Обрыв на depth=4: 0 исходящих — эффект границы выгрузки."
100000004049912100,peripheral,0.2,44,0.295,"Роль не определена: 1 отправителей, 0 получателей; вход 10,000, выход 0 KZT. Обрыв на depth=4: 0 исходящих — эффект границы выгрузки."
100000004058740100,peripheral,0.6,23,0.525,"Роль не определена: 1 отправителей, 0 получателей; вход 30,000, выход 0 KZT."
100000004064431100,peripheral,0.6,35,0.441,"Роль не определена: 1 отправителей, 1 получателей; вход 26,000, выход 10,000 KZT."
100000004066370100,peripheral,0.2,27,0.347,"Роль не определена: 1 отправителей, 0 получателей; вход 65,000, выход 0 KZT. Обрыв на depth=4: 0 исходящих — эффект границы выгрузки."
100000004066647100,peripheral,0.6,44,0.54,"Роль не определена: 1 отправителей, 0 получателей; вход 51,000, выход 0 KZT."
100000004070318100,distributor,0.779,1,0.641,"Признаки распределения: 19 получателей, 4 отправителей; вход 207,247, выход 551,860 KZT."
100000004070530100,peripheral,0.2,31,0.314,"Роль не определена: 1 отправителей, 0 получателей; вход 20,000, выход 0 KZT. Обрыв на depth=4: 0 исходящих — эффект границы выгрузки."
100000004071070100,terminal,0.57,1,0.524,"Возможный конечный получатель: вход 41,000, выход 6,000 KZT; выход 15% входа, отправителей 2."
100000004071080100,terminal,0.762,1,0.62,"Возможный конечный получатель: вход 238,600, выход 46,500 KZT; выход 19% входа, отправителей 9."
100000004071444100,peripheral,0.6,1,0.501,"Роль не определена: 1 отправителей, 1 получателей; вход 247,350, выход 100,000 KZT."
100000004076740100,distributor,0.384,60,0.497,"Признаки распределения: 6 получателей, 3 отправителей; вход 93,250, выход 125,000 KZT."
100000004077081100,distributor,0.573,3,0.601,"Признаки распределения: 4 получателей, 1 отправителей; вход 140,000, выход 615,000 KZT."
100000004094958100,peripheral,0.6,69,0.377,"Роль не определена: 1 отправителей, 1 получателей; вход 39,000, выход 40,000 KZT."
100000004096559100,peripheral,0.6,2,0.537,"Роль не определена: 1 отправителей, 0 получателей; вход 46,200, выход 0 KZT."
100000004097972100,terminal,0.603,1,0.573,"Возможный конечный получатель: вход 118,878, выход 10,000 KZT; выход 8% входа, отправителей 1."
100000004099450100,peripheral,0.6,1,0.526,"Роль не определена: 1 отправителей, 0 получателей; вход 31,000, выход 0 KZT."
100000004105288100,peripheral,0.6,3,0.602,"Роль не определена: 2 отправителей, 0 получателей; вход 215,000, выход 0 KZT."
100000004107228100,peripheral,0.2,3,0.275,"Роль не определена: 1 отправителей, 0 получателей; вход 5,000, выход 0 KZT. Обрыв на depth=4: 0 исходящих — эффект границы выгрузки."
100000004114962100,peripheral,0.6,11,0.595,"Роль не определена: 2 отправителей, 0 получателей; вход 165,000, выход 0 KZT."
100000004130144100,peripheral,0.6,2,0.578,"Роль не определена: 1 отправителей, 0 получателей; вход 200,000, выход 0 KZT."
100000004134060100,peripheral,0.6,36,0.555,"Роль не определена: 1 отправителей, 0 получателей; вход 88,179, выход 0 KZT."
100000004135268100,transit,0.884,56,0.527,"Признаки транзита: вход 1,239,000 KZT, выход 1,000,200 KZT (81% входа); 2 отправителей."
100000004140487100,distributor,0.82,3,0.651,"Признаки распределения: 10 получателей, 1 отправителей; вход 24,510, выход 262,600 KZT."
100000004140994100,peripheral,0.6,23,0.512,"Роль не определена: 1 отправителей, 0 получателей; вход 18,650, выход 0 KZT."
100000004144536100,terminal,0.794,35,0.623,"Возможный конечный получатель: вход 168,000, выход 0 KZT; выход 0% входа, отправителей 4."
100000004150593100,distributor,0.951,17,0.698,"Признаки распределения: 11 получателей, 1 отправителей; вход 57,000, выход 871,165 KZT."
100000004156082100,distributor,0.943,4,0.745,"Признаки распределения: 26 получателей, 5 отправителей; вход 377,366, выход 2,319,556 KZT."
100000004158362100,peripheral,0.6,1,0.5,"Роль не определена: 1 отправителей, 0 получателей; вход 12,000, выход 0 KZT."
100000004159526100,consolidator,0.498,41,0.596,"Признаки консолидации: 4 отправителей, 4 получателей; вход 275,037, выход 68,000 KZT."
100000004160650100,distributor,0.982,35,0.718,"Признаки распределения: 10 получателей, 2 отправителей; вход 75,100, выход 1,489,827 KZT."
100000004167082100,peripheral,0.2,13,0.303,"Роль не определена: 1 отправителей, 0 получателей; вход 13,300, выход 0 KZT. Обрыв на depth=4: 0 исходящих — эффект границы выгрузки."
100000004174835100,peripheral,0.6,70,0.1,"Роль не определена: 0 отправителей, 0 получателей; вход 0, выход 0 KZT. Seed: входящие неполны; баланс не используется."
100000004177936100,peripheral,0.2,9,0.295,"Роль не определена: 1 отправителей, 0 получателей; вход 10,000, выход 0 KZT. Обрыв на depth=4: 0 исходящих — эффект границы выгрузки."
100000004180097100,consolidator,0.346,1,0.513,"Признаки консолидации: 3 отправителей, 3 получателей; вход 104,854, выход 47,800 KZT."
100000004183610100,peripheral,0.2,13,0.634,"Роль не определена: 1 отправителей, 1 получателей; вход 22,000, выход 915,000 KZT."
100000004184158100,peripheral,0.6,1,0.579,"Роль не определена: 1 отправителей, 0 получателей; вход 203,805, выход 0 KZT."
100000004185681100,peripheral,0.6,3,0.495,"Роль не определена: 1 отправителей, 0 получателей; вход 10,000, выход 0 KZT."
100000004186824100,terminal,0.847,17,0.633,"Возможный конечный получатель: вход 451,700, выход 7,000 KZT; выход 2% входа, отправителей 2."
100000004188160100,distributor,0.372,17,0.498,"Признаки распределения: 5 получателей, 2 отправителей; вход 87,862, выход 133,846 KZT."
100000004192107100,peripheral,0.6,3,0.52,"Роль не определена: 1 отправителей, 0 получателей; вход 25,000, выход 0 KZT."
100000004192865100,peripheral,0.6,28,0.548,"Роль не определена: 1 отправителей, 0 получателей; вход 66,666, выход 0 KZT."
100000004193835100,peripheral,0.6,17,0.463,"Роль не определена: 1 отправителей, 1 получателей; вход 47,000, выход 5,000 KZT. Seed: входящие неполны; баланс не используется."
100000004200745100,peripheral,0.2,8,0.366,"Роль не определена: 1 отправителей, 0 получателей; вход 130,000, выход 0 KZT. Обрыв на depth=4: 0 исходящих — эффект границы выгрузки."
100000004206046100,peripheral,0.6,17,0.498,"Роль не определена: 1 отправителей, 0 получателей; вход 11,075, выход 0 KZT."
100000004209339100,peripheral,0.2,12,0.487,"Роль не определена: 1 отправителей, 2 получателей; вход 138,500, выход 238,500 KZT."
100000004213658100,peripheral,0.6,23,0.521,"Роль не определена: 1 отправителей, 0 получателей; вход 25,347, выход 0 KZT."
100000004217419100,terminal,0.653,9,0.578,"Возможный конечный получатель: вход 118,200, выход 7,700 KZT; выход 7% входа, отправителей 2."
100000004218576100,peripheral,0.6,23,0.522,"Роль не определена: 1 отправителей, 0 получателей; вход 26,144, выход 0 KZT."
100000004221668100,consolidator,0.503,47,0.558,"Признаки консолидации: 4 отправителей, 3 получателей; вход 1,128,300, выход 731,440 KZT."
100000004222274100,peripheral,0.2,1,0.307,"Роль не определена: 1 отправителей, 0 получателей; вход 15,500, выход 0 KZT. Обрыв на depth=4: 0 исходящих — эффект границы выгрузки."
100000004225615100,peripheral,0.6,5,0.556,"Роль не определена: 1 отправителей, 0 получателей; вход 90,000, выход 0 KZT."
100000004226848100,peripheral,0.6,3,0.59,"Роль не определена: 1 отправителей, 0 получателей; вход 301,866, выход 0 KZT."
100000004232712100,peripheral,0.2,11,0.301,"Роль не определена: 1 отправителей, 0 получателей; вход 12,500, выход 0 KZT. Обрыв на depth=4: 0 исходящих — эффект границы выгрузки."
100000004235471100,peripheral,0.2,11,0.375,"Роль не определена: 1 отправителей, 0 получателей; вход 180,000, выход 0 KZT. Обрыв на depth=4: 0 исходящих — эффект границы выгрузки."
100000004241142100,peripheral,0.2,1,0.323,"Роль не определена: 1 отправителей, 0 получателей; вход 27,102, выход 0 KZT. Обрыв на depth=4: 0 исходящих — эффект границы выгрузки."
100000004254434100,peripheral,0.6,23,0.536,"Роль не определена: 1 отправителей, 0 получателей; вход 44,445, выход 0 KZT."
100000004257714100,peripheral,0.6,23,0.541,"Роль не определена: 1 отправителей, 0 получателей; вход 52,220, выход 0 KZT."
100000004260869100,peripheral,0.2,17,0.295,"Роль не определена: 1 отправителей, 0 получателей; вход 10,000, выход 0 KZT. Обрыв на depth=4: 0 исходящих — эффект границы выгрузки."
100000004261340100,peripheral,0.2,1,0.339,"Роль не определена: 1 отправителей, 0 получателей; вход 48,500, выход 0 KZT. Обрыв на depth=4: 0 исходящих — эффект границы выгрузки."
100000004263867100,peripheral,0.2,19,0.292,"Роль не определена: 1 отправителей, 0 получателей; вход 9,000, выход 0 KZT. Обрыв на depth=4: 0 исходящих — эффект границы выгрузки."
100000004265639100,peripheral,0.2,9,0.295,"Роль не определена: 1 отправителей, 0 получателей; вход 10,000, выход 0 KZT. Обрыв на depth=4: 0 исходящих — эффект границы выгрузки."
100000004268036100,peripheral,0.2,19,0.278,"Роль не определена: 1 отправителей, 0 получателей; вход 5,500, выход 0 KZT. Обрыв на depth=4: 0 исходящих — эффект границы выгрузки."
100000004269433100,peripheral,0.2,71,0.532,"Роль не определена: 0 отправителей, 1 получателей; вход 0, выход 1,372,000 KZT. Seed: входящие неполны; баланс не используется."
100000004272302100,peripheral,0.2,55,0.295,"Роль не определена: 1 отправителей, 0 получателей; вход 10,000, выход 0 KZT. Обрыв на depth=4: 0 исходящих — эффект границы выгрузки."
100000004278574100,peripheral,0.6,11,0.42,"Роль не определена: 1 отправителей, 1 получателей; вход 25,000, выход 12,500 KZT."
100000004285800100,peripheral,0.6,1,0.436,"Роль не определена: 1 отправителей, 1 получателей; вход 5,000, выход 15,000 KZT."
100000004286573100,peripheral,0.6,8,0.509,"Роль не определена: 1 отправителей, 0 получателей; вход 16,590, выход 0 KZT."
100000004291560100,peripheral,0.6,1,0.538,"Роль не определена: 1 отправителей, 0 получателей; вход 47,190, выход 0 KZT."
100000004291663100,peripheral,0.2,1,0.32,"Роль не определена: 1 отправителей, 0 получателей; вход 25,000, выход 0 KZT. Обрыв на depth=4: 0 исходящих — эффект границы выгрузки."
100000004292885100,peripheral,0.6,23,0.562,"Роль не определена: 1 отправителей, 0 получателей; вход 112,700, выход 0 KZT."
100000004299488100,terminal,0.892,1,0.659,"Возможный конечный получатель: вход 1,749,000, выход 344,999 KZT; выход 20% входа, отправителей 6."
100000004315838100,peripheral,0.2,3,0.48,"Роль не определена: 2 отправителей, 1 получателей; вход 50,000, выход 18,000 KZT."
100000004318918100,peripheral,0.6,12,0.551,"Роль не определена: 1 отправителей, 0 получателей; вход 75,600, выход 0 KZT."
100000004321983100,peripheral,0.2,47,0.483,"Роль не определена: 1 отправителей, 2 получателей; вход 10,840, выход 36,200 KZT."
100000004325327100,transit,0.678,1,0.407,"Признаки транзита: вход 70,817 KZT, выход 70,000 KZT (99% входа); 2 отправителей."
100000004326224100,peripheral,0.2,11,0.345,"Роль не определена: 1 отправителей, 0 получателей; вход 60,000, выход 0 KZT. Обрыв на depth=4: 0 исходящих — эффект границы выгрузки."
100000004330371100,peripheral,0.2,17,0.542,"Роль не определена: 2 отправителей, 2 получателей; вход 264,171, выход 90,681 KZT."
100000004331458100,peripheral,0.6,69,0.607,"Роль не определена: 2 отправителей, 0 получателей; вход 250,000, выход 0 KZT."
100000004336228100,peripheral,0.6,9,0.54,"Роль не определена: 1 отправителей, 0 получателей; вход 51,407, выход 0 KZT."
100000004336312100,consolidator,0.222,60,0.454,"Признаки консолидации: 3 отправителей, 2 получателей; вход 90,415, выход 72,650 KZT."
100000004340038100,peripheral,0.6,13,0.499,"Роль не определена: 1 отправителей, 1 получателей; вход 9,978, выход 49,000 KZT."
100000004350094100,peripheral,0.2,44,0.314,"Роль не определена: 1 отправителей, 0 получателей; вход 20,000, выход 0 KZT. Обрыв на depth=4: 0 исходящих — эффект границы выгрузки."
100000004351795100,distributor,0.976,1,0.733,"Признаки распределения: 14 получателей, 3 отправителей; вход 118,333, выход 1,715,161 KZT."
100000004356593100,peripheral,0.6,3,0.5,"Роль не определена: 1 отправителей, 1 получателей; вход 50,000, выход 10,000 KZT."
100000004358004100,distributor,0.646,3,0.62,"Признаки распределения: 11 получателей, 0 отправителей; вход 0, выход 980,850 KZT. Seed: входящие неполны; баланс не используется."
100000004360785100,peripheral,0.6,17,0.557,"Роль не определена: 1 отправителей, 0 получателей; вход 94,705, выход 0 KZT."
100000004368189100,terminal,0.742,25,0.609,"Возможный конечный получатель: вход 384,600, выход 28,200 KZT; выход 7% входа, отправителей 1."
100000004377043100,peripheral,0.2,16,0.279,"Роль не определена: 1 отправителей, 0 получателей; вход 5,700, выход 0 KZT. Обрыв на depth=4: 0 исходящих — эффект границы выгрузки."
100000004379306100,peripheral,0.2,9,0.306,"Роль не определена: 1 отправителей, 0 получателей; вход 15,000, выход 0 KZT. Обрыв на depth=4: 0 исходящих — эффект границы выгрузки."
100000004386258100,consolidator,0.27,8,0.47,"Признаки консолидации: 3 отправителей, 3 получателей; вход 61,700, выход 40,000 KZT."
100000004386286100,peripheral,0.2,8,0.301,"Роль не определена: 1 отправителей, 0 получателей; вход 12,500, выход 0 KZT. Обрыв на depth=4: 0 исходящих — эффект границы выгрузки."
100000004386331100,transit,0.684,8,0.382,"Признаки транзита: вход 20,000 KZT, выход 17,500 KZT (88% входа); 1 отправителей."
100000004388209100,peripheral,0.6,23,0.499,"Роль не определена: 1 отправителей, 0 получателей; вход 11,800, выход 0 KZT."
100000004388353100,peripheral,0.6,12,0.568,"Роль не определена: 2 отправителей, 0 получателей; вход 62,960, выход 0 KZT."
100000004388983100,peripheral,0.2,72,0.523,"Роль не определена: 0 отправителей, 2 получателей; вход 0, выход 450,816 KZT. Seed: входящие неполны; баланс не используется."
100000004390333100,distributor,0.812,1,0.659,"Признаки распределения: 9 получателей, 2 отправителей; вход 64,558, выход 506,500 KZT."
100000004394765100,terminal,0.845,17,0.624,"Возможный конечный получатель: вход 603,844, выход 82,500 KZT; выход 14% входа, отправителей 3."
100000004398811100,distributor,0.542,3,0.567,"Признаки распределения: 3 получателей, 1 отправителей; вход 426,000, выход 1,040,672 KZT."
100000004399686100,peripheral,0.6,22,0.617,"Роль не определена: 1 отправителей, 0 получателей; вход 806,000, выход 0 KZT."
100000004400305100,distributor,0.987,1,0.865,"Признаки распределения: 82 получателей, 7 отправителей; вход 222,800, выход 5,830,181 KZT."
100000004400361100,peripheral,0.6,17,0.495,"Роль не определена: 1 отправителей, 0 получателей; вход 10,000, выход 0 KZT."
100000004400480100,peripheral,0.2,25,0.316,"Роль не определена: 1 отправителей, 0 получателей; вход 21,700, выход 0 KZT. Обрыв на depth=4: 0 исходящих — эффект границы выгрузки."
100000004403548100,peripheral,0.2,9,0.275,"Роль не определена: 1 отправителей, 0 получателей; вход 5,000, выход 0 KZT. Обрыв на depth=4: 0 исходящих — эффект границы выгрузки."
100000004403641100,peripheral,0.2,25,0.374,"Роль не определена: 1 отправителей, 0 получателей; вход 171,500, выход 0 KZT. Обрыв на depth=4: 0 исходящих — эффект границы выгрузки."
100000004403675100,distributor,0.386,48,0.525,"Признаки распределения: 5 получателей, 4 отправителей; вход 182,980, выход 264,699 KZT."
100000004407753100,peripheral,0.2,16,0.502,"Роль не определена: 1 отправителей, 1 получателей; вход 250,000, выход 100,000 KZT."
100000004408683100,terminal,0.686,17,0.584,"Возможный конечный получатель: вход 112,920, выход 0 KZT; выход 0% входа, отправителей 2."
100000004410489100,peripheral,0.6,3,0.542,"Роль не определена: 1 отправителей, 0 получателей; вход 54,000, выход 0 KZT."
100000004417753100,peripheral,0.6,3,0.599,"Роль не определена: 2 отправителей, 0 получателей; вход 192,099, выход 0 KZT."
100000004418967100,peripheral,0.2,43,0.359,"Роль не определена: 1 отправителей, 0 получателей; вход 100,000, выход 0 KZT. Обрыв на depth=4: 0 исходящих — эффект границы выгрузки."
100000004420041100,distributor,0.758,8,0.657,"Признаки распределения: 7 получателей, 1 отправителей; вход 69,638, выход 651,830 KZT."
100000004424023100,peripheral,0.6,2,0.459,"Роль не определена: 1 отправителей, 1 получателей; вход 50,000, выход 100,000 KZT."
100000004433250100,peripheral,0.2,1,0.288,"Роль не определена: 1 отправителей, 0 получателей; вход 8,000, выход 0 KZT. Обрыв на depth=4: 0 исходящих — эффект границы выгрузки."
100000004435304100,peripheral,0.6,23,0.522,"Роль не определена: 1 отправителей, 0 получателей; вход 26,200, выход 0 KZT."
100000004441291100,peripheral,0.6,3,0.514,"Роль не определена: 1 отправителей, 0 получателей; вход 20,000, выход 0 KZT."
100000004445291100,peripheral,0.6,14,0.513,"Роль не определена: 1 отправителей, 0 получателей; вход 19,500, выход 0 KZT."
100000004449824100,peripheral,0.2,19,0.292,"Роль не определена: 1 отправителей, 0 получателей; вход 9,000, выход 0 KZT. Обрыв на depth=4: 0 исходящих — эффект границы выгрузки."
100000004450649100,peripheral,0.2,11,0.555,"Роль не определена: 2 отправителей, 2 получателей; вход 192,528, выход 46,527 KZT."
100000004451012100,peripheral,0.2,44,0.454,"Роль не определена: 1 отправителей, 3 получателей; вход 91,245, выход 65,740 KZT."
100000004456564100,peripheral,0.6,41,0.495,"Роль не определена: 1 отправителей, 0 получателей; вход 10,000, выход 0 KZT."
100000004463277100,peripheral,0.6,28,0.53,"Роль не определена: 1 отправителей, 0 получателей; вход 35,000, выход 0 KZT."
100000004467157100,peripheral,0.2,60,0.441,"Роль не определена: 1 отправителей, 1 получателей; вход 20,000, выход 7,000 KZT."
100000004472936100,peripheral,0.2,13,0.275,"Роль не определена: 1 отправителей, 0 получателей; вход 5,000, выход 0 KZT. Обрыв на depth=4: 0 исходящих — эффект границы выгрузки."
100000004475818100,distributor,0.412,11,0.52,"Признаки распределения: 3 получателей, 1 отправителей; вход 13,000, выход 53,989 KZT."
100000004479404100,peripheral,0.2,50,0.61,"Роль не определена: 2 отправителей, 1 получателей; вход 1,492,000, выход 300,000 KZT."
100000004480280100,peripheral,0.2,3,0.505,"Роль не определена: 1 отправителей, 2 получателей; вход 146,694, выход 295,850 KZT."
100000004486525100,consolidator,0.519,1,0.531,"Признаки консолидации: 8 отправителей, 2 получателей; вход 360,924, выход 271,045 KZT."
100000004488265100,peripheral,0.6,9,0.533,"Роль не определена: 1 отправителей, 0 получателей; вход 38,740, выход 0 KZT."
100000004491749100,peripheral,0.6,2,0.54,"Роль не определена: 1 отправителей, 0 получателей; вход 50,000, выход 0 KZT."
100000004491881100,peripheral,0.6,23,0.51,"Роль не определена: 1 отправителей, 0 получателей; вход 17,144, выход 0 KZT."
100000004493586100,peripheral,0.6,1,0.487,"Роль не определена: 1 отправителей, 0 получателей; вход 7,500, выход 0 KZT."
100000004494983100,peripheral,0.6,23,0.53,"Роль не определена: 1 отправителей, 0 получателей; вход 35,000, выход 0 KZT."
100000004497606100,peripheral,0.6,23,0.507,"Роль не определена: 1 отправителей, 0 получателей; вход 15,534, выход 0 KZT."
100000004500444100,peripheral,0.2,41,0.506,"Роль не определена: 2 отправителей, 1 получателей; вход 180,000, выход 74,000 KZT."
100000004500781100,peripheral,0.2,41,0.351,"Роль не определена: 1 отправителей, 0 получателей; вход 74,000, выход 0 KZT. Обрыв на depth=4: 0 исходящих — эффект границы выгрузки."
100000004502048100,peripheral,0.2,44,0.304,"Роль не определена: 1 отправителей, 0 получателей; вход 13,888, выход 0 KZT. Обрыв на depth=4: 0 исходящих — эффект границы выгрузки."
100000004508696100,distributor,0.485,20,0.59,"Признаки распределения: 3 получателей, 1 отправителей; вход 7,000, выход 111,000 KZT."
100000004509286100,peripheral,0.6,3,0.533,"Роль не определена: 1 отправителей, 0 получателей; вход 40,000, выход 0 KZT."
100000004526651100,peripheral,0.2,5,0.328,"Роль не определена: 1 отправителей, 0 получателей; вход 33,000, выход 0 KZT. Обрыв на depth=4: 0 исходящих — эффект границы выгрузки."
100000004527381100,peripheral,0.6,4,0.498,"Роль не определена: 1 отправителей, 1 получателей; вход 119,333, выход 273,866 KZT."
100000004539443100,peripheral,0.6,3,0.568,"Роль не определена: 2 отправителей, 0 получателей; вход 61,990, выход 0 KZT."
100000004544958100,terminal,0.598,12,0.566,"Возможный конечный получатель: вход 168,000, выход 23,200 KZT; выход 14% входа, отправителей 1."
100000004549591100,peripheral,0.2,20,0.339,"Роль не определена: 1 отправителей, 0 получателей; вход 49,000, выход 0 KZT. Обрыв на depth=4: 0 исходящих — эффект границы выгрузки."
100000004552204100,peripheral,0.2,42,0.442,"Роль не определена: 1 отправителей, 2 получателей; вход 22,500, выход 10,000 KZT."
100000004553349100,peripheral,0.6,11,0.488,"Роль не определена: 1 отправителей, 0 получателей; вход 7,755, выход 0 KZT."
100000004559194100,terminal,0.731,17,0.588,"Возможный конечный получатель: вход 282,145, выход 0 KZT; выход 0% входа, отправителей 1."
100000004564736100,peripheral,0.6,30,0.506,"Роль не определена: 1 отправителей, 0 получателей; вход 15,000, выход 0 KZT."
100000004569484100,distributor,0.341,19,0.498,"Признаки распределения: 4 получателей, 2 отправителей; вход 98,312, выход 156,000 KZT."
100000004569637100,peripheral,0.2,9,0.278,"Роль не определена: 1 отправителей, 0 получателей; вход 5,500, выход 0 KZT. Обрыв на depth=4: 0 исходящих — эффект границы выгрузки."
100000004571634100,peripheral,0.2,12,0.314,"Роль не определена: 1 отправителей, 0 получателей; вход 20,000, выход 0 KZT. Обрыв на depth=4: 0 исходящих — эффект границы выгрузки."
100000004573782100,peripheral,0.6,2,0.506,"Роль не определена: 1 отправителей, 0 получателей; вход 15,000, выход 0 KZT."
100000004580202100,distributor,0.424,30,0.525,"Признаки распределения: 3 получателей, 1 отправителей; вход 9,000, выход 45,000 KZT."
100000004580254100,peripheral,0.6,29,0.545,"Роль не определена: 2 отправителей, 0 получателей; вход 27,940, выход 0 KZT."
100000004584730100,peripheral,0.2,50,0.338,"Роль не определена: 1 отправителей, 0 получателей; вход 47,000, выход 0 KZT. Обрыв на depth=4: 0 исходящих — эффект границы выгрузки."
100000004586598100,peripheral,0.2,26,0.416,"Роль не определена: 1 отправителей, 0 получателей; вход 761,255, выход 0 KZT. Обрыв на depth=4: 0 исходящих — эффект границы выгрузки."
100000004587414100,peripheral,0.6,11,0.628,"Роль не определена: 2 отправителей, 0 получателей; вход 533,603, выход 0 KZT."
100000004588479100,peripheral,0.6,17,0.575,"Роль не определена: 1 отправителей, 0 получателей; вход 177,633, выход 0 KZT."
100000004591973100,peripheral,0.6,8,0.547,"Роль не определена: 1 отправителей, 1 получателей; вход 10,000, выход 100,000 KZT."
100000004592467100,peripheral,0.6,3,0.485,"Роль не определена: 1 отправителей, 0 получателей; вход 7,000, выход 0 KZT."
100000004596284100,peripheral,0.2,17,0.325,"Роль не определена: 1 отправителей, 0 получателей; вход 30,000, выход 0 KZT. Обрыв на depth=4: 0 исходящих — эффект границы выгрузки."
100000004601193100,peripheral,0.2,12,0.354,"Роль не определена: 1 отправителей, 0 получателей; вход 84,000, выход 0 KZT. Обрыв на depth=4: 0 исходящих — эффект границы выгрузки."
100000004603109100,terminal,0.839,22,0.664,"Возможный конечный получатель: вход 2,730,000, выход 400,000 KZT; выход 15% входа, отправителей 3."
100000004610802100,peripheral,0.2,54,0.384,"Роль не определена: 1 отправителей, 0 получателей; вход 241,000, выход 0 KZT. Обрыв на depth=4: 0 исходящих — эффект границы выгрузки."
100000004611571100,peripheral,0.6,1,0.517,"Роль не определена: 1 отправителей, 0 получателей; вход 22,550, выход 0 KZT."
100000004613582100,peripheral,0.6,2,0.389,"Роль не определена: 1 отправителей, 1 получателей; вход 5,000, выход 9,500 KZT."
100000004616845100,peripheral,0.2,45,0.314,"Роль не определена: 1 отправителей, 0 получателей; вход 20,200, выход 0 KZT. Обрыв на depth=4: 0 исходящих — эффект границы выгрузки."
100000004622227100,transit,0.618,1,0.413,"Признаки транзита: вход 24,931 KZT, выход 19,000 KZT (76% входа); 1 отправителей."
100000004629688100,peripheral,0.2,4,0.436,"Роль не определена: 1 отправителей, 1 получателей; вход 5,000, выход 15,000 KZT."
100000004634420100,peripheral,0.6,23,0.522,"Роль не определена: 1 отправителей, 0 получателей; вход 26,150, выход 0 KZT."
100000004635886100,peripheral,0.6,17,0.518,"Роль не определена: 1 отправителей, 0 получателей; вход 23,000, выход 0 KZT."
100000004644615100,peripheral,0.2,19,0.59,"Роль не определена: 1 отправителей, 2 получателей; вход 50,810, выход 379,665 KZT."
100000004652395100,peripheral,0.2,1,0.397,"Роль не определена: 3 отправителей, 0 получателей; вход 101,528, выход 0 KZT. Обрыв на depth=4: 0 исходящих — эффект границы выгрузки."
100000004655046100,peripheral,0.2,19,0.319,"Роль не определена: 1 отправителей, 0 получателей; вход 24,000, выход 0 KZT. Обрыв на depth=4: 0 исходящих — эффект границы выгрузки."
100000004657034100,peripheral,0.6,11,0.569,"Роль не определена: 1 отправителей, 0 получателей; вход 141,250, выход 0 KZT."
100000004659919100,peripheral,0.2,46,0.487,"Роль не определена: 1 отправителей, 1 получателей; вход 110,000, выход 39,000 KZT."
100000004662806100,peripheral,0.2,8,0.479,"Роль не определена: 2 отправителей, 2 получателей; вход 106,585, выход 59,900 KZT."
100000004664515100,peripheral,0.6,1,0.532,"Роль не определена: 1 отправителей, 0 получателей; вход 37,691, выход 0 KZT."
100000004664905100,terminal,0.795,17,0.614,"Возможный конечный получатель: вход 329,020, выход 0 KZT; выход 0% входа, отправителей 2."
100000004666651100,peripheral,0.6,73,0.6,"Роль не определена: 1 отправителей, 0 получателей; вход 429,250, выход 0 KZT."
100000004670388100,peripheral,0.2,7,0.584,"Роль не определена: 1 отправителей, 2 получателей; вход 160,354, выход 720,000 KZT."
100000004671609100,peripheral,0.6,25,0.559,"Роль не определена: 1 отправителей, 0 получателей; вход 100,000, выход 0 KZT."
100000004673335100,peripheral,0.2,34,0.353,"Роль не определена: 1 отправителей, 0 получателей; вход 80,000, выход 0 KZT. Обрыв на depth=4: 0 исходящих — эффект границы выгрузки."
100000004674178100,peripheral,0.2,14,0.314,"Роль не определена: 1 отправителей, 0 получателей; вход 20,000, выход 0 KZT. Обрыв на depth=4: 0 исходящих — эффект границы выгрузки."
100000004674389100,peripheral,0.2,12,0.306,"Роль не определена: 1 отправителей, 0 получателей; вход 15,000, выход 0 KZT. Обрыв на depth=4: 0 исходящих — эффект границы выгрузки."
100000004674412100,peripheral,0.2,12,0.337,"Роль не определена: 1 отправителей, 0 получателей; вход 46,000, выход 0 KZT. Обрыв на depth=4: 0 исходящих — эффект границы выгрузки."
100000004674799100,terminal,0.66,1,0.568,"Возможный конечный получатель: вход 140,000, выход 0 KZT; выход 0% входа, отправителей 1."
100000004676985100,peripheral,0.6,1,0.384,"Роль не определена: 1 отправителей, 1 получателей; вход 32,260, выход 27,102 KZT."
100000004677680100,peripheral,0.2,12,0.511,"Роль не определена: 2 отправителей, 1 получателей; вход 63,000, выход 168,000 KZT."
100000004679953100,terminal,0.787,9,0.628,"Возможный конечный получатель: вход 343,538, выход 34,100 KZT; выход 10% входа, отправителей 3."
100000004687099100,peripheral,0.6,2,0.525,"Роль не определена: 1 отправителей, 0 получателей; вход 30,000, выход 0 KZT."
100000004687282100,peripheral,0.6,17,0.514,"Роль не определена: 1 отправителей, 0 получателей; вход 20,000, выход 0 KZT."
100000004689658100,peripheral,0.6,9,0.618,"Роль не определена: 1 отправителей, 1 получателей; вход 456,100, выход 7,092 KZT."
100000004691350100,peripheral,0.2,7,0.303,"Роль не определена: 1 отправителей, 0 получателей; вход 13,300, выход 0 KZT. Обрыв на depth=4: 0 исходящих — эффект границы выгрузки."
100000004692798100,terminal,0.716,8,0.599,"Возможный конечный получатель: вход 240,305, выход 15,000 KZT; выход 6% входа, отправителей 2."
100000004697956100,peripheral,0.6,2,0.336,"Роль не определена: 1 отправителей, 1 получателей; вход 10,000, выход 10,000 KZT."
100000004698193100,terminal,0.648,2,0.587,"Возможный конечный получатель: вход 222,700, выход 38,000 KZT; выход 17% входа, отправителей 2."
100000004707703100,transit,0.849,17,0.481,"Признаки транзита: вход 239,300 KZT, выход 231,650 KZT (97% входа); 2 отправителей."
100000004713684100,peripheral,0.6,1,0.532,"Роль не определена: 1 отправителей, 0 получателей; вход 37,500, выход 0 KZT."
100000004714705100,peripheral,0.6,48,0.431,"Роль не определена: 0 отправителей, 1 получателей; вход 0, выход 36,550 KZT. Seed: входящие неполны; баланс не используется."
100000004715209100,distributor,0.64,49,0.657,"Признаки распределения: 5 получателей, 1 отправителей; вход 5,000, выход 350,450 KZT."
100000004717647100,distributor,0.728,50,0.67,"Признаки распределения: 5 получателей, 1 отправителей; вход 300,000, выход 2,240,000 KZT."
100000004722630100,peripheral,0.2,7,0.393,"Роль не определена: 1 отправителей, 0 получателей; вход 340,000, выход 0 KZT. Обрыв на depth=4: 0 исходящих — эффект границы выгрузки."
100000004722765100,distributor,0.65,55,0.662,"Признаки распределения: 3 получателей, 1 отправителей; вход 230,000, выход 2,284,500 KZT."
100000004723755100,peripheral,0.2,3,0.458,"Роль не определена: 0 отправителей, 1 получателей; вход 0, выход 95,000 KZT. Seed: входящие неполны; баланс не используется."
100000004726132100,terminal,0.727,1,0.592,"Возможный конечный получатель: вход 349,000, выход 24,000 KZT; выход 7% входа, отправителей 1."
100000004732589100,peripheral,0.6,19,0.582,"Роль не определена: 1 отправителей, 0 получателей; вход 227,520, выход 0 KZT."
100000004737477100,transit,0.662,1,0.414,"Признаки транзита: вход 49,598 KZT, выход 40,500 KZT (82% входа); 2 отправителей."
100000004737764100,peripheral,0.6,3,0.609,"Роль не определена: 1 отправителей, 0 получателей; вход 600,000, выход 0 KZT."
100000004739664100,peripheral,0.6,23,0.357,"Роль не определена: 1 отправителей, 1 получателей; вход 12,000, выход 10,000 KZT."
100000004741837100,peripheral,0.6,17,0.521,"Роль не определена: 1 отправителей, 0 получателей; вход 25,596, выход 0 KZT."
100000004744306100,peripheral,0.2,48,0.438,"Роль не определена: 1 отправителей, 2 получателей; вход 69,000, выход 92,000 KZT."
100000004746397100,peripheral,0.6,11,0.591,"Роль не определена: 1 отправителей, 1 получателей; вход 219,520, выход 7,500 KZT."
100000004747154100,peripheral,0.2,49,0.348,"Роль не определена: 1 отправителей, 0 получателей; вход 67,000, выход 0 KZT. Обрыв на depth=4: 0 исходящих — эффект границы выгрузки."
100000004750321100,peripheral,0.6,19,0.562,"Роль не определена: 2 отправителей, 0 получателей; вход 50,185, выход 0 KZT."
100000004750897100,peripheral,0.6,4,0.495,"Роль не определена: 1 отправителей, 0 получателей; вход 10,000, выход 0 KZT."
100000004756901100,peripheral,0.6,17,0.571,"Роль не определена: 1 отправителей, 0 получателей; вход 153,248, выход 0 KZT."
100000004759121100,consolidator,0.608,1,0.583,"Признаки консолидации: 6 отправителей, 2 получателей; вход 710,000, выход 312,000 KZT."
100000004765639100,peripheral,0.2,1,0.42,"Роль не определена: 1 отправителей, 2 получателей; вход 5,000, выход 11,000 KZT."
100000004770073100,peripheral,0.6,1,0.319,"Роль не определена: 1 отправителей, 1 получателей; вход 5,462, выход 5,467 KZT."
100000004777215100,peripheral,0.2,33,0.345,"Роль не определена: 1 отправителей, 0 получателей; вход 60,000, выход 0 KZT. Обрыв на depth=4: 0 исходящих — эффект границы выгрузки."
100000004779204100,peripheral,0.2,1,0.403,"Роль не определена: 1 отправителей, 1 получателей; вход 30,450, выход 20,000 KZT."
100000004780083100,peripheral,0.2,54,0.295,"Роль не определена: 1 отправителей, 0 получателей; вход 9,999, выход 0 KZT. Обрыв на depth=4: 0 исходящих — эффект границы выгрузки."
100000004780327100,peripheral,0.2,19,0.3,"Роль не определена: 1 отправителей, 0 получателей; вход 12,000, выход 0 KZT. Обрыв на depth=4: 0 исходящих — эффект границы выгрузки."
100000004783447100,peripheral,0.6,23,0.522,"Роль не определена: 1 отправителей, 0 получателей; вход 26,200, выход 0 KZT."
100000004784224100,peripheral,0.2,22,0.511,"Роль не определена: 1 отправителей, 1 получателей; вход 23,500, выход 100,000 KZT."
100000004788983100,peripheral,0.2,1,0.322,"Роль не определена: 1 отправителей, 0 получателей; вход 27,000, выход 0 KZT. Обрыв на depth=4: 0 исходящих — эффект границы выгрузки."
100000004790991100,terminal,0.71,17,0.583,"Возможный конечный получатель: вход 239,413, выход 0 KZT; выход 0% входа, отправителей 1."
100000004791226100,peripheral,0.2,1,0.314,"Роль не определена: 1 отправителей, 0 получателей; вход 20,000, выход 0 KZT. Обрыв на depth=4: 0 исходящих — эффект границы выгрузки."
100000004792397100,peripheral,0.6,23,0.55,"Роль не определена: 1 отправителей, 0 получателей; вход 73,520, выход 0 KZT."
100000004797167100,peripheral,0.2,9,0.326,"Роль не определена: 1 отправителей, 0 получателей; вход 31,000, выход 0 KZT. Обрыв на depth=4: 0 исходящих — эффект границы выгрузки."
100000004798515100,peripheral,0.2,8,0.378,"Роль не определена: 1 отправителей, 0 получателей; вход 200,000, выход 0 KZT. Обрыв на depth=4: 0 исходящих — эффект границы выгрузки."
100000004800452100,peripheral,0.2,11,0.283,"Роль не определена: 1 отправителей, 0 получателей; вход 6,545, выход 0 KZT. Обрыв на depth=4: 0 исходящих — эффект границы выгрузки."
100000004800648100,peripheral,0.2,8,0.367,"Роль не определена: 1 отправителей, 0 получателей; вход 131,000, выход 0 KZT. Обрыв на depth=4: 0 исходящих — эффект границы выгрузки."
100000004806903100,peripheral,0.6,3,0.511,"Роль не определена: 1 отправителей, 0 получателей; вход 18,000, выход 0 KZT."
100000004813068100,distributor,0.194,22,0.527,"Признаки распределения: 3 получателей, 0 отправителей; вход 0, выход 297,000 KZT. Seed: входящие неполны; баланс не используется."
100000004816564100,peripheral,0.6,4,0.604,"Роль не определена: 1 отправителей, 1 получателей; вход 285,480, выход 5,000 KZT."
100000004820260100,transit,0.789,4,0.459,"Признаки транзита: вход 234,200 KZT, выход 215,350 KZT (92% входа); 1 отправителей."
100000004825069100,terminal,0.605,23,0.525,"Возможный конечный получатель: вход 30,000, выход 0 KZT; выход 0% входа, отправителей 1."
100000004840086100,peripheral,0.2,1,0.359,"Роль не определена: 1 отправителей, 0 получателей; вход 100,000, выход 0 KZT. Обрыв на depth=4: 0 исходящих — эффект границы выгрузки."
100000004841728100,peripheral,0.6,23,0.541,"Роль не определена: 1 отправителей, 0 получателей; вход 52,208, выход 0 KZT."
100000004847758100,distributor,0.815,3,0.658,"Признаки распределения: 15 получателей, 4 отправителей; вход 115,171, выход 488,800 KZT."
100000004848236100,peripheral,0.2,1,0.287,"Роль не определена: 1 отправителей, 0 получателей; вход 7,500, выход 0 KZT. Обрыв на depth=4: 0 исходящих — эффект границы выгрузки."
100000004850609100,peripheral,0.2,1,0.295,"Роль не определена: 1 отправителей, 0 получателей; вход 10,000, выход 0 KZT. Обрыв на depth=4: 0 исходящих — эффект границы выгрузки."
100000004856746100,peripheral,0.2,60,0.314,"Роль не определена: 1 отправителей, 0 получателей; вход 20,000, выход 0 KZT. Обрыв на depth=4: 0 исходящих — эффект границы выгрузки."
100000004877085100,distributor,0.413,13,0.531,"Признаки распределения: 3 получателей, 1 отправителей; вход 25,000, выход 95,600 KZT."
100000004889043100,terminal,0.766,1,0.609,"Возможный конечный получатель: вход 272,000, выход 0 KZT; выход 0% входа, отправителей 2."
100000004890713100,peripheral,0.2,19,0.334,"Роль не определена: 1 отправителей, 0 получателей; вход 40,485, выход 0 KZT. Обрыв на depth=4: 0 исходящих — эффект границы выгрузки."
100000004891562100,peripheral,0.2,19,0.36,"Роль не определена: 1 отправителей, 0 получателей; вход 103,400, выход 0 KZT. Обрыв на depth=4: 0 исходящих — эффект границы выгрузки."
100000004892144100,terminal,0.858,22,0.688,"Возможный конечный получатель: вход 4,500,000, выход 180,300 KZT; выход 4% входа, отправителей 2."
100000004904960100,peripheral,0.6,1,0.549,"Роль не определена: 2 отправителей, 0 получателей; вход 32,000, выход 0 KZT."
100000004905207100,peripheral,0.6,41,0.596,"Роль не определена: 1 отправителей, 0 получателей; вход 380,000, выход 0 KZT."
100000004906181100,distributor,0.851,21,0.716,"Признаки распределения: 7 получателей, 1 отправителей; вход 100,000, выход 2,473,418 KZT."
100000004908173100,peripheral,0.2,43,0.315,"Роль не определена: 1 отправителей, 0 получателей; вход 21,000, выход 0 KZT. Обрыв на depth=4: 0 исходящих — эффект границы выгрузки."
100000004911971100,peripheral,0.2,21,0.33,"Роль не определена: 1 отправителей, 0 получателей; вход 35,000, выход 0 KZT. Обрыв на depth=4: 0 исходящих — эффект границы выгрузки."
100000004917367100,peripheral,0.6,11,0.586,"Роль не определена: 2 отправителей, 0 получателей; вход 120,000, выход 0 KZT."
100000004921657100,peripheral,0.6,3,0.439,"Роль не определена: 1 отправителей, 1 получателей; вход 8,300, выход 22,190 KZT."
100000004931931100,peripheral,0.6,1,0.432,"Роль не определена: 1 отправителей, 1 получателей; вход 23,938, выход 45,000 KZT."
100000004948177100,terminal,0.889,17,0.638,"Возможный конечный получатель: вход 437,163, выход 0 KZT; выход 0% входа, отправителей 3."
100000004950490100,peripheral,0.6,2,0.495,"Роль не определена: 1 отправителей, 0 получателей; вход 10,000, выход 0 KZT."
100000004959752100,peripheral,0.6,9,0.517,"Роль не определена: 1 отправителей, 0 получателей; вход 22,200, выход 0 KZT."
100000004962193100,terminal,1.0,1,0.702,"Возможный конечный получатель: вход 900,468, выход 0 KZT; выход 0% входа, отправителей 8."
100000004970752100,peripheral,0.6,1,0.495,"Роль не определена: 1 отправителей, 0 получателей; вход 10,000, выход 0 KZT."
100000004971871100,peripheral,0.2,51,0.448,"Роль не определена: 1 отправителей, 1 получателей; вход 25,400, выход 5,650 KZT. Seed: входящие неполны; баланс не используется."
100000004975919100,peripheral,0.2,9,0.408,"Роль не определена: 1 отправителей, 2 получателей; вход 22,351, выход 15,000 KZT."
100000004976946100,peripheral,0.2,63,0.384,"Роль не определена: 1 отправителей, 0 получателей; вход 246,000, выход 0 KZT. Обрыв на depth=4: 0 исходящих — эффект границы выгрузки."
100000004979264100,peripheral,0.2,43,0.333,"Роль не определена: 1 отправителей, 0 получателей; вход 39,800, выход 0 KZT. Обрыв на depth=4: 0 исходящих — эффект границы выгрузки."
100000004979283100,peripheral,0.6,19,0.533,"Роль не определена: 1 отправителей, 0 получателей; вход 40,132, выход 0 KZT."
100000004979498100,peripheral,0.2,56,0.553,"Роль не определена: 1 отправителей, 1 получателей; вход 700,000, выход 200,000 KZT."
100000004981068100,peripheral,0.2,9,0.295,"Роль не определена: 1 отправителей, 0 получателей; вход 10,000, выход 0 KZT. Обрыв на depth=4: 0 исходящих — эффект границы выгрузки."
100000004984689100,peripheral,0.6,9,0.541,"Роль не определена: 1 отправителей, 0 получателей; вход 53,030, выход 0 KZT."
100000004988240100,peripheral,0.2,1,0.314,"Роль не определена: 1 отправителей, 0 получателей; вход 20,000, выход 0 KZT. Обрыв на depth=4: 0 исходящих — эффект границы выгрузки."
100000004991593100,peripheral,0.2,9,0.337,"Роль не определена: 1 отправителей, 0 получателей; вход 45,000, выход 0 KZT. Обрыв на depth=4: 0 исходящих — эффект границы выгрузки."
100000004991812100,peripheral,0.6,30,0.495,"Роль не определена: 1 отправителей, 0 получателей; вход 10,000, выход 0 KZT."
100000004993576100,peripheral,0.6,4,0.573,"Роль не определена: 1 отправителей, 0 получателей; вход 167,000, выход 0 KZT."
100000004997515100,terminal,0.832,5,0.634,"Возможный конечный получатель: вход 395,000, выход 54,500 KZT; выход 14% входа, отправителей 4."
100000005008589100,peripheral,0.6,1,0.535,"Роль не определена: 1 отправителей, 0 получателей; вход 42,807, выход 0 KZT."
100000005010159100,peripheral,0.2,9,0.285,"Роль не определена: 1 отправителей, 0 получателей; вход 7,092, выход 0 KZT. Обрыв на depth=4: 0 исходящих — эффект границы выгрузки."
100000005017150100,peripheral,0.6,74,0.1,"Роль не определена: 0 отправителей, 0 получателей; вход 0, выход 0 KZT. Seed: входящие неполны; баланс не используется."
100000005022552100,terminal,0.699,17,0.598,"Возможный конечный получатель: вход 241,000, выход 5,000 KZT; выход 2% входа, отправителей 1."
100000005022964100,peripheral,0.6,3,0.514,"Роль не определена: 1 отправителей, 0 получателей; вход 20,000, выход 0 KZT."
100000005025629100,peripheral,0.2,11,0.277,"Роль не определена: 1 отправителей, 0 получателей; вход 5,227, выход 0 KZT. Обрыв на depth=4: 0 исходящих — эффект границы выгрузки."
100000005030592100,peripheral,0.6,4,0.495,"Роль не определена: 1 отправителей, 0 получателей; вход 10,000, выход 0 KZT."
100000005031696100,peripheral,0.2,46,0.585,"Роль не определена: 1 отправителей, 2 получателей; вход 5,000, выход 115,000 KZT."
100000005032294100,peripheral,0.6,41,0.495,"Роль не определена: 1 отправителей, 0 получателей; вход 10,000, выход 0 KZT."
100000005034574100,terminal,0.719,72,0.586,"Возможный конечный получатель: вход 258,816, выход 0 KZT; выход 0% входа, отправителей 1."
100000005037490100,peripheral,0.2,13,0.441,"Роль не определена: 1 отправителей, 2 получателей; вход 15,000, выход 30,000 KZT."
100000005041147100,peripheral,0.2,1,0.295,"Роль не определена: 1 отправителей, 0 получателей; вход 10,000, выход 0 KZT. Обрыв на depth=4: 0 исходящих — эффект границы выгрузки."
100000005041905100,peripheral,0.2,23,0.646,"Роль не определена: 1 отправителей, 1 получателей; вход 5,000, выход 1,080,351 KZT."
100000005042822100,peripheral,0.2,37,0.423,"Роль не определена: 1 отправителей, 0 получателей; вход 1,000,000, выход 0 KZT. Обрыв на depth=4: 0 исходящих — эффект границы выгрузки."
100000005048668100,distributor,0.705,9,0.629,"Признаки распределения: 8 получателей, 2 отправителей; вход 16,668, выход 159,400 KZT."
100000005049404100,peripheral,0.2,11,0.358,"Роль не определена: 1 отправителей, 0 получателей; вход 98,000, выход 0 KZT. Обрыв на depth=4: 0 исходящих — эффект границы выгрузки."
100000005052998100,peripheral,0.6,1,0.454,"Роль не определена: 1 отправителей, 1 получателей; вход 9,500, выход 28,400 KZT."
100000005053653100,peripheral,0.2,13,0.479,"Роль не определена: 2 отправителей, 1 получателей; вход 63,073, выход 25,000 KZT."
100000005055454100,peripheral,0.6,28,0.483,"Роль не определена: 1 отправителей, 0 получателей; вход 6,500, выход 0 KZT."
100000005056870100,peripheral,0.6,53,0.514,"Роль не определена: 1 отправителей, 0 получателей; вход 20,000, выход 0 KZT."
100000005059998100,peripheral,0.6,1,0.511,"Роль не определена: 1 отправителей, 0 получателей; вход 18,000, выход 0 KZT."
100000005061890100,peripheral,0.6,3,0.556,"Роль не определена: 1 отправителей, 0 получателей; вход 90,000, выход 0 KZT."
100000005074393100,distributor,0.47,13,0.541,"Признаки распределения: 6 получателей, 4 отправителей; вход 563,026, выход 685,500 KZT."
100000005075949100,peripheral,0.2,55,0.446,"Роль не определена: 1 отправителей, 0 получателей; вход 2,226,000, выход 0 KZT. Обрыв на depth=4: 0 исходящих — эффект границы выгрузки."
100000005077484100,terminal,0.615,28,0.577,"Возможный конечный получатель: вход 150,000, выход 13,550 KZT; выход 9% входа, отправителей 1."
100000005079473100,peripheral,0.2,9,0.333,"Роль не определена: 1 отправителей, 0 получателей; вход 39,312, выход 0 KZT. Обрыв на depth=4: 0 исходящих — эффект границы выгрузки."
100000005079754100,peripheral,0.2,3,0.469,"Роль не определена: 1 отправителей, 2 получателей; вход 70,000, выход 122,000 KZT."
100000005082652100,peripheral,0.6,2,0.525,"Роль не определена: 1 отправителей, 0 получателей; вход 30,000, выход 0 KZT."
100000005087431100,peripheral,0.6,75,0.1,"Роль не определена: 0 отправителей, 0 получателей; вход 0, выход 0 KZT. Seed: входящие неполны; баланс не используется."
100000005087923100,peripheral,0.2,47,0.314,"Роль не определена: 1 отправителей, 0 получателей; вход 20,000, выход 0 KZT. Обрыв на depth=4: 0 исходящих — эффект границы выгрузки."
100000005089460100,peripheral,0.6,23,0.5,"Роль не определена: 1 отправителей, 0 получателей; вход 12,300, выход 0 KZT."
100000005092518100,peripheral,0.6,23,0.522,"Роль не определена: 1 отправителей, 0 получателей; вход 26,144, выход 0 KZT."
100000005093521100,peripheral,0.6,3,0.506,"Роль не определена: 1 отправителей, 0 получателей; вход 15,200, выход 0 KZT."
100000005100475100,peripheral,0.6,2,0.533,"Роль не определена: 1 отправителей, 0 получателей; вход 40,000, выход 0 KZT."
100000005105153100,peripheral,0.6,1,0.525,"Роль не определена: 1 отправителей, 0 получателей; вход 30,000, выход 0 KZT."
100000005124479100,terminal,0.611,1,0.567,"Возможный конечный получатель: вход 137,753, выход 22,000 KZT; выход 16% входа, отправителей 2."
100000005127767100,peripheral,0.6,20,0.485,"Роль не определена: 1 отправителей, 0 получателей; вход 7,000, выход 0 KZT."
100000005133757100,peripheral,0.6,9,0.569,"Роль не определена: 2 отправителей, 0 получателей; вход 65,000, выход 0 KZT."
100000005140601100,peripheral,0.2,9,0.559,"Роль не определена: 3 отправителей, 2 получателей; вход 52,685, выход 195,300 KZT."
100000005142492100,peripheral,0.6,2,0.51,"Роль не определена: 1 отправителей, 1 получателей; вход 10,000, выход 57,000 KZT."
100000005142589100,peripheral,0.6,1,0.54,"Роль не определена: 1 отправителей, 0 получателей; вход 50,000, выход 0 KZT."
100000005146665100,peripheral,0.2,45,0.278,"Роль не определена: 1 отправителей, 0 получателей; вход 5,500, выход 0 KZT. Обрыв на depth=4: 0 исходящих — эффект границы выгрузки."
100000005168487100,peripheral,0.2,12,0.535,"Роль не определена: 1 отправителей, 1 получателей; вход 15,000, выход 103,510 KZT."
100000005171642100,transit,0.959,47,0.472,"Признаки транзита: вход 696,800 KZT, выход 683,600 KZT (98% входа); 2 отправителей."
100000005172860100,peripheral,0.6,1,0.506,"Роль не определена: 1 отправителей, 0 получателей; вход 15,209, выход 0 KZT."
100000005175148100,terminal,0.565,4,0.531,"Возможный конечный получатель: вход 79,000, выход 15,000 KZT; выход 19% входа, отправителей 2."
100000005182219100,peripheral,0.6,11,0.564,"Роль не определена: 2 отправителей, 0 получателей; вход 55,000, выход 0 KZT."
100000005183943100,terminal,0.84,24,0.613,"Возможный конечный получатель: вход 680,900, выход 0 KZT; выход 0% входа, отправителей 1."
100000005186109100,peripheral,0.6,4,0.475,"Роль не определена: 1 отправителей, 0 получателей; вход 5,000, выход 0 KZT."
100000005186131100,peripheral,0.6,1,0.336,"Роль не определена: 1 отправителей, 1 получателей; вход 10,000, выход 10,000 KZT."
100000005187208100,peripheral,0.6,11,0.504,"Роль не определена: 1 отправителей, 0 получателей; вход 14,160, выход 0 KZT."
100000005189258100,peripheral,0.2,11,0.34,"Роль не определена: 1 отправителей, 0 получателей; вход 50,000, выход 0 KZT. Обрыв на depth=4: 0 исходящих — эффект границы выгрузки."
100000005198498100,peripheral,0.6,23,0.524,"Роль не определена: 1 отправителей, 0 получателей; вход 28,800, выход 0 KZT."
100000005198906100,peripheral,0.6,11,0.527,"Роль не определена: 1 отправителей, 1 получателей; вход 227,970, выход 60,000 KZT."
100000005203590100,peripheral,0.6,2,0.556,"Роль не определена: 1 отправителей, 0 получателей; вход 90,000, выход 0 KZT."
100000005205745100,peripheral,0.6,2,0.48,"Роль не определена: 1 отправителей, 0 получателей; вход 6,000, выход 0 KZT."
100000005209352100,peripheral,0.2,1,0.275,"Роль не определена: 1 отправителей, 0 получателей; вход 5,000, выход 0 KZT. Обрыв на depth=4: 0 исходящих — эффект границы выгрузки."
100000005222360100,peripheral,0.6,41,0.487,"Роль не определена: 1 отправителей, 1 получателей; вход 5,000, выход 27,000 KZT."
100000005226217100,peripheral,0.2,5,0.31,"Роль не определена: 1 отправителей, 0 получателей; вход 17,500, выход 0 KZT. Обрыв на depth=4: 0 исходящих — эффект границы выгрузки."
100000005228059100,peripheral,0.6,23,0.521,"Роль не определена: 1 отправителей, 0 получателей; вход 26,000, выход 0 KZT."
100000005233755100,peripheral,0.6,29,0.481,"Роль не определена: 1 отправителей, 1 получателей; вход 25,000, выход 5,000 KZT."
100000005235389100,peripheral,0.6,76,0.1,"Роль не определена: 0 отправителей, 0 получателей; вход 0, выход 0 KZT. Seed: входящие неполны; баланс не используется."
100000005237935150,peripheral,0.6,25,0.529,"Роль не определена: 1 отправителей, 0 получателей; вход 34,508, выход 0 KZT."
100000005241556100,peripheral,0.6,36,0.559,"Роль не определена: 1 отправителей, 0 получателей; вход 100,000, выход 0 KZT."
100000005242320100,distributor,0.986,25,0.804,"Признаки распределения: 21 получателей, 2 отправителей; вход 365,700, выход 8,936,295 KZT."
100000005264874100,peripheral,0.2,27,0.488,"Роль не определена: 1 отправителей, 2 получателей; вход 30,000, выход 78,000 KZT."
100000005264990100,peripheral,0.2,48,0.506,"Роль не определена: 1 отправителей, 2 получателей; вход 17,070, выход 122,000 KZT. Seed: входящие неполны; баланс не используется."
100000005265073100,peripheral,0.6,48,0.383,"Роль не определена: 1 отправителей, 1 получателей; вход 5,000, выход 9,000 KZT."
100000005268319100,distributor,0.517,1,0.558,"Признаки распределения: 5 получателей, 1 отправителей; вход 19,713, выход 91,000 KZT."
100000005272139100,peripheral,0.2,17,0.373,"Роль не определена: 1 отправителей, 0 получателей; вход 165,000, выход 0 KZT. Обрыв на depth=4: 0 исходящих — эффект границы выгрузки."
100000005287097100,distributor,0.831,17,0.653,"Признаки распределения: 9 получателей, 2 отправителей; вход 127,173, выход 697,300 KZT."
100000005293969100,peripheral,0.2,1,0.278,"Роль не определена: 1 отправителей, 0 получателей; вход 5,467, выход 0 KZT. Обрыв на depth=4: 0 исходящих — эффект границы выгрузки."
100000005308954100,peripheral,0.6,17,0.459,"Роль не определена: 1 отправителей, 1 получателей; вход 69,020, выход 30,000 KZT."
100000005314565100,terminal,0.699,1,0.581,"Возможный конечный получатель: вход 218,500, выход 0 KZT; выход 0% входа, отправителей 1."
100000005316708100,peripheral,0.2,2,0.528,"Роль не определена: 1 отправителей, 2 получателей; вход 90,000, выход 257,500 KZT."
100000005317181100,peripheral,0.6,1,0.556,"Роль не определена: 1 отправителей, 1 получателей; вход 141,250, выход 14,500 KZT."
100000005326681100,peripheral,0.6,4,0.526,"Роль не определена: 1 отправителей, 0 получателей; вход 31,228, выход 0 KZT."
100000005328215100,peripheral,0.6,19,0.522,"Роль не определена: 1 отправителей, 0 получателей; вход 27,000, выход 0 KZT."
100000005339662100,distributor,0.348,4,0.522,"Признаки распределения: 4 получателей, 4 отправителей; вход 202,939, выход 295,160 KZT."
100000005342513100,terminal,0.637,23,0.563,"Возможный конечный получатель: вход 235,000, выход 30,000 KZT; выход 13% входа, отправителей 1."
100000005357034100,peripheral,0.6,1,0.494,"Роль не определена: 1 отправителей, 0 получателей; вход 9,754, выход 0 KZT."
100000005357705100,distributor,0.56,9,0.612,"Признаки распределения: 4 получателей, 1 отправителей; вход 52,595, выход 387,080 KZT."
100000005360814100,peripheral,0.2,9,0.369,"Роль не определена: 1 отправителей, 0 получателей; вход 144,000, выход 0 KZT. Обрыв на depth=4: 0 исходящих — эффект границы выгрузки."
100000005362848100,peripheral,0.6,19,0.524,"Роль не определена: 1 отправителей, 0 получателей; вход 29,000, выход 0 KZT."
100000005363908100,peripheral,0.6,69,0.355,"Роль не определена: 1 отправителей, 1 получателей; вход 19,500, выход 19,500 KZT."
100000005367180100,peripheral,0.2,9,0.287,"Роль не определена: 1 отправителей, 0 получателей; вход 7,700, выход 0 KZT. Обрыв на depth=4: 0 исходящих — эффект границы выгрузки."
100000005367284100,peripheral,0.2,1,0.495,"Роль не определена: 1 отправителей, 2 получателей; вход 13,700, выход 48,300 KZT."
100000005367445100,peripheral,0.6,43,0.317,"Роль не определена: 1 отправителей, 1 получателей; вход 5,000, выход 5,000 KZT."
100000005370558100,peripheral,0.2,1,0.275,"Роль не определена: 1 отправителей, 0 получателей; вход 5,000, выход 0 KZT. Обрыв на depth=4: 0 исходящих — эффект границы выгрузки."
100000005370580100,peripheral,0.6,13,0.419,"Роль не определена: 1 отправителей, 0 получателей; вход 24,075, выход 0 KZT. Seed: входящие неполны; баланс не используется."
100000005375968100,peripheral,0.2,1,0.488,"Роль не определена: 1 отправителей, 2 получателей; вход 170,082, выход 86,000 KZT."
100000005382566100,consolidator,0.394,48,0.582,"Признаки консолидации: 7 отправителей, 1 получателей; вход 393,066, выход 50,000 KZT. Seed: входящие неполны; баланс не используется."
100000005386383100,peripheral,0.2,48,0.485,"Роль не определена: 2 отправителей, 1 получателей; вход 37,500, выход 29,000 KZT. Seed: входящие неполны; баланс не используется."
100000005392290100,peripheral,0.6,66,0.453,"Роль не определена: 0 отправителей, 1 получателей; вход 0, выход 81,465 KZT. Seed: входящие неполны; баланс не используется."
100000005394708100,peripheral,0.6,48,0.464,"Роль не определена: 1 отправителей, 1 получателей; вход 26,000, выход 65,000 KZT."
100000005395727100,peripheral,0.6,4,0.41,"Роль не определена: 1 отправителей, 0 получателей; вход 17,000, выход 0 KZT. Seed: входящие неполны; баланс не используется."
100000005402643100,peripheral,0.6,5,0.437,"Роль не определена: 1 отправителей, 1 получателей; вход 127,800, выход 90,000 KZT."
100000005409156100,peripheral,0.6,11,0.608,"Роль не определена: 2 отправителей, 0 получателей; вход 260,080, выход 0 KZT."
100000005409680100,peripheral,0.6,44,0.464,"Роль не определена: 2 отправителей, 0 получателей; вход 55,060, выход 0 KZT. Seed: входящие неполны; баланс не используется."
100000005413948100,terminal,0.547,43,0.506,"Возможный конечный получатель: вход 28,215, выход 5,000 KZT; выход 18% входа, отправителей 2."
100000005417257100,peripheral,0.6,48,0.483,"Роль не определена: 0 отправителей, 2 получателей; вход 0, выход 106,000 KZT. Seed: входящие неполны; баланс не используется."
100000005432267100,peripheral,0.6,3,0.616,"Роль не определена: 2 отправителей, 0 получателей; вход 350,001, выход 0 KZT."
100000005454368100,peripheral,0.6,13,0.461,"Роль не определена: 2 отправителей, 0 получателей; вход 48,600, выход 0 KZT. Seed: входящие неполны; баланс не используется."
100000005456919100,terminal,0.864,10,0.636,"Возможный конечный получатель: вход 479,950, выход 5,000 KZT; выход 1% входа, отправителей 2."
100000005473151100,terminal,0.819,19,0.646,"Возможный конечный получатель: вход 1,220,000, выход 225,000 KZT; выход 18% входа, отправителей 3."
100000005474472100,peripheral,0.6,22,0.559,"Роль не определена: 1 отправителей, 0 получателей; вход 100,000, выход 0 KZT."
100000005475379100,peripheral,0.2,12,0.455,"Роль не определена: 1 отправителей, 3 получателей; вход 108,370, выход 81,000 KZT."
100000005480435100,peripheral,0.6,77,0.1,"Роль не определена: 0 отправителей, 0 получателей; вход 0, выход 0 KZT. Seed: входящие неполны; баланс не используется."
100000005481280100,distributor,0.266,4,0.445,"Признаки распределения: 3 получателей, 1 отправителей; вход 32,700, выход 50,000 KZT."
100000005485830100,distributor,0.28,53,0.547,"Признаки распределения: 5 получателей, 0 отправителей; вход 0, выход 275,885 KZT. Seed: входящие неполны; баланс не используется."
100000005493505100,consolidator,0.147,13,0.483,"Признаки консолидации: 3 отправителей, 0 получателей; вход 62,020, выход 0 KZT. Seed: входящие неполны; баланс не используется."
100000005495211100,peripheral,0.2,1,0.305,"Роль не определена: 1 отправителей, 0 получателей; вход 14,500, выход 0 KZT. Обрыв на depth=4: 0 исходящих — эффект границы выгрузки."
100000005495722100,peripheral,0.6,78,0.1,"Роль не определена: 0 отправителей, 0 получателей; вход 0, выход 0 KZT. Seed: входящие неполны; баланс не используется."
100000005496254100,peripheral,0.6,1,0.501,"Роль не определена: 1 отправителей, 0 получателей; вход 12,700, выход 0 KZT."
100000005497148100,peripheral,0.2,11,0.319,"Роль не определена: 1 отправителей, 0 получателей; вход 24,000, выход 0 KZT. Обрыв на depth=4: 0 исходящих — эффект границы выгрузки."
100000005498992100,distributor,0.65,5,0.662,"Признаки распределения: 16 получателей, 0 отправителей; вход 0, выход 2,262,868 KZT. Seed: входящие неполны; баланс не используется."
100000005505655100,peripheral,0.2,14,0.428,"Роль не определена: 2 отправителей, 1 получателей; вход 33,070, выход 20,000 KZT."
100000005507142100,distributor,0.327,27,0.503,"Признаки распределения: 3 получателей, 3 отправителей; вход 51,000, выход 100,000 KZT."
100000005514161100,terminal,0.842,2,0.616,"Возможный конечный получатель: вход 401,500, выход 50,000 KZT; выход 12% входа, отправителей 4."
100000005519347100,peripheral,0.2,17,0.512,"Роль не определена: 2 отправителей, 1 получателей; вход 73,100, выход 99,000 KZT. Seed: входящие неполны; баланс не используется."
100000005519998100,transit,0.823,60,0.467,"Признаки транзита: вход 182,000 KZT, выход 188,000 KZT (103% входа); 3 отправителей."
100000005523088100,peripheral,0.6,48,0.513,"Роль не определена: 1 отправителей, 0 получателей; вход 700,000, выход 0 KZT. Seed: входящие неполны; баланс не используется."
100000005527892100,distributor,0.681,36,0.599,"Признаки распределения: 8 получателей, 3 отправителей; вход 220,001, выход 552,419 KZT."
100000005530114100,terminal,0.598,29,0.548,"Возможный конечный получатель: вход 136,970, выход 25,000 KZT; выход 18% входа, отправителей 2."
100000005532138100,peripheral,0.6,2,0.52,"Роль не определена: 1 отправителей, 0 получателей; вход 25,046, выход 0 KZT."
100000005539201100,peripheral,0.6,17,0.429,"Роль не определена: 1 отправителей, 1 получателей; вход 45,504, выход 25,000 KZT."
100000005539910100,peripheral,0.2,3,0.532,"Роль не определена: 1 отправителей, 2 получателей; вход 102,000, выход 22,000 KZT."
100000005543136100,peripheral,0.6,13,0.395,"Роль не определена: 0 отправителей, 1 получателей; вход 0, выход 10,000 KZT. Seed: входящие неполны; баланс не используется."
100000005546031100,terminal,0.638,69,0.558,"Возможный конечный получатель: вход 66,800, выход 8,000 KZT; выход 12% входа, отправителей 3."
100000005547096100,peripheral,0.2,69,0.607,"Роль не определена: 1 отправителей, 2 получателей; вход 8,000, выход 226,300 KZT."
100000005550592100,peripheral,0.6,79,0.1,"Роль не определена: 0 отправителей, 0 получателей; вход 0, выход 0 KZT. Seed: входящие неполны; баланс не используется."
100000005553088100,peripheral,0.2,9,0.31,"Роль не определена: 1 отправителей, 0 получателей; вход 17,500, выход 0 KZT. Обрыв на depth=4: 0 исходящих — эффект границы выгрузки."
100000005560900100,peripheral,0.6,80,0.1,"Роль не определена: 0 отправителей, 0 получателей; вход 0, выход 0 KZT. Seed: входящие неполны; баланс не используется."
100000005561741100,peripheral,0.6,19,0.52,"Роль не определена: 1 отправителей, 0 получателей; вход 25,000, выход 0 KZT."
100000005567828100,peripheral,0.2,19,0.357,"Роль не определена: 1 отправителей, 0 получателей; вход 94,000, выход 0 KZT. Обрыв на depth=4: 0 исходящих — эффект границы выгрузки."
100000005568407100,peripheral,0.6,81,0.1,"Роль не определена: 0 отправителей, 0 получателей; вход 0, выход 0 KZT. Seed: входящие неполны; баланс не используется."
100000005572303100,peripheral,0.6,17,0.495,"Роль не определена: 1 отправителей, 1 получателей; вход 75,000, выход 20,000 KZT."
100000005578559100,distributor,0.927,19,0.707,"Признаки распределения: 21 получателей, 2 отправителей; вход 131,000, выход 893,164 KZT."
100000005584222100,peripheral,0.2,1,0.495,"Роль не определена: 2 отправителей, 2 получателей; вход 192,717, выход 108,587 KZT."
100000005588444100,peripheral,0.6,2,0.5,"Роль не определена: 1 отправителей, 0 получателей; вход 12,300, выход 0 KZT."
100000005589319100,peripheral,0.2,3,0.321,"Роль не определена: 1 отправителей, 0 получателей; вход 26,000, выход 0 KZT. Обрыв на depth=4: 0 исходящих — эффект границы выгрузки."
100000005602999100,peripheral,0.2,12,0.458,"Роль не определена: 1 отправителей, 2 получателей; вход 5,000, выход 16,000 KZT."
100000005608515100,terminal,0.622,2,0.547,"Возможный конечный получатель: вход 64,000, выход 0 KZT; выход 0% входа, отправителей 1."
100000005610717100,consolidator,0.435,1,0.533,"Признаки консолидации: 4 отправителей, 1 получателей; вход 484,500, выход 265,200 KZT."
100000005612411100,distributor,0.732,3,0.633,"Признаки распределения: 8 получателей, 3 отправителей; вход 115,500, выход 506,997 KZT."
100000005614315100,peripheral,0.6,17,0.601,"Роль не определена: 1 отправителей, 0 получателей; вход 455,000, выход 0 KZT."
100000005616568100,peripheral,0.2,11,0.406,"Роль не определена: 1 отправителей, 0 получателей; вход 530,000, выход 0 KZT. Обрыв на depth=4: 0 исходящих — эффект границы выгрузки."
100000005619339100,peripheral,0.6,17,0.326,"Роль не определена: 1 отправителей, 1 получателей; вход 5,000, выход 5,443 KZT."
100000005620225100,peripheral,0.6,1,0.562,"Роль не определена: 2 отправителей, 0 получателей; вход 49,846, выход 0 KZT."
100000005621418100,peripheral,0.2,15,0.325,"Роль не определена: 1 отправителей, 0 получателей; вход 30,000, выход 0 KZT. Обрыв на depth=4: 0 исходящих — эффект границы выгрузки."
100000005628518100,terminal,0.629,44,0.552,"Возможный конечный получатель: вход 77,000, выход 0 KZT; выход 0% входа, отправителей 1."
100000005634552100,distributor,0.677,1,0.67,"Признаки распределения: 3 получателей, 1 отправителей; вход 25,850, выход 1,196,000 KZT."
100000005636951100,peripheral,0.2,47,0.333,"Роль не определена: 1 отправителей, 0 получателей; вход 40,000, выход 0 KZT. Обрыв на depth=4: 0 исходящих — эффект границы выгрузки."
100000005660203100,terminal,0.801,17,0.62,"Возможный конечный получатель: вход 572,899, выход 41,000 KZT; выход 7% входа, отправителей 1."
100000005661528100,peripheral,0.6,9,0.52,"Роль не определена: 1 отправителей, 0 получателей; вход 25,000, выход 0 KZT."
100000005661829100,transit,0.731,44,0.396,"Признаки транзита: вход 37,790 KZT, выход 40,362 KZT (107% входа); 1 отправителей."
100000005664632100,terminal,0.689,73,0.578,"Возможный конечный получатель: вход 198,620, выход 0 KZT; выход 0% входа, отправителей 1."
100000005664922100,distributor,0.578,22,0.651,"Признаки распределения: 3 получателей, 2 отправителей; вход 22,000, выход 537,000 KZT."
100000005665181100,distributor,0.749,11,0.615,"Признаки распределения: 11 получателей, 4 отправителей; вход 45,498, выход 181,915 KZT."
100000005667841100,peripheral,0.6,43,0.598,"Роль не определена: 2 отправителей, 0 получателей; вход 186,000, выход 0 KZT."
100000005668605100,consolidator,0.154,48,0.495,"Признаки консолидации: 3 отправителей, 0 получателей; вход 94,500, выход 0 KZT. Seed: входящие неполны; баланс не используется."
100000005669845100,peripheral,0.6,28,0.514,"Роль не определена: 1 отправителей, 0 получателей; вход 20,000, выход 0 KZT."
100000005674387100,peripheral,0.6,23,0.522,"Роль не определена: 1 отправителей, 0 получателей; вход 26,200, выход 0 KZT."
100000005685783100,peripheral,0.2,23,0.322,"Роль не определена: 1 отправителей, 0 получателей; вход 26,150, выход 0 KZT. Обрыв на depth=4: 0 исходящих — эффект границы выгрузки."
100000005704413100,distributor,0.975,19,0.764,"Признаки распределения: 32 получателей, 3 отправителей; вход 97,835, выход 1,363,593 KZT."
100000005709551100,peripheral,0.6,13,0.52,"Роль не определена: 1 отправителей, 0 получателей; вход 24,560, выход 0 KZT."
100000005711521100,peripheral,0.2,13,0.383,"Роль не определена: 1 отправителей, 0 получателей; вход 238,000, выход 0 KZT. Обрыв на depth=4: 0 исходящих — эффект границы выгрузки."
100000005723580100,peripheral,0.2,43,0.33,"Роль не определена: 1 отправителей, 0 получателей; вход 35,000, выход 0 KZT. Обрыв на depth=4: 0 исходящих — эффект границы выгрузки."
100000005730108100,peripheral,0.6,1,0.488,"Роль не определена: 1 отправителей, 0 получателей; вход 8,000, выход 0 KZT."
100000005744674100,peripheral,0.6,48,0.44,"Роль не определена: 0 отправителей, 1 получателей; вход 0, выход 50,066 KZT. Seed: входящие неполны; баланс не используется."
100000005745873100,peripheral,0.2,63,0.381,"Роль не определена: 1 отправителей, 0 получателей; вход 223,000, выход 0 KZT. Обрыв на depth=4: 0 исходящих — эффект границы выгрузки."
100000005754335100,peripheral,0.6,64,0.536,"Роль не определена: 1 отправителей, 0 получателей; вход 44,037, выход 0 KZT."
100000005756189100,peripheral,0.6,11,0.413,"Роль не определена: 1 отправителей, 1 получателей; вход 65,000, выход 49,050 KZT."
100000005756535100,peripheral,0.6,23,0.514,"Роль не определена: 1 отправителей, 0 получателей; вход 20,000, выход 0 KZT."
100000005767403100,peripheral,0.2,60,0.426,"Роль не определена: 1 отправителей, 0 получателей; вход 1,100,000, выход 0 KZT. Обрыв на depth=4: 0 исходящих — эффект границы выгрузки."
100000005778283100,terminal,0.92,2,0.647,"Возможный конечный получатель: вход 615,760, выход 0 KZT; выход 0% входа, отправителей 3."
100000005782781100,distributor,0.952,2,0.701,"Признаки распределения: 10 получателей, 6 отправителей; вход 171,888, выход 1,263,597 KZT."
100000005782886100,peripheral,0.2,5,0.304,"Роль не определена: 1 отправителей, 0 получателей; вход 14,000, выход 0 KZT. Обрыв на depth=4: 0 исходящих — эффект границы выгрузки."
100000005783452100,peripheral,0.2,25,0.41,"Роль не определена: 2 отправителей, 0 получателей; вход 286,500, выход 0 KZT. Обрыв на depth=4: 0 исходящих — эффект границы выгрузки."
100000005799271100,peripheral,0.6,12,0.537,"Роль не определена: 1 отправителей, 0 получателей; вход 45,000, выход 0 KZT."
100000005807278100,peripheral,0.6,53,0.49,"Роль не определена: 1 отправителей, 0 получателей; вход 8,385, выход 0 KZT."
100000005809252100,peripheral,0.6,11,0.52,"Роль не определена: 1 отправителей, 0 получателей; вход 25,000, выход 0 KZT."
100000005815602100,peripheral,0.6,17,0.555,"Роль не определена: 1 отправителей, 1 получателей; вход 20,000, выход 165,000 KZT."
100000005820746100,terminal,0.823,22,0.654,"Возможный конечный получатель: вход 1,989,000, выход 60,000 KZT; выход 3% входа, отправителей 1."
100000005830339100,consolidator,0.421,3,0.519,"Признаки консолидации: 5 отправителей, 1 получателей; вход 476,341, выход 339,251 KZT."
100000005834479100,peripheral,0.2,9,0.418,"Роль не определена: 1 отправителей, 2 получателей; вход 7,500, выход 14,470 KZT."
100000005844459100,peripheral,0.6,1,0.606,"Роль не определена: 2 отправителей, 0 получателей; вход 243,400, выход 0 KZT."
100000005847078100,peripheral,0.6,23,0.508,"Роль не определена: 1 отправителей, 0 получателей; вход 16,300, выход 0 KZT."
100000005849100100,peripheral,0.6,3,0.528,"Роль не определена: 1 отправителей, 0 получателей; вход 33,300, выход 0 KZT."
100000005849862100,peripheral,0.2,2,0.302,"Роль не определена: 1 отправителей, 0 получателей; вход 13,000, выход 0 KZT. Обрыв на depth=4: 0 исходящих — эффект границы выгрузки."
100000005852946100,peripheral,0.6,3,0.519,"Роль не определена: 1 отправителей, 0 получателей; вход 23,746, выход 0 KZT."
100000005857058100,terminal,0.71,1,0.59,"Возможный конечный получатель: вход 80,222, выход 0 KZT; выход 0% входа, отправителей 3."
100000005873152100,peripheral,0.6,12,0.336,"Роль не определена: 1 отправителей, 1 получателей; вход 10,000, выход 10,000 KZT."
100000005877725100,peripheral,0.6,23,0.549,"Роль не определена: 1 отправителей, 0 получателей; вход 70,000, выход 0 KZT."
100000005878334100,peripheral,0.2,9,0.351,"Роль не определена: 1 отправителей, 0 получателей; вход 76,400, выход 0 KZT. Обрыв на depth=4: 0 исходящих — эффект границы выгрузки."
100000005882013100,terminal,0.657,13,0.579,"Возможный конечный получатель: вход 135,000, выход 10,000 KZT; выход 7% входа, отправителей 2."
100000005888829100,peripheral,0.2,5,0.378,"Роль не определена: 1 отправителей, 0 получателей; вход 197,000, выход 0 KZT. Обрыв на depth=4: 0 исходящих — эффект границы выгрузки."
100000005893892100,peripheral,0.6,11,0.56,"Роль не определена: 1 отправителей, 0 получателей; вход 102,780, выход 0 KZT."
100000005895525100,terminal,0.65,53,0.564,"Возможный конечный получатель: вход 120,000, выход 0 KZT; выход 0% входа, отправителей 1."
100000005897462100,peripheral,0.6,12,0.559,"Роль не определена: 1 отправителей, 0 получателей; вход 98,400, выход 0 KZT."
100000005901606100,peripheral,0.6,23,0.53,"Роль не определена: 1 отправителей, 0 получателей; вход 35,660, выход 0 KZT."
100000005904580100,peripheral,0.6,8,0.572,"Роль не определена: 2 отправителей, 0 получателей; вход 72,000, выход 0 KZT."
100000005910114100,distributor,0.922,1,0.699,"Признаки распределения: 19 получателей, 3 отправителей; вход 326,144, выход 1,469,993 KZT."
100000005910895100,peripheral,0.2,12,0.276,"Роль не определена: 1 отправителей, 0 получателей; вход 5,100, выход 0 KZT. Обрыв на depth=4: 0 исходящих — эффект границы выгрузки."
100000005911352100,distributor,0.271,20,0.438,"Признаки распределения: 3 получателей, 2 отправителей; вход 15,000, выход 24,000 KZT."
100000005931985100,peripheral,0.6,25,0.551,"Роль не определена: 1 отправителей, 0 получателей; вход 76,000, выход 0 KZT."
100000005932987100,terminal,0.603,60,0.52,"Возможный конечный получатель: вход 25,000, выход 0 KZT; выход 0% входа, отправителей 1."
100000005933757100,distributor,0.855,41,0.707,"Признаки распределения: 34 получателей, 4 отправителей; вход 1,246,000, выход 3,002,628 KZT."
100000005939154100,peripheral,0.6,17,0.517,"Роль не определена: 1 отправителей, 0 получателей; вход 22,000, выход 0 KZT."
100000005940652100,peripheral,0.6,43,0.49,"Роль не определена: 1 отправителей, 0 получателей; вход 8,395, выход 0 KZT."
100000005941908100,peripheral,0.6,41,0.495,"Роль не определена: 1 отправителей, 0 получателей; вход 10,000, выход 0 KZT."
100000005942793100,terminal,0.738,1,0.592,"Возможный конечный получатель: вход 55,000, выход 0 KZT; выход 0% входа, отправителей 4."
100000005958064100,peripheral,0.2,41,0.598,"Роль не определена: 1 отправителей, 2 получателей; вход 5,746, выход 163,987 KZT."
100000005961971100,peripheral,0.6,23,0.538,"Роль не определена: 1 отправителей, 0 получателей; вход 47,353, выход 0 KZT."
100000005974542100,terminal,0.637,30,0.557,"Возможный конечный получатель: вход 94,500, выход 0 KZT; выход 0% входа, отправителей 1."
100000005979037100,peripheral,0.2,9,0.345,"Роль не определена: 1 отправителей, 0 получателей; вход 60,300, выход 0 KZT. Обрыв на depth=4: 0 исходящих — эффект границы выгрузки."
100000005995391100,peripheral,0.6,23,0.51,"Роль не определена: 1 отправителей, 0 получателей; вход 17,200, выход 0 KZT."
100000005996909100,peripheral,0.6,4,0.478,"Роль не определена: 1 отправителей, 0 получателей; вход 5,500, выход 0 KZT."
100000006008169100,peripheral,0.6,8,0.549,"Роль не определена: 1 отправителей, 0 получателей; вход 70,000, выход 0 KZT."
100000006020215100,transit,0.698,13,0.396,"Признаки транзита: вход 30,000 KZT, выход 33,800 KZT (113% входа); 1 отправителей."
100000006030946100,peripheral,0.6,23,0.55,"Роль не определена: 1 отправителей, 0 получателей; вход 73,289, выход 0 KZT."
100000006048193100,peripheral,0.6,1,0.534,"Роль не определена: 1 отправителей, 0 получателей; вход 41,559, выход 0 KZT."
100000006069103100,transit,0.783,6,0.488,"Признаки транзита: вход 228,818 KZT, выход 270,000 KZT (118% входа); 3 отправителей."
100000006100920100,peripheral,0.6,1,0.559,"Роль не определена: 1 отправителей, 0 получателей; вход 100,000, выход 0 KZT."
100000006111439100,transit,0.675,11,0.427,"Признаки транзита: вход 20,570 KZT, выход 24,000 KZT (117% входа); 3 отправителей."
100000006111442100,peripheral,0.6,43,0.547,"Роль не определена: 1 отправителей, 0 получателей; вход 64,000, выход 0 KZT."
100000006122699100,peripheral,0.6,17,0.559,"Роль не определена: 2 отправителей, 0 получателей; вход 45,865, выход 0 KZT."
100000006126743100,peripheral,0.6,11,0.542,"Роль не определена: 1 отправителей, 0 получателей; вход 55,000, выход 0 KZT."
100000006161893100,peripheral,0.6,17,0.504,"Роль не определена: 1 отправителей, 0 получателей; вход 14,000, выход 0 KZT."
100000006165886100,peripheral,0.2,1,0.508,"Роль не определена: 2 отправителей, 1 получателей; вход 184,481, выход 75,000 KZT."
100000006169033100,distributor,0.67,64,0.661,"Признаки распределения: 3 получателей, 1 отправителей; вход 49,000, выход 1,140,271 KZT."
100000006171671100,peripheral,0.2,1,0.295,"Роль не определена: 1 отправителей, 0 получателей; вход 10,000, выход 0 KZT. Обрыв на depth=4: 0 исходящих — эффект границы выгрузки."
100000006177176100,peripheral,0.6,17,0.491,"Роль не определена: 1 отправителей, 0 получателей; вход 8,911, выход 0 KZT."
100000006209210100,peripheral,0.6,2,0.582,"Роль не определена: 1 отправителей, 0 получателей; вход 229,111, выход 0 KZT."
100000006225798100,terminal,0.9,29,0.661,"Возможный конечный получатель: вход 722,000, выход 26,300 KZT; выход 4% входа, отправителей 3."
100000006232642100,peripheral,0.2,64,0.401,"Роль не определена: 1 отправителей, 0 получателей; вход 456,000, выход 0 KZT. Обрыв на depth=4: 0 исходящих — эффект границы выгрузки."
100000006232815100,distributor,0.284,28,0.569,"Признаки распределения: 5 получателей, 1 отправителей; вход 160,000, выход 296,500 KZT. Seed: входящие неполны; баланс не используется."
100000006240939100,distributor,0.659,47,0.621,"Признаки распределения: 5 получателей, 1 отправителей; вход 160,000, выход 778,015 KZT."
100000006248077100,peripheral,0.6,17,0.54,"Роль не определена: 1 отправителей, 0 получателей; вход 50,000, выход 0 KZT."
100000006249740100,distributor,0.154,82,0.495,"Признаки распределения: 3 получателей, 0 отправителей; вход 0, выход 93,007 KZT. Seed: входящие неполны; баланс не используется."
100000006257675100,peripheral,0.2,33,0.349,"Роль не определена: 1 отправителей, 0 получателей; вход 70,000, выход 0 KZT. Обрыв на depth=4: 0 исходящих — эффект границы выгрузки."
100000006274203100,terminal,0.868,44,0.709,"Возможный конечный получатель: вход 3,417,512, выход 72,000 KZT; выход 2% входа, отправителей 2."
100000006288612100,peripheral,0.2,8,0.326,"Роль не определена: 1 отправителей, 0 получателей; вход 30,805, выход 0 KZT. Обрыв на depth=4: 0 исходящих — эффект границы выгрузки."
100000006308406100,peripheral,0.2,33,0.376,"Роль не определена: 1 отправителей, 0 получателей; вход 183,000, выход 0 KZT. Обрыв на depth=4: 0 исходящих — эффект границы выгрузки."
100000006326645100,peripheral,0.6,23,0.521,"Роль не определена: 1 отправителей, 0 получателей; вход 25,264, выход 0 KZT."
100000006351075100,peripheral,0.2,63,0.333,"Роль не определена: 1 отправителей, 0 получателей; вход 40,000, выход 0 KZT. Обрыв на depth=4: 0 исходящих — эффект границы выгрузки."
100000006369769100,peripheral,0.6,23,0.533,"Роль не определена: 1 отправителей, 0 получателей; вход 40,000, выход 0 KZT."
100000006381453100,peripheral,0.2,5,0.337,"Роль не определена: 1 отправителей, 0 получателей; вход 45,000, выход 0 KZT. Обрыв на depth=4: 0 исходящих — эффект границы выгрузки."
100000006385877100,peripheral,0.2,5,0.416,"Роль не определена: 1 отправителей, 1 получателей; вход 53,707, выход 36,603 KZT."
100000006412162100,peripheral,0.2,19,0.306,"Роль не определена: 1 отправителей, 0 получателей; вход 15,000, выход 0 KZT. Обрыв на depth=4: 0 исходящих — эффект границы выгрузки."
100000006416061100,peripheral,0.2,1,0.325,"Роль не определена: 1 отправителей, 0 получателей; вход 30,000, выход 0 KZT. Обрыв на depth=4: 0 исходящих — эффект границы выгрузки."
100000006424479100,peripheral,0.2,13,0.529,"Роль не определена: 1 отправителей, 2 получателей; вход 500,000, выход 220,000 KZT."
100000006443391100,consolidator,0.26,5,0.466,"Признаки консолидации: 3 отправителей, 2 получателей; вход 86,776, выход 60,042 KZT."
100000006444163100,peripheral,0.6,1,0.481,"Роль не определена: 1 отправителей, 0 получателей; вход 6,026, выход 0 KZT."
100000006445501100,peripheral,0.6,12,0.556,"Роль не определена: 1 отправителей, 0 получателей; вход 91,000, выход 0 KZT."
100000006446271100,peripheral,0.6,3,0.575,"Роль не определена: 2 отправителей, 0 получателей; вход 80,000, выход 0 KZT."
100000006471232100,peripheral,0.6,23,0.535,"Роль не определена: 1 отправителей, 0 получателей; вход 41,800, выход 0 KZT."
100000006476758100,peripheral,0.6,12,0.476,"Роль не определена: 1 отправителей, 0 получателей; вход 5,200, выход 0 KZT."
100000006490557100,peripheral,0.6,2,0.475,"Роль не определена: 1 отправителей, 0 получателей; вход 5,000, выход 0 KZT."
100000006490615100,peripheral,0.2,13,0.334,"Роль не определена: 1 отправителей, 0 получателей; вход 41,600, выход 0 KZT. Обрыв на depth=4: 0 исходящих — эффект границы выгрузки."
100000006491272100,peripheral,0.6,23,0.522,"Роль не определена: 1 отправителей, 0 получателей; вход 26,200, выход 0 KZT."
100000006491963100,peripheral,0.2,19,0.308,"Роль не определена: 1 отправителей, 0 получателей; вход 16,000, выход 0 KZT. Обрыв на depth=4: 0 исходящих — эффект границы выгрузки."
100000006492770100,peripheral,0.6,1,0.583,"Роль не определена: 1 отправителей, 1 получателей; вход 269,000, выход 20,000 KZT."
100000006512787100,peripheral,0.2,1,0.314,"Роль не определена: 1 отправителей, 0 получателей; вход 20,000, выход 0 KZT. Обрыв на depth=4: 0 исходящих — эффект границы выгрузки."
100000006518161100,transit,0.998,17,0.488,"Признаки транзита: вход 594,200 KZT, выход 595,899 KZT (100% входа); 3 отправителей."
100000006522972100,peripheral,0.6,11,0.493,"Роль не определена: 1 отправителей, 0 получателей; вход 9,515, выход 0 KZT."
100000006523053100,peripheral,0.6,3,0.475,"Роль не определена: 1 отправителей, 0 получателей; вход 5,000, выход 0 KZT."
100000006527156100,peripheral,0.2,55,0.339,"Роль не определена: 1 отправителей, 0 получателей; вход 48,500, выход 0 KZT. Обрыв на depth=4: 0 исходящих — эффект границы выгрузки."
100000006530134100,peripheral,0.6,11,0.591,"Роль не определена: 2 отправителей, 0 получателей; вход 144,663, выход 0 KZT."
100000006532229100,peripheral,0.6,43,0.56,"Роль не определена: 1 отправителей, 0 получателей; вход 105,000, выход 0 KZT."
100000006534886100,peripheral,0.2,17,0.485,"Роль не определена: 1 отправителей, 1 получателей; вход 71,700, выход 167,500 KZT."
100000006557763100,peripheral,0.6,3,0.495,"Роль не определена: 1 отправителей, 0 получателей; вход 10,000, выход 0 KZT."
100000006562026100,terminal,0.667,82,0.573,"Возможный конечный получатель: вход 75,000, выход 0 KZT; выход 0% входа, отправителей 2."
100000006564102100,peripheral,0.6,3,0.583,"Роль не определена: 1 отправителей, 0 получателей; вход 233,235, выход 0 KZT."
100000006567935100,peripheral,0.6,34,0.578,"Роль не определена: 1 отправителей, 0 получателей; вход 200,000, выход 0 KZT."
100000006573438100,peripheral,0.6,64,0.475,"Роль не определена: 1 отправителей, 0 получателей; вход 5,000, выход 0 KZT."
100000006579678100,distributor,0.78,17,0.681,"Признаки распределения: 6 получателей, 2 отправителей; вход 192,930, выход 1,668,800 KZT."
100000006595426100,terminal,0.632,1,0.554,"Возможный конечный получатель: вход 84,800, выход 0 KZT; выход 0% входа, отправителей 1."
100000006612238100,peripheral,0.6,23,0.544,"Роль не определена: 1 отправителей, 1 получателей; вход 160,000, выход 25,000 KZT."
100000006638021100,peripheral,0.2,58,0.419,"Роль не определена: 2 отправителей, 0 получателей; вход 388,500, выход 0 KZT. Обрыв на depth=4: 0 исходящих — эффект границы выгрузки."
100000006641671100,transit,0.69,9,0.388,"Признаки транзита: вход 22,000 KZT, выход 25,000 KZT (114% входа); 2 отправителей."
100000006656003100,peripheral,0.6,23,0.422,"Роль не определена: 1 отправителей, 1 получателей; вход 20,000, выход 9,000 KZT."
100000006658598100,peripheral,0.6,17,0.492,"Роль не определена: 1 отправителей, 0 получателей; вход 9,000, выход 0 KZT."
100000006664478100,transit,0.679,47,0.409,"Признаки транзита: вход 55,000 KZT, выход 60,000 KZT (109% входа); 1 отправителей."
100000006679055100,peripheral,0.6,3,0.52,"Роль не определена: 1 отправителей, 0 получателей; вход 25,000, выход 0 KZT."
100000006684930100,peripheral,0.6,13,0.495,"Роль не определена: 1 отправителей, 0 получателей; вход 10,000, выход 0 KZT."
100000006687202100,peripheral,0.6,1,0.54,"Роль не определена: 1 отправителей, 0 получателей; вход 50,000, выход 0 KZT."
100000006689603100,peripheral,0.2,9,0.398,"Роль не определена: 1 отправителей, 0 получателей; вход 400,000, выход 0 KZT. Обрыв на depth=4: 0 исходящих — эффект границы выгрузки."
100000006693788100,peripheral,0.2,1,0.297,"Роль не определена: 1 отправителей, 0 получателей; вход 10,764, выход 0 KZT. Обрыв на depth=4: 0 исходящих — эффект границы выгрузки."
100000006701983100,peripheral,0.6,23,0.522,"Роль не определена: 1 отправителей, 0 получателей; вход 27,000, выход 0 KZT."
100000006704530100,transit,0.94,15,0.474,"Признаки транзита: вход 450,500 KZT, выход 428,000 KZT (95% входа); 1 отправителей."
100000006706519100,peripheral,0.2,1,0.33,"Роль не определена: 1 отправителей, 0 получателей; вход 36,000, выход 0 KZT. Обрыв на depth=4: 0 исходящих — эффект границы выгрузки."
100000006707582100,distributor,0.978,19,0.723,"Признаки распределения: 14 получателей, 2 отправителей; вход 39,520, выход 961,138 KZT."
100000006710485100,peripheral,0.6,23,0.514,"Роль не определена: 1 отправителей, 0 получателей; вход 20,000, выход 0 KZT."
100000006714366100,peripheral,0.6,13,0.4,"Роль не определена: 1 отправителей, 1 получателей; вход 10,500, выход 5,000 KZT."
100000006734214100,terminal,0.968,11,0.67,"Возможный конечный получатель: вход 610,000, выход 36,000 KZT; выход 6% входа, отправителей 5."
100000006734554100,peripheral,0.6,28,0.397,"Роль не определена: 1 отправителей, 1 получателей; вход 16,500, выход 25,000 KZT."
100000006735545100,peripheral,0.2,9,0.275,"Роль не определена: 1 отправителей, 0 получателей; вход 5,000, выход 0 KZT. Обрыв на depth=4: 0 исходящих — эффект границы выгрузки."
100000006745291100,peripheral,0.6,12,0.554,"Роль не определена: 1 отправителей, 0 получателей; вход 82,534, выход 0 KZT."
100000006746688100,peripheral,0.6,23,0.534,"Роль не определена: 1 отправителей, 0 получателей; вход 41,000, выход 0 KZT."
100000006755850100,terminal,0.812,11,0.601,"Возможный конечный получатель: вход 443,476, выход 0 KZT; выход 0% входа, отправителей 1."
100000006756956100,peripheral,0.2,1,0.364,"Роль не определена: 1 отправителей, 0 получателей; вход 121,200, выход 0 KZT. Обрыв на depth=4: 0 исходящих — эффект границы выгрузки."
100000006787636100,peripheral,0.6,6,0.514,"Роль не определена: 1 отправителей, 0 получателей; вход 20,000, выход 0 KZT."
100000006788200100,consolidator,0.501,2,0.591,"Признаки консолидации: 4 отправителей, 3 получателей; вход 272,156, выход 64,500 KZT."
100000006789108100,peripheral,0.6,12,0.532,"Роль не определена: 1 отправителей, 0 получателей; вход 37,500, выход 0 KZT."
100000006831291100,peripheral,0.2,82,0.406,"Роль не определена: 0 отправителей, 1 получателей; вход 0, выход 15,000 KZT. Seed: входящие неполны; баланс не используется."
100000006844004100,peripheral,0.6,1,0.515,"Роль не определена: 1 отправителей, 0 получателей; вход 20,600, выход 0 KZT."
100000006844768100,peripheral,0.2,1,0.48,"Роль не определена: 1 отправителей, 2 получателей; вход 282,000, выход 188,000 KZT."
100000006852430100,peripheral,0.6,12,0.531,"Роль не определена: 1 отправителей, 0 получателей; вход 37,000, выход 0 KZT."
100000006866783100,coordinator,0.628,1,0.767,"Признаки координации: 13 отправителей и 67 получателей; вход 838,812, выход 3,948,037 KZT. Seed: входящие неполны; баланс не используется."
100000006866831100,peripheral,0.2,1,0.309,"Роль не определена: 1 отправителей, 0 получателей; вход 16,500, выход 0 KZT. Обрыв на depth=4: 0 исходящих — эффект границы выгрузки."
100000006882208100,peripheral,0.6,17,0.511,"Роль не определена: 1 отправителей, 0 получателей; вход 18,000, выход 0 KZT."
100000006888238100,peripheral,0.6,51,0.41,"Роль не определена: 1 отправителей, 1 получателей; вход 18,000, выход 30,000 KZT."
100000006889963100,consolidator,0.622,11,0.606,"Признаки консолидации: 4 отправителей, 1 получателей; вход 1,431,000, выход 443,476 KZT."
100000006894637100,peripheral,0.6,1,0.541,"Роль не определена: 1 отправителей, 0 получателей; вход 52,831, выход 0 KZT."
100000006901046100,terminal,0.588,17,0.548,"Возможный конечный получатель: вход 75,800, выход 5,500 KZT; выход 7% входа, отправителей 1."
100000006903193100,peripheral,0.2,1,0.292,"Роль не определена: 1 отправителей, 0 получателей; вход 9,000, выход 0 KZT. Обрыв на depth=4: 0 исходящих — эффект границы выгрузки."
100000006912294100,peripheral,0.2,5,0.499,"Роль не определена: 1 отправителей, 2 получателей; вход 6,335, выход 30,000 KZT."
100000006918814100,peripheral,0.2,3,0.314,"Роль не определена: 1 отправителей, 0 получателей; вход 20,000, выход 0 KZT. Обрыв на depth=4: 0 исходящих — эффект границы выгрузки."
100000006919124100,peripheral,0.6,1,0.52,"Роль не определена: 1 отправителей, 0 получателей; вход 25,000, выход 0 KZT."
100000006952718100,peripheral,0.6,17,0.55,"Роль не определена: 1 отправителей, 0 получателей; вход 71,489, выход 0 KZT."
100000006965162100,peripheral,0.6,16,0.495,"Роль не определена: 1 отправителей, 0 получателей; вход 10,000, выход 0 KZT."
100000006967370100,peripheral,0.6,29,0.444,"Роль не определена: 1 отправителей, 1 получателей; вход 33,225, выход 13,526 KZT."
100000006972210100,terminal,0.914,5,0.641,"Возможный конечный получатель: вход 488,775, выход 0 KZT; выход 0% входа, отправителей 3."
100000006977207100,distributor,0.965,9,0.745,"Признаки распределения: 15 получателей, 1 отправителей; вход 414,000, выход 4,157,018 KZT."
100000006989106100,peripheral,0.6,2,0.547,"Роль не определена: 1 отправителей, 0 получателей; вход 64,000, выход 0 KZT."
100000006989232100,peripheral,0.6,1,0.517,"Роль не определена: 1 отправителей, 0 получателей; вход 22,194, выход 0 KZT."
100000006994985100,peripheral,0.2,2,0.497,"Роль не определена: 1 отправителей, 1 получателей; вход 48,500, выход 10,200 KZT."
100000007005380100,peripheral,0.6,11,0.493,"Роль не определена: 1 отправителей, 0 получателей; вход 9,400, выход 0 KZT."
100000007018630100,peripheral,0.2,38,0.478,"Роль не определена: 0 отправителей, 1 получателей; вход 0, выход 200,000 KZT. Seed: входящие неполны; баланс не используется."
100000007020162100,peripheral,0.6,41,0.555,"Роль не определена: 1 отправителей, 0 получателей; вход 86,395, выход 0 KZT."
100000007022818100,peripheral,0.6,23,0.51,"Роль не определена: 1 отправителей, 0 получателей; вход 17,200, выход 0 KZT."
100000007034089100,peripheral,0.2,5,0.4,"Роль не определена: 2 отправителей, 0 получателей; вход 198,000, выход 0 KZT. Обрыв на depth=4: 0 исходящих — эффект границы выгрузки."
100000007042175100,peripheral,0.2,1,0.345,"Роль не определена: 1 отправителей, 0 получателей; вход 60,000, выход 0 KZT. Обрыв на depth=4: 0 исходящих — эффект границы выгрузки."
100000007055802100,consolidator,0.715,1,0.633,"Признаки консолидации: 6 отправителей, 1 получателей; вход 2,024,999, выход 605,000 KZT."
100000007071852100,peripheral,0.2,9,0.378,"Роль не определена: 1 отправителей, 0 получателей; вход 195,000, выход 0 KZT. Обрыв на depth=4: 0 исходящих — эффект границы выгрузки."
100000007129492100,peripheral,0.2,12,0.425,"Роль не определена: 2 отправителей, 1 получателей; вход 50,990, выход 37,000 KZT."
100000007131370100,peripheral,0.6,4,0.367,"Роль не определена: 1 отправителей, 1 получателей; вход 30,000, выход 30,000 KZT."
100000007138613100,terminal,0.822,1,0.627,"Возможный конечный получатель: вход 1,002,000, выход 179,000 KZT; выход 18% входа, отправителей 3."
100000007140834100,peripheral,0.6,2,0.495,"Роль не определена: 1 отправителей, 0 получателей; вход 10,200, выход 0 KZT."
100000007153161100,peripheral,0.2,1,0.337,"Роль не определена: 1 отправителей, 0 получателей; вход 44,997, выход 0 KZT. Обрыв на depth=4: 0 исходящих — эффект границы выгрузки."
100000007170072100,transit,0.797,9,0.416,"Признаки транзита: вход 100,000 KZT, выход 99,500 KZT (100% входа); 1 отправителей."
100000007173936100,peripheral,0.6,34,0.495,"Роль не определена: 1 отправителей, 0 получателей; вход 10,000, выход 0 KZT."
100000007175718100,peripheral,0.6,53,0.514,"Роль не определена: 1 отправителей, 0 получателей; вход 20,000, выход 0 KZT."
100000007181706100,peripheral,0.6,3,0.597,"Роль не определена: 2 отправителей, 0 получателей; вход 176,272, выход 0 KZT."
100000007197866100,peripheral,0.6,9,0.38,"Роль не определена: 1 отправителей, 1 получателей; вход 20,000, выход 15,000 KZT."
100000007229557100,terminal,0.92,36,0.657,"Возможный конечный получатель: вход 878,000, выход 0 KZT; выход 0% входа, отправителей 3."
100000007242833100,peripheral,0.2,8,0.475,"Роль не определена: 1 отправителей, 1 получателей; вход 107,500, выход 45,000 KZT."
100000007267915100,peripheral,0.2,29,0.435,"Роль не определена: 2 отправителей, 1 получателей; вход 21,000, выход 10,000 KZT."
100000007274584100,peripheral,0.6,3,0.532,"Роль не определена: 1 отправителей, 0 получателей; вход 38,000, выход 0 KZT."
100000007281639100,terminal,0.738,17,0.603,"Возможный конечный получатель: вход 216,770, выход 0 KZT; выход 0% входа, отправителей 2."
100000007283257100,terminal,0.686,72,0.577,"Возможный конечный получатель: вход 192,000, выход 0 KZT; выход 0% входа, отправителей 1."
100000007289427100,peripheral,0.6,3,0.5,"Роль не определена: 1 отправителей, 0 получателей; вход 12,300, выход 0 KZT."
100000007303047100,peripheral,0.6,23,0.541,"Роль не определена: 1 отправителей, 0 получателей; вход 52,250, выход 0 KZT."
100000007311010100,peripheral,0.2,3,0.497,"Роль не определена: 2 отправителей, 1 получателей; вход 64,480, выход 20,000 KZT."
100000007322059100,transit,0.628,42,0.403,"Признаки транзита: вход 29,000 KZT, выход 22,500 KZT (78% входа); 2 отправителей."
100000007330432100,peripheral,0.2,52,0.408,"Роль не определена: 1 отправителей, 0 получателей; вход 584,900, выход 0 KZT. Обрыв на depth=4: 0 исходящих — эффект границы выгрузки."
100000007333038100,peripheral,0.2,25,0.445,"Роль не определена: 1 отправителей, 2 получателей; вход 17,500, выход 34,994 KZT."
100000007334196100,peripheral,0.6,12,0.57,"Роль не определена: 1 отправителей, 0 получателей; вход 150,002, выход 0 KZT."
100000007337374100,peripheral,0.6,23,0.514,"Роль не определена: 1 отправителей, 0 получателей; вход 20,000, выход 0 KZT."
100000007347733100,peripheral,0.6,82,0.518,"Роль не определена: 1 отправителей, 0 получателей; вход 23,007, выход 0 KZT."
100000007357489100,peripheral,0.2,5,0.395,"Роль не определена: 2 отправителей, 0 получателей; вход 164,500, выход 0 KZT. Обрыв на depth=4: 0 исходящих — эффект границы выгрузки."
100000007381662100,peripheral,0.2,1,0.297,"Роль не определена: 1 отправителей, 0 получателей; вход 11,000, выход 0 KZT. Обрыв на depth=4: 0 исходящих — эффект границы выгрузки."
100000007382152100,peripheral,0.6,1,0.48,"Роль не определена: 1 отправителей, 0 получателей; вход 5,860, выход 0 KZT."
100000007382543100,distributor,0.482,16,0.557,"Признаки распределения: 5 получателей, 3 отправителей; вход 218,000, выход 427,000 KZT."
100000007390016100,peripheral,0.2,83,0.479,"Роль не определена: 1 отправителей, 1 получателей; вход 511,000, выход 346,500 KZT."
100000007392365100,distributor,0.818,63,0.712,"Признаки распределения: 6 получателей, 1 отправителей; вход 9,613, выход 1,765,600 KZT."
100000007442518100,distributor,0.915,34,0.736,"Признаки распределения: 9 получателей, 5 отправителей; вход 510,000, выход 4,419,999 KZT."
100000007472293100,distributor,0.549,58,0.638,"Признаки распределения: 3 получателей, 1 отправителей; вход 5,000, выход 345,900 KZT."
100000007484343100,peripheral,0.6,1,0.544,"Роль не определена: 2 отправителей, 0 получателей; вход 26,757, выход 0 KZT."
100000007487729100,peripheral,0.6,1,0.52,"Роль не определена: 1 отправителей, 0 получателей; вход 25,000, выход 0 KZT."
100000007507343100,peripheral,0.6,56,0.596,"Роль не определена: 1 отправителей, 0 получателей; вход 370,000, выход 0 KZT."
100000007510567100,peripheral,0.2,19,0.341,"Роль не определена: 1 отправителей, 0 получателей; вход 52,000, выход 0 KZT. Обрыв на depth=4: 0 исходящих — эффект границы выгрузки."
100000007510875100,peripheral,0.6,5,0.475,"Роль не определена: 1 отправителей, 0 получателей; вход 5,000, выход 0 KZT."
100000007511163100,distributor,0.23,17,0.454,"Признаки распределения: 3 получателей, 2 отправителей; вход 63,666, выход 82,052 KZT."
100000007511780100,peripheral,0.2,1,0.371,"Роль не определена: 1 отправителей, 0 получателей; вход 155,000, выход 0 KZT. Обрыв на depth=4: 0 исходящих — эффект границы выгрузки."
100000007534354100,distributor,0.396,19,0.527,"Признаки распределения: 3 получателей, 1 отправителей; вход 50,000, выход 147,810 KZT."
100000007536804100,peripheral,0.2,2,0.467,"Роль не определена: 1 отправителей, 2 получателей; вход 100,000, выход 55,000 KZT."
100000007539296100,peripheral,0.2,11,0.337,"Роль не определена: 1 отправителей, 0 получателей; вход 46,000, выход 0 KZT. Обрыв на depth=4: 0 исходящих — эффект границы выгрузки."
100000007544358100,transit,0.871,17,0.458,"Признаки транзита: вход 322,500 KZT, выход 350,000 KZT (109% входа); 2 отправителей."
100000007591246100,peripheral,0.6,13,0.552,"Роль не определена: 1 отправителей, 1 получателей; вход 12,190, выход 120,000 KZT."
100000007593823100,distributor,0.779,1,0.639,"Признаки распределения: 13 получателей, 3 отправителей; вход 25,000, выход 162,900 KZT."
100000007594394100,peripheral,0.2,44,0.693,"Роль не определена: 6 отправителей, 1 получателей; вход 395,385, выход 3,376,312 KZT."
100000007597382100,peripheral,0.6,11,0.507,"Роль не определена: 1 отправителей, 0 получателей; вход 15,700, выход 0 KZT."
100000007617808100,peripheral,0.6,17,0.601,"Роль не определена: 1 отправителей, 0 получателей; вход 450,000, выход 0 KZT."
100000007618425100,peripheral,0.6,29,0.533,"Роль не определена: 1 отправителей, 0 получателей; вход 39,348, выход 0 KZT."
100000007629096100,consolidator,0.481,1,0.533,"Признаки консолидации: 4 отправителей, 1 получателей; вход 1,075,170, выход 765,205 KZT."
100000007629121100,peripheral,0.6,3,0.524,"Роль не определена: 1 отправителей, 0 получателей; вход 29,000, выход 0 KZT."
100000007631637100,peripheral,0.6,23,0.507,"Роль не определена: 1 отправителей, 0 получателей; вход 15,341, выход 0 KZT."
100000007639767100,distributor,0.926,1,0.69,"Признаки распределения: 10 получателей, 4 отправителей; вход 90,913, выход 822,244 KZT."
100000007641183100,peripheral,0.6,17,0.523,"Роль не определена: 1 отправителей, 0 получателей; вход 28,000, выход 0 KZT."
100000007641801100,peripheral,0.6,2,0.578,"Роль не определена: 1 отправителей, 0 получателей; вход 200,000, выход 0 KZT."
100000007647294100,peripheral,0.6,39,0.597,"Роль не определена: 1 отправителей, 0 получателей; вход 385,000, выход 0 KZT."
100000007648946100,peripheral,0.6,13,0.383,"Роль не определена: 1 отправителей, 1 получателей; вход 19,550, выход 25,000 KZT."
100000007653003100,peripheral,0.6,29,0.559,"Роль не определена: 1 отправителей, 0 получателей; вход 100,000, выход 0 KZT."
100000007653094100,peripheral,0.2,13,0.308,"Роль не определена: 1 отправителей, 0 получателей; вход 16,000, выход 0 KZT. Обрыв на depth=4: 0 исходящих — эффект границы выгрузки."
100000007689942100,peripheral,0.2,44,0.496,"Роль не определена: 1 отправителей, 2 получателей; вход 5,000, выход 25,000 KZT."
100000007731977100,peripheral,0.2,1,0.34,"Роль не определена: 1 отправителей, 0 получателей; вход 50,000, выход 0 KZT. Обрыв на depth=4: 0 исходящих — эффект границы выгрузки."
100000007737775100,peripheral,0.6,12,0.48,"Роль не определена: 1 отправителей, 0 получателей; вход 6,000, выход 0 KZT."
100000007745062100,peripheral,0.2,8,0.359,"Роль не определена: 1 отправителей, 0 получателей; вход 100,000, выход 0 KZT. Обрыв на depth=4: 0 исходящих — эффект границы выгрузки."
100000007747786100,distributor,0.65,2,0.714,"Признаки распределения: 31 получателей, 0 отправителей; вход 0, выход 4,238,009 KZT. Seed: входящие неполны; баланс не используется."
100000007749092100,peripheral,0.2,17,0.535,"Роль не определена: 1 отправителей, 1 получателей; вход 7,650, выход 70,375 KZT."
100000007749747100,peripheral,0.2,43,0.34,"Роль не определена: 1 отправителей, 0 получателей; вход 50,000, выход 0 KZT. Обрыв на depth=4: 0 исходящих — эффект границы выгрузки."
100000007754369100,peripheral,0.6,1,0.554,"Роль не определена: 1 отправителей, 0 получателей; вход 82,424, выход 0 KZT."
100000007777377100,terminal,0.806,17,0.631,"Возможный конечный получатель: вход 456,290, выход 10,000 KZT; выход 2% входа, отправителей 1."
100000007793871100,terminal,0.603,19,0.521,"Возможный конечный получатель: вход 26,000, выход 0 KZT; выход 0% входа, отправителей 1."
100000007797290100,peripheral,0.6,1,0.519,"Роль не определена: 1 отправителей, 1 получателей; вход 100,000, выход 20,000 KZT."
100000007811950100,peripheral,0.2,14,0.34,"Роль не определена: 1 отправителей, 0 получателей; вход 50,000, выход 0 KZT. Обрыв на depth=4: 0 исходящих — эффект границы выгрузки."
100000007841978100,peripheral,0.2,11,0.401,"Роль не определена: 1 отправителей, 0 получателей; вход 449,000, выход 0 KZT. Обрыв на depth=4: 0 исходящих — эффект границы выгрузки."
100000007861311100,peripheral,0.6,2,0.537,"Роль не определена: 1 отправителей, 0 получателей; вход 45,000, выход 0 KZT."
100000007863304100,peripheral,0.6,11,0.52,"Роль не определена: 1 отправителей, 0 получателей; вход 25,000, выход 0 KZT."
100000007864477100,distributor,0.53,1,0.56,"Признаки распределения: 6 получателей, 2 отправителей; вход 76,000, выход 203,500 KZT."
100000007865484100,peripheral,0.2,63,0.408,"Роль не определена: 1 отправителей, 0 получателей; вход 584,600, выход 0 KZT. Обрыв на depth=4: 0 исходящих — эффект границы выгрузки."
100000007867364100,peripheral,0.2,44,0.335,"Роль не определена: 1 отправителей, 0 получателей; вход 41,852, выход 0 KZT. Обрыв на depth=4: 0 исходящих — эффект границы выгрузки."
100000007898453100,peripheral,0.2,3,0.602,"Роль не определена: 1 отправителей, 2 получателей; вход 24,750, выход 320,000 KZT."
100000007908818100,consolidator,0.53,9,0.599,"Признаки консолидации: 4 отправителей, 6 получателей; вход 727,475, выход 302,000 KZT."
100000007930878100,peripheral,0.6,24,0.475,"Роль не определена: 1 отправителей, 0 получателей; вход 5,000, выход 0 KZT."
100000007938486100,peripheral,0.6,23,0.533,"Роль не определена: 1 отправителей, 0 получателей; вход 39,500, выход 0 KZT."
100000007939160100,terminal,0.83,24,0.648,"Возможный конечный получатель: вход 795,000, выход 14,300 KZT; выход 2% входа, отправителей 1."
100000007953156100,peripheral,0.6,41,0.403,"Роль не определена: 1 отправителей, 1 получателей; вход 18,000, выход 10,000 KZT."
100000007960337100,peripheral,0.2,9,0.33,"Роль не определена: 1 отправителей, 0 получателей; вход 35,500, выход 0 KZT. Обрыв на depth=4: 0 исходящих — эффект границы выгрузки."
100000007982728100,distributor,0.56,2,0.621,"Признаки распределения: 8 получателей, 0 отправителей; вход 0, выход 1,804,384 KZT. Seed: входящие неполны; баланс не используется."
100000007982908100,peripheral,0.6,23,0.526,"Роль не определена: 1 отправителей, 0 получателей; вход 31,080, выход 0 KZT."
100000007988344100,peripheral,0.2,1,0.314,"Роль не определена: 1 отправителей, 0 получателей; вход 20,000, выход 0 KZT. Обрыв на depth=4: 0 исходящих — эффект границы выгрузки."
100000007997939100,peripheral,0.2,5,0.302,"Роль не определена: 1 отправителей, 0 получателей; вход 13,000, выход 0 KZT. Обрыв на depth=4: 0 исходящих — эффект границы выгрузки."
100000007998965100,terminal,0.838,19,0.624,"Возможный конечный получатель: вход 278,000, выход 26,000 KZT; выход 9% входа, отправителей 5."
100000007999728100,peripheral,0.6,41,0.518,"Роль не определена: 1 отправителей, 0 получателей; вход 23,250, выход 0 KZT."
100000008002020100,peripheral,0.6,8,0.503,"Роль не определена: 1 отправителей, 1 получателей; вход 73,860, выход 17,000 KZT."
100000008003034100,distributor,0.525,13,0.596,"Признаки распределения: 4 получателей, 1 отправителей; вход 12,201, выход 135,000 KZT."
100000008008463100,peripheral,0.6,2,0.542,"Роль не определена: 1 отправителей, 0 получателей; вход 54,180, выход 0 KZT."
100000008011159100,consolidator,0.41,64,0.568,"Признаки консолидации: 3 отправителей, 5 получателей; вход 363,000, выход 153,037 KZT."
100000008011573100,peripheral,0.6,29,0.506,"Роль не определена: 1 отправителей, 0 получателей; вход 15,000, выход 0 KZT."
100000008027922100,peripheral,0.2,30,0.349,"Роль не определена: 1 отправителей, 0 получателей; вход 70,000, выход 0 KZT. Обрыв на depth=4: 0 исходящих — эффект границы выгрузки."
100000008028628100,peripheral,0.6,23,0.543,"Роль не определена: 1 отправителей, 0 получателей; вход 57,224, выход 0 KZT."
100000008029279100,peripheral,0.6,9,0.51,"Роль не определена: 1 отправителей, 0 получателей; вход 17,000, выход 0 KZT."
100000008038077100,peripheral,0.6,11,0.604,"Роль не определена: 1 отправителей, 0 получателей; вход 499,850, выход 0 KZT."
100000008042075100,peripheral,0.6,22,0.475,"Роль не определена: 1 отправителей, 0 получателей; вход 5,000, выход 0 KZT."
100000008043184100,peripheral,0.6,29,0.54,"Роль не определена: 1 отправителей, 0 получателей; вход 50,564, выход 0 KZT."
100000008050986100,peripheral,0.2,11,0.358,"Роль не определена: 1 отправителей, 0 получателей; вход 95,000, выход 0 KZT. Обрыв на depth=4: 0 исходящих — эффект границы выгрузки."
100000008055972100,peripheral,0.6,23,0.524,"Роль не определена: 1 отправителей, 0 получателей; вход 28,300, выход 0 KZT."
100000008060273100,peripheral,0.6,9,0.495,"Роль не определена: 1 отправителей, 0 получателей; вход 10,000, выход 0 KZT."
100000008066326100,peripheral,0.6,1,0.513,"Роль не определена: 1 отправителей, 0 получателей; вход 19,320, выход 0 KZT."
100000008070101100,peripheral,0.6,5,0.559,"Роль не определена: 1 отправителей, 0 получателей; вход 100,000, выход 0 KZT."
100000008071620100,peripheral,0.6,1,0.538,"Роль не определена: 1 отправителей, 0 получателей; вход 46,968, выход 0 KZT."
100000008071749100,peripheral,0.2,19,0.32,"Роль не определена: 1 отправителей, 0 получателей; вход 24,943, выход 0 KZT. Обрыв на depth=4: 0 исходящих — эффект границы выгрузки."
100000008074304100,peripheral,0.2,11,0.278,"Роль не определена: 1 отправителей, 0 получателей; вход 5,500, выход 0 KZT. Обрыв на depth=4: 0 исходящих — эффект границы выгрузки."
100000008077552100,peripheral,0.6,9,0.58,"Роль не определена: 1 отправителей, 0 получателей; вход 214,000, выход 0 KZT."
100000008086440100,transit,0.725,1,0.484,"Признаки транзита: вход 199,733 KZT, выход 161,300 KZT (81% входа); 1 отправителей."
100000008088082100,peripheral,0.6,13,0.402,"Роль не определена: 1 отправителей, 1 получателей; вход 39,138, выход 50,000 KZT."
100000008094734100,terminal,0.828,1,0.633,"Возможный конечный получатель: вход 236,249, выход 0 KZT; выход 0% входа, отправителей 4."
100000008097580100,terminal,0.646,9,0.549,"Возможный конечный получатель: вход 32,000, выход 0 KZT; выход 0% входа, отправителей 2."
100000008104567100,consolidator,0.234,19,0.454,"Признаки консолидации: 3 отправителей, 3 получателей; вход 53,550, выход 40,000 KZT."
100000008106997100,peripheral,0.2,1,0.434,"Роль не определена: 2 отправителей, 1 получателей; вход 35,600, выход 20,600 KZT."
100000008111003100,terminal,0.775,1,0.606,"Возможный конечный получатель: вход 222,716, выход 35,000 KZT; выход 16% входа, отправителей 6."
100000008116374100,peripheral,0.6,17,0.527,"Роль не определена: 1 отправителей, 0 получателей; вход 31,284, выход 0 KZT."
100000008117324100,peripheral,0.6,84,0.1,"Роль не определена: 0 отправителей, 0 получателей; вход 0, выход 0 KZT. Seed: входящие неполны; баланс не используется."
100000008121806100,distributor,0.485,9,0.566,"Признаки распределения: 4 получателей, 1 отправителей; вход 67,000, выход 248,509 KZT."
100000008129393100,peripheral,0.6,82,0.495,"Роль не определена: 1 отправителей, 0 получателей; вход 10,000, выход 0 KZT."
100000008130868100,peripheral,0.2,25,0.318,"Роль не определена: 1 отправителей, 0 получателей; вход 22,782, выход 0 KZT. Обрыв на depth=4: 0 исходящих — эффект границы выгрузки."
100000008136608100,peripheral,0.2,19,0.374,"Роль не определена: 1 отправителей, 0 получателей; вход 170,000, выход 0 KZT. Обрыв на depth=4: 0 исходящих — эффект границы выгрузки."
100000008137435100,distributor,0.797,30,0.691,"Признаки распределения: 6 получателей, 2 отправителей; вход 93,906, выход 1,419,700 KZT."
100000008141170100,peripheral,0.6,17,0.497,"Роль не определена: 1 отправителей, 0 получателей; вход 11,000, выход 0 KZT."
100000008144528100,terminal,1.0,17,0.685,"Возможный конечный получатель: вход 1,068,203, выход 0 KZT; выход 0% входа, отправителей 5."
100000008151098100,peripheral,0.2,15,0.325,"Роль не определена: 1 отправителей, 0 получателей; вход 30,000, выход 0 KZT. Обрыв на depth=4: 0 исходящих — эффект границы выгрузки."
100000008165763100,coordinator,0.863,3,0.608,"Признаки координации: 15 отправителей и 17 получателей; вход 1,165,815, выход 1,267,858 KZT."
100000008168850100,peripheral,0.2,11,0.377,"Роль не определена: 1 отправителей, 0 получателей; вход 187,910, выход 0 KZT. Обрыв на depth=4: 0 исходящих — эффект границы выгрузки."
100000008169544100,peripheral,0.2,17,0.54,"Роль не определена: 1 отправителей, 4 получателей; вход 137,104, выход 42,800 KZT."
100000008172352100,distributor,0.614,42,0.594,"Признаки распределения: 7 получателей, 3 отправителей; вход 90,265, выход 289,510 KZT."
100000008172721100,peripheral,0.2,9,0.374,"Роль не определена: 1 отправителей, 0 получателей; вход 168,335, выход 0 KZT. Обрыв на depth=4: 0 исходящих — эффект границы выгрузки."
100000008173359100,peripheral,0.6,17,0.481,"Роль не определена: 1 отправителей, 0 получателей; вход 6,110, выход 0 KZT."
100000008174521100,peripheral,0.6,17,0.553,"Роль не определена: 1 отправителей, 0 получателей; вход 82,110, выход 0 KZT."
100000008175078100,peripheral,0.2,21,0.44,"Роль не определена: 1 отправителей, 0 получателей; вход 1,846,711, выход 0 KZT. Обрыв на depth=4: 0 исходящих — эффект границы выгрузки."
100000008183752100,peripheral,0.2,36,0.368,"Роль не определена: 1 отправителей, 0 получателей; вход 140,000, выход 0 KZT. Обрыв на depth=4: 0 исходящих — эффект границы выгрузки."
100000008188026100,distributor,0.508,4,0.586,"Признаки распределения: 4 получателей, 2 отправителей; вход 86,468, выход 337,983 KZT."
100000008190411100,peripheral,0.2,49,0.378,"Роль не определена: 1 отправителей, 0 получателей; вход 198,450, выход 0 KZT. Обрыв на depth=4: 0 исходящих — эффект границы выгрузки."
100000008190442100,peripheral,0.6,23,0.502,"Роль не определена: 1 отправителей, 0 получателей; вход 13,000, выход 0 KZT."
100000008192264100,transit,0.758,11,0.43,"Признаки транзита: вход 162,810 KZT, выход 187,910 KZT (115% входа); 1 отправителей."
100000008193258100,peripheral,0.2,29,0.468,"Роль не определена: 1 отправителей, 1 получателей; вход 75,000, выход 30,000 KZT."
100000008193577100,distributor,0.559,10,0.588,"Признаки распределения: 5 получателей, 2 отправителей; вход 154,300, выход 480,180 KZT."
100000008200810100,peripheral,0.6,25,0.602,"Роль не определена: 1 отправителей, 0 получателей; вход 475,000, выход 0 KZT."
100000008205000100,peripheral,0.6,85,0.1,"Роль не определена: 0 отправителей, 0 получателей; вход 0, выход 0 KZT. Seed: входящие неполны; баланс не используется."
100000008205937100,terminal,0.608,13,0.53,"Возможный конечный получатель: вход 35,000, выход 0 KZT; выход 0% входа, отправителей 1."
100000008213966100,peripheral,0.2,16,0.54,"Роль не определена: 3 отправителей, 1 получателей; вход 187,004, выход 436,900 KZT."
100000008219168100,peripheral,0.6,2,0.541,"Роль не определена: 1 отправителей, 0 получателей; вход 53,200, выход 0 KZT."
100000008221543100,peripheral,0.6,29,0.628,"Роль не определена: 2 отправителей, 0 получателей; вход 542,000, выход 0 KZT."
100000008221765100,peripheral,0.2,11,0.371,"Роль не определена: 1 отправителей, 0 получателей; вход 156,354, выход 0 KZT. Обрыв на depth=4: 0 исходящих — эффект границы выгрузки."
100000008223661100,distributor,0.358,43,0.503,"Признаки распределения: 5 получателей, 2 отправителей; вход 202,000, выход 262,580 KZT."
100000008223756100,peripheral,0.6,9,0.614,"Роль не определена: 2 отправителей, 0 получателей; вход 331,682, выход 0 KZT."
100000008229700100,peripheral,0.6,8,0.454,"Роль не определена: 1 отправителей, 1 получателей; вход 23,500, выход 7,200 KZT."
100000008232832100,peripheral,0.2,43,0.508,"Роль не определена: 1 отправителей, 1 получателей; вход 337,000, выход 138,000 KZT."
100000008237827100,peripheral,0.6,3,0.533,"Роль не определена: 1 отправителей, 0 получателей; вход 40,001, выход 0 KZT."
100000008238112100,peripheral,0.6,11,0.577,"Роль не определена: 1 отправителей, 0 получателей; вход 190,000, выход 0 KZT."
100000008238989100,peripheral,0.6,30,0.578,"Роль не определена: 1 отправителей, 0 получателей; вход 200,000, выход 0 KZT."
100000008244300100,terminal,0.783,11,0.607,"Возможный конечный получатель: вход 65,430, выход 0 KZT; выход 0% входа, отправителей 5."
100000008251939100,peripheral,0.2,19,0.336,"Роль не определена: 1 отправителей, 0 получателей; вход 44,360, выход 0 KZT. Обрыв на depth=4: 0 исходящих — эффект границы выгрузки."
100000008254069100,distributor,0.563,48,0.597,"Признаки распределения: 5 получателей, 1 отправителей; вход 10,200, выход 107,500 KZT."
100000008254576100,peripheral,0.6,39,0.523,"Роль не определена: 1 отправителей, 1 получателей; вход 8,000, выход 60,000 KZT."
100000008255655100,peripheral,0.2,29,0.277,"Роль не определена: 1 отправителей, 0 получателей; вход 5,400, выход 0 KZT. Обрыв на depth=4: 0 исходящих — эффект границы выгрузки."
100000008258083100,peripheral,0.2,34,0.561,"Роль не определена: 2 отправителей, 2 получателей; вход 3,149,500, выход 2,045,650 KZT."
100000008258458100,peripheral,0.2,68,0.669,"Роль не определена: 1 отправителей, 2 получателей; вход 19,000, выход 1,557,988 KZT."
100000008259451100,peripheral,0.6,41,0.542,"Роль не определена: 1 отправителей, 0 получателей; вход 55,000, выход 0 KZT."
100000008279405100,peripheral,0.6,9,0.583,"Роль не определена: 1 отправителей, 0 получателей; вход 234,738, выход 0 KZT."
100000008283183100,peripheral,0.6,23,0.524,"Роль не определена: 1 отправителей, 0 получателей; вход 29,000, выход 0 KZT."
100000008289539100,peripheral,0.6,4,0.506,"Роль не определена: 1 отправителей, 0 получателей; вход 14,912, выход 0 KZT."
100000008293431100,distributor,0.617,1,0.639,"Признаки распределения: 5 получателей, 1 отправителей; вход 15,000, выход 297,000 KZT."
100000008295429100,peripheral,0.6,11,0.594,"Роль не определена: 1 отправителей, 0 получателей; вход 352,000, выход 0 KZT."
100000008297199100,peripheral,0.6,1,0.535,"Роль не определена: 1 отправителей, 0 получателей; вход 42,268, выход 0 KZT."
100000008304115100,peripheral,0.6,8,0.54,"Роль не определена: 1 отправителей, 0 получателей; вход 51,000, выход 0 KZT."
100000008304139100,distributor,0.961,3,0.746,"Признаки распределения: 24 получателей, 4 отправителей; вход 189,330, выход 1,692,997 KZT."
100000008306857100,peripheral,0.6,25,0.565,"Роль не определена: 1 отправителей, 0 получателей; вход 125,000, выход 0 KZT."
100000008308418100,peripheral,0.2,1,0.34,"Роль не определена: 1 отправителей, 0 получателей; вход 50,000, выход 0 KZT. Обрыв на depth=4: 0 исходящих — эффект границы выгрузки."
100000008309514100,peripheral,0.6,23,0.51,"Роль не определена: 1 отправителей, 0 получателей; вход 17,200, выход 0 KZT."
100000008314203100,peripheral,0.2,43,0.563,"Роль не определена: 2 отправителей, 2 получателей; вход 382,076, выход 327,000 KZT. Seed: входящие неполны; баланс не используется."
100000008314863100,peripheral,0.6,3,0.5,"Роль не определена: 1 отправителей, 0 получателей; вход 12,000, выход 0 KZT."
100000008321975100,peripheral,0.2,33,0.28,"Роль не определена: 1 отправителей, 0 получателей; вход 5,900, выход 0 KZT. Обрыв на depth=4: 0 исходящих — эффект границы выгрузки."
100000008324800100,transit,0.947,83,0.477,"Признаки транзита: вход 526,500 KZT, выход 511,000 KZT (97% входа); 3 отправителей."
100000008327791100,peripheral,0.2,29,0.297,"Роль не определена: 1 отправителей, 0 получателей; вход 11,000, выход 0 KZT. Обрыв на depth=4: 0 исходящих — эффект границы выгрузки."
100000008331280100,peripheral,0.2,15,0.334,"Роль не определена: 1 отправителей, 0 получателей; вход 41,000, выход 0 KZT. Обрыв на depth=4: 0 исходящих — эффект границы выгрузки."
100000008332511100,peripheral,0.6,2,0.559,"Роль не определена: 1 отправителей, 0 получателей; вход 100,000, выход 0 KZT."
100000008333492100,peripheral,0.2,58,0.381,"Роль не определена: 1 отправителей, 0 получателей; вход 216,400, выход 0 KZT. Обрыв на depth=4: 0 исходящих — эффект границы выгрузки."
100000008335401100,terminal,0.665,19,0.57,"Возможный конечный получатель: вход 150,000, выход 0 KZT; выход 0% входа, отправителей 1."
100000008336318100,peripheral,0.2,5,0.374,"Роль не определена: 1 отправителей, 0 получателей; вход 170,000, выход 0 KZT. Обрыв на depth=4: 0 исходящих — эффект границы выгрузки."
100000008337304100,peripheral,0.2,9,0.36,"Роль не определена: 1 отправителей, 0 получателей; вход 105,465, выход 0 KZT. Обрыв на depth=4: 0 исходящих — эффект границы выгрузки."
100000008343415100,peripheral,0.2,9,0.359,"Роль не определена: 1 отправителей, 0 получателей; вход 100,000, выход 0 KZT. Обрыв на depth=4: 0 исходящих — эффект границы выгрузки."
100000008343874100,peripheral,0.2,9,0.498,"Роль не определена: 2 отправителей, 2 получателей; вход 283,535, выход 176,400 KZT."
100000008346837100,distributor,0.929,13,0.723,"Признаки распределения: 25 получателей, 9 отправителей; вход 254,359, выход 1,258,643 KZT."
100000008349675100,transit,0.643,2,0.4,"Признаки транзита: вход 46,520 KZT, выход 36,650 KZT (79% входа); 1 отправителей."
100000008349740100,peripheral,0.2,21,0.349,"Роль не определена: 1 отправителей, 0 получателей; вход 70,000, выход 0 KZT. Обрыв на depth=4: 0 исходящих — эффект границы выгрузки."
100000008352542100,peripheral,0.6,3,0.54,"Роль не определена: 1 отправителей, 0 получателей; вход 50,220, выход 0 KZT."
100000008356606100,peripheral,0.6,13,0.596,"Роль не определена: 2 отправителей, 0 получателей; вход 168,500, выход 0 KZT."
100000008376089100,peripheral,0.6,34,0.567,"Роль не определена: 1 отправителей, 0 получателей; вход 135,000, выход 0 KZT."
100000008376785100,peripheral,0.2,11,0.383,"Роль не определена: 1 отправителей, 0 получателей; вход 234,250, выход 0 KZT. Обрыв на depth=4: 0 исходящих — эффект границы выгрузки."
100000008379273100,transit,0.737,19,0.424,"Признаки транзита: вход 36,000 KZT, выход 38,000 KZT (106% входа); 2 отправителей."
100000008383405100,peripheral,0.6,22,0.52,"Роль не определена: 1 отправителей, 0 получателей; вход 25,000, выход 0 KZT."
100000008388049100,peripheral,0.6,25,0.604,"Роль не определена: 1 отправителей, 0 получателей; вход 496,400, выход 0 KZT."
100000008389800100,distributor,0.581,17,0.573,"Признаки распределения: 7 получателей, 3 отправителей; вход 189,000, выход 401,620 KZT."
100000008405209100,peripheral,0.6,29,0.542,"Роль не определена: 1 отправителей, 0 получателей; вход 54,400, выход 0 KZT."
100000008406609100,peripheral,0.6,48,0.529,"Роль не определена: 1 отправителей, 0 получателей; вход 34,000, выход 0 KZT."
100000008413748100,distributor,0.993,29,0.753,"Признаки распределения: 18 получателей, 2 отправителей; вход 26,480, выход 1,377,320 KZT."
100000008416433100,peripheral,0.6,41,0.514,"Роль не определена: 1 отправителей, 0 получателей; вход 20,000, выход 0 KZT."
100000008417029100,peripheral,0.6,5,0.559,"Роль не определена: 1 отправителей, 0 получателей; вход 100,000, выход 0 KZT."
100000008417359100,peripheral,0.2,29,0.5,"Роль не определена: 1 отправителей, 2 получателей; вход 40,810, выход 110,760 KZT."
100000008418835100,distributor,0.217,71,0.595,"Признаки распределения: 4 получателей, 1 отправителей; вход 1,372,000, выход 186,179 KZT. Seed: входящие неполны; баланс не используется."
100000008418934100,peripheral,0.6,5,0.595,"Роль не определена: 1 отправителей, 0 получателей; вход 360,000, выход 0 KZT."
100000008422226100,peripheral,0.6,1,0.555,"Роль не определена: 1 отправителей, 0 получателей; вход 87,450, выход 0 KZT."
100000008427027100,peripheral,0.6,3,0.59,"Роль не определена: 1 отправителей, 0 получателей; вход 300,000, выход 0 KZT."
100000008430691100,peripheral,0.2,52,0.635,"Роль не определена: 1 отправителей, 2 получателей; вход 20,000, выход 604,900 KZT."
100000008432942100,peripheral,0.6,1,0.536,"Роль не определена: 1 отправителей, 0 получателей; вход 44,542, выход 0 KZT."
100000008436257100,peripheral,0.6,29,0.552,"Роль не определена: 2 отправителей, 0 получателей; вход 35,000, выход 0 KZT."
100000008438656100,terminal,0.636,3,0.568,"Возможный конечный получатель: вход 80,000, выход 5,000 KZT; выход 6% входа, отправителей 2."
100000008443341100,distributor,0.254,8,0.45,"Признаки распределения: 3 получателей, 2 отправителей; вход 34,500, выход 50,000 KZT."
100000008454065100,peripheral,0.6,41,0.519,"Роль не определена: 1 отправителей, 0 получателей; вход 24,050, выход 0 KZT."
100000008459449100,peripheral,0.6,1,0.542,"Роль не определена: 1 отправителей, 0 получателей; вход 53,700, выход 0 KZT."
100000008460102100,distributor,0.882,19,0.741,"Признаки распределения: 31 получателей, 1 отправителей; вход 17,500, выход 476,570 KZT."
100000008461217100,peripheral,0.2,46,0.311,"Роль не определена: 1 отправителей, 0 получателей; вход 18,000, выход 0 KZT. Обрыв на depth=4: 0 исходящих — эффект границы выгрузки."
100000008461532100,distributor,0.832,15,0.674,"Признаки распределения: 8 получателей, 2 отправителей; вход 565,300, выход 2,530,090 KZT."
100000008463968100,peripheral,0.6,23,0.495,"Роль не определена: 1 отправителей, 0 получателей; вход 10,000, выход 0 KZT."
100000008465789100,distributor,0.994,43,0.754,"Признаки распределения: 16 получателей, 1 отправителей; вход 30,099, выход 1,858,100 KZT."
100000008466579100,distributor,0.993,43,0.759,"Признаки распределения: 17 получателей, 2 отправителей; вход 36,952, выход 1,933,000 KZT."
100000008468762100,peripheral,0.6,36,0.596,"Роль не определена: 2 отправителей, 0 получателей; вход 170,000, выход 0 KZT."
100000008469048100,peripheral,0.2,1,0.386,"Роль не определена: 1 отправителей, 0 получателей; вход 265,200, выход 0 KZT. Обрыв на depth=4: 0 исходящих — эффект границы выгрузки."
100000008470470100,peripheral,0.6,23,0.528,"Роль не определена: 1 отправителей, 0 получателей; вход 33,547, выход 0 KZT."
100000008471634100,peripheral,0.2,14,0.314,"Роль не определена: 1 отправителей, 0 получателей; вход 20,000, выход 0 KZT. Обрыв на depth=4: 0 исходящих — эффект границы выгрузки."
100000008472324100,peripheral,0.6,11,0.579,"Роль не определена: 1 отправителей, 0 получателей; вход 205,200, выход 0 KZT."
100000008473207100,terminal,0.691,9,0.579,"Возможный конечный получатель: вход 202,000, выход 0 KZT; выход 0% входа, отправителей 1."
100000008473765100,peripheral,0.6,9,0.525,"Роль не определена: 1 отправителей, 0 получателей; вход 30,000, выход 0 KZT."
100000008474308100,peripheral,0.2,8,0.374,"Роль не определена: 1 отправителей, 1 получателей; вход 14,000, выход 10,000 KZT."
100000008474391100,peripheral,0.6,30,0.514,"Роль не определена: 1 отправителей, 0 получателей; вход 20,000, выход 0 KZT."
100000008477350100,distributor,0.937,1,0.776,"Признаки распределения: 39 получателей, 11 отправителей; вход 610,100, выход 3,374,866 KZT."
100000008478414100,peripheral,0.6,23,0.495,"Роль не определена: 1 отправителей, 0 получателей; вход 10,000, выход 0 KZT."
100000008486520100,peripheral,0.2,17,0.449,"Роль не определена: 1 отправителей, 1 получателей; вход 35,720, выход 14,000 KZT."
100000008488166100,peripheral,0.6,23,0.479,"Роль не определена: 1 отправителей, 0 получателей; вход 5,600, выход 0 KZT."
100000008489604100,peripheral,0.6,23,0.497,"Роль не определена: 1 отправителей, 0 получателей; вход 11,000, выход 0 KZT."
100000008489922100,distributor,0.976,5,0.799,"Признаки распределения: 36 получателей, 3 отправителей; вход 262,010, выход 3,789,900 KZT."
100000008490127100,distributor,0.641,11,0.579,"Признаки распределения: 6 получателей, 1 отправителей; вход 431,755, выход 923,000 KZT."
100000008491390100,peripheral,0.6,1,0.53,"Роль не определена: 1 отправителей, 0 получателей; вход 36,000, выход 0 KZT."
100000008493007100,peripheral,0.6,23,0.363,"Роль не определена: 1 отправителей, 1 получателей; вход 26,150, выход 26,150 KZT."
100000008497298100,peripheral,0.6,5,0.609,"Роль не определена: 1 отправителей, 0 получателей; вход 600,000, выход 0 KZT."
100000008501413100,peripheral,0.6,12,0.319,"Роль не определена: 1 отправителей, 1 получателей; вход 5,000, выход 5,100 KZT."
100000008502995100,peripheral,0.6,1,0.52,"Роль не определена: 1 отправителей, 0 получателей; вход 25,000, выход 0 KZT."
100000008503177100,peripheral,0.6,9,0.529,"Роль не определена: 1 отправителей, 0 получателей; вход 33,951, выход 0 KZT."
100000008507703100,peripheral,0.6,23,0.524,"Роль не определена: 1 отправителей, 0 получателей; вход 28,500, выход 0 KZT."
100000008512552100,distributor,0.714,29,0.637,"Признаки распределения: 6 получателей, 4 отправителей; вход 394,360, выход 1,302,275 KZT."
100000008512827100,distributor,0.981,25,0.728,"Признаки распределения: 10 получателей, 3 отправителей; вход 107,949, выход 1,944,500 KZT."
100000008513251100,peripheral,0.6,86,0.1,"Роль не определена: 0 отправителей, 0 получателей; вход 0, выход 0 KZT. Seed: входящие неполны; баланс не используется."
100000008514970100,peripheral,0.6,9,0.59,"Роль не определена: 1 отправителей, 1 получателей; вход 379,966, выход 31,000 KZT."
100000008516839100,consolidator,0.166,48,0.509,"Признаки консолидации: 3 отправителей, 0 получателей; вход 155,000, выход 0 KZT. Seed: входящие неполны; баланс не используется."
100000008517061100,peripheral,0.2,41,0.44,"Роль не определена: 1 отправителей, 0 получателей; вход 1,844,000, выход 0 KZT. Обрыв на depth=4: 0 исходящих — эффект границы выгрузки."
100000008517538100,distributor,0.962,5,0.725,"Признаки распределения: 17 получателей, 3 отправителей; вход 155,500, выход 1,439,000 KZT."
100000008522127100,peripheral,0.2,57,0.469,"Роль не определена: 0 отправителей, 1 получателей; вход 0, выход 145,000 KZT. Seed: входящие неполны; баланс не используется."
100000008524903100,peripheral,0.2,1,0.306,"Роль не определена: 1 отправителей, 0 получателей; вход 15,000, выход 0 KZT. Обрыв на depth=4: 0 исходящих — эффект границы выгрузки."
100000008525136100,peripheral,0.2,1,0.304,"Роль не определена: 1 отправителей, 0 получателей; вход 14,100, выход 0 KZT. Обрыв на depth=4: 0 исходящих — эффект границы выгрузки."
100000008531133100,distributor,0.461,17,0.571,"Признаки распределения: 3 получателей, 1 отправителей; вход 25,000, выход 158,272 KZT."
100000008531186100,peripheral,0.6,3,0.565,"Роль не определена: 1 отправителей, 0 получателей; вход 125,000, выход 0 KZT."
100000008532050100,peripheral,0.6,11,0.601,"Роль не определена: 1 отправителей, 0 получателей; вход 455,156, выход 0 KZT."
100000008536546100,peripheral,0.6,36,0.607,"Роль не определена: 2 отправителей, 0 получателей; вход 250,000, выход 0 KZT."
100000008537380100,peripheral,0.6,23,0.488,"Роль не определена: 1 отправителей, 0 получателей; вход 8,000, выход 0 KZT."
100000008545727100,distributor,0.814,19,0.71,"Признаки распределения: 6 получателей, 1 отправителей; вход 30,000, выход 1,866,500 KZT."
100000008546855100,terminal,0.709,44,0.586,"Возможный конечный получатель: вход 71,790, выход 10,000 KZT; выход 14% входа, отправителей 6."
100000008547295100,peripheral,0.6,2,0.506,"Роль не определена: 1 отправителей, 0 получателей; вход 15,000, выход 0 KZT."
100000008547844100,distributor,0.97,43,0.746,"Признаки распределения: 19 получателей, 3 отправителей; вход 177,600, выход 2,042,199 KZT."
100000008547948100,distributor,0.986,5,0.806,"Признаки распределения: 26 получателей, 6 отправителей; вход 212,665, выход 5,185,600 KZT."
100000008548853100,peripheral,0.6,23,0.504,"Роль не определена: 1 отправителей, 0 получателей; вход 14,000, выход 0 KZT."
100000008551752100,peripheral,0.2,63,0.398,"Роль не определена: 1 отправителей, 0 получателей; вход 406,000, выход 0 KZT. Обрыв на depth=4: 0 исходящих — эффект границы выгрузки."
100000008554390100,peripheral,0.2,19,0.304,"Роль не определена: 1 отправителей, 0 получателей; вход 14,000, выход 0 KZT. Обрыв на depth=4: 0 исходящих — эффект границы выгрузки."
100000008555233100,peripheral,0.6,36,0.6,"Роль не определена: 1 отправителей, 0 получателей; вход 440,600, выход 0 KZT."
100000008555918100,peripheral,0.2,3,0.518,"Роль не определена: 1 отправителей, 2 получателей; вход 139,211, выход 43,300 KZT."
100000008556318100,peripheral,0.6,3,0.597,"Роль не определена: 2 отправителей, 0 получателей; вход 180,132, выход 0 KZT."
100000008557672100,peripheral,0.6,23,0.539,"Роль не определена: 1 отправителей, 0 получателей; вход 49,125, выход 0 KZT."
100000008560263100,peripheral,0.2,11,0.359,"Роль не определена: 1 отправителей, 0 получателей; вход 100,000, выход 0 KZT. Обрыв на depth=4: 0 исходящих — эффект границы выгрузки."
100000008560717100,terminal,0.974,11,0.67,"Возможный конечный получатель: вход 529,000, выход 25,000 KZT; выход 5% входа, отправителей 7."
100000008561016100,transit,0.825,5,0.42,"Признаки транзита: вход 180,000 KZT, выход 185,000 KZT (103% входа); 1 отправителей."
100000008566737100,peripheral,0.6,1,0.604,"Роль не определена: 2 отправителей, 0 получателей; вход 230,000, выход 0 KZT."
100000008568512100,peripheral,0.6,11,0.578,"Роль не определена: 1 отправителей, 0 получателей; вход 199,640, выход 0 KZT."
100000008571243100,peripheral,0.6,19,0.567,"Роль не определена: 1 отправителей, 0 получателей; вход 134,000, выход 0 KZT."
100000008571433100,peripheral,0.2,56,0.589,"Роль не определена: 2 отправителей, 2 получателей; вход 350,000, выход 1,434,000 KZT. Seed: входящие неполны; баланс не используется."
100000008571443100,peripheral,0.6,13,0.569,"Роль не определена: 2 отправителей, 0 получателей; вход 65,000, выход 0 KZT."
100000008575624100,distributor,0.153,69,0.493,"Признаки распределения: 3 получателей, 0 отправителей; вход 0, выход 89,500 KZT. Seed: входящие неполны; баланс не используется."
100000008576243100,terminal,0.671,1,0.576,"Возможный конечный получатель: вход 82,920, выход 0 KZT; выход 0% входа, отправителей 2."
100000008576528100,peripheral,0.6,11,0.523,"Роль не определена: 1 отправителей, 0 получателей; вход 28,000, выход 0 KZT."
100000008579978100,peripheral,0.2,11,0.461,"Роль не определена: 1 отправителей, 1 получателей; вход 34,000, выход 77,000 KZT."
100000008582730100,peripheral,0.6,44,0.317,"Роль не определена: 1 отправителей, 1 получателей; вход 5,000, выход 5,000 KZT."
100000008583360100,peripheral,0.6,19,0.45,"Роль не определена: 1 отправителей, 1 получателей; вход 112,843, выход 170,000 KZT."
100000008583971100,peripheral,0.2,1,0.362,"Роль не определена: 2 отправителей, 0 получателей; вход 51,000, выход 0 KZT. Обрыв на depth=4: 0 исходящих — эффект границы выгрузки."
100000008586731100,peripheral,0.6,8,0.5,"Роль не определена: 1 отправителей, 0 получателей; вход 12,000, выход 0 KZT."
100000008587459100,peripheral,0.2,1,0.585,"Роль не определена: 2 отправителей, 2 получателей; вход 181,507, выход 686,500 KZT."
100000008588665100,peripheral,0.2,1,0.32,"Роль не определена: 1 отправителей, 0 получателей; вход 25,000, выход 0 KZT. Обрыв на depth=4: 0 исходящих — эффект границы выгрузки."
100000008595687100,peripheral,0.6,17,0.517,"Роль не определена: 1 отправителей, 1 получателей; вход 64,395, выход 10,400 KZT."
100000008596924100,peripheral,0.6,2,0.559,"Роль не определена: 1 отправителей, 0 получателей; вход 100,000, выход 0 KZT."
100000008598972100,peripheral,0.6,9,0.564,"Роль не определена: 1 отправителей, 0 получателей; вход 120,000, выход 0 KZT."
100000008599354100,peripheral,0.2,1,0.531,"Роль не определена: 1 отправителей, 1 получателей; вход 177,000, выход 38,200 KZT."
100000008601794100,peripheral,0.2,40,0.57,"Роль не определена: 2 отправителей, 1 получателей; вход 494,400, выход 871,400 KZT. Seed: входящие неполны; баланс не используется."
100000008603331100,distributor,0.75,43,0.678,"Признаки распределения: 6 получателей, 2 отправителей; вход 39,500, выход 741,774 KZT."
100000008603629100,distributor,0.872,9,0.77,"Признаки распределения: 61 получателей, 19 отправителей; вход 1,817,300, выход 4,986,156 KZT."
100000008612257100,peripheral,0.6,29,0.493,"Роль не определена: 1 отправителей, 0 получателей; вход 9,500, выход 0 KZT."
100000008619159100,peripheral,0.2,68,0.401,"Роль не определена: 1 отправителей, 0 получателей; вход 446,400, выход 0 KZT. Обрыв на depth=4: 0 исходящих — эффект границы выгрузки."
100000008619857100,peripheral,0.2,1,0.448,"Роль не определена: 1 отправителей, 2 получателей; вход 29,000, выход 13,000 KZT."
100000008620570100,peripheral,0.2,9,0.553,"Роль не определена: 2 отправителей, 2 получателей; вход 145,000, выход 31,800 KZT."
100000008624978100,peripheral,0.6,36,0.561,"Роль не определена: 1 отправителей, 0 получателей; вход 109,000, выход 0 KZT."
100000008625905100,peripheral,0.2,4,0.561,"Роль не определена: 1 отправителей, 2 получателей; вход 197,800, выход 635,000 KZT."
100000008628231100,peripheral,0.2,73,0.62,"Роль не определена: 1 отправителей, 2 получателей; вход 50,000, выход 627,870 KZT."
100000008628818100,peripheral,0.2,19,0.337,"Роль не определена: 1 отправителей, 0 получателей; вход 46,310, выход 0 KZT. Обрыв на depth=4: 0 исходящих — эффект границы выгрузки."
100000008629504100,peripheral,0.2,1,0.314,"Роль не определена: 1 отправителей, 0 получателей; вход 20,000, выход 0 KZT. Обрыв на depth=4: 0 исходящих — эффект границы выгрузки."
100000008629581100,peripheral,0.6,3,0.542,"Роль не определена: 1 отправителей, 0 получателей; вход 54,184, выход 0 KZT."
100000008631800100,peripheral,0.2,19,0.302,"Роль не определена: 1 отправителей, 0 получателей; вход 12,850, выход 0 KZT. Обрыв на depth=4: 0 исходящих — эффект границы выгрузки."
100000008632060100,distributor,0.817,1,0.679,"Признаки распределения: 9 получателей, 1 отправителей; вход 6,000, выход 339,200 KZT."
100000008633099100,peripheral,0.6,2,0.386,"Роль не определена: 1 отправителей, 1 получателей; вход 19,468, выход 13,500 KZT."
100000008634520100,peripheral,0.6,43,0.556,"Роль не определена: 1 отправителей, 0 получателей; вход 90,000, выход 0 KZT."
100000008636603100,distributor,0.574,17,0.586,"Признаки распределения: 6 получателей, 2 отправителей; вход 35,460, выход 159,375 KZT."
100000008637537100,peripheral,0.2,43,0.622,"Роль не определена: 3 отправителей, 3 получателей; вход 619,890, выход 2,351,495 KZT. Seed: входящие неполны; баланс не используется."
100000008638859100,peripheral,0.2,44,0.329,"Роль не определена: 1 отправителей, 0 получателей; вход 34,000, выход 0 KZT. Обрыв на depth=4: 0 исходящих — эффект границы выгрузки."
100000008647905100,peripheral,0.2,44,0.584,"Роль не определена: 1 отправителей, 2 получателей; вход 50,000, выход 344,222 KZT."
100000008648783100,peripheral,0.2,19,0.276,"Роль не определена: 1 отправителей, 0 получателей; вход 5,200, выход 0 KZT. Обрыв на depth=4: 0 исходящих — эффект границы выгрузки."
100000008649416100,peripheral,0.2,29,0.275,"Роль не определена: 1 отправителей, 0 получателей; вход 5,000, выход 0 KZT. Обрыв на depth=4: 0 исходящих — эффект границы выгрузки."
100000008650785100,peripheral,0.2,17,0.53,"Роль не определена: 2 отправителей, 2 получателей; вход 92,000, выход 120,120 KZT. Seed: входящие неполны; баланс не используется."
100000008652094100,peripheral,0.6,1,0.53,"Роль не определена: 1 отправителей, 0 получателей; вход 35,000, выход 0 KZT."
100000008653041100,peripheral,0.6,23,0.523,"Роль не определена: 1 отправителей, 0 получателей; вход 28,000, выход 0 KZT."
100000008654653100,peripheral,0.6,17,0.442,"Роль не определена: 0 отправителей, 1 получателей; вход 0, выход 54,000 KZT. Seed: входящие неполны; баланс не используется."
100000008655035100,peripheral,0.6,2,0.525,"Роль не определена: 1 отправителей, 0 получателей; вход 30,000, выход 0 KZT."
100000008655779100,peripheral,0.2,16,0.449,"Роль не определена: 1 отправителей, 2 получателей; вход 47,000, выход 24,704 KZT."
100000008656043100,peripheral,0.6,23,0.522,"Роль не определена: 1 отправителей, 0 получателей; вход 26,200, выход 0 KZT."
100000008659445100,peripheral,0.2,10,0.599,"Роль не определена: 3 отправителей, 4 получателей; вход 138,490, выход 875,150 KZT. Seed: входящие неполны; баланс не используется."
100000008659950100,peripheral,0.6,43,0.584,"Роль не определена: 1 отправителей, 0 получателей; вход 246,000, выход 0 KZT."
100000008661550100,peripheral,0.6,23,0.518,"Роль не определена: 1 отправителей, 0 получателей; вход 22,800, выход 0 KZT."
100000008661585100,peripheral,0.6,23,0.536,"Роль не определена: 1 отправителей, 0 получателей; вход 43,141, выход 0 KZT."
100000008662216100,peripheral,0.6,23,0.522,"Роль не определена: 1 отправителей, 0 получателей; вход 26,200, выход 0 KZT."
100000008662805100,peripheral,0.6,23,0.509,"Роль не определена: 1 отправителей, 0 получателей; вход 16,500, выход 0 KZT."
100000008663007100,peripheral,0.6,23,0.504,"Роль не определена: 1 отправителей, 0 получателей; вход 14,000, выход 0 KZT."
100000008663723100,peripheral,0.6,23,0.507,"Роль не определена: 1 отправителей, 0 получателей; вход 15,600, выход 0 KZT."
100000008664469100,peripheral,0.6,3,0.52,"Роль не определена: 1 отправителей, 0 получателей; вход 25,000, выход 0 KZT."
100000008664774100,peripheral,0.6,23,0.508,"Роль не определена: 1 отправителей, 0 получателей; вход 16,300, выход 0 KZT."
100000008665380100,peripheral,0.2,1,0.509,"Роль не определена: 2 отправителей, 1 получателей; вход 69,100, выход 18,200 KZT."
100000008666075100,peripheral,0.6,23,0.522,"Роль не определена: 1 отправителей, 0 получателей; вход 26,217, выход 0 KZT."
100000008667058100,peripheral,0.6,23,0.51,"Роль не определена: 1 отправителей, 0 получателей; вход 17,534, выход 0 KZT."
100000008667795100,peripheral,0.6,23,0.529,"Роль не определена: 1 отправителей, 0 получателей; вход 34,000, выход 0 KZT."
100000008667799100,peripheral,0.6,23,0.529,"Роль не определена: 1 отправителей, 0 получателей; вход 34,000, выход 0 KZT."
100000008668099100,peripheral,0.6,23,0.507,"Роль не определена: 1 отправителей, 0 получателей; вход 15,700, выход 0 KZT."
100000008669037100,peripheral,0.6,87,0.1,"Роль не определена: 0 отправителей, 0 получателей; вход 0, выход 0 KZT. Seed: входящие неполны; баланс не используется."
100000008669310100,peripheral,0.6,1,0.545,"Роль не определена: 1 отправителей, 0 получателей; вход 59,567, выход 0 KZT."
100000008670667100,peripheral,0.6,23,0.507,"Роль не определена: 1 отправителей, 0 получателей; вход 15,534, выход 0 KZT."
100000008671026100,peripheral,0.6,23,0.519,"Роль не определена: 1 отправителей, 0 получателей; вход 23,534, выход 0 KZT."
100000008671081100,peripheral,0.6,23,0.531,"Роль не определена: 1 отправителей, 0 получателей; вход 37,200, выход 0 KZT."
100000008671129100,peripheral,0.6,23,0.522,"Роль не определена: 1 отправителей, 0 получателей; вход 26,200, выход 0 KZT."
100000008671929100,peripheral,0.6,3,0.551,"Роль не определена: 1 отправителей, 0 получателей; вход 75,000, выход 0 KZT."
100000008672162100,peripheral,0.6,23,0.507,"Роль не определена: 1 отправителей, 0 получателей; вход 15,550, выход 0 KZT."
100000008672200100,peripheral,0.6,23,0.49,"Роль не определена: 1 отправителей, 0 получателей; вход 8,511, выход 0 KZT."
100000008672480100,peripheral,0.6,23,0.502,"Роль не определена: 1 отправителей, 0 получателей; вход 13,000, выход 0 KZT."
100000008672493100,peripheral,0.6,23,0.504,"Роль не определена: 1 отправителей, 0 получателей; вход 14,000, выход 0 KZT."
100000008672603100,peripheral,0.6,3,0.516,"Роль не определена: 1 отправителей, 0 получателей; вход 21,200, выход 0 KZT."
100000008672762100,peripheral,0.6,23,0.502,"Роль не определена: 1 отправителей, 0 получателей; вход 13,000, выход 0 KZT."
100000008673001100,peripheral,0.6,48,0.453,"Роль не определена: 1 отправителей, 0 получателей; вход 80,000, выход 0 KZT. Seed: входящие неполны; баланс не используется."
100000008675322100,peripheral,0.2,21,0.393,"Роль не определена: 1 отправителей, 0 получателей; вход 340,000, выход 0 KZT. Обрыв на depth=4: 0 исходящих — эффект границы выгрузки."
100000008676812100,peripheral,0.6,44,0.582,"Роль не определена: 1 отправителей, 0 получателей; вход 230,800, выход 0 KZT."
100000008677215100,peripheral,0.6,30,0.492,"Роль не определена: 1 отправителей, 0 получателей; вход 9,000, выход 0 KZT."
100000008677368100,peripheral,0.2,2,0.303,"Роль не определена: 1 отправителей, 0 получателей; вход 13,500, выход 0 KZT. Обрыв на depth=4: 0 исходящих — эффект границы выгрузки."
100000008677518100,peripheral,0.6,23,0.539,"Роль не определена: 1 отправителей, 0 получателей; вход 48,700, выход 0 KZT."
100000008679986100,peripheral,0.6,23,0.513,"Роль не определена: 1 отправителей, 0 получателей; вход 19,000, выход 0 KZT."
100000008680061100,peripheral,0.2,11,0.334,"Роль не определена: 1 отправителей, 0 получателей; вход 41,300, выход 0 KZT. Обрыв на depth=4: 0 исходящих — эффект границы выгрузки."
100000008680451100,peripheral,0.6,23,0.519,"Роль не определена: 1 отправителей, 0 получателей; вход 23,534, выход 0 KZT."
100000008680731100,distributor,0.65,8,0.677,"Признаки распределения: 27 получателей, 0 отправителей; вход 0, выход 1,464,354 KZT. Seed: входящие неполны; баланс не используется."
100000008680912100,terminal,0.54,1,0.515,"Возможный конечный получатель: вход 45,112, выход 5,991 KZT; выход 13% входа, отправителей 1."
100000008682426100,peripheral,0.6,41,0.514,"Роль не определена: 1 отправителей, 0 получателей; вход 20,000, выход 0 KZT."
100000008683818100,peripheral,0.6,23,0.51,"Роль не определена: 1 отправителей, 0 получателей; вход 17,400, выход 0 KZT."
100000008684452100,peripheral,0.6,23,0.541,"Роль не определена: 1 отправителей, 0 получателей; вход 51,800, выход 0 KZT."
100000008684767100,peripheral,0.6,23,0.526,"Роль не определена: 1 отправителей, 0 получателей; вход 31,100, выход 0 KZT."
100000008684951100,peripheral,0.6,23,0.51,"Роль не определена: 1 отправителей, 0 получателей; вход 17,200, выход 0 KZT."
100000008686214100,peripheral,0.6,9,0.52,"Роль не определена: 1 отправителей, 0 получателей; вход 25,000, выход 0 KZT."
100000008686234100,peripheral,0.6,1,0.533,"Роль не определена: 1 отправителей, 0 получателей; вход 39,778, выход 0 KZT."
100000008686247100,peripheral,0.2,22,0.47,"Роль не определена: 1 отправителей, 1 получателей; вход 22,000, выход 5,000 KZT."
100000008686313100,terminal,0.904,1,0.692,"Возможный конечный получатель: вход 1,912,716, выход 333,800 KZT; выход 17% входа, отправителей 6."
100000008686494100,peripheral,0.6,23,0.507,"Роль не определена: 1 отправителей, 0 получателей; вход 15,700, выход 0 KZT."
100000008687492100,peripheral,0.6,23,0.506,"Роль не определена: 1 отправителей, 0 получателей; вход 15,000, выход 0 KZT."
100000008687617100,peripheral,0.6,23,0.536,"Роль не определена: 1 отправителей, 0 получателей; вход 43,350, выход 0 KZT."
100000008687671100,peripheral,0.6,23,0.532,"Роль не определена: 1 отправителей, 0 получателей; вход 37,500, выход 0 KZT."
100000008687733100,peripheral,0.6,23,0.505,"Роль не определена: 1 отправителей, 0 получателей; вход 14,650, выход 0 KZT."
100000008687990100,peripheral,0.6,23,0.51,"Роль не определена: 1 отправителей, 0 получателей; вход 17,600, выход 0 KZT."
100000008688109100,peripheral,0.6,23,0.502,"Роль не определена: 1 отправителей, 0 получателей; вход 12,800, выход 0 KZT."
100000008688155100,peripheral,0.6,23,0.519,"Роль не определена: 1 отправителей, 0 получателей; вход 23,600, выход 0 KZT."
100000008688476100,peripheral,0.6,23,0.519,"Роль не определена: 1 отправителей, 0 получателей; вход 24,000, выход 0 KZT."
100000008688881100,peripheral,0.6,23,0.536,"Роль не определена: 1 отправителей, 0 получателей; вход 44,211, выход 0 KZT."
100000008690762100,peripheral,0.6,23,0.522,"Роль не определена: 1 отправителей, 0 получателей; вход 26,750, выход 0 KZT."
100000008690932100,peripheral,0.6,23,0.518,"Роль не определена: 1 отправителей, 0 получателей; вход 23,000, выход 0 KZT."
100000008691027100,peripheral,0.6,23,0.51,"Роль не определена: 1 отправителей, 0 получателей; вход 17,534, выход 0 KZT."
100000008691168100,peripheral,0.6,23,0.519,"Роль не определена: 1 отправителей, 0 получателей; вход 24,000, выход 0 KZT."
100000008691330100,peripheral,0.6,23,0.516,"Роль не определена: 1 отправителей, 0 получателей; вход 21,440, выход 0 KZT."
100000008691495100,peripheral,0.6,23,0.522,"Роль не определена: 1 отправителей, 0 получателей; вход 27,000, выход 0 KZT."
100000008692291100,transit,0.814,43,0.461,"Признаки транзита: вход 160,000 KZT, выход 156,000 KZT (98% входа); 3 отправителей."
100000008693069100,peripheral,0.6,23,0.514,"Роль не определена: 1 отправителей, 0 получателей; вход 20,000, выход 0 KZT."
100000008695133100,peripheral,0.6,23,0.531,"Роль не определена: 1 отправителей, 0 получателей; вход 36,610, выход 0 KZT."
100000008695157100,peripheral,0.2,9,0.399,"Роль не определена: 1 отправителей, 0 получателей; вход 425,546, выход 0 KZT. Обрыв на depth=4: 0 исходящих — эффект границы выгрузки."
100000008695495100,peripheral,0.6,23,0.515,"Роль не определена: 1 отправителей, 0 получателей; вход 21,000, выход 0 KZT."
100000008695566100,peripheral,0.6,23,0.529,"Роль не определена: 1 отправителей, 0 получателей; вход 33,700, выход 0 KZT."
100000008695689100,peripheral,0.6,23,0.522,"Роль не определена: 1 отправителей, 0 получателей; вход 26,200, выход 0 KZT."
100000008696692100,peripheral,0.6,23,0.513,"Роль не определена: 1 отправителей, 0 получателей; вход 19,000, выход 0 KZT."
100000008696919100,peripheral,0.6,23,0.527,"Роль не определена: 1 отправителей, 0 получателей; вход 31,945, выход 0 KZT."
100000008697670100,peripheral,0.6,23,0.521,"Роль не определена: 1 отправителей, 0 получателей; вход 25,350, выход 0 KZT."
100000008699083100,peripheral,0.2,25,0.383,"Роль не определена: 1 отправителей, 0 получателей; вход 238,500, выход 0 KZT. Обрыв на depth=4: 0 исходящих — эффект границы выгрузки."
100000008701222100,peripheral,0.6,88,0.1,"Роль не определена: 0 отправителей, 0 получателей; вход 0, выход 0 KZT. Seed: входящие неполны; баланс не используется."
100000008701256100,peripheral,0.6,1,0.544,"Роль не определена: 1 отправителей, 0 получателей; вход 58,250, выход 0 KZT."
100000008701944100,peripheral,0.6,71,0.541,"Роль не определена: 1 отправителей, 0 получателей; вход 52,124, выход 0 KZT."
100000008703533100,peripheral,0.2,43,0.351,"Роль не определена: 1 отправителей, 0 получателей; вход 75,000, выход 0 KZT. Обрыв на depth=4: 0 исходящих — эффект границы выгрузки."
100000008706846100,peripheral,0.6,23,0.504,"Роль не определена: 1 отправителей, 0 получателей; вход 14,200, выход 0 KZT."
100000008706947100,peripheral,0.6,23,0.51,"Роль не определена: 1 отправителей, 0 получателей; вход 17,200, выход 0 KZT."
100000008707810100,peripheral,0.6,23,0.522,"Роль не определена: 1 отправителей, 0 получателей; вход 26,200, выход 0 KZT."
100000008708025100,peripheral,0.6,16,0.495,"Роль не определена: 1 отправителей, 0 получателей; вход 10,000, выход 0 KZT."
100000008708061100,peripheral,0.6,23,0.491,"Роль не определена: 1 отправителей, 0 получателей; вход 8,650, выход 0 KZT."
100000008708207100,peripheral,0.6,5,0.624,"Роль не определена: 2 отправителей, 0 получателей; вход 465,000, выход 0 KZT."
100000008708368100,peripheral,0.6,23,0.519,"Роль не определена: 1 отправителей, 0 получателей; вход 23,677, выход 0 KZT."
100000008708595100,peripheral,0.6,23,0.51,"Роль не определена: 1 отправителей, 0 получателей; вход 17,200, выход 0 KZT."
100000008708743100,peripheral,0.6,23,0.507,"Роль не определена: 1 отправителей, 0 получателей; вход 15,550, выход 0 KZT."
100000008710791100,distributor,0.988,5,0.8,"Признаки распределения: 23 получателей, 3 отправителей; вход 181,510, выход 5,521,511 KZT."
100000008710843100,distributor,0.994,36,0.749,"Признаки распределения: 13 получателей, 2 отправителей; вход 33,944, выход 1,985,500 KZT."
100000008710913100,peripheral,0.2,5,0.304,"Роль не определена: 1 отправителей, 0 получателей; вход 14,000, выход 0 KZT. Обрыв на depth=4: 0 исходящих — эффект границы выгрузки."
100000008712036100,peripheral,0.6,23,0.515,"Роль не определена: 1 отправителей, 0 получателей; вход 21,000, выход 0 KZT."
100000008712184100,peripheral,0.6,23,0.511,"Роль не определена: 1 отправителей, 0 получателей; вход 18,000, выход 0 KZT."
100000008712827100,peripheral,0.6,23,0.551,"Роль не определена: 1 отправителей, 0 получателей; вход 76,000, выход 0 KZT."
100000008712991100,peripheral,0.6,23,0.547,"Роль не определена: 1 отправителей, 0 получателей; вход 66,100, выход 0 KZT."
100000008713270100,distributor,0.468,2,0.576,"Признаки распределения: 3 получателей, 1 отправителей; вход 30,000, выход 190,000 KZT."
100000008713685100,peripheral,0.6,23,0.539,"Роль не определена: 1 отправителей, 0 получателей; вход 49,700, выход 0 KZT."
100000008714412100,peripheral,0.6,19,0.574,"Роль не определена: 1 отправителей, 0 получателей; вход 169,000, выход 0 KZT."
100000008715513100,peripheral,0.2,19,0.328,"Роль не определена: 1 отправителей, 0 получателей; вход 32,500, выход 0 KZT. Обрыв на depth=4: 0 исходящих — эффект границы выгрузки."
100000008715887100,peripheral,0.6,23,0.511,"Роль не определена: 1 отправителей, 0 получателей; вход 18,000, выход 0 KZT."
100000008716072100,peripheral,0.6,23,0.5,"Роль не определена: 1 отправителей, 0 получателей; вход 12,100, выход 0 KZT."
100000008716222100,peripheral,0.6,23,0.511,"Роль не определена: 1 отправителей, 0 получателей; вход 18,000, выход 0 KZT."
100000008716439100,peripheral,0.6,23,0.5,"Роль не определена: 1 отправителей, 0 получателей; вход 12,267, выход 0 KZT."
100000008716773100,peripheral,0.6,23,0.507,"Роль не определена: 1 отправителей, 0 получателей; вход 15,677, выход 0 KZT."
100000008717340100,peripheral,0.6,23,0.534,"Роль не определена: 1 отправителей, 0 получателей; вход 41,500, выход 0 KZT."
100000008717341100,peripheral,0.6,23,0.505,"Роль не определена: 1 отправителей, 0 получателей; вход 14,627, выход 0 KZT."
100000008717375100,peripheral,0.6,3,0.525,"Роль не определена: 1 отправителей, 0 получателей; вход 29,506, выход 0 KZT."
100000008717802100,peripheral,0.6,23,0.522,"Роль не определена: 1 отправителей, 0 получателей; вход 26,150, выход 0 KZT."
100000008718089100,peripheral,0.6,23,0.507,"Роль не определена: 1 отправителей, 0 получателей; вход 15,534, выход 0 KZT."
100000008718811100,peripheral,0.6,23,0.55,"Роль не определена: 1 отправителей, 0 получателей; вход 73,300, выход 0 KZT."
100000008720668100,peripheral,0.6,23,0.508,"Роль не определена: 1 отправителей, 0 получателей; вход 16,000, выход 0 KZT."
100000008720798100,peripheral,0.6,23,0.507,"Роль не определена: 1 отправителей, 0 получателей; вход 15,534, выход 0 KZT."
100000008720856100,peripheral,0.2,11,0.456,"Роль не определена: 1 отправителей, 1 получателей; вход 18,105, выход 46,000 KZT."
100000008721637100,peripheral,0.2,2,0.544,"Роль не определена: 1 отправителей, 2 получателей; вход 24,041, выход 127,000 KZT."
100000008722328100,peripheral,0.6,23,0.519,"Роль не определена: 1 отправителей, 0 получателей; вход 23,677, выход 0 KZT."
100000008722417100,distributor,0.468,11,0.548,"Признаки распределения: 3 получателей, 1 отправителей; вход 331,900, выход 720,000 KZT."
100000008722541100,peripheral,0.2,11,0.388,"Роль не определена: 1 отправителей, 0 получателей; вход 280,000, выход 0 KZT. Обрыв на depth=4: 0 исходящих — эффект границы выгрузки."
100000008723830100,transit,0.897,17,0.459,"Признаки транзита: вход 459,785 KZT, выход 455,000 KZT (99% входа); 2 отправителей."
100000008724279100,peripheral,0.6,17,0.499,"Роль не определена: 1 отправителей, 0 получателей; вход 11,750, выход 0 KZT."
100000008724461100,peripheral,0.6,5,0.43,"Роль не определена: 1 отправителей, 1 получателей; вход 100,111, выход 130,000 KZT."
100000008727982100,peripheral,0.2,47,0.325,"Роль не определена: 1 отправителей, 0 получателей; вход 30,000, выход 0 KZT. Обрыв на depth=4: 0 исходящих — эффект границы выгрузки."
100000008728457100,peripheral,0.6,12,0.537,"Роль не определена: 1 отправителей, 0 получателей; вход 45,000, выход 0 KZT."
100000008729597100,peripheral,0.6,9,0.554,"Роль не определена: 1 отправителей, 0 получателей; вход 83,090, выход 0 KZT."
100000008729801100,peripheral,0.6,23,0.51,"Роль не определена: 1 отправителей, 0 получателей; вход 17,534, выход 0 KZT."
100000008730021100,terminal,0.628,71,0.551,"Возможный конечный получатель: вход 75,555, выход 0 KZT; выход 0% входа, отправителей 1."
100000008730238100,peripheral,0.2,43,0.362,"Роль не определена: 1 отправителей, 0 получателей; вход 113,000, выход 0 KZT. Обрыв на depth=4: 0 исходящих — эффект границы выгрузки."
100000008730371100,terminal,0.88,1,0.627,"Возможный конечный получатель: вход 520,000, выход 0 KZT; выход 0% входа, отправителей 2."
100000008730846100,distributor,0.408,12,0.578,"Признаки распределения: 3 получателей, 7 отправителей; вход 155,042, выход 363,370 KZT."
100000008731444100,distributor,0.756,1,0.599,"Признаки распределения: 9 получателей, 3 отправителей; вход 439,000, выход 879,768 KZT."
100000008732098100,peripheral,0.6,23,0.507,"Роль не определена: 1 отправителей, 0 получателей; вход 15,677, выход 0 KZT."
100000008732488100,peripheral,0.6,9,0.564,"Роль не определена: 1 отправителей, 1 получателей; вход 137,000, выход 10,000 KZT."
100000008733049100,peripheral,0.6,4,0.495,"Роль не определена: 1 отправителей, 0 получателей; вход 10,000, выход 0 KZT."
100000008733194100,consolidator,0.358,13,0.544,"Признаки консолидации: 4 отправителей, 8 получателей; вход 251,424, выход 159,695 KZT."
100000008734279100,peripheral,0.2,9,0.327,"Роль не определена: 1 отправителей, 0 получателей; вход 31,650, выход 0 KZT. Обрыв на depth=4: 0 исходящих — эффект границы выгрузки."
100000008734364100,peripheral,0.6,23,0.522,"Роль не определена: 1 отправителей, 0 получателей; вход 26,200, выход 0 KZT."
100000008735384100,peripheral,0.6,23,0.533,"Роль не определена: 1 отправителей, 0 получателей; вход 39,220, выход 0 KZT."
100000008735802100,peripheral,0.2,1,0.354,"Роль не определена: 1 отправителей, 0 получателей; вход 85,000, выход 0 KZT. Обрыв на depth=4: 0 исходящих — эффект границы выгрузки."
100000008735832100,peripheral,0.6,23,0.51,"Роль не определена: 1 отправителей, 0 получателей; вход 17,600, выход 0 KZT."
100000008736173100,peripheral,0.6,23,0.526,"Роль не определена: 1 отправителей, 0 получателей; вход 31,060, выход 0 KZT."
100000008736394100,peripheral,0.6,23,0.508,"Роль не определена: 1 отправителей, 0 получателей; вход 16,000, выход 0 KZT."
100000008736760100,peripheral,0.6,23,0.542,"Роль не определена: 1 отправителей, 0 получателей; вход 54,757, выход 0 KZT."
100000008736940100,consolidator,0.434,10,0.563,"Признаки консолидации: 3 отправителей, 3 получателей; вход 451,090, выход 182,100 KZT."
100000008737422100,peripheral,0.6,23,0.552,"Роль не определена: 1 отправителей, 0 получателей; вход 76,903, выход 0 KZT."
100000008737514100,peripheral,0.6,4,0.554,"Роль не определена: 1 отправителей, 0 получателей; вход 85,000, выход 0 KZT."
100000008737958100,peripheral,0.6,23,0.563,"Роль не определена: 2 отправителей, 0 получателей; вход 53,373, выход 0 KZT."
100000008738325100,peripheral,0.6,48,0.478,"Роль не определена: 1 отправителей, 1 получателей; вход 36,550, выход 54,000 KZT. Seed: входящие неполны; баланс не используется."
100000008738526100,peripheral,0.6,36,0.554,"Роль не определена: 1 отправителей, 1 получателей; вход 15,000, выход 140,000 KZT."
100000008738658100,peripheral,0.6,23,0.525,"Роль не определена: 1 отправителей, 0 получателей; вход 29,920, выход 0 KZT."
100000008739887100,peripheral,0.2,9,0.49,"Роль не определена: 2 отправителей, 2 получателей; вход 214,000, выход 307,000 KZT."
100000008740295100,peripheral,0.2,5,0.39,"Роль не определена: 1 отправителей, 0 получателей; вход 300,000, выход 0 KZT. Обрыв на depth=4: 0 исходящих — эффект границы выгрузки."
100000008740793100,peripheral,0.6,23,0.515,"Роль не определена: 1 отправителей, 0 получателей; вход 21,000, выход 0 KZT."
100000008741372100,peripheral,0.6,23,0.53,"Роль не определена: 1 отправителей, 0 получателей; вход 35,975, выход 0 KZT."
100000008742053100,distributor,0.999,25,0.756,"Признаки распределения: 12 получателей, 1 отправителей; вход 10,000, выход 2,789,000 KZT."
100000008742266100,peripheral,0.6,23,0.515,"Роль не определена: 1 отправителей, 0 получателей; вход 21,000, выход 0 KZT."
100000008743913100,distributor,0.972,36,0.729,"Признаки распределения: 13 получателей, 3 отправителей; вход 149,300, выход 1,850,600 KZT."
100000008744364100,peripheral,0.6,23,0.519,"Роль не определена: 1 отправителей, 0 получателей; вход 23,700, выход 0 KZT."
100000008744799100,peripheral,0.6,23,0.501,"Роль не определена: 1 отправителей, 0 получателей; вход 12,600, выход 0 KZT."
100000008744849100,peripheral,0.6,23,0.536,"Роль не определена: 1 отправителей, 0 получателей; вход 44,445, выход 0 KZT."
100000008745474100,peripheral,0.6,23,0.534,"Роль не определена: 1 отправителей, 0 получателей; вход 40,559, выход 0 KZT."
100000008745489100,peripheral,0.6,23,0.543,"Роль не определена: 1 отправителей, 0 получателей; вход 55,539, выход 0 KZT."
100000008745643100,peripheral,0.6,23,0.514,"Роль не определена: 1 отправителей, 0 получателей; вход 20,313, выход 0 KZT."
100000008745676100,peripheral,0.2,23,0.329,"Роль не определена: 1 отправителей, 0 получателей; вход 34,547, выход 0 KZT. Обрыв на depth=4: 0 исходящих — эффект границы выгрузки."
100000008745725100,peripheral,0.6,23,0.538,"Роль не определена: 1 отправителей, 0 получателей; вход 47,060, выход 0 KZT."
100000008745863100,peripheral,0.6,23,0.518,"Роль не определена: 1 отправителей, 0 получателей; вход 22,900, выход 0 KZT."
100000008745884100,peripheral,0.6,23,0.514,"Роль не определена: 1 отправителей, 0 получателей; вход 20,000, выход 0 KZT."
100000008746025100,peripheral,0.6,23,0.517,"Роль не определена: 1 отправителей, 0 получателей; вход 22,000, выход 0 KZT."
100000008746449100,distributor,0.997,5,0.717,"Признаки распределения: 10 получателей, 1 отправителей; вход 10,000, выход 1,009,000 KZT."
100000008746673100,peripheral,0.6,23,0.541,"Роль не определена: 1 отправителей, 0 получателей; вход 53,048, выход 0 KZT."
100000008747113100,peripheral,0.6,11,0.6,"Роль не определена: 2 отправителей, 0 получателей; вход 197,801, выход 0 KZT."
100000008748408100,distributor,0.916,2,0.695,"Признаки распределения: 21 получателей, 1 отправителей; вход 360,000, выход 1,499,960 KZT."
100000008748795100,peripheral,0.6,1,0.538,"Роль не определена: 1 отправителей, 0 получателей; вход 47,057, выход 0 KZT."
100000008748914100,distributor,0.986,3,0.763,"Признаки распределения: 13 получателей, 2 отправителей; вход 180,000, выход 4,471,847 KZT."
100000008749063100,peripheral,0.6,23,0.513,"Роль не определена: 1 отправителей, 0 получателей; вход 19,000, выход 0 KZT."
100000008749405100,peripheral,0.6,23,0.531,"Роль не определена: 1 отправителей, 0 получателей; вход 37,150, выход 0 KZT."
100000008749406100,peripheral,0.6,23,0.51,"Роль не определена: 1 отправителей, 0 получателей; вход 17,144, выход 0 KZT."
100000008749618100,peripheral,0.6,23,0.538,"Роль не определена: 1 отправителей, 0 получателей; вход 47,280, выход 0 KZT."
100000008749900100,peripheral,0.6,23,0.51,"Роль не определена: 1 отправителей, 0 получателей; вход 17,150, выход 0 KZT."
100000008749989100,peripheral,0.6,23,0.508,"Роль не определена: 1 отправителей, 0 получателей; вход 16,000, выход 0 KZT."
100000008750464100,peripheral,0.6,23,0.49,"Роль не определена: 1 отправителей, 0 получателей; вход 8,500, выход 0 KZT."
100000008751349100,peripheral,0.6,15,0.499,"Роль не определена: 1 отправителей, 0 получателей; вход 11,630, выход 0 KZT."
100000008751380100,peripheral,0.6,5,0.616,"Роль не определена: 2 отправителей, 0 получателей; вход 345,780, выход 0 KZT."
100000008751429100,terminal,0.76,10,0.588,"Возможный конечный получатель: вход 386,200, выход 72,600 KZT; выход 19% входа, отправителей 3."
100000008752616100,distributor,0.847,5,0.699,"Признаки распределения: 7 получателей, 2 отправителей; вход 64,510, выход 1,265,000 KZT."
100000008753061100,peripheral,0.6,23,0.524,"Роль не определена: 1 отправителей, 0 получателей; вход 28,400, выход 0 KZT."
100000008753193100,peripheral,0.6,23,0.53,"Роль не определена: 1 отправителей, 0 получателей; вход 35,225, выход 0 KZT."
100000008753897100,peripheral,0.6,23,0.519,"Роль не определена: 1 отправителей, 0 получателей; вход 24,050, выход 0 KZT."
100000008754608100,peripheral,0.6,23,0.5,"Роль не определена: 1 отправителей, 0 получателей; вход 12,300, выход 0 KZT."
100000008754747100,peripheral,0.6,23,0.537,"Роль не определена: 1 отправителей, 0 получателей; вход 45,500, выход 0 KZT."
100000008754997100,peripheral,0.6,23,0.511,"Роль не определена: 1 отправителей, 0 получателей; вход 18,000, выход 0 KZT."
100000008755168100,peripheral,0.6,23,0.51,"Роль не определена: 1 отправителей, 0 получателей; вход 17,600, выход 0 KZT."
100000008755361100,peripheral,0.6,23,0.505,"Роль не определена: 1 отправителей, 0 получателей; вход 14,627, выход 0 KZT."
100000008755580100,peripheral,0.6,23,0.508,"Роль не определена: 1 отправителей, 0 получателей; вход 16,000, выход 0 KZT."
100000008755754100,peripheral,0.6,25,0.485,"Роль не определена: 1 отправителей, 0 получателей; вход 7,000, выход 0 KZT."
100000008757301100,peripheral,0.2,1,0.344,"Роль не определена: 1 отправителей, 0 получателей; вход 58,398, выход 0 KZT. Обрыв на depth=4: 0 исходящих — эффект границы выгрузки."
100000008757369100,peripheral,0.2,1,0.453,"Роль не определена: 1 отправителей, 1 получателей; вход 25,961, выход 58,398 KZT."
100000008758106100,peripheral,0.2,5,0.295,"Роль не определена: 1 отправителей, 0 получателей; вход 10,000, выход 0 KZT. Обрыв на depth=4: 0 исходящих — эффект границы выгрузки."
100000008758168100,distributor,0.758,36,0.693,"Признаки распределения: 5 получателей, 2 отправителей; вход 75,410, выход 1,533,600 KZT."
100000008758607100,peripheral,0.2,5,0.275,"Роль не определена: 1 отправителей, 0 получателей; вход 5,000, выход 0 KZT. Обрыв на depth=4: 0 исходящих — эффект границы выгрузки."
100000008759795100,peripheral,0.2,19,0.31,"Роль не определена: 1 отправителей, 0 получателей; вход 17,000, выход 0 KZT. Обрыв на depth=4: 0 исходящих — эффект границы выгрузки."
100000008759857100,peripheral,0.2,36,0.659,"Роль не определена: 1 отправителей, 2 получателей; вход 5,000, выход 994,000 KZT."
100000008760098100,peripheral,0.6,36,0.612,"Роль не определена: 1 отправителей, 1 получателей; вход 7,000, выход 390,000 KZT."
100000008761132100,peripheral,0.2,5,0.295,"Роль не определена: 1 отправителей, 0 получателей; вход 10,000, выход 0 KZT. Обрыв на depth=4: 0 исходящих — эффект границы выгрузки."
100000008761219100,peripheral,0.2,58,0.602,"Роль не определена: 2 отправителей, 2 получателей; вход 50,000, выход 375,000 KZT."
100000008761220100,peripheral,0.2,5,0.295,"Роль не определена: 1 отправителей, 0 получателей; вход 10,000, выход 0 KZT. Обрыв на depth=4: 0 исходящих — эффект границы выгрузки."
100000008762005100,peripheral,0.2,5,0.275,"Роль не определена: 1 отправителей, 0 получателей; вход 5,000, выход 0 KZT. Обрыв на depth=4: 0 исходящих — эффект границы выгрузки."
100000008762728100,peripheral,0.6,17,0.51,"Роль не определена: 1 отправителей, 0 получателей; вход 17,026, выход 0 KZT."
100000008762832100,peripheral,0.2,3,0.46,"Роль не определена: 1 отправителей, 1 получателей; вход 150,000, выход 85,000 KZT."
100000008762843100,peripheral,0.2,5,0.285,"Роль не определена: 1 отправителей, 0 получателей; вход 7,000, выход 0 KZT. Обрыв на depth=4: 0 исходящих — эффект границы выгрузки."
100000008762885100,peripheral,0.2,5,0.285,"Роль не определена: 1 отправителей, 0 получателей; вход 7,000, выход 0 KZT. Обрыв на depth=4: 0 исходящих — эффект границы выгрузки."
100000008763688100,peripheral,0.6,23,0.515,"Роль не определена: 1 отправителей, 0 получателей; вход 21,000, выход 0 KZT."
100000008764436100,peripheral,0.6,23,0.502,"Роль не определена: 1 отправителей, 0 получателей; вход 13,100, выход 0 KZT."
100000008764654100,peripheral,0.6,23,0.522,"Роль не определена: 1 отправителей, 0 получателей; вход 26,150, выход 0 KZT."
100000008765494100,peripheral,0.6,23,0.519,"Роль не определена: 1 отправителей, 0 получателей; вход 24,000, выход 0 KZT."
100000008765627100,peripheral,0.6,2,0.545,"Роль не определена: 1 отправителей, 0 получателей; вход 60,000, выход 0 KZT."
100000008766031100,peripheral,0.2,5,0.275,"Роль не определена: 1 отправителей, 0 получателей; вход 5,000, выход 0 KZT. Обрыв на depth=4: 0 исходящих — эффект границы выгрузки."
100000008766764100,peripheral,0.2,5,0.275,"Роль не определена: 1 отправителей, 0 получателей; вход 5,000, выход 0 KZT. Обрыв на depth=4: 0 исходящих — эффект границы выгрузки."
100000008767027100,peripheral,0.6,36,0.475,"Роль не определена: 1 отправителей, 0 получателей; вход 5,000, выход 0 KZT."
100000008767065100,peripheral,0.6,36,0.495,"Роль не определена: 1 отправителей, 0 получателей; вход 10,000, выход 0 KZT."
100000008767925100,peripheral,0.6,23,0.51,"Роль не определена: 1 отправителей, 0 получателей; вход 17,144, выход 0 KZT."
100000008767950100,peripheral,0.6,23,0.51,"Роль не определена: 1 отправителей, 0 получателей; вход 17,350, выход 0 KZT."
100000008768896100,peripheral,0.6,23,0.538,"Роль не определена: 1 отправителей, 0 получателей; вход 47,060, выход 0 KZT."
100000008769097100,peripheral,0.6,23,0.526,"Роль не определена: 1 отправителей, 0 получателей; вход 31,100, выход 0 KZT."
100000008769636100,peripheral,0.6,23,0.518,"Роль не определена: 1 отправителей, 0 получателей; вход 23,118, выход 0 KZT."
100000008770483100,peripheral,0.2,58,0.275,"Роль не определена: 1 отправителей, 0 получателей; вход 5,000, выход 0 KZT. Обрыв на depth=4: 0 исходящих — эффект границы выгрузки."
100000008771627100,peripheral,0.6,23,0.509,"Роль не определена: 1 отправителей, 0 получателей; вход 16,500, выход 0 KZT."
100000008771814100,peripheral,0.6,23,0.519,"Роль не определена: 1 отправителей, 0 получателей; вход 23,700, выход 0 KZT."
100000008771819100,peripheral,0.6,23,0.533,"Роль не определена: 1 отправителей, 0 получателей; вход 38,900, выход 0 KZT."
100000008772058100,peripheral,0.6,23,0.54,"Роль не определена: 1 отправителей, 0 получателей; вход 50,000, выход 0 KZT."
100000008772246100,peripheral,0.6,23,0.536,"Роль не определена: 1 отправителей, 0 получателей; вход 44,500, выход 0 KZT."
100000008773876100,peripheral,0.6,23,0.521,"Роль не определена: 1 отправителей, 0 получателей; вход 26,120, выход 0 KZT."
100000008774237100,peripheral,0.6,35,0.5,"Роль не определена: 1 отправителей, 1 получателей; вход 50,000, выход 10,000 KZT."
100000008775471100,peripheral,0.6,36,0.608,"Роль не определена: 1 отправителей, 0 получателей; вход 580,000, выход 0 KZT."
100000008775747100,peripheral,0.2,5,0.275,"Роль не определена: 1 отправителей, 0 получателей; вход 5,000, выход 0 KZT. Обрыв на depth=4: 0 исходящих — эффект границы выгрузки."
100000008776298100,peripheral,0.6,23,0.535,"Роль не определена: 1 отправителей, 0 получателей; вход 42,800, выход 0 KZT."
100000008776310100,peripheral,0.6,23,0.513,"Роль не определена: 1 отправителей, 0 получателей; вход 19,200, выход 0 KZT."
100000008776420100,peripheral,0.6,23,0.549,"Роль не определена: 1 отправителей, 0 получателей; вход 69,500, выход 0 KZT."
100000008776576100,peripheral,0.6,23,0.506,"Роль не определена: 1 отправителей, 0 получателей; вход 14,765, выход 0 KZT."
100000008776720100,peripheral,0.6,23,0.522,"Роль не определена: 1 отправителей, 0 получателей; вход 26,150, выход 0 KZT."
100000008777088100,peripheral,0.6,23,0.511,"Роль не определена: 1 отправителей, 0 получателей; вход 18,000, выход 0 KZT."
100000008778010100,peripheral,0.2,23,0.352,"Роль не определена: 1 отправителей, 0 получателей; вход 76,950, выход 0 KZT. Обрыв на depth=4: 0 исходящих — эффект границы выгрузки."
100000008778753100,peripheral,0.2,14,0.295,"Роль не определена: 1 отправителей, 0 получателей; вход 10,000, выход 0 KZT. Обрыв на depth=4: 0 исходящих — эффект границы выгрузки."
100000008779584100,peripheral,0.6,23,0.527,"Роль не определена: 1 отправителей, 0 получателей; вход 31,400, выход 0 KZT."
100000008782056100,peripheral,0.6,23,0.524,"Роль не определена: 1 отправителей, 0 получателей; вход 29,082, выход 0 KZT."
100000008782421100,peripheral,0.6,23,0.539,"Роль не определена: 1 отправителей, 0 получателей; вход 49,680, выход 0 KZT."
100000008782800100,peripheral,0.6,23,0.536,"Роль не определена: 1 отправителей, 0 получателей; вход 43,381, выход 0 KZT."
