gid,depth,is_seed,in_degree,out_degree,out_amount,out_tx_count,unique_receivers,in_amount,in_tx_count,unique_senders,truncated_by_depth,pass_through,pagerank,betweenness,cluster_id,_in_degree,_out_degree,_in_amount,_out_amount,_pagerank,_betweenness,_unique_senders,_unique_receivers,role,role_score,evidence,priority_score
100000000343175100,0,True,8,31,4000039.0,33,31,178712.0,14,8,False,,0.0007132581979384031,0.0009459530685219553,11,1.0,1.0,0.7382979846268166,1.0,0.6198272547446937,1.0,1.0,1.0,distributor,1.0,"8 входящих связей от 8 отправителей; 31 исходящих связей к 31 получателям; вход 178,712 KZT, выход 4,000,039 KZT. Seed: входящие суммы неполны, pass-through не интерпретируется",0.8579
100000000456947100,0,True,0,0,0.0,0,0,0.0,0,0,False,,0.0002855692942172902,0.0,17,0.0,0.0,0.0,0.0,0.0,0.0,0.0,0.0,peripheral,0.35,"0 входящих связей от 0 отправителей; 0 исходящих связей к 0 получателям; вход 0 KZT, выход 0 KZT. Seed: входящие суммы неполны, pass-through не интерпретируется",0.0
100000000580561100,0,True,2,3,1488077.0,13,3,27980.0,3,2,False,,0.0008349888856684632,1.1888811083225246e-06,23,0.5849625007211564,0.7737056144690831,0.345005378681884,1.0,0.7968075093292748,0.008837113474529788,0.5849625007211564,0.7737056144690831,distributor,0.8529,"2 входящих связей от 2 отправителей; 3 исходящих связей к 3 получателям; вход 27,980 KZT, выход 1,488,077 KZT. Seed: входящие суммы неполны, pass-through не интерпретируется",0.5748
100000001415126100,0,True,1,0,0.0,0,0,27000.0,1,1,False,,0.0004096189054308039,0.0,49,0.0,0.0,0.33744353403694743,0.0,0.17828220538192388,0.0,0.0,0.0,terminal,0.4344,"1 входящих связей от 1 отправителей; 0 исходящих связей к 0 получателям; вход 27,000 KZT, выход 0 KZT. Seed: входящие суммы неполны, pass-through не интерпретируется",0.1053
100000001429930100,0,True,1,0,0.0,0,0,26000.0,1,1,False,,0.000350797891474077,0.0,12,0.0,0.0,0.32943901036304085,0.0,0.09273058836819136,0.0,0.0,0.0,terminal,0.4324,"1 входящих связей от 1 отправителей; 0 исходящих связей к 0 получателям; вход 26,000 KZT, выход 0 KZT. Seed: входящие суммы неполны, pass-through не интерпретируется",0.0825
100000001616816100,0,True,5,3,181326.0,10,3,176195.0,12,5,False,,0.0024346571906844494,0.00010164933476157584,2,1.0,0.7737056144690831,0.7352894868476966,0.8953034851512506,1.0,0.7555352520382013,1.0,0.7737056144690831,coordinator,0.8411,"5 входящих связей от 5 отправителей; 3 исходящих связей к 3 получателям; вход 176,195 KZT, выход 181,326 KZT. Seed: входящие суммы неполны, pass-through не интерпретируется",0.8797
100000001732159100,0,True,2,4,1505966.0,23,4,2378100.0,30,2,False,,0.001095056787299681,3.943122342603039e-05,42,0.5849625007211564,0.8982444017039272,1.0,1.0,1.0,0.2930919926843521,0.5849625007211564,0.8982444017039272,distributor,0.9339,"2 входящих связей от 2 отправителей; 4 исходящих связей к 4 получателям; вход 2,378,100 KZT, выход 1,505,966 KZT. Seed: входящие суммы неполны, pass-through не интерпретируется",0.8272
100000002527114100,0,True,3,111,3289249.0,113,111,129000.0,4,3,False,,0.0008111056953132608,0.00019418391435934565,22,1.0,1.0,0.6691607711977557,1.0,0.7620862195729946,1.0,1.0,1.0,distributor,1.0,"3 входящих связей от 3 отправителей; 111 исходящих связей к 111 получателям; вход 129,000 KZT, выход 3,289,249 KZT. Seed: входящие суммы неполны, pass-through не интерпретируется",0.881
100000002916006100,0,True,0,1,32000.0,1,1,0.0,0,0,False,,0.0002855692942172902,0.0,49,0.0,0.3868528072345416,0.0,0.7670471445731226,0.0,0.0,0.0,0.3868528072345416,peripheral,0.35,"0 входящих связей от 0 отправителей; 1 исходящих связей к 1 получателям; вход 0 KZT, выход 32,000 KZT. Seed: входящие суммы неполны, pass-through не интерпретируется",0.2038
100000003016635100,0,True,8,73,9414081.0,151,73,586981.0,36,8,False,,0.001189636334387764,0.009363033168594041,16,1.0,1.0,0.9905332809029217,1.0,1.0,1.0,1.0,1.0,distributor,1.0,"8 входящих связей от 8 отправителей; 73 исходящих связей к 73 получателям; вход 586,981 KZT, выход 9,414,081 KZT. Seed: входящие суммы неполны, pass-through не интерпретируется",0.9983
100000003200071100,0,True,0,1,30000.0,1,1,0.0,0,0,False,,0.0002855692942172902,0.0,61,0.0,0.3868528072345416,0.0,0.762275140587193,0.0,0.0,0.0,0.3868528072345416,peripheral,0.35,"0 входящих связей от 0 отправителей; 1 исходящих связей к 1 получателям; вход 0 KZT, выход 30,000 KZT. Seed: входящие суммы неполны, pass-through не интерпретируется",0.203
100000003265658100,0,True,0,0,0.0,0,0,0.0,0,0,False,,0.0002855692942172902,0.0,63,0.0,0.0,0.0,0.0,0.0,0.0,0.0,0.0,peripheral,0.35,"0 входящих связей от 0 отправителей; 0 исходящих связей к 0 получателям; вход 0 KZT, выход 0 KZT. Seed: входящие суммы неполны, pass-through не интерпретируется",0.0
100000003349739100,0,True,0,0,0.0,0,0,0.0,0,0,False,,0.0002855692942172902,0.0,64,0.0,0.0,0.0,0.0,0.0,0.0,0.0,0.0,peripheral,0.35,"0 входящих связей от 0 отправителей; 0 исходящих связей к 0 получателям; вход 0 KZT, выход 0 KZT. Seed: входящие суммы неполны, pass-through не интерпретируется",0.0
100000003684369100,0,True,24,62,8588655.0,67,62,3848436.0,58,24,False,,0.002020291208486861,0.0022901813083319564,3,1.0,1.0,1.0,1.0,1.0,1.0,1.0,1.0,distributor,1.0,"24 входящих связей от 24 отправителей; 62 исходящих связей к 62 получателям; вход 3,848,436 KZT, выход 8,588,655 KZT. Seed: входящие суммы неполны, pass-through не интерпретируется",1.0
100000003770083100,0,True,0,0,0.0,0,0,0.0,0,0,False,,0.0002855692942172902,0.0,67,0.0,0.0,0.0,0.0,0.0,0.0,0.0,0.0,peripheral,0.35,"0 входящих связей от 0 отправителей; 0 исходящих связей к 0 получателям; вход 0 KZT, выход 0 KZT. Seed: входящие суммы неполны, pass-through не интерпретируется",0.0
100000003975102100,0,True,1,2,88500.0,2,2,25650.0,1,1,False,,0.00034546521801697994,1.0303636272128546e-05,16,0.0,0.6131471927654585,0.3265645007844836,0.8422651990978818,0.08497428776389239,0.07658796773984698,0.0,0.6131471927654585,peripheral,0.35,"1 входящих связей от 1 отправителей; 2 исходящих связей к 2 получателям; вход 25,650 KZT, выход 88,500 KZT. Seed: входящие суммы неполны, pass-through не интерпретируется",0.3527
100000003977183100,0,True,2,4,766000.0,6,4,123800.0,2,2,False,,0.0003314603816994432,1.5851748110966993e-06,2,0.5849625007211564,0.8982444017039272,0.6604338649419642,1.0,0.06460424801021633,0.011782815631314366,0.5849625007211564,0.8982444017039272,distributor,0.9339,"2 входящих связей от 2 отправителей; 4 исходящих связей к 4 получателям; вход 123,800 KZT, выход 766,000 KZT. Seed: входящие суммы неполны, pass-through не интерпретируется",0.4703
100000004007116100,0,True,3,4,148000.0,6,4,764704.0,24,3,False,,0.0006277769573248414,7.925874055483496e-07,34,1.0,0.8982444017039272,1.0,0.8802869623876085,0.49553601520289026,0.00589141015038315,1.0,0.8982444017039272,distributor,0.892,"3 входящих связей от 3 отправителей; 4 исходящих связей к 4 получателям; вход 764,704 KZT, выход 148,000 KZT. Seed: входящие суммы неполны, pass-through не интерпретируется",0.6336
100000004019124100,0,True,3,0,0.0,0,0,193000.0,3,3,False,,0.0012028680902033675,0.0,16,1.0,0.0,0.7546116954631534,0.0,1.0,0.0,1.0,0.0,terminal,0.7387,"3 входящих связей от 3 отправителей; 0 исходящих связей к 0 получателям; вход 193,000 KZT, выход 0 KZT. Seed: входящие суммы неполны, pass-through не интерпретируется",0.5558
100000004021459100,0,True,0,0,0.0,0,0,0.0,0,0,False,,0.0002855692942172902,0.0,69,0.0,0.0,0.0,0.0,0.0,0.0,0.0,0.0,peripheral,0.35,"0 входящих связей от 0 отправителей; 0 исходящих связей к 0 получателям; вход 0 KZT, выход 0 KZT. Seed: входящие суммы неполны, pass-through не интерпретируется",0.0
100000004041163100,0,True,1,2,866000.0,6,2,50000.0,1,1,False,,0.002084748055672515,2.3381328463676314e-05,49,0.0,0.6131471927654585,0.46813466994857295,1.0,1.0,0.17379463654396812,0.0,0.6131471927654585,peripheral,0.35,"1 входящих связей от 1 отправителей; 2 исходящих связей к 2 получателям; вход 50,000 KZT, выход 866,000 KZT. Seed: входящие суммы неполны, pass-through не интерпретируется",0.6567
100000004174835100,0,True,0,0,0.0,0,0,0.0,0,0,False,,0.0002855692942172902,0.0,72,0.0,0.0,0.0,0.0,0.0,0.0,0.0,0.0,peripheral,0.35,"0 входящих связей от 0 отправителей; 0 исходящих связей к 0 получателям; вход 0 KZT, выход 0 KZT. Seed: входящие суммы неполны, pass-through не интерпретируется",0.0
100000004193835100,0,True,1,1,5000.0,1,1,47000.0,1,1,False,,0.000469930139695584,5.944405541612623e-07,16,0.0,0.3868528072345416,0.4550109999643056,0.6297997767503529,0.26599603516533127,0.004418558050548771,0.0,0.3868528072345416,peripheral,0.35,"1 входящих связей от 1 отправителей; 1 исходящих связей к 1 получателям; вход 47,000 KZT, выход 5,000 KZT. Seed: входящие суммы неполны, pass-through не интерпретируется",0.3285
100000004269433100,0,True,0,1,1372000.0,67,1,0.0,0,0,False,,0.0002855692942172902,0.0,4,0.0,0.3868528072345416,0.0,1.0,0.0,0.0,0.0,0.3868528072345416,peripheral,0.35,"0 входящих связей от 0 отправителей; 1 исходящих связей к 1 получателям; вход 0 KZT, выход 1,372,000 KZT. Seed: входящие суммы неполны, pass-through не интерпретируется",0.2458
100000004358004100,0,True,0,11,980850.0,17,11,0.0,0,0,False,,0.0002855692942172902,0.0,3,0.0,1.0,0.0,1.0,0.0,0.0,0.0,1.0,distributor,1.0,"0 входящих связей от 0 отправителей; 11 исходящих связей к 11 получателям; вход 0 KZT, выход 980,850 KZT. Seed: входящие суммы неполны, pass-through не интерпретируется",0.35
100000004388983100,0,True,0,2,450816.0,23,2,0.0,0,0,False,,0.0002855692942172902,0.0,73,0.0,0.6131471927654585,0.0,0.9626475766731248,0.0,0.0,0.0,0.6131471927654585,peripheral,0.35,"0 входящих связей от 0 отправителей; 2 исходящих связей к 2 получателям; вход 0 KZT, выход 450,816 KZT. Seed: входящие суммы неполны, pass-through не интерпретируется",0.2775
100000004714705100,0,True,0,1,36550.0,1,1,0.0,0,0,False,,0.0002855692942172902,0.0,49,0.0,0.3868528072345416,0.0,0.7768772015084559,0.0,0.0,0.0,0.3868528072345416,peripheral,0.35,"0 входящих связей от 0 отправителей; 1 исходящих связей к 1 получателям; вход 0 KZT, выход 36,550 KZT. Seed: входящие суммы неполны, pass-through не интерпретируется",0.2056
100000004723755100,0,True,0,1,95000.0,5,1,0.0,0,0,False,,0.0002855692942172902,0.0,3,0.0,0.3868528072345416,0.0,0.8475057880252282,0.0,0.0,0.0,0.3868528072345416,peripheral,0.35,"0 входящих связей от 0 отправителей; 1 исходящих связей к 1 получателям; вход 0 KZT, выход 95,000 KZT. Seed: входящие суммы неполны, pass-through не интерпретируется",0.2183
100000004813068100,0,True,0,3,297000.0,5,3,0.0,0,0,False,,0.0002855692942172902,0.0,21,0.0,0.7737056144690831,0.0,0.9317893307554748,0.0,0.0,0.0,0.7737056144690831,distributor,0.829,"0 входящих связей от 0 отправителей; 3 исходящих связей к 3 получателям; вход 0 KZT, выход 297,000 KZT. Seed: входящие суммы неполны, pass-through не интерпретируется",0.2993
100000004971871100,0,True,1,1,5650.0,1,1,25400.0,3,1,False,,0.0007430293125206662,0.0,52,0.0,0.3868528072345416,0.3244871639079953,0.6388351879399625,0.6631124905121106,0.0,0.0,0.3868528072345416,peripheral,0.35,"1 входящих связей от 1 отправителей; 1 исходящих связей к 1 получателям; вход 25,400 KZT, выход 5,650 KZT. Seed: входящие суммы неполны, pass-through не интерпретируется",0.4049
100000005017150100,0,True,0,0,0.0,0,0,0.0,0,0,False,,0.0002855692942172902,0.0,75,0.0,0.0,0.0,0.0,0.0,0.0,0.0,0.0,peripheral,0.35,"0 входящих связей от 0 отправителей; 0 исходящих связей к 0 получателям; вход 0 KZT, выход 0 KZT. Seed: входящие суммы неполны, pass-through не интерпретируется",0.0
100000005087431100,0,True,0,0,0.0,0,0,0.0,0,0,False,,0.0002855692942172902,0.0,76,0.0,0.0,0.0,0.0,0.0,0.0,0.0,0.0,peripheral,0.35,"0 входящих связей от 0 отправителей; 0 исходящих связей к 0 получателям; вход 0 KZT, выход 0 KZT. Seed: входящие суммы неполны, pass-through не интерпретируется",0.0
100000005235389100,0,True,0,0,0.0,0,0,0.0,0,0,False,,0.0002855692942172902,0.0,77,0.0,0.0,0.0,0.0,0.0,0.0,0.0,0.0,peripheral,0.35,"0 входящих связей от 0 отправителей; 0 исходящих связей к 0 получателям; вход 0 KZT, выход 0 KZT. Seed: входящие суммы неполны, pass-through не интерпретируется",0.0
100000005264990100,0,True,1,2,122000.0,2,2,17070.0,1,1,False,,0.0003639962150845005,8.559943979922176e-05,49,0.0,0.6131471927654585,0.24019597229789835,0.8660019712427278,0.11192719173202934,0.6362453176591462,0.0,0.6131471927654585,coordinator,0.4527,"1 входящих связей от 1 отправителей; 2 исходящих связей к 2 получателям; вход 17,070 KZT, выход 122,000 KZT. Seed: входящие суммы неполны, pass-through не интерпретируется",0.4713
100000005370580100,0,True,1,0,0.0,0,0,24075.0,1,1,False,,0.0003459684664848726,0.0,12,0.0,0.0,0.31312417495023037,0.0,0.08570625754400832,0.0,0.0,0.0,terminal,0.4283,"1 входящих связей от 1 отправителей; 0 исходящих связей к 0 получателям; вход 24,075 KZT, выход 0 KZT. Seed: входящие суммы неполны, pass-through не интерпретируется",0.0778
100000005382566100,0,True,7,1,50000.0,1,1,393066.0,11,7,False,,0.0021132620521571092,4.6366363224578456e-05,49,1.0,0.3868528072345416,0.9054771094320608,0.800046024263114,1.0,0.34463964059739083,1.0,0.3868528072345416,coordinator,0.574,"7 входящих связей от 7 отправителей; 1 исходящих связей к 1 получателям; вход 393,066 KZT, выход 50,000 KZT. Seed: входящие суммы неполны, pass-through не интерпретируется",0.8028
100000005386383100,0,True,2,1,29000.0,1,1,37500.0,2,2,False,,0.0005243332756978205,2.2588741058127966e-05,49,0.5849625007211564,0.3868528072345416,0.40711793704043997,0.7597684504105279,0.3451128680689305,0.16790335947006457,0.5849625007211564,0.3868528072345416,peripheral,0.35,"2 входящих связей от 2 отправителей; 1 исходящих связей к 1 получателям; вход 37,500 KZT, выход 29,000 KZT. Seed: входящие суммы неполны, pass-through не интерпретируется",0.4327
100000005392290100,0,True,0,1,81465.0,1,1,0.0,0,0,False,,0.0002855692942172902,0.0,68,0.0,0.3868528072345416,0.0,0.8361406589504912,0.0,0.0,0.0,0.3868528072345416,peripheral,0.35,"0 входящих связей от 0 отправителей; 1 исходящих связей к 1 получателям; вход 0 KZT, выход 81,465 KZT. Seed: входящие суммы неполны, pass-through не интерпретируется",0.2163
100000005395727100,0,True,1,0,0.0,0,0,17000.0,1,1,False,,0.0003712067299561792,0.0,4,0.0,0.0,0.23932445254453824,0.0,0.12241458287160288,0.0,0.0,0.0,terminal,0.4098,"1 входящих связей от 1 отправителей; 0 исходящих связей к 0 получателям; вход 17,000 KZT, выход 0 KZT. Seed: входящие суммы неполны, pass-through не интерпретируется",0.0737
100000005409680100,0,True,2,0,0.0,0,0,55060.0,2,2,False,,0.0006335288187931603,0.0,43,0.5849625007211564,0.0,0.48858108609785045,0.0,0.5038996569510582,0.0,0.5849625007211564,0.0,terminal,0.5891,"2 входящих связей от 2 отправителей; 0 исходящих связей к 0 получателям; вход 55,060 KZT, выход 0 KZT. Seed: входящие суммы неполны, pass-through не интерпретируется",0.3134
100000005417257100,0,True,0,2,106000.0,2,2,0.0,0,0,False,,0.0002855692942172902,0.0,49,0.0,0.6131471927654585,0.0,0.8556070416994673,0.0,0.0,0.0,0.6131471927654585,peripheral,0.35,"0 входящих связей от 0 отправителей; 2 исходящих связей к 2 получателям; вход 0 KZT, выход 106,000 KZT. Seed: входящие суммы неполны, pass-through не интерпретируется",0.2582
100000005454368100,0,True,2,0,0.0,0,0,48600.0,2,2,False,,0.0003941929632081931,0.0,12,0.5849625007211564,0.0,0.4621111866654067,0.0,0.15584658945260726,0.0,0.5849625007211564,0.0,terminal,0.5825,"2 входящих связей от 2 отправителей; 0 исходящих связей к 0 получателям; вход 48,600 KZT, выход 0 KZT. Seed: входящие суммы неполны, pass-through не интерпретируется",0.2216
100000005480435100,0,True,0,0,0.0,0,0,0.0,0,0,False,,0.0002855692942172902,0.0,78,0.0,0.0,0.0,0.0,0.0,0.0,0.0,0.0,peripheral,0.35,"0 входящих связей от 0 отправителей; 0 исходящих связей к 0 получателям; вход 0 KZT, выход 0 KZT. Seed: входящие суммы неполны, pass-through не интерпретируется",0.0
100000005485830100,0,True,0,5,275885.0,9,5,0.0,0,0,False,,0.0002855692942172902,0.0,55,0.0,1.0,0.0,0.9263362152955689,0.0,0.0,0.0,1.0,distributor,0.9742,"0 входящих связей от 0 отправителей; 5 исходящих связей к 5 получателям; вход 0 KZT, выход 275,885 KZT. Seed: входящие суммы неполны, pass-through не интерпретируется",0.3367
100000005493505100,0,True,3,0,0.0,0,0,62020.0,3,3,False,,0.0006174200765778767,0.0,3,1.0,0.0,0.5138279633631121,0.0,0.4804762057969672,0.0,1.0,0.0,terminal,0.6785,"3 входящих связей от 3 отправителей; 0 исходящих связей к 0 получателям; вход 62,020 KZT, выход 0 KZT. Seed: входящие суммы неполны, pass-through не интерпретируется",0.3826
100000005495722100,0,True,0,0,0.0,0,0,0.0,0,0,False,,0.0002855692942172902,0.0,79,0.0,0.0,0.0,0.0,0.0,0.0,0.0,0.0,peripheral,0.35,"0 входящих связей от 0 отправителей; 0 исходящих связей к 0 получателям; вход 0 KZT, выход 0 KZT. Seed: входящие суммы неполны, pass-through не интерпретируется",0.0
100000005498992100,0,True,0,16,2262868.0,19,16,0.0,0,0,False,,0.0002855692942172902,0.0,5,0.0,1.0,0.0,1.0,0.0,0.0,0.0,1.0,distributor,1.0,"0 входящих связей от 0 отправителей; 16 исходящих связей к 16 получателям; вход 0 KZT, выход 2,262,868 KZT. Seed: входящие суммы неполны, pass-through не интерпретируется",0.35
100000005519347100,0,True,2,1,99000.0,1,1,73100.0,2,2,False,,0.0005567200012967682,2.0210978841482916e-05,16,0.5849625007211564,0.3868528072345416,0.5486910754831021,0.8505553758157466,0.39220985940242364,0.15022950023283396,0.5849625007211564,0.3868528072345416,peripheral,0.35,"2 входящих связей от 2 отправителей; 1 исходящих связей к 1 получателям; вход 73,100 KZT, выход 99,000 KZT. Seed: входящие суммы неполны, pass-through не интерпретируется",0.4824
100000005523088100,0,True,1,0,0.0,0,0,700000.0,2,1,False,,0.0017206377268585364,0.0,49,0.0,0.0,1.0,0.0,1.0,0.0,0.0,0.0,terminal,0.6,"1 входящих связей от 1 отправителей; 0 исходящих связей к 0 получателям; вход 700,000 KZT, выход 0 KZT. Seed: входящие суммы неполны, pass-through не интерпретируется",0.43
100000005543136100,0,True,0,1,10000.0,1,1,0.0,0,0,False,,0.0002855692942172902,0.0,3,0.0,0.3868528072345416,0.0,0.6810456169100282,0.0,0.0,0.0,0.3868528072345416,peripheral,0.35,"0 входящих связей от 0 отправителей; 1 исходящих связей к 1 получателям; вход 0 KZT, выход 10,000 KZT. Seed: входящие суммы неполны, pass-through не интерпретируется",0.1884
100000005550592100,0,True,0,0,0.0,0,0,0.0,0,0,False,,0.0002855692942172902,0.0,80,0.0,0.0,0.0,0.0,0.0,0.0,0.0,0.0,peripheral,0.35,"0 входящих связей от 0 отправителей; 0 исходящих связей к 0 получателям; вход 0 KZT, выход 0 KZT. Seed: входящие суммы неполны, pass-through не интерпретируется",0.0
100000005560900100,0,True,0,0,0.0,0,0,0.0,0,0,False,,0.0002855692942172902,0.0,81,0.0,0.0,0.0,0.0,0.0,0.0,0.0,0.0,peripheral,0.35,"0 входящих связей от 0 отправителей; 0 исходящих связей к 0 получателям; вход 0 KZT, выход 0 KZT. Seed: входящие суммы неполны, pass-through не интерпретируется",0.0
100000005568407100,0,True,0,0,0.0,0,0,0.0,0,0,False,,0.0002855692942172902,0.0,82,0.0,0.0,0.0,0.0,0.0,0.0,0.0,0.0,peripheral,0.35,"0 входящих связей от 0 отправителей; 0 исходящих связей к 0 получателям; вход 0 KZT, выход 0 KZT. Seed: входящие суммы неполны, pass-through не интерпретируется",0.0
100000005668605100,0,True,3,0,0.0,0,0,94500.0,3,3,False,,0.0008383018688148909,0.0,49,1.0,0.0,0.6031523423206706,0.0,0.8016238459733361,0.0,1.0,0.0,terminal,0.7008,"3 входящих связей от 3 отправителей; 0 исходящих связей к 0 получателям; вход 94,500 KZT, выход 0 KZT. Seed: входящие суммы неполны, pass-through не интерпретируется",0.479
100000005744674100,0,True,0,1,50066.0,2,1,0.0,0,0,False,,0.0002855692942172902,0.0,49,0.0,0.3868528072345416,0.0,0.8001435624282454,0.0,0.0,0.0,0.3868528072345416,peripheral,0.35,"0 входящих связей от 0 отправителей; 1 исходящих связей к 1 получателям; вход 0 KZT, выход 50,066 KZT. Seed: входящие суммы неполны, pass-through не интерпретируется",0.2098
100000006232815100,0,True,1,5,296500.0,5,5,160000.0,2,1,False,,0.0005566536352336254,2.774055919419224e-06,27,0.0,1.0,0.7148391912915051,0.931664743470096,0.3921133509916545,0.020619915097505007,0.0,1.0,distributor,0.9761,"1 входящих связей от 1 отправителей; 5 исходящих связей к 5 получателям; вход 160,000 KZT, выход 296,500 KZT. Seed: входящие суммы неполны, pass-through не интерпретируется",0.5689
100000006249740100,0,True,0,3,93007.0,5,3,0.0,0,0,False,,0.0002855692942172902,0.0,83,0.0,0.7737056144690831,0.0,0.84593805996985,0.0,0.0,0.0,0.7737056144690831,distributor,0.799,"0 входящих связей от 0 отправителей; 3 исходящих связей к 3 получателям; вход 0 KZT, выход 93,007 KZT. Seed: входящие суммы неполны, pass-through не интерпретируется",0.2838
100000006831291100,0,True,0,1,15000.0,3,1,0.0,0,0,False,,0.0002855692942172902,0.0,83,0.0,0.3868528072345416,0.0,0.7110243718942185,0.0,0.0,0.0,0.3868528072345416,peripheral,0.35,"0 входящих связей от 0 отправителей; 1 исходящих связей к 1 получателям; вход 0 KZT, выход 15,000 KZT. Seed: входящие суммы неполны, pass-through не интерпретируется",0.1937
100000006866783100,0,True,13,67,3948037.0,90,67,838812.0,31,13,False,,0.0008703719471293999,0.008446207687225989,0,1.0,1.0,1.0,1.0,0.8482457441973844,1.0,1.0,1.0,distributor,1.0,"13 входящих связей от 13 отправителей; 67 исходящих связей к 67 получателям; вход 838,812 KZT, выход 3,948,037 KZT. Seed: входящие суммы неполны, pass-through не интерпретируется",0.9621
100000007018630100,0,True,0,1,200000.0,5,1,0.0,0,0,False,,0.0002855692942172902,0.0,37,0.0,0.3868528072345416,0.0,0.9025513817937174,0.0,0.0,0.0,0.3868528072345416,peripheral,0.35,"0 входящих связей от 0 отправителей; 1 исходящих связей к 1 получателям; вход 0 KZT, выход 200,000 KZT. Seed: входящие суммы неполны, pass-through не интерпретируется",0.2282
100000007747786100,0,True,0,31,4238009.4,35,31,0.0,0,0,False,,0.0002855692942172902,0.0,2,0.0,1.0,0.0,1.0,0.0,0.0,0.0,1.0,distributor,1.0,"0 входящих связей от 0 отправителей; 31 исходящих связей к 31 получателям; вход 0 KZT, выход 4,238,009 KZT. Seed: входящие суммы неполны, pass-through не интерпретируется",0.35
100000007982728100,0,True,0,8,1804384.0,12,8,0.0,0,0,False,,0.0002855692942172902,0.0,2,0.0,1.0,0.0,1.0,0.0,0.0,0.0,1.0,distributor,1.0,"0 входящих связей от 0 отправителей; 8 исходящих связей к 8 получателям; вход 0 KZT, выход 1,804,384 KZT. Seed: входящие суммы неполны, pass-through не интерпретируется",0.35
100000008117324100,0,True,0,0,0.0,0,0,0.0,0,0,False,,0.0002855692942172902,0.0,86,0.0,0.0,0.0,0.0,0.0,0.0,0.0,0.0,peripheral,0.35,"0 входящих связей от 0 отправителей; 0 исходящих связей к 0 получателям; вход 0 KZT, выход 0 KZT. Seed: входящие суммы неполны, pass-through не интерпретируется",0.0
100000008205000100,0,True,0,0,0.0,0,0,0.0,0,0,False,,0.0002855692942172902,0.0,87,0.0,0.0,0.0,0.0,0.0,0.0,0.0,0.0,peripheral,0.35,"0 входящих связей от 0 отправителей; 0 исходящих связей к 0 получателям; вход 0 KZT, выход 0 KZT. Seed: входящие суммы неполны, pass-through не интерпретируется",0.0
100000008314203100,0,True,2,2,327000.0,13,2,382076.0,10,2,False,,0.000502990862402695,0.0,42,0.5849625007211564,0.6131471927654585,0.8994623173919013,0.938904676656084,0.31407575564780527,0.0,0.5849625007211564,0.6131471927654585,peripheral,0.35,"2 входящих связей от 2 отправителей; 2 исходящих связей к 2 получателям; вход 382,076 KZT, выход 327,000 KZT. Seed: входящие суммы неполны, pass-through не интерпретируется",0.5137
100000008418835100,0,True,1,4,186179.0,6,4,1372000.0,67,1,False,,0.0005285862410602071,0.00031663866851656567,4,0.0,0.8982444017039272,1.0,0.8972564558350634,0.35129764548104225,1.0,0.0,0.8982444017039272,distributor,0.8979,"1 входящих связей от 1 отправителей; 4 исходящих связей к 4 получателям; вход 1,372,000 KZT, выход 186,179 KZT. Seed: входящие суммы неполны, pass-through не интерпретируется",0.802
100000008513251100,0,True,0,0,0.0,0,0,0.0,0,0,False,,0.0002855692942172902,0.0,88,0.0,0.0,0.0,0.0,0.0,0.0,0.0,0.0,peripheral,0.35,"0 входящих связей от 0 отправителей; 0 исходящих связей к 0 получателям; вход 0 KZT, выход 0 KZT. Seed: входящие суммы неполны, pass-through не интерпретируется",0.0
100000008516839100,0,True,3,0,0.0,0,0,155000.0,4,3,False,,0.0010695838614429936,0.0,49,1.0,0.0,0.7081052491346334,0.0,1.0,0.0,1.0,0.0,terminal,0.727,"3 входящих связей от 3 отправителей; 0 исходящих связей к 0 получателям; вход 155,000 KZT, выход 0 KZT. Seed: входящие суммы неполны, pass-through не интерпретируется",0.5475
100000008522127100,0,True,0,1,145000.0,3,1,0.0,0,0,False,,0.0002855692942172902,0.0,59,0.0,0.3868528072345416,0.0,0.8787727330727781,0.0,0.0,0.0,0.3868528072345416,peripheral,0.35,"0 входящих связей от 0 отправителей; 1 исходящих связей к 1 получателям; вход 0 KZT, выход 145,000 KZT. Seed: входящие суммы неполны, pass-through не интерпретируется",0.2239
100000008571433100,0,True,2,2,1434000.0,3,2,350000.0,2,2,False,,0.0016264807087207852,9.90734256935437e-07,58,0.5849625007211564,0.6131471927654585,0.8808638479980881,1.0,1.0,0.007364261958376784,0.5849625007211564,0.6131471927654585,peripheral,0.35,"2 входящих связей от 2 отправителей; 2 исходящих связей к 2 получателям; вход 350,000 KZT, выход 1,434,000 KZT. Seed: входящие суммы неполны, pass-through не интерпретируется",0.6944
100000008575624100,0,True,0,3,89500.0,5,3,0.0,0,0,False,,0.0002855692942172902,0.0,71,0.0,0.7737056144690831,0.0,0.8430960163187018,0.0,0.0,0.0,0.7737056144690831,distributor,0.798,"0 входящих связей от 0 отправителей; 3 исходящих связей к 3 получателям; вход 0 KZT, выход 89,500 KZT. Seed: входящие суммы неполны, pass-through не интерпретируется",0.2833
100000008601794100,0,True,2,1,871400.0,13,1,494400.0,8,2,False,,0.0023677797580180984,3.962937027741748e-07,39,0.5849625007211564,0.3868528072345416,0.9541264392431683,1.0,1.0,0.00294570565887353,0.5849625007211564,0.3868528072345416,peripheral,0.35,"2 входящих связей от 2 отправителей; 1 исходящих связей к 1 получателям; вход 494,400 KZT, выход 871,400 KZT. Seed: входящие суммы неполны, pass-through не интерпретируется",0.7018
100000008637537100,0,True,3,3,2351495.0,30,3,619890.0,22,3,False,,0.000828733153434527,7.787171259512535e-05,42,1.0,0.7737056144690831,1.0,1.0,0.7877130300960166,0.5788087405407478,1.0,0.7737056144690831,coordinator,0.6519,"3 входящих связей от 3 отправителей; 3 исходящих связей к 3 получателям; вход 619,890 KZT, выход 2,351,495 KZT. Seed: входящие суммы неполны, pass-through не интерпретируется",0.8543
100000008650785100,0,True,2,2,120120.0,2,2,92000.0,2,2,False,,0.0006125210138081797,2.437206272061175e-05,16,0.5849625007211564,0.6131471927654585,0.5974656629745778,0.8648536639378087,0.47335248623127885,0.1811587263202283,0.5849625007211564,0.6131471927654585,peripheral,0.35,"2 входящих связей от 2 отправителей; 2 исходящих связей к 2 получателям; вход 92,000 KZT, выход 120,120 KZT. Seed: входящие суммы неполны, pass-through не интерпретируется",0.5256
100000008654653100,0,True,0,1,54000.0,1,1,0.0,0,0,False,,0.0002855692942172902,0.0,16,0.0,0.3868528072345416,0.0,0.8057366284810706,0.0,0.0,0.0,0.3868528072345416,peripheral,0.35,"0 входящих связей от 0 отправителей; 1 исходящих связей к 1 получателям; вход 0 KZT, выход 54,000 KZT. Seed: входящие суммы неполны, pass-through не интерпретируется",0.2108
100000008659445100,0,True,3,4,875150.0,18,4,138490.0,7,3,False,,0.0024238038911821155,1.387027959709612e-06,9,1.0,0.8982444017039272,0.6842169212969718,1.0,1.0,0.010309964698842277,1.0,0.8982444017039272,distributor,0.9339,"3 входящих связей от 3 отправителей; 4 исходящих связей к 4 получателям; вход 138,490 KZT, выход 875,150 KZT. Seed: входящие суммы неполны, pass-through не интерпретируется",0.7254
100000008669037100,0,True,0,0,0.0,0,0,0.0,0,0,False,,0.0002855692942172902,0.0,89,0.0,0.0,0.0,0.0,0.0,0.0,0.0,0.0,peripheral,0.35,"0 входящих связей от 0 отправителей; 0 исходящих связей к 0 получателям; вход 0 KZT, выход 0 KZT. Seed: входящие суммы неполны, pass-through не интерпретируется",0.0
100000008673001100,0,True,1,0,0.0,0,0,80000.0,1,1,False,,0.0004689783107025104,0.0,49,0.0,0.0,0.567822122199512,0.0,0.2646117807967924,0.0,0.0,0.0,terminal,0.492,"1 входящих связей от 1 отправителей; 0 исходящих связей к 0 получателям; вход 80,000 KZT, выход 0 KZT. Seed: входящие суммы неполны, pass-through не интерпретируется",0.1684
100000008680731100,0,True,0,27,1464354.0,28,27,0.0,0,0,False,,0.0002855692942172902,0.0,8,0.0,1.0,0.0,1.0,0.0,0.0,0.0,1.0,distributor,1.0,"0 входящих связей от 0 отправителей; 27 исходящих связей к 27 получателям; вход 0 KZT, выход 1,464,354 KZT. Seed: входящие суммы неполны, pass-through не интерпретируется",0.35
100000008701222100,0,True,0,0,0.0,0,0,0.0,0,0,False,,0.0002855692942172902,0.0,90,0.0,0.0,0.0,0.0,0.0,0.0,0.0,0.0,peripheral,0.35,"0 входящих связей от 0 отправителей; 0 исходящих связей к 0 получателям; вход 0 KZT, выход 0 KZT. Seed: входящие суммы неполны, pass-through не интерпретируется",0.0
100000008738325100,0,True,1,1,54000.0,1,1,36550.0,1,1,False,,0.0005285862410602071,1.981468513870874e-07,49,0.0,0.3868528072345416,0.4016755822439142,0.8057366284810706,0.35129764548104225,0.0014728529753573112,0.0,0.3868528072345416,peripheral,0.35,"1 входящих связей от 1 отправителей; 1 исходящих связей к 1 получателям; вход 36,550 KZT, выход 54,000 KZT. Seed: входящие суммы неполны, pass-through не интерпретируется",0.3712
100000003134937100,1,False,1,0,0.0,0,0,10286.0,1,1,False,0.0,0.00028667522491586535,0.0,16,0.0,0.0,0.13276591726853484,0.0,0.0,0.0,0.0,0.0,terminal,0.3832,"1 входящих связей от 1 отправителей; 0 исходящих связей к 0 получателям; вход 10,286 KZT, выход 0 KZT",0.0239
100000005074393100,1,False,4,6,685500.0,10,6,563026.0,5,4,False,1.2175281425724567,0.0010600834163353916,0.00021716894912024781,12,1.0,1.0,0.9816956884042197,0.9936361452129534,1.0,1.0,1.0,1.0,distributor,0.9978,"4 входящих связей от 4 отправителей; 6 исходящих связей к 6 получателям; вход 563,026 KZT, выход 685,500 KZT",0.9956
100000001924185100,1,False,2,0,0.0,0,0,151000.0,2,2,False,0.0,0.00031021987602786454,0.0,11,0.5849625007211564,0.0,0.7025598006462477,0.0,0.03370938016087451,0.0,0.5849625007211564,0.0,consolidator,0.6144,"2 входящих связей от 2 отправителей; 0 исходящих связей к 0 получателям; вход 151,000 KZT, выход 0 KZT",0.2343
100000004070318100,1,False,4,19,551860.0,37,19,207246.55,6,4,False,2.662818753798314,0.0003141223476175547,0.0028055612687897706,0,1.0,1.0,0.7697173539273188,0.9776013745239807,0.039385675762054734,1.0,1.0,1.0,distributor,0.9922,"4 входящих связей от 4 отправителей; 19 исходящих связей к 19 получателям; вход 207,247 KZT, выход 551,860 KZT",0.7144
100000005807278100,1,False,1,0,0.0,0,0,8385.0,1,1,False,0.0,0.00029295533223776195,0.0,55,0.0,0.0,0.08942966160396107,0.0,0.00859716894320442,0.0,0.0,0.0,terminal,0.3724,"1 входящих связей от 1 отправителей; 0 исходящих связей к 0 получателям; вход 8,385 KZT, выход 0 KZT",0.0182
100000003377795100,1,False,1,0,0.0,0,0,7000.0,1,1,False,0.0,0.0002859706898885458,0.0,2,0.0,0.0,0.05114286315444276,0.0,0.0,0.0,0.0,0.0,terminal,0.3628,"1 входящих связей от 1 отправителей; 0 исходящих связей к 0 получателям; вход 7,000 KZT, выход 0 KZT",0.0092
100000004330371100,1,False,2,2,90681.0,6,2,264171.0,12,2,False,0.3432662934235779,0.0012542719301566058,0.00033467003199279065,16,0.5849625007211564,0.6131471927654585,0.8211918039445715,0.8440653384002335,1.0,1.0,0.5849625007211564,0.6131471927654585,coordinator,1.0,"2 входящих связей от 2 отправителей; 2 исходящих связей к 2 получателям; вход 264,171 KZT, выход 90,681 KZT",0.874
100000008165763100,1,False,15,17,1267858.0,17,17,1165815.0,26,15,False,1.087529324978663,0.0009102399259160779,0.00032852747959979093,3,1.0,1.0,1.0,1.0,0.9062017627121021,1.0,1.0,1.0,distributor,1.0,"15 входящих связей от 15 отправителей; 17 исходящих связей к 17 получателям; вход 1,165,815 KZT, выход 1,267,858 KZT",0.9766
100000001684867100,1,False,1,0,0.0,0,0,30550.0,1,1,False,0.0,0.0002888539707525294,0.0,16,0.0,0.0,0.3636432063933166,0.0,0.0026314534797826196,0.0,0.0,0.0,terminal,0.4409,"1 входящих связей от 1 отправителей; 0 исходящих связей к 0 получателям; вход 30,550 KZT, выход 0 KZT",0.0661
100000003900547100,1,False,1,0,0.0,0,0,23700.0,1,1,False,0.0,0.00028811747208587187,0.0,16,0.0,0.0,0.3097945331022268,0.0,0.0015601623669726854,0.0,0.0,0.0,terminal,0.4274,"1 входящих связей от 1 отправителей; 0 исходящих связей к 0 получателям; вход 23,700 KZT, выход 0 KZT",0.0562
100000006656003100,1,False,1,1,9000.0,1,1,20000.0,1,1,False,0.45,0.00028976705994767336,0.0,22,0.0,0.3868528072345416,0.2737932863595569,0.6732557883947118,0.0039596073212996175,0.0,0.0,0.3868528072345416,peripheral,0.35,"1 входящих связей от 1 отправителей; 1 исходящих связей к 1 получателям; вход 20,000 KZT, выход 9,000 KZT",0.2372
100000008237827100,1,False,1,0,0.0,0,0,40001.0,1,1,False,0.0,0.0002935789518042098,0.0,3,0.0,0.0,0.42081168108105305,0.0,0.009504264822842678,0.0,0.0,0.0,terminal,0.4552,"1 входящих связей от 1 отправителей; 0 исходящих связей к 0 получателям; вход 40,001 KZT, выход 0 KZT",0.0781
100000003014659100,1,False,1,0,0.0,0,0,280000.0,1,1,False,0.0,0.0003280369433880586,0.0,11,0.0,0.0,0.8335346477734468,0.0,0.05962481230672139,0.0,0.0,0.0,terminal,0.5584,"1 входящих связей от 1 отправителей; 0 исходящих связей к 0 получателям; вход 280,000 KZT, выход 0 KZT",0.1649
100000007939160100,1,False,1,2,14300.0,2,2,795000.0,2,1,False,0.017987421383647798,0.0006653456234025163,3.962937027741748e-07,23,0.0,0.6131471927654585,1.0,0.707490838375349,0.5501628295713995,0.00294570565887353,0.0,0.6131471927654585,peripheral,0.35,"1 входящих связей от 1 отправителей; 2 исходящих связей к 2 получателям; вход 795,000 KZT, выход 14,300 KZT",0.5498
100000007274584100,1,False,1,0,0.0,0,0,38000.0,1,1,False,0.0,0.0002931782787002518,0.0,3,0.0,0.0,0.40992721109519714,0.0,0.008921459374242961,0.0,0.0,0.0,terminal,0.4525,"1 входящих связей от 1 отправителей; 0 исходящих связей к 0 получателям; вход 38,000 KZT, выход 0 KZT",0.076
100000001524952100,1,False,1,0,0.0,0,0,103807.0,1,1,False,0.0,0.0003050489293103606,0.0,0,0.0,0.0,0.6230757060358213,0.0,0.02618800439895855,0.0,0.0,0.0,terminal,0.5058,"1 входящих связей от 1 отправителей; 0 исходящих связей к 0 получателям; вход 103,807 KZT, выход 0 KZT",0.1187
100000003131693100,1,False,1,0,0.0,0,0,353277.0,1,1,False,0.0,0.00035630822082748,0.0,3,0.0,0.0,0.882840490575972,0.0,0.10074524360738996,0.0,0.0,0.0,terminal,0.5707,"1 входящих связей от 1 отправителей; 0 исходящих связей к 0 получателям; вход 353,277 KZT, выход 0 KZT",0.1841
100000008383405100,1,False,1,0,0.0,0,0,25000.0,2,1,False,0.0,0.0003060252661737647,0.0,21,0.0,0.0,0.3211205171539985,0.0,0.02760813348124756,0.0,0.0,0.0,terminal,0.4303,"1 входящих связей от 1 отправителей; 0 исходящих связей к 0 получателям; вход 25,000 KZT, выход 0 KZT",0.0647
100000008736173100,1,False,1,0,0.0,0,0,31060.0,1,1,False,0.0,0.00029208842439657525,0.0,22,0.0,0.0,0.3671546928666455,0.0,0.0073361932475150046,0.0,0.0,0.0,terminal,0.4418,"1 входящих связей от 1 отправителей; 0 исходящих связей к 0 получателям; вход 31,060 KZT, выход 0 KZT",0.0679
100000002861485100,1,False,1,0,0.0,0,0,29323.0,1,1,False,0.0,0.00028872204610085224,0.0,16,0.0,0.0,0.35494887774822365,0.0,0.002439559494646318,0.0,0.0,0.0,terminal,0.4387,"1 входящих связей от 1 отправителей; 0 исходящих связей к 0 получателям; вход 29,323 KZT, выход 0 KZT",0.0645
100000008745474100,1,False,1,0,0.0,0,0,40559.0,1,1,False,0.0,0.00029408215323022076,0.0,22,0.0,0.0,0.4237499200598165,0.0,0.01023620414551071,0.0,0.0,0.0,terminal,0.4559,"1 входящих связей от 1 отправителей; 0 исходящих связей к 0 получателям; вход 40,559 KZT, выход 0 KZT",0.0788
100000008691330100,1,False,1,0,0.0,0,0,21440.0,1,1,False,0.0,0.00029006929908026094,0.0,22,0.0,0.0,0.28853924034152906,0.0,0.004399235589030666,0.0,0.0,0.0,terminal,0.4221,"1 входящих связей от 1 отправителей; 0 исходящих связей к 0 получателям; вход 21,440 KZT, выход 0 KZT",0.053
100000007639767100,1,False,4,10,822244.0,13,10,90913.0,4,4,False,9.044295095310902,0.0003014400392272213,6.083108337583583e-05,0,1.0,1.0,0.5949447285650957,1.0,0.020938687590132815,0.45215215591899166,1.0,1.0,distributor,1.0,"4 входящих связей от 4 отправителей; 10 исходящих связей к 10 получателям; вход 90,913 KZT, выход 822,244 KZT",0.5618
100000002921047100,1,False,2,1,163000.02,1,1,338000.0,2,2,False,0.48224857988165676,0.00031704809387447764,2.159800680119253e-05,2,0.5849625007211564,0.3868528072345416,0.8734641873700679,0.8874252087209967,0.043641272130935306,0.1605392565615537,0.5849625007211564,0.3868528072345416,consolidator,0.6571,"2 входящих связей от 2 отправителей; 1 исходящих связей к 1 получателям; вход 338,000 KZT, выход 163,000 KZT",0.4626
100000004783447100,1,False,1,0,0.0,0,0,26200.0,1,1,False,0.0,0.00029106836732409216,0.0,22,0.0,0.0,0.3310642641601074,0.0,0.005852450306543016,0.0,0.0,0.0,terminal,0.4328,"1 входящих связей от 1 отправителей; 0 исходящих связей к 0 получателям; вход 26,200 KZT, выход 0 KZT",0.0611
100000008696919100,1,False,1,0,0.0,0,0,31945.0,1,1,False,0.0,0.0002922741755301447,0.0,22,0.0,0.0,0.37311349882524264,0.0,0.00760638084243491,0.0,0.0,0.0,terminal,0.4433,"1 входящих связей от 1 отправителей; 0 исходящих связей к 0 получателям; вход 31,945 KZT, выход 0 KZT",0.0691
100000008736940100,1,False,3,3,182100.0,6,3,451090.0,13,3,False,0.40368884258130305,0.0024141567490764573,7.925874055483496e-07,9,1.0,0.7737056144690831,0.9346813219140281,0.8956184405346969,1.0,0.00589141015038315,1.0,0.7737056144690831,peripheral,0.35,"3 входящих связей от 3 отправителей; 3 исходящих связей к 3 получателям; вход 451,090 KZT, выход 182,100 KZT",0.7508
100000005940652100,1,False,1,0,0.0,0,0,8395.0,1,1,False,0.0,0.00028808836221548334,0.0,42,0.0,0.0,0.08968243568820375,0.0,0.001517819917775552,0.0,0.0,0.0,terminal,0.3724,"1 входящих связей от 1 отправителей; 0 исходящих связей к 0 получателям; вход 8,395 KZT, выход 0 KZT",0.0165
100000004180097100,1,False,3,3,47800.0,7,3,104854.0,5,3,False,0.4558719743643542,0.0008565318930578556,0.00031406275944853356,0,1.0,0.7737056144690831,0.6252042424800057,0.7967188617467147,0.8281259393879855,1.0,1.0,0.7737056144690831,coordinator,0.9398,"3 входящих связей от 3 отправителей; 3 исходящих связей к 3 получателям; вход 104,854 KZT, выход 47,800 KZT",0.853
100000005539201100,1,False,1,1,25000.0,1,1,45504.0,1,1,False,0.5494022503516175,0.000290461795724967,4.240342619683671e-05,16,0.0,0.3868528072345416,0.44815018404425955,0.7487942697451995,0.004970149615296067,0.31518388556238025,0.0,0.3868528072345416,coordinator,0.2066,"1 входящих связей от 1 отправителей; 1 исходящих связей к 1 получателям; вход 45,504 KZT, выход 25,000 KZT",0.3518
100000005620225100,1,False,2,0,0.0,0,0,49845.66,2,2,False,0.0,0.0002962362431450003,0.0,0,0.5849625007211564,0.0,0.46747895186409744,0.0,0.01336946438183485,0.0,0.5849625007211564,0.0,consolidator,0.5556,"2 входящих связей от 2 отправителей; 0 исходящих связей к 0 получателям; вход 49,846 KZT, выход 0 KZT",0.1869
100000004388353100,1,False,2,0,0.0,0,0,62960.0,2,2,False,0.0,0.000340759074079163,0.0,11,0.5849625007211564,0.0,0.5170185076963727,0.0,0.07812923142968886,0.0,0.5849625007211564,0.0,consolidator,0.568,"2 входящих связей от 2 отправителей; 0 исходящих связей к 0 получателям; вход 62,960 KZT, выход 0 KZT",0.212
100000007442518100,1,False,5,9,4419999.0,12,9,510000.0,8,5,False,8.666664705882352,0.000648773224650621,0.00025243908866714933,33,1.0,1.0,0.9607155706091726,1.0,0.5260659438685296,1.0,1.0,1.0,distributor,1.0,"5 входящих связей от 5 отправителей; 9 исходящих связей к 9 получателям; вход 510,000 KZT, выход 4,419,999 KZT",0.8744
100000000267734100,1,False,2,7,282000.0,8,7,180000.0,4,2,False,1.5666666666666667,0.0005373190777888414,3.5666433249675733e-06,2,0.5849625007211564,1.0,0.7398211449339235,0.927957254118866,0.3639970907485329,0.026511308904838764,0.5849625007211564,1.0,distributor,0.9748,"2 входящих связей от 2 отправителей; 7 исходящих связей к 7 получателям; вход 180,000 KZT, выход 282,000 KZT",0.567
100000001987030100,1,False,2,1,19000.0,1,1,30864.0,2,2,False,0.6156039398652151,0.0002938727535543698,5.706629319948117e-05,4,0.5849625007211564,0.3868528072345416,0.3658120493960467,0.7285025788863296,0.009931618692294263,0.42416959614987193,0.5849625007211564,0.3868528072345416,consolidator,0.5302,"2 входящих связей от 2 отправителей; 1 исходящих связей к 1 получателям; вход 30,864 KZT, выход 19,000 KZT",0.3922
100000002603478100,1,False,1,0,0.0,0,0,23500.0,1,1,False,0.0,0.00028946923798144053,0.0,8,0.0,0.0,0.3079971179223828,0.0,0.003526404005573615,0.0,0.0,0.0,terminal,0.427,"1 входящих связей от 1 отправителей; 0 исходящих связей к 0 получателям; вход 23,500 KZT, выход 0 KZT",0.0563
100000001380054100,1,False,2,3,360000.0,4,3,127050.0,2,2,False,2.833530106257379,0.0007164305424822346,2.774055919419224e-06,27,0.5849625007211564,0.7737056144690831,0.6659301127471969,0.9460138007912079,0.6244396956405617,0.020619915097505007,0.5849625007211564,0.7737056144690831,distributor,0.834,"2 входящих связей от 2 отправителей; 3 исходящих связей к 3 получателям; вход 127,050 KZT, выход 360,000 KZT",0.5823
100000002992171100,1,False,1,0,0.0,0,0,14627.0,1,1,False,0.0,0.0002886393301842059,0.0,22,0.0,0.0,0.20743806272324106,0.0,0.0023192431748331414,0.0,0.0,0.0,terminal,0.4019,"1 входящих связей от 1 отправителей; 0 исходящих связей к 0 получателям; вход 14,627 KZT, выход 0 KZT",0.0379
100000002781227100,1,False,2,3,212420.0,10,3,191167.62,8,2,False,1.1111714421092862,0.0023265921896669477,0.00013295653728073565,59,0.5849625007211564,0.7737056144690831,0.7525883407312681,0.9070062710619884,1.0,0.988218750761548,0.5849625007211564,0.7737056144690831,distributor,0.8204,"2 входящих связей от 2 отправителей; 3 исходящих связей к 3 получателям; вход 191,168 KZT, выход 212,420 KZT",0.8977
100000008745643100,1,False,1,0,0.0,0,0,20313.0,1,1,False,0.0,0.0002898327549813539,0.0,22,0.0,0.0,0.27708682384508315,0.0,0.0040551654213482275,0.0,0.0,0.0,terminal,0.4193,"1 входящих связей от 1 отправителей; 0 исходящих связей к 0 получателям; вход 20,313 KZT, выход 0 KZT",0.0509
100000002836736100,1,False,2,0,0.0,0,0,509000.0,2,2,False,0.0,0.0004517900546889046,0.0,2,0.5849625007211564,0.0,0.9602992754947904,0.0,0.239614502555009,0.0,0.5849625007211564,0.0,consolidator,0.6788,"2 входящих связей от 2 отправителей; 0 исходящих связей к 0 получателям; вход 509,000 KZT, выход 0 KZT",0.3322
100000004188160100,1,False,2,5,133846.0,6,5,87862.0,5,2,False,1.5233661878855478,0.0002968274021349173,5.706629319948117e-05,16,0.5849625007211564,1.0,0.5877045556067931,0.8728541098085674,0.014229341400916943,0.42416959614987193,0.5849625007211564,1.0,distributor,0.9555,"2 входящих связей от 2 отправителей; 5 исходящих связей к 5 получателям; вход 87,862 KZT, выход 133,846 KZT",0.5298
100000004841728100,1,False,1,0,0.0,0,0,52208.0,1,1,False,0.0,0.00029652714187988245,0.0,22,0.0,0.0,0.47730002857925735,0.0,0.013792594502180832,0.0,0.0,0.0,terminal,0.4693,"1 входящих связей от 1 отправителей; 0 исходящих связей к 0 получателям; вход 52,208 KZT, выход 0 KZT",0.0894
100000001554432100,1,False,1,0,0.0,0,0,53920.0,1,1,False,0.0,0.00029636604272574514,0.0,3,0.0,0.0,0.4841435476412841,0.0,0.013558265878913685,0.0,0.0,0.0,terminal,0.471,"1 входящих связей от 1 отправителей; 0 исходящих связей к 0 получателям; вход 53,920 KZT, выход 0 KZT",0.0905
100000008768896100,1,False,1,0,0.0,0,0,47060.0,1,1,False,0.0,0.0002954466369808818,0.0,22,0.0,0.0,0.4552815909418542,0.0,0.012220932980235716,0.0,0.0,0.0,terminal,0.4638,"1 входящих связей от 1 отправителей; 0 исходящих связей к 0 получателям; вход 47,060 KZT, выход 0 KZT",0.085
100000008232832100,1,False,1,1,138000.0,1,1,337000.0,2,1,False,0.4094955489614243,0.0004942271899045263,0.0,42,0.0,0.3868528072345416,0.8728357363013101,0.875114065676229,0.301331030993139,0.0,0.0,0.3868528072345416,peripheral,0.35,"1 входящих связей от 1 отправителей; 1 исходящих связей к 1 получателям; вход 337,000 KZT, выход 138,000 KZT",0.4557
100000002864256100,1,False,1,0,0.0,0,0,135780.0,1,1,False,0.0,0.00031275739719351445,0.0,3,0.0,0.0,0.6800253374096834,0.0,0.03740030518788648,0.0,0.0,0.0,terminal,0.52,"1 входящих связей от 1 отправителей; 0 исходящих связей к 0 получателям; вход 135,780 KZT, выход 0 KZT",0.1318
100000001929088100,1,False,2,0,0.0,0,0,396010.0,2,2,False,0.0,0.0003175873990634118,0.0,2,0.5849625007211564,0.0,0.9070598003006624,0.0,0.044425708314803455,0.0,0.5849625007211564,0.0,consolidator,0.6655,"2 входящих связей от 2 отправителей; 0 исходящих связей к 0 получателям; вход 396,010 KZT, выход 0 KZT",0.2738
100000002794197100,1,False,1,0,0.0,0,0,30100.0,1,1,False,0.0,0.00028729529560368917,0.0,2,0.0,0.0,0.3604958090956873,0.0,0.00036424568085491,0.0,0.0,0.0,terminal,0.4401,"1 входящих связей от 1 отправителей; 0 исходящих связей к 0 получателям; вход 30,100 KZT, выход 0 KZT",0.065
100000005669845100,1,False,1,0,0.0,0,0,20000.0,1,1,False,0.0,0.00031753584489255785,0.0,27,0.0,0.0,0.2737932863595569,0.0,0.044350721186888584,0.0,0.0,0.0,terminal,0.4184,"1 входящих связей от 1 отправителей; 0 исходящих связей к 0 получателям; вход 20,000 KZT, выход 0 KZT",0.0604
100000002211413100,1,False,1,0,0.0,0,0,37000.0,1,1,False,0.0,0.00029333516081849907,0.0,22,0.0,0.0,0.4042709544966002,0.0,0.009149654787264275,0.0,0.0,0.0,terminal,0.4511,"1 входящих связей от 1 отправителей; 0 исходящих связей к 0 получателям; вход 37,000 KZT, выход 0 KZT",0.0751
100000002784085100,1,False,1,0,0.0,0,0,200000.0,1,1,False,0.0,0.0003070479617173757,0.0,5,0.0,0.0,0.7621682778906999,0.0,0.02909569201461414,0.0,0.0,0.0,terminal,0.5405,"1 входящих связей от 1 отправителей; 0 исходящих связей к 0 получателям; вход 200,000 KZT, выход 0 KZT",0.1445
100000008782421100,1,False,1,0,0.0,0,0,49680.0,1,1,False,0.0,0.00029599654429156205,0.0,22,0.0,0.0,0.4667728774478287,0.0,0.013020807548924089,0.0,0.0,0.0,terminal,0.4667,"1 входящих связей от 1 отправителей; 0 исходящих связей к 0 получателям; вход 49,680 KZT, выход 0 KZT",0.0873
100000003739818100,1,False,1,0,0.0,0,0,57293.0,1,1,False,0.0,0.00029704144021682486,0.0,3,0.0,0.0,0.49701306907993165,0.0,0.01454067279721635,0.0,0.0,0.0,terminal,0.4743,"1 входящих связей от 1 отправителей; 0 исходящих связей к 0 получателям; вход 57,293 KZT, выход 0 KZT",0.0931
100000002214570100,1,False,1,0,0.0,0,0,26471.0,1,1,False,0.0,0.00029112524704973884,0.0,22,0.0,0.0,0.33324679947484,0.0,0.0059351858066646205,0.0,0.0,0.0,terminal,0.4333,"1 входящих связей от 1 отправителей; 0 исходящих связей к 0 получателям; вход 26,471 KZT, выход 0 KZT",0.0615
100000006443391100,1,False,3,2,60041.71000000001,6,2,86775.93,7,3,False,0.6919166409394865,0.0024195077535015346,1.1888811083225246e-06,5,1.0,0.6131471927654585,0.5850664262980295,0.8135785254127641,1.0,0.008837113474529788,1.0,0.6131471927654585,peripheral,0.35,"3 входящих связей от 3 отправителей; 2 исходящих связей к 2 получателям; вход 86,776 KZT, выход 60,042 KZT",0.6737
100000005473151100,1,False,3,4,225000.0,6,4,1220000.0,4,3,False,0.18442622950819673,0.0004682674337196505,0.00025243908866714933,18,1.0,0.8982444017039272,1.0,0.9112605464619841,0.2635779444733822,1.0,1.0,0.8982444017039272,distributor,0.9028,"3 входящих связей от 3 отправителей; 4 исходящих связей к 4 получателям; вход 1,220,000 KZT, выход 225,000 KZT",0.7999
100000005124479100,1,False,2,2,22000.0,2,2,137753.0,2,2,False,0.15970614070110994,0.00030323005398091857,4.755524433290098e-05,0,0.5849625007211564,0.6131471927654585,0.6830851718180143,0.7393423174760966,0.023542358763532407,0.3534763443463485,0.5849625007211564,0.6131471927654585,coordinator,0.238,"2 входящих связей от 2 отправителей; 2 исходящих связей к 2 получателям; вход 137,753 KZT, выход 22,000 KZT",0.4439
100000005527892100,1,False,3,8,552419.0,8,8,220001.0,3,3,False,2.510984040981632,0.00031243167214621,0.0007153101335073855,35,1.0,1.0,0.7823846929077515,0.9776762359417812,0.03692652573092285,1.0,1.0,1.0,distributor,0.9922,"3 входящих связей от 3 отправителей; 8 исходящих связей к 8 получателям; вход 220,001 KZT, выход 552,419 KZT",0.716
100000008028628100,1,False,1,0,0.0,0,0,57224.0,1,1,False,0.0,0.0002975799415250626,0.0,22,0.0,0.0,0.49675747675567267,0.0,0.015323955377796614,0.0,0.0,0.0,terminal,0.4742,"1 входящих связей от 1 отправителей; 0 исходящих связей к 0 получателям; вход 57,224 KZT, выход 0 KZT",0.0932
100000001953577100,1,False,1,0,0.0,0,0,15600.0,1,1,False,0.0,0.0002888435514869891,0.0,22,0.0,0.0,0.2210969499958668,0.0,0.002616297902414256,0.0,0.0,0.0,terminal,0.4053,"1 входящих связей от 1 отправителей; 0 исходящих связей к 0 получателям; вход 15,600 KZT, выход 0 KZT",0.0405
100000008193577100,1,False,2,5,480180.0,16,5,154300.0,6,2,False,3.1119896305897603,0.0012389478209868744,7.925874055483496e-07,9,0.5849625007211564,1.0,0.7071452026443067,0.9673134865221416,1.0,0.00589141015038315,0.5849625007211564,1.0,distributor,0.9886,"2 входящих связей от 2 отправителей; 5 исходящих связей к 5 получателям; вход 154,300 KZT, выход 480,180 KZT",0.7227
100000008753193100,1,False,1,0,0.0,0,0,35225.0,1,1,False,0.0,0.00029296260910992755,0.0,22,0.0,0.0,0.393843880757168,0.0,0.008607753638019697,0.0,0.0,0.0,terminal,0.4485,"1 входящих связей от 1 отправителей; 0 исходящих связей к 0 получателям; вход 35,225 KZT, выход 0 KZT",0.073
100000008746025100,1,False,1,0,0.0,0,0,22000.0,1,1,False,0.0,0.0002901868365207117,0.0,22,0.0,0.0,0.29400786963261044,0.0,0.0045702021017194035,0.0,0.0,0.0,terminal,0.4235,"1 входящих связей от 1 отправителей; 0 исходящих связей к 0 получателям; вход 22,000 KZT, выход 0 KZT",0.0541
100000002934441100,1,False,2,0,0.0,0,0,60845.6,2,2,False,0.0,0.00030248130107500483,0.0,0,0.5849625007211564,0.0,0.5097731758097852,0.0,0.022453258610344494,0.0,0.5849625007211564,0.0,consolidator,0.5662,"2 входящих связей от 2 отправителей; 0 исходящих связей к 0 получателям; вход 60,846 KZT, выход 0 KZT",0.1968
100000003701161100,1,False,4,3,349000.0,7,3,1527103.0,13,4,False,0.22853730232996727,0.0016488161626324771,0.00021300786524111896,29,1.0,0.7737056144690831,1.0,0.9437192066656265,1.0,1.0,1.0,0.7737056144690831,coordinator,1.0,"4 входящих связей от 4 отправителей; 3 исходящих связей к 3 получателям; вход 1,527,103 KZT, выход 349,000 KZT",0.9899
100000006707582100,1,False,2,14,961138.0,15,14,39520.0,2,2,False,24.320293522267207,0.0005380556485142938,0.0003453699619676934,11,0.5849625007211564,1.0,0.4182458159299843,1.0,0.3650682198259817,1.0,0.5849625007211564,1.0,distributor,1.0,"2 входящих связей от 2 отправителей; 14 исходящих связей к 14 получателям; вход 39,520 KZT, выход 961,138 KZT",0.7366
100000003239379100,1,False,1,0,0.0,0,0,92500.0,1,1,False,0.0,0.00030092013669320096,0.0,8,0.0,0.0,0.5986152615058679,0.0,0.020182460971913604,0.0,0.0,0.0,terminal,0.4997,"1 входящих связей от 1 отправителей; 0 исходящих связей к 0 получателям; вход 92,500 KZT, выход 0 KZT",0.1128
100000000979923100,1,False,1,0,0.0,0,0,97900.0,1,1,False,0.0,0.00030041780440949814,0.0,11,0.0,0.0,0.6106493983854557,0.0,0.01945179086862956,0.0,0.0,0.0,terminal,0.5027,"1 входящих связей от 1 отправителей; 0 исходящих связей к 0 получателям; вход 97,900 KZT, выход 0 KZT",0.1148
100000001111763100,1,False,1,0,0.0,0,0,17144.0,1,1,False,0.0,0.0002891676190013747,0.0,22,0.0,0.0,0.2411134158878243,0.0,0.003087677530646234,0.0,0.0,0.0,terminal,0.4103,"1 входящих связей от 1 отправителей; 0 исходящих связей к 0 получателям; вход 17,144 KZT, выход 0 KZT",0.0442
100000003865939100,1,False,1,0,0.0,0,0,81465.0,1,1,False,0.0,0.0005285862410602071,0.0,68,0.0,0.0,0.5716710696076247,0.0,0.35129764548104225,0.0,0.0,0.0,terminal,0.4929,"1 входящих связей от 1 отправителей; 0 исходящих связей к 0 получателям; вход 81,465 KZT, выход 0 KZT",0.1907
100000002858835100,1,False,1,0,0.0,0,0,24400.0,1,1,False,0.0,0.0002906905684083577,0.0,22,0.0,0.0,0.31596817986875264,0.0,0.00530291549998753,0.0,0.0,0.0,terminal,0.429,"1 входящих связей от 1 отправителей; 0 исходящих связей к 0 получателям; вход 24,400 KZT, выход 0 KZT",0.0582
100000003404627100,1,False,4,0,0.0,0,0,877700.0,5,4,False,0.0,0.001378577712565679,0.0,42,1.0,0.0,1.0,0.0,1.0,0.0,1.0,0.0,consolidator,1.0,"4 входящих связей от 4 отправителей; 0 исходящих связей к 0 получателям; вход 877,700 KZT, выход 0 KZT",0.6
100000008691027100,1,False,1,0,0.0,0,0,17534.0,1,1,False,0.0,0.00028924947543311713,0.0,22,0.0,0.0,0.24588409315644896,0.0,0.003206743604291928,0.0,0.0,0.0,terminal,0.4115,"1 входящих связей от 1 отправителей; 0 исходящих связей к 0 получателям; вход 17,534 KZT, выход 0 KZT",0.0451
100000004071080100,1,False,9,2,46500.0,5,2,238600.0,16,9,False,0.19488683989941324,0.0013690045738923406,3.863863602048205e-05,0,1.0,0.6131471927654585,0.7995981138371419,0.7946800563947581,1.0,0.287200810161136,1.0,0.6131471927654585,peripheral,0.35,"9 входящих связей от 9 отправителей; 2 исходящих связей к 2 получателям; вход 238,600 KZT, выход 46,500 KZT",0.7702
100000002864680100,1,False,1,0,0.0,0,0,55932.0,1,1,False,0.0,0.0002948514922860755,0.0,8,0.0,0.0,0.49191383142745193,0.0,0.011355257312199793,0.0,0.0,0.0,terminal,0.473,"1 входящих связей от 1 отправителей; 0 исходящих связей к 0 получателям; вход 55,932 KZT, выход 0 KZT",0.0914
100000001330685100,1,False,3,1,100500.0,1,1,2435923.0,7,3,False,0.04125746175063826,0.00043821602588479746,1.922024458454748e-05,10,1.0,0.3868528072345416,1.0,0.8516673072092928,0.21987317502773976,0.1428653798145826,1.0,0.3868528072345416,consolidator,1.0,"3 входящих связей от 3 отправителей; 1 исходящих связей к 1 получателям; вход 2,435,923 KZT, выход 100,500 KZT",0.5897
100000008745725100,1,False,1,0,0.0,0,0,47060.0,1,1,False,0.0,0.0002954466369808818,0.0,22,0.0,0.0,0.4552815909418542,0.0,0.012220932980235716,0.0,0.0,0.0,terminal,0.4638,"1 входящих связей от 1 отправителей; 0 исходящих связей к 0 получателям; вход 47,060 KZT, выход 0 KZT",0.085
100000002621949100,1,False,1,0,0.0,0,0,164612.0,1,1,False,0.0,0.00031853061405174465,0.0,3,0.0,0.0,0.7208665562349859,0.0,0.04579764285746808,0.0,0.0,0.0,terminal,0.5302,"1 входящих связей от 1 отправителей; 0 исходящих связей к 0 получателям; вход 164,612 KZT, выход 0 KZT",0.1412
100000007908818100,1,False,4,6,302000.0,13,6,727475.0,4,4,False,0.4151345407058662,0.00047538119204737516,0.00017753957884283033,3,1.0,1.0,1.0,0.9330237924596475,0.27392352943217135,1.0,1.0,1.0,distributor,0.9766,"4 входящих связей от 4 отправителей; 6 исходящих связей к 6 получателям; вход 727,475 KZT, выход 302,000 KZT",0.8064
100000008691495100,1,False,1,0,0.0,0,0,27000.0,1,1,False,0.0,0.0002912362779533075,0.0,22,0.0,0.0,0.33744353403694743,0.0,0.006096687931723459,0.0,0.0,0.0,terminal,0.4344,"1 входящих связей от 1 отправителей; 0 исходящих связей к 0 получателям; вход 27,000 KZT, выход 0 KZT",0.0623
100000003832231100,1,False,1,0,0.0,0,0,35000.0,1,1,False,0.0,0.00029257756939896534,0.0,3,0.0,0.0,0.39248476609146365,0.0,0.008047687649625258,0.0,0.0,0.0,terminal,0.4481,"1 входящих связей от 1 отправителей; 0 исходящих связей к 0 получателям; вход 35,000 KZT, выход 0 KZT",0.0727
100000002371751100,1,False,1,1,250000.0,1,1,200000.0,5,1,False,1.25,0.0005285862410602071,1.981468513870874e-07,37,0.0,0.3868528072345416,0.7621682778906999,0.9190511636137711,0.35129764548104225,0.0014728529753573112,0.0,0.3868528072345416,peripheral,0.35,"1 входящих связей от 1 отправителей; 1 исходящих связей к 1 получателям; вход 200,000 KZT, выход 250,000 KZT",0.4565
100000002894076100,1,False,4,0,0.0,0,0,1122782.0,6,4,False,0.0,0.00038267994337591447,0.0,2,1.0,0.0,1.0,0.0,0.13910173424359876,0.0,1.0,0.0,consolidator,1.0,"4 входящих связей от 4 отправителей; 0 исходящих связей к 0 получателям; вход 1,122,782 KZT, выход 0 KZT",0.3848
100000001362940100,1,False,1,0,0.0,0,0,81000.0,1,1,False,0.0,0.0003017884453520241,0.0,3,0.0,0.0,0.5704569396121232,0.0,0.021445463098871305,0.0,0.0,0.0,terminal,0.4926,"1 входящих связей от 1 отправителей; 0 исходящих связей к 0 получателям; вход 81,000 KZT, выход 0 KZT",0.108
100000008741372100,1,False,1,0,0.0,0,0,35975.0,1,1,False,0.0,0.00029312002532481696,0.0,22,0.0,0.0,0.39831237645884715,0.0,0.0088367259792247,0.0,0.0,0.0,terminal,0.4496,"1 входящих связей от 1 отправителей; 0 исходящих связей к 0 получателям; вход 35,975 KZT, выход 0 KZT",0.0739
100000002618492100,1,False,2,0,0.0,0,0,296500.0,2,2,False,0.0,0.00036902681066638786,0.0,11,0.5849625007211564,0.0,0.8456791009271828,0.0,0.11924398976294354,0.0,0.5849625007211564,0.0,consolidator,0.6501,"2 входящих связей от 2 отправителей; 0 исходящих связей к 0 получателям; вход 296,500 KZT, выход 0 KZT",0.2815
100000002750332100,1,False,1,0,0.0,0,0,11360.0,1,1,False,0.0,0.00028678928253129504,0.0,5,0.0,0.0,0.15382887762608016,0.0,0.0,0.0,0.0,0.0,terminal,0.3885,"1 входящих связей от 1 отправителей; 0 исходящих связей к 0 получателям; вход 11,360 KZT, выход 0 KZT",0.0277
100000004948177100,1,False,3,0,0.0,0,0,437163.0,8,3,False,0.0,0.0004221580715489715,0.0,16,1.0,0.0,0.9280296362531251,0.0,0.19651901575291403,0.0,1.0,0.0,consolidator,0.982,"3 входящих связей от 3 отправителей; 0 исходящих связей к 0 получателям; вход 437,163 KZT, выход 0 KZT",0.3862
100000002511825100,1,False,1,0,0.0,0,0,65000.0,1,1,False,0.0,0.0002977667017240053,0.0,0,0.0,0.0,0.5237818622645034,0.0,0.015595609235099653,0.0,0.0,0.0,terminal,0.4809,"1 входящих связей от 1 отправителей; 0 исходящих связей к 0 получателям; вход 65,000 KZT, выход 0 KZT",0.0982
100000008566737100,1,False,2,0,0.0,0,0,230000.0,2,2,False,0.0,0.00034946381190953304,0.0,0,0.5849625007211564,0.0,0.7918120261541519,0.0,0.09079019176687075,0.0,0.5849625007211564,0.0,consolidator,0.6367,"2 входящих связей от 2 отправителей; 0 исходящих связей к 0 получателям; вход 230,000 KZT, выход 0 KZT",0.2647
100000008661585100,1,False,1,0,0.0,0,0,43141.0,1,1,False,0.0,0.0002946240847860133,0.0,22,0.0,0.0,0.4368397626613258,0.0,0.011024478558409063,0.0,0.0,0.0,terminal,0.4592,"1 входящих связей от 1 отправителей; 0 исходящих связей к 0 получателям; вход 43,141 KZT, выход 0 KZT",0.0814
100000004759121100,1,False,6,2,312000.0,6,2,710000.0,10,6,False,0.4394366197183099,0.0014151796822407304,7.7079125189577e-05,0,1.0,0.6131471927654585,1.0,0.9354325573967256,1.0,0.572917784459926,1.0,0.6131471927654585,coordinator,0.7224,"6 входящих связей от 6 отправителей; 2 исходящих связей к 2 получателям; вход 710,000 KZT, выход 312,000 KZT",0.8944
100000004360785100,1,False,1,0,0.0,0,0,94705.0,1,1,False,0.0,0.0002957517914765318,0.0,16,0.0,0.0,0.6036119561019366,0.0,0.012664799329549843,0.0,0.0,0.0,terminal,0.5009,"1 входящих связей от 1 отправителей; 0 исходящих связей к 0 получателям; вход 94,705 KZT, выход 0 KZT",0.1118
100000005092518100,1,False,1,0,0.0,0,0,26144.0,1,1,False,0.0,0.0002910566135800471,0.0,22,0.0,0.0,0.33061044701135067,0.0,0.005835353671244966,0.0,0.0,0.0,terminal,0.4327,"1 входящих связей от 1 отправителей; 0 исходящих связей к 0 получателям; вход 26,144 KZT, выход 0 KZT",0.061
100000008737958100,1,False,2,0,0.0,0,0,53373.0,2,2,False,0.0,0.0002996261402634527,0.0,22,0.5849625007211564,0.0,0.48198088979192893,0.0,0.018300270816535038,0.0,0.5849625007211564,0.0,consolidator,0.5592,"2 входящих связей от 2 отправителей; 0 исходящих связей к 0 получателям; вход 53,373 KZT, выход 0 KZT",0.1908
100000003044518100,1,False,1,0,0.0,0,0,34423.0,1,1,False,0.0,0.00028754318610180884,0.0,2,0.0,0.0,0.38895905975891737,0.0,0.0007248209035190306,0.0,0.0,0.0,terminal,0.4472,"1 входящих связей от 1 отправителей; 0 исходящих связей к 0 получателям; вход 34,423 KZT, выход 0 KZT",0.0702
100000004159526100,1,False,4,4,68000.0,6,4,275037.0,4,4,False,0.24723946232688693,0.0008532026216190913,9.788454458522118e-05,40,1.0,0.8982444017039272,0.8297414231493482,0.822781908022593,0.8232860113281268,0.7275538343542981,1.0,0.8982444017039272,coordinator,0.7611,"4 входящих связей от 4 отправителей; 4 исходящих связей к 4 получателям; вход 275,037 KZT, выход 68,000 KZT",0.8333
100000007544358100,1,False,2,1,350000.0,3,1,322500.0,2,2,False,1.0852713178294573,0.000340571674274265,1.9616538287321655e-05,16,0.5849625007211564,0.3868528072345416,0.863507531126467,0.9439307735452596,0.07785665894230852,0.14581102885737232,0.5849625007211564,0.3868528072345416,consolidator,0.6546,"2 входящих связей от 2 отправителей; 1 исходящих связей к 1 получателям; вход 322,500 KZT, выход 350,000 KZT",0.4763
100000005901606100,1,False,1,0,0.0,0,0,35660.0,1,1,False,0.0,0.0002930539105145634,0.0,22,0.0,0.0,0.39644706149750725,0.0,0.008740557600307477,0.0,0.0,0.0,terminal,0.4491,"1 входящих связей от 1 отправителей; 0 исходящих связей к 0 получателям; вход 35,660 KZT, выход 0 KZT",0.0735
100000006658598100,1,False,1,0,0.0,0,0,9000.0,1,1,False,0.0,0.00028653695669903005,0.0,16,0.0,0.0,0.10444060163522356,0.0,0.0,0.0,0.0,0.0,terminal,0.3761,"1 входящих связей от 1 отправителей; 0 исходящих связей к 0 получателям; вход 9,000 KZT, выход 0 KZT",0.0188
100000002793851100,1,False,1,0,0.0,0,0,11052.0,1,1,False,0.0,0.0002867575837448668,0.0,16,0.0,0.0,0.14799932942463764,0.0,0.0,0.0,0.0,0.0,terminal,0.387,"1 входящих связей от 1 отправителей; 0 исходящих связей к 0 получателям; вход 11,052 KZT, выход 0 KZT",0.0266
100000005612411100,1,False,3,8,506997.0,8,8,115500.0,4,3,False,4.389584415584416,0.0003272060826887592,0.00015534713148747652,3,1.0,1.0,0.6457147323598339,0.9713318290198729,0.058416312006144035,1.0,1.0,1.0,distributor,0.99,"3 входящих связей от 3 отправителей; 8 исходящих связей к 8 получателям; вход 115,500 KZT, выход 506,997 KZT",0.6957
100000007511163100,1,False,2,3,82052.0,3,3,63666.0,2,2,False,1.2887883642760658,0.00033959732516021664,3.3288671033030686e-05,16,0.5849625007211564,0.7737056144690831,0.5193836412240449,0.8366715403962822,0.07643947008261764,0.24743520600294822,0.5849625007211564,0.7737056144690831,distributor,0.7957,"2 входящих связей от 2 отправителей; 3 исходящих связей к 3 получателям; вход 63,666 KZT, выход 82,052 KZT",0.4492
100000002648315100,1,False,1,2,76000.0,3,2,132000.0,1,1,False,0.5757575757575758,0.00029313846973239526,3.962937027741748e-07,2,0.0,0.6131471927654585,0.6740368729233991,0.8310061268466952,0.00886355459289118,0.00294570565887353,0.0,0.6131471927654585,peripheral,0.35,"1 входящих связей от 1 отправителей; 2 исходящих связей к 2 получателям; вход 132,000 KZT, выход 76,000 KZT",0.378
100000004739664100,1,False,1,1,10000.0,1,1,12000.0,1,1,False,0.8333333333333334,0.0002880879536555201,1.387027959709612e-06,22,0.0,0.3868528072345416,0.1654528573592594,0.6810456169100282,0.0015172256372270381,0.010309964698842277,0.0,0.3868528072345416,transit,0.9088,"1 входящих связей от 1 отправителей; 1 исходящих связей к 1 получателям; вход 12,000 KZT, выход 10,000 KZT",0.2208
100000003713616100,1,False,1,0,0.0,0,0,15893.0,1,1,False,0.0,0.0002872780786419893,0.0,16,0.0,0.0,0.22504347399511168,0.0,0.0003392023223224946,0.0,0.0,0.0,terminal,0.4063,"1 входящих связей от 1 отправителей; 0 исходящих связей к 0 получателям; вход 15,893 KZT, выход 0 KZT",0.0406
100000003476560100,1,False,1,0,0.0,0,0,50000.0,1,1,False,0.0,0.0002955811159053975,0.0,3,0.0,0.0,0.46813466994857295,0.0,0.012416541025431568,0.0,0.0,0.0,terminal,0.467,"1 входящих связей от 1 отправителей; 0 исходящих связей к 0 получателям; вход 50,000 KZT, выход 0 KZT",0.0874
100000008782800100,1,False,1,0,0.0,0,0,43381.0,1,1,False,0.0,0.0002946744579747778,0.0,22,0.0,0.0,0.43801642533779456,0.0,0.011097749589812689,0.0,0.0,0.0,terminal,0.4595,"1 входящих связей от 1 отправителей; 0 исходящих связей к 0 получателям; вход 43,381 KZT, выход 0 KZT",0.0816
100000004218576100,1,False,1,0,0.0,0,0,26144.0,1,1,False,0.0,0.0002910566135800471,0.0,22,0.0,0.0,0.33061044701135067,0.0,0.005835353671244966,0.0,0.0,0.0,terminal,0.4327,"1 входящих связей от 1 отправителей; 0 исходящих связей к 0 получателям; вход 26,144 KZT, выход 0 KZT",0.061
100000003299365100,1,False,1,1,200000.0,1,1,200000.0,1,1,False,1.0,0.00032561658096971947,0.0,3,0.0,0.3868528072345416,0.7621682778906999,0.9025513817937174,0.05610435329785231,0.0,0.0,0.3868528072345416,transit,1.0,"1 входящих связей от 1 отправителей; 1 исходящих связей к 1 получателям; вход 200,000 KZT, выход 200,000 KZT",0.3794
100000008730021100,1,False,1,0,0.0,0,0,75555.0,3,1,False,0.0,0.00046813825917664087,0.0,4,0.0,0.0,0.5556972641748538,0.0,0.2633900844161438,0.0,0.0,0.0,terminal,0.4889,"1 входящих связей от 1 отправителей; 0 исходящих связей к 0 получателям; вход 75,555 KZT, выход 0 KZT",0.1659
100000002757797100,1,False,1,0,0.0,0,0,100000.0,1,1,False,0.0,0.0003021647995966532,0.0,8,0.0,0.0,0.6151509436747945,0.0,0.021992890457678254,0.0,0.0,0.0,terminal,0.5038,"1 входящих связей от 1 отправителей; 0 исходящих связей к 0 получателям; вход 100,000 KZT, выход 0 KZT",0.1162
100000002845605100,1,False,1,0,0.0,0,0,57567.0,1,1,False,0.0,0.0002963718812625067,0.0,0,0.0,0.0,0.49802500083278556,0.0,0.013566758390216599,0.0,0.0,0.0,terminal,0.4745,"1 входящих связей от 1 отправителей; 0 исходящих связей к 0 получателям; вход 57,567 KZT, выход 0 KZT",0.093
100000000817146100,1,False,1,0,0.0,0,0,70020.0,1,1,False,0.0,0.0005894684786410244,0.0,16,0.0,0.0,0.5395607220921131,0.0,0.43983136244489873,0.0,0.0,0.0,terminal,0.4849,"1 входящих связей от 1 отправителей; 0 исходящих связей к 0 получателям; вход 70,020 KZT, выход 0 KZT",0.2071
100000002957306100,1,False,2,0,0.0,0,0,398490.0,2,2,False,0.0,0.0003551868796242696,0.0,11,0.5849625007211564,0.0,0.9083839415279784,0.0,0.0991142805818487,0.0,0.5849625007211564,0.0,consolidator,0.6658,"2 входящих связей от 2 отправителей; 0 исходящих связей к 0 получателям; вход 398,490 KZT, выход 0 KZT",0.2877
100000008188026100,1,False,2,4,337983.17,4,4,86468.0,5,2,False,3.9087659018365173,0.0002993035967853822,0.00019101356473715227,4,0.5849625007211564,0.8982444017039272,0.584312436222113,0.9413474380284927,0.017831112914941744,1.0,0.5849625007211564,0.8982444017039272,distributor,0.9133,"2 входящих связей от 2 отправителей; 4 исходящих связей к 4 получателям; вход 86,468 KZT, выход 337,983 KZT",0.6518
100000004790991100,1,False,1,0,0.0,0,0,239413.0,4,1,False,0.0,0.00031131051396626665,0.0,16,0.0,0.0,0.8003195960863361,0.0,0.035295757381301335,0.0,0.0,0.0,terminal,0.5501,"1 входящих связей от 1 отправителей; 0 исходящих связей к 0 получателям; вход 239,413 KZT, выход 0 KZT",0.1529
100000002973903100,1,False,3,0,0.0,0,0,92880.0,3,3,False,0.0,0.00031686903979445224,0.0,8,1.0,0.0,0.5994848080886038,0.0,0.043380832304736314,0.0,1.0,0.0,consolidator,0.8999,"3 входящих связей от 3 отправителей; 0 исходящих связей к 0 получателям; вход 92,880 KZT, выход 0 KZT",0.2888
100000004325327100,1,False,2,1,70000.0,1,1,70817.0,3,2,False,0.988463222107686,0.000295792319681355,3.844048916909496e-05,0,0.5849625007211564,0.3868528072345416,0.5419613023800065,0.8249252961773935,0.012723750134690398,0.28572801380078566,0.5849625007211564,0.3868528072345416,consolidator,0.5742,"2 входящих связей от 2 отправителей; 1 исходящих связей к 1 получателям; вход 70,817 KZT, выход 70,000 KZT",0.4115
100000001477796100,1,False,1,0,0.0,0,0,182000.0,1,1,False,0.0,0.0003306619019813834,0.0,3,0.0,0.0,0.7421648321741176,0.0,0.06344285036308026,0.0,0.0,0.0,terminal,0.5355,"1 входящих связей от 1 отправителей; 0 исходящих связей к 0 получателям; вход 182,000 KZT, выход 0 KZT",0.1495
100000007536804100,1,False,1,2,55000.0,2,2,100000.0,1,1,False,0.55,0.0002913035180923698,7.925874055483496e-07,2,0.0,0.6131471927654585,0.6151509436747945,0.8070933900106033,0.006194493353737524,0.00589141015038315,0.0,0.6131471927654585,peripheral,0.35,"1 входящих связей от 1 отправителей; 2 исходящих связей к 2 получателям; вход 100,000 KZT, выход 55,000 KZT",0.3631
100000008665380100,1,False,2,1,18200.0,1,1,69100.0,2,2,False,0.2633863965267728,0.00029077432850192623,1.922024458454748e-05,0,0.5849625007211564,0.3868528072345416,0.5367554528064455,0.7253219246616665,0.005424750401212593,0.1428653798145826,0.5849625007211564,0.3868528072345416,consolidator,0.5729,"2 входящих связей от 2 отправителей; 1 исходящих связей к 1 получателям; вход 69,100 KZT, выход 18,200 KZT",0.3594
100000001870116100,1,False,1,0,0.0,0,0,24000.0,1,1,False,0.0,0.00029060661309375003,0.0,22,0.0,0.0,0.3124624150201965,0.0,0.005180796625900121,0.0,0.0,0.0,terminal,0.4281,"1 входящих связей от 1 отправителей; 0 исходящих связей к 0 получателям; вход 24,000 KZT, выход 0 KZT",0.0575
100000001074553100,1,False,2,0,0.0,0,0,28971.0,2,2,False,0.0,0.0002894987523363474,0.0,5,0.5849625007211564,0.0,0.352387430618626,0.0,0.0035693347480023094,0.0,0.5849625007211564,0.0,consolidator,0.5268,"2 входящих связей от 2 отправителей; 0 исходящих связей к 0 получателям; вход 28,971 KZT, выход 0 KZT",0.1638
100000000978041100,1,False,1,0,0.0,0,0,44445.0,1,1,False,0.0,0.0002948977791116342,0.0,22,0.0,0.0,0.443155750466621,0.0,0.011422584451262716,0.0,0.0,0.0,terminal,0.4608,"1 входящих связей от 1 отправителей; 0 исходящих связей к 0 получателям; вход 44,445 KZT, выход 0 KZT",0.0826
100000002603769100,1,False,3,0,0.0,0,0,1185368.0,3,3,False,0.0,0.0005415388680707092,0.0,0,1.0,0.0,1.0,0.0,0.3701335445169712,0.0,1.0,0.0,consolidator,1.0,"3 входящих связей от 3 отправителей; 0 исходящих связей к 0 получателям; вход 1,185,368 KZT, выход 0 KZT",0.4425
100000005034574100,1,False,1,0,0.0,0,0,258816.0,16,1,False,0.0,0.00042508668959388804,0.0,73,0.0,0.0,0.8168481190773751,0.0,0.20077832921510005,0.0,0.0,0.0,terminal,0.5542,"1 входящих связей от 1 отправителей; 0 исходящих связей к 0 получателям; вход 258,816 KZT, выход 0 KZT",0.1972
100000002958286100,1,False,1,0,0.0,0,0,257000.0,1,1,False,0.0,0.00031316938195489997,0.0,5,0.0,0.0,0.8153546461434036,0.0,0.037999552455382744,0.0,0.0,0.0,terminal,0.5538,"1 входящих связей от 1 отправителей; 0 исходящих связей к 0 получателям; вход 257,000 KZT, выход 0 KZT",0.1563
100000005634552100,1,False,1,3,1196000.0,4,3,25850.0,1,1,False,46.2669245647969,0.0002883486359009542,3.110905566777272e-05,0,0.0,0.7737056144690831,0.32821184477259385,1.0,0.001896407107751801,0.23123434331824866,0.0,0.7737056144690831,distributor,0.8529,"1 входящих связей от 1 отправителей; 3 исходящих связей к 3 получателям; вход 25,850 KZT, выход 1,196,000 KZT",0.422
100000008736760100,1,False,1,0,0.0,0,0,54757.0,1,1,False,0.0,0.0002970621471222198,0.0,22,0.0,0.0,0.487410664150794,0.0,0.014570792245847952,0.0,0.0,0.0,terminal,0.4719,"1 входящих связей от 1 отправителей; 0 исходящих связей к 0 получателям; вход 54,757 KZT, выход 0 KZT",0.0914
100000008701944100,1,False,1,0,0.0,0,0,52124.0,1,1,False,0.0,0.00041152025351238905,0.0,4,0.0,0.0,0.4769584978911935,0.0,0.18104751755985102,0.0,0.0,0.0,terminal,0.4692,"1 входящих связей от 1 отправителей; 0 исходящих связей к 0 получателям; вход 52,124 KZT, выход 0 KZT",0.1311
100000008748408100,1,False,1,21,1499960.0,22,21,360000.0,2,1,False,4.166555555555555,0.0003340545949423299,7.331433501322234e-06,2,0.0,1.0,0.8868389504836832,1.0,0.06837755367981539,0.05449536572295129,0.0,1.0,distributor,1.0,"1 входящих связей от 1 отправителей; 21 исходящих связей к 21 получателям; вход 360,000 KZT, выход 1,499,960 KZT",0.5387
100000008486520100,1,False,1,1,14000.0,1,1,35720.0,2,1,False,0.3919372900335946,0.00028940983908926223,1.922024458454748e-05,16,0.0,0.3868528072345416,0.3968036266129747,0.7059231988773205,0.0034400040601222596,0.1428653798145826,0.0,0.3868528072345416,peripheral,0.35,"1 входящих связей от 1 отправителей; 1 исходящих связей к 1 получателям; вход 35,720 KZT, выход 14,000 KZT",0.2965
100000003163256100,1,False,1,1,15000.0,1,1,13485.0,1,1,False,1.1123470522803114,0.0002870191751690971,1.922024458454748e-05,16,0.0,0.3868528072345416,0.19019721130876377,0.7110243718942185,0.0,0.1428653798145826,0.0,0.3868528072345416,transit,0.9468,"1 входящих связей от 1 отправителей; 1 исходящих связей к 1 получателям; вход 13,485 KZT, выход 15,000 KZT",0.2594
100000003102157100,1,False,1,0,0.0,0,0,96746.0,2,1,False,0.0,0.000303723915550285,0.0,0,0.0,0.0,0.6081344031737282,0.0,0.02426070572756367,0.0,0.0,0.0,terminal,0.502,"1 входящих связей от 1 отправителей; 0 исходящих связей к 0 получателям; вход 96,746 KZT, выход 0 KZT",0.1155
100000004741837100,1,False,1,0,0.0,0,0,25596.0,1,1,False,0.0,0.0002883213263153584,0.0,16,0.0,0.0,0.3261175155158277,0.0,0.0018566833145166977,0.0,0.0,0.0,terminal,0.4315,"1 входящих связей от 1 отправителей; 0 исходящих связей к 0 получателям; вход 25,596 KZT, выход 0 KZT",0.0592
100000008443341100,1,False,2,3,50000.0,4,3,34500.0,2,2,False,1.4492753623188406,0.0006689699930486642,0.00033467003199279065,8,0.5849625007211564,0.7737056144690831,0.3894329637236925,0.800046024263114,0.555432744992159,1.0,0.5849625007211564,0.7737056144690831,distributor,0.7829,"2 входящих связей от 2 отправителей; 3 исходящих связей к 3 получателям; вход 34,500 KZT, выход 50,000 KZT",0.7045
100000004792397100,1,False,1,0,0.0,0,0,73520.0,1,1,False,0.0,0.0003010002810421788,0.0,22,0.0,0.0,0.5499062189326407,0.0,0.020299035328361706,0.0,0.0,0.0,terminal,0.4875,"1 входящих связей от 1 отправителей; 0 исходящих связей к 0 получателям; вход 73,520 KZT, выход 0 KZT",0.1041
100000003809101100,1,False,2,2,55200.0,4,2,166050.0,3,2,False,0.3324299909665763,0.0003619470775424321,0.00013454171209183234,11,0.5849625007211564,0.6131471927654585,0.7227113631587092,0.8073617803001989,0.10894679341870807,1.0,0.5849625007211564,0.6131471927654585,coordinator,0.6881,"2 входящих связей от 2 отправителей; 2 исходящих связей к 2 получателям; вход 166,050 KZT, выход 55,200 KZT",0.6269
100000002838861100,1,False,5,1,10000.0,1,1,554523.95,5,5,False,0.018033486200190272,0.0021199186472606823,1.9418391435934565e-05,5,1.0,0.3868528072345416,0.9784683795912168,0.6810456169100282,1.0,0.1443382044818924,1.0,0.3868528072345416,consolidator,0.9946,"5 входящих связей от 5 отправителей; 1 исходящих связей к 1 получателям; вход 554,524 KZT, выход 10,000 KZT",0.7505
100000008560717100,1,False,7,1,25000.0,1,1,529000.0,9,7,False,0.04725897920604915,0.000330834156555212,1.922024458454748e-05,10,1.0,0.3868528072345416,0.9684737862325424,0.7487942697451995,0.06369339663851777,0.1428653798145826,1.0,0.3868528072345416,consolidator,0.9921,"7 входящих связей от 7 отправителей; 1 исходящих связей к 1 получателям; вход 529,000 KZT, выход 25,000 KZT",0.5265
100000008693069100,1,False,1,0,0.0,0,0,20000.0,1,1,False,0.0,0.00028976705994767336,0.0,22,0.0,0.0,0.2737932863595569,0.0,0.0039596073212996175,0.0,0.0,0.0,terminal,0.4184,"1 входящих связей от 1 отправителей; 0 исходящих связей к 0 получателям; вход 20,000 KZT, выход 0 KZT",0.0503
100000008672162100,1,False,1,0,0.0,0,0,15550.0,1,1,False,0.0,0.0002888330570726631,0.0,22,0.0,0.0,0.22041608555339312,0.0,0.0026010330155274985,0.0,0.0,0.0,terminal,0.4051,"1 входящих связей от 1 отправителей; 0 исходящих связей к 0 получателям; вход 15,550 KZT, выход 0 KZT",0.0403
100000007311010100,1,False,2,1,20000.0,1,1,64480.0,2,2,False,0.31017369727047145,0.0003093598362490267,2.3975769017837576e-05,3,0.5849625007211564,0.3868528072345416,0.522078243203554,0.7322951533772758,0.03245841611858458,0.17821309128520602,0.5849625007211564,0.3868528072345416,consolidator,0.5692,"2 входящих связей от 2 отправителей; 1 исходящих связей к 1 получателям; вход 64,480 KZT, выход 20,000 KZT",0.3726
100000005505655100,1,False,2,1,20000.0,1,1,33070.0,2,2,False,0.6047777441790142,0.0003215080211255211,0.0002690834241836647,13,0.5849625007211564,0.3868528072345416,0.3804543286292793,0.7322951533772758,0.050128362425844356,1.0,0.5849625007211564,0.3868528072345416,consolidator,0.5338,"2 входящих связей от 2 отправителей; 1 исходящих связей к 1 получателям; вход 33,070 KZT, выход 20,000 KZT",0.5323
100000004707703100,1,False,2,5,231650.0,6,5,239300.0,3,2,False,0.9680317592979524,0.0006355624384346332,0.00016109339017770206,16,0.5849625007211564,1.0,0.8002194629943695,0.9134142840454137,0.50685668226528,1.0,0.5849625007211564,1.0,distributor,0.9697,"2 входящих связей от 2 отправителей; 5 исходящих связей к 5 получателям; вход 239,300 KZT, выход 231,650 KZT",0.8252
100000004005964100,1,False,3,3,72000.0,5,3,97900.0,9,3,False,0.7354443309499489,0.00040452469148817116,0.0,34,1.0,0.7737056144690831,0.6106493983854557,0.8270082999498383,0.17087317741776317,0.0,1.0,0.7737056144690831,peripheral,0.35,"3 входящих связей от 3 отправителей; 3 исходящих связей к 3 получателям; вход 97,900 KZT, выход 72,000 KZT",0.4715
100000008244300100,1,False,5,0,0.0,0,0,65430.0,6,5,False,0.0,0.00047936591472866487,0.0,10,1.0,0.0,0.5251803610268022,0.0,0.27971850537637566,0.0,1.0,0.0,consolidator,0.8813,"5 входящих связей от 5 отправителей; 0 исходящих связей к 0 получателям; вход 65,430 KZT, выход 0 KZT",0.3345
100000002692044100,1,False,1,0,0.0,0,0,97000.0,1,1,False,0.0,0.00030166693443527224,0.0,8,0.0,0.0,0.608690528851887,0.0,0.02126871893369564,0.0,0.0,0.0,terminal,0.5022,"1 входящих связей от 1 отправителей; 0 исходящих связей к 0 получателям; вход 97,000 KZT, выход 0 KZT",0.1149
100000001103905100,1,False,1,0,0.0,0,0,18000.0,1,1,False,0.0,0.00028934728337463503,0.0,22,0.0,0.0,0.25144721385475965,0.0,0.0033490122846407643,0.0,0.0,0.0,terminal,0.4129,"1 входящих связей от 1 отправителей; 0 исходящих связей к 0 получателям; вход 18,000 KZT, выход 0 KZT",0.0461
100000008755361100,1,False,1,0,0.0,0,0,14627.0,1,1,False,0.0,0.0002886393301842059,0.0,22,0.0,0.0,0.20743806272324106,0.0,0.0023192431748331414,0.0,0.0,0.0,terminal,0.4019,"1 входящих связей от 1 отправителей; 0 исходящих связей к 0 получателям; вход 14,627 KZT, выход 0 KZT",0.0379
100000002810870100,1,False,1,0,0.0,0,0,33677.0,1,1,False,0.0,0.00029263770204239595,0.0,22,0.0,0.0,0.3843120611344187,0.0,0.008135154611833145,0.0,0.0,0.0,terminal,0.4461,"1 входящих связей от 1 отправителей; 0 исходящих связей к 0 получателям; вход 33,677 KZT, выход 0 KZT",0.0712
100000005897462100,1,False,1,0,0.0,0,0,98400.0,1,1,False,0.0,0.0003004936394973031,0.0,11,0.0,0.0,0.6117298925611236,0.0,0.019562097223704354,0.0,0.0,0.0,terminal,0.5029,"1 входящих связей от 1 отправителей; 0 исходящих связей к 0 получателям; вход 98,400 KZT, выход 0 KZT",0.115
100000000941942100,1,False,1,0,0.0,0,0,130000.0,1,1,False,0.0,0.0003116000306063692,0.0,3,0.0,0.0,0.6707986254455257,0.0,0.03571687081388941,0.0,0.0,0.0,terminal,0.5177,"1 входящих связей от 1 отправителей; 0 исходящих связей к 0 получателям; вход 130,000 KZT, выход 0 KZT",0.1297
100000008723830100,1,False,2,1,455000.0,1,1,459785.0,2,2,False,0.9895929619278576,0.00034023098770657236,1.9616538287321655e-05,16,0.5849625007211564,0.3868528072345416,0.9387308018634788,0.9633306693363588,0.07736113116022364,0.14581102885737232,0.5849625007211564,0.3868528072345416,consolidator,0.6734,"2 входящих связей от 2 отправителей; 1 исходящих связей к 1 получателям; вход 459,785 KZT, выход 455,000 KZT",0.4932
100000008776576100,1,False,1,0,0.0,0,0,14765.0,1,1,False,0.0,0.0002886682947677456,0.0,22,0.0,0.0,0.20942965208809974,0.0,0.002361374270411106,0.0,0.0,0.0,terminal,0.4024,"1 входящих связей от 1 отправителей; 0 исходящих связей к 0 получателям; вход 14,765 KZT, выход 0 KZT",0.0383
100000005432267100,1,False,2,0,0.0,0,0,350001.0,2,2,False,0.0,0.00034233348585063165,0.0,3,0.5849625007211564,0.0,0.8808644540032313,0.0,0.08041920689172215,0.0,0.5849625007211564,0.0,consolidator,0.6589,"2 входящих связей от 2 отправителей; 0 исходящих связей к 0 получателям; вход 350,001 KZT, выход 0 KZT",0.2781
100000006745291100,1,False,1,0,0.0,0,0,82534.0,1,1,False,0.0,0.00029808724049107665,0.0,11,0.0,0.0,0.5744361869809229,0.0,0.016061851886922482,0.0,0.0,0.0,terminal,0.4936,"1 входящих связей от 1 отправителей; 0 исходящих связей к 0 получателям; вход 82,534 KZT, выход 0 KZT",0.1074
100000008670667100,1,False,1,0,0.0,0,0,15534.0,1,1,False,0.0,0.0002888296988600788,0.0,22,0.0,0.0,0.22019774651695065,0.0,0.0025961482516898924,0.0,0.0,0.0,terminal,0.405,"1 входящих связей от 1 отправителей; 0 исходящих связей к 0 получателям; вход 15,534 KZT, выход 0 KZT",0.0403
100000002480800100,1,False,2,0,0.0,0,0,569251.0,2,2,False,0.0,0.0006410781031176412,0.0,3,0.5849625007211564,0.0,0.9840278921565725,0.0,0.5148768145628057,0.0,0.5849625007211564,0.0,consolidator,0.6847,"2 входящих связей от 2 отправителей; 0 исходящих связей к 0 получателям; вход 569,251 KZT, выход 0 KZT",0.4053
100000002182176100,1,False,1,0,0.0,0,0,42465.0,1,1,False,0.0,0.00029353795436763876,0.0,0,0.0,0.0,0.4334899726528546,0.0,0.009444631358852993,0.0,0.0,0.0,terminal,0.4584,"1 входящих связей от 1 отправителей; 0 исходящих связей к 0 получателям; вход 42,465 KZT, выход 0 KZT",0.0804
100000008219168100,1,False,1,0,0.0,0,0,53200.0,2,1,False,0.0,0.00028861990131883255,0.0,2,0.0,0.0,0.4812922892592761,0.0,0.0022909824749098653,0.0,0.0,0.0,terminal,0.4703,"1 входящих связей от 1 отправителей; 0 исходящих связей к 0 получателям; вход 53,200 KZT, выход 0 KZT",0.0872
100000004226848100,1,False,1,0,0.0,0,0,301866.0,1,1,False,0.0,0.0003460138655313343,0.0,3,0.0,0.0,0.8494833606728357,0.0,0.08577228997741514,0.0,0.0,0.0,terminal,0.5624,"1 входящих связей от 1 отправителей; 0 исходящих связей к 0 получателям; вход 301,866 KZT, выход 0 KZT",0.1744
100000006326645100,1,False,1,0,0.0,0,0,25264.0,1,1,False,0.0,0.00029087191188791023,0.0,22,0.0,0.0,0.32334848954245476,0.0,0.005566692233036812,0.0,0.0,0.0,terminal,0.4308,"1 входящих связей от 1 отправителей; 0 исходящих связей к 0 получателям; вход 25,264 KZT, выход 0 KZT",0.0596
100000003589877100,1,False,2,6,416129.0,6,6,176000.0,2,2,False,2.364369318181818,0.00030697515997142073,0.00011036779622260768,42,0.5849625007211564,1.0,0.7350546181095859,0.9567274377026795,0.028989798518063464,0.8203339201609855,0.5849625007211564,1.0,distributor,0.9849,"2 входящих связей от 2 отправителей; 6 исходящих связей к 6 получателям; вход 176,000 KZT, выход 416,129 KZT",0.6622
100000003942602100,1,False,1,1,30000.0,1,1,30000.0,1,1,False,1.0,0.000291865942812865,0.0,22,0.0,0.3868528072345416,0.3597899992899909,0.762275140587193,0.0070125786610103925,0.0,0.0,0.3868528072345416,transit,1.0,"1 входящих связей от 1 отправителей; 1 исходящих связей к 1 получателям; вход 30,000 KZT, выход 30,000 KZT",0.2695
100000000922570100,1,False,1,1,50000.0,1,1,47101.0,1,1,False,1.0615485870788306,0.00029338594320602393,1.981468513870874e-07,8,0.0,0.3868528072345416,0.455466296433776,0.800046024263114,0.009223521119654628,0.0014728529753573112,0.0,0.3868528072345416,transit,0.9701,"1 входящих связей от 1 отправителей; 1 исходящих связей к 1 получателям; вход 47,101 KZT, выход 50,000 KZT",0.2944
100000005079754100,1,False,1,2,122000.0,2,2,70000.0,1,1,False,1.7428571428571429,0.00029958584458064045,9.511048866580196e-05,3,0.0,0.6131471927654585,0.5395001308391884,0.8660019712427278,0.01824165845383158,0.7069358802377645,0.0,0.6131471927654585,coordinator,0.4659,"1 входящих связей от 1 отправителей; 2 исходящих связей к 2 получателям; вход 70,000 KZT, выход 122,000 KZT",0.5173
100000003187359100,1,False,1,0,0.0,0,0,19072.0,1,1,False,0.0,0.00028957228361778365,0.0,22,0.0,0.0,0.26371659422379123,0.0,0.0036762912561539717,0.0,0.0,0.0,terminal,0.4159,"1 входящих связей от 1 отправителей; 0 исходящих связей к 0 получателям; вход 19,072 KZT, выход 0 KZT",0.0484
100000000998559100,1,False,1,0,0.0,0,0,100000.0,1,1,False,0.0,0.0003055929375935048,0.0,3,0.0,0.0,0.6151509436747945,0.0,0.026979290869649626,0.0,0.0,0.0,terminal,0.5038,"1 входящих связей от 1 отправителей; 0 исходящих связей к 0 получателям; вход 100,000 KZT, выход 0 KZT",0.1175
100000008690932100,1,False,1,0,0.0,0,0,23000.0,1,1,False,0.0,0.0002903967248072309,0.0,22,0.0,0.0,0.3034357897363291,0.0,0.004875499395839527,0.0,0.0,0.0,terminal,0.4259,"1 входящих связей от 1 отправителей; 0 исходящих связей к 0 получателям; вход 23,000 KZT, выход 0 KZT",0.0558
100000008773876100,1,False,1,0,0.0,0,0,26120.0,1,1,False,0.0,0.00029105157626117063,0.0,22,0.0,0.0,0.33041565631095626,0.0,0.005828026541770117,0.0,0.0,0.0,terminal,0.4326,"1 входящих связей от 1 отправителей; 0 исходящих связей к 0 получателям; вход 26,120 KZT, выход 0 KZT",0.0609
100000006789108100,1,False,1,0,0.0,0,0,37500.0,1,1,False,0.0,0.000291256925802661,0.0,11,0.0,0.0,0.40711793704043997,0.0,0.00612672165406388,0.0,0.0,0.0,terminal,0.4518,"1 входящих связей от 1 отправителей; 0 исходящих связей к 0 получателям; вход 37,500 KZT, выход 0 KZT",0.0748
100000004058740100,1,False,1,0,0.0,0,0,30000.0,1,1,False,0.0,0.000291865942812865,0.0,22,0.0,0.0,0.3597899992899909,0.0,0.0070125786610103925,0.0,0.0,0.0,terminal,0.4399,"1 входящих связей от 1 отправителей; 0 исходящих связей к 0 получателям; вход 30,000 KZT, выход 0 KZT",0.0665
100000007641801100,1,False,1,0,0.0,0,0,200000.0,1,1,False,0.0,0.00029703774196744934,0.0,2,0.0,0.0,0.7621682778906999,0.0,0.01453529346933872,0.0,0.0,0.0,terminal,0.5405,"1 входящих связей от 1 отправителей; 0 исходящих связей к 0 получателям; вход 200,000 KZT, выход 0 KZT",0.1408
100000000555721100,1,False,2,0,0.0,0,0,113000.0,3,2,False,0.0,0.000308091961795813,0.0,0,0.5849625007211564,0.0,0.6410733906515722,0.0,0.03061423742229632,0.0,0.5849625007211564,0.0,consolidator,0.599,"2 входящих связей от 2 отправителей; 0 исходящих связей к 0 получателям; вход 113,000 KZT, выход 0 KZT",0.2225
100000008729801100,1,False,1,0,0.0,0,0,17534.0,1,1,False,0.0,0.00028924947543311713,0.0,22,0.0,0.0,0.24588409315644896,0.0,0.003206743604291928,0.0,0.0,0.0,terminal,0.4115,"1 входящих связей от 1 отправителей; 0 исходящих связей к 0 получателям; вход 17,534 KZT, выход 0 KZT",0.0451
100000004664905100,1,False,2,0,0.0,0,0,329020.0,4,2,False,0.0,0.0004118439668426317,0.0,16,0.5849625007211564,0.0,0.8677528392818451,0.0,0.18151832426139844,0.0,0.5849625007211564,0.0,consolidator,0.6557,"2 входящих связей от 2 отправителей; 0 исходящих связей к 0 получателям; вход 329,020 KZT, выход 0 KZT",0.301
100000003057225100,1,False,1,0,0.0,0,0,236000.0,1,1,False,0.0,0.0003109435548495802,0.0,16,0.0,0.0,0.7972741768952796,0.0,0.034762000620723106,0.0,0.0,0.0,terminal,0.5493,"1 входящих связей от 1 отправителей; 0 исходящих связей к 0 получателям; вход 236,000 KZT, выход 0 KZT",0.1522
100000000703902100,1,False,1,0,0.0,0,0,25499.0,1,1,False,0.0,0.00029092123563524225,0.0,22,0.0,0.0,0.32531222410984006,0.0,0.00563843705377687,0.0,0.0,0.0,terminal,0.4313,"1 входящих связей от 1 отправителей; 0 исходящих связей к 0 получателям; вход 25,499 KZT, выход 0 KZT",0.06
100000008720798100,1,False,1,0,0.0,0,0,15534.0,1,1,False,0.0,0.0002888296988600788,0.0,22,0.0,0.0,0.22019774651695065,0.0,0.0025961482516898924,0.0,0.0,0.0,terminal,0.405,"1 входящих связей от 1 отправителей; 0 исходящих связей к 0 получателям; вход 15,534 KZT, выход 0 KZT",0.0403
100000001411870100,1,False,2,0,0.0,0,0,900000.0,4,2,False,0.0,0.0004780448174649516,0.0,2,0.5849625007211564,0.0,1.0,0.0,0.27779723825583164,0.0,0.5849625007211564,0.0,consolidator,0.6887,"2 входящих связей от 2 отправителей; 0 исходящих связей к 0 получателям; вход 900,000 KZT, выход 0 KZT",0.3489
100000008556318100,1,False,2,0,0.0,0,0,180132.0,2,2,False,0.0,0.0005605041030696594,0.0,3,0.5849625007211564,0.0,0.7399766290528328,0.0,0.39771262585109174,0.0,0.5849625007211564,0.0,consolidator,0.6237,"2 входящих связей от 2 отправителей; 0 исходящих связей к 0 получателям; вход 180,132 KZT, выход 0 KZT",0.3321
100000002720627100,1,False,1,0,0.0,0,0,199300.0,1,1,False,0.0,0.0003157971602163407,0.0,11,0.0,0.0,0.7614246199656975,0.0,0.04182174856009176,0.0,0.0,0.0,terminal,0.5404,"1 входящих связей от 1 отправителей; 0 исходящих связей к 0 получателям; вход 199,300 KZT, выход 0 KZT",0.1475
100000003022835100,1,False,1,0,0.0,0,0,125000.0,1,1,False,0.0,0.0003105988484375585,0.0,3,0.0,0.0,0.6624798711992838,0.0,0.03426061113368232,0.0,0.0,0.0,terminal,0.5156,"1 входящих связей от 1 отправителей; 0 исходящих связей к 0 получателям; вход 125,000 KZT, выход 0 KZT",0.1278
100000008304115100,1,False,1,0,0.0,0,0,51000.0,1,1,False,0.0,0.0002940330019607653,0.0,8,0.0,0.0,0.4723347776672105,0.0,0.010164710431763289,0.0,0.0,0.0,terminal,0.4681,"1 входящих связей от 1 отправителей; 0 исходящих связей к 0 получателям; вход 51,000 KZT, выход 0 KZT",0.0876
100000003886323100,1,False,2,1,7650.0,1,1,78168.0,6,2,False,0.09786613447958244,0.0018048414724056996,1.922024458454748e-05,16,0.5849625007211564,0.3868528072345416,0.5629085540084385,0.6612401357257008,1.0,0.1428653798145826,0.5849625007211564,0.3868528072345416,consolidator,0.5794,"2 входящих связей от 2 отправителей; 1 исходящих связей к 1 получателям; вход 78,168 KZT, выход 7,650 KZT",0.6012
100000000607731100,1,False,1,1,66666.0,1,1,20000.0,1,1,False,3.3333,0.00031753584489255785,5.944405541612623e-07,27,0.0,0.3868528072345416,0.2737932863595569,0.8213169289261265,0.044350721186888584,0.004418558050548771,0.0,0.3868528072345416,peripheral,0.35,"1 входящих связей от 1 отправителей; 1 исходящих связей к 1 получателям; вход 20,000 KZT, выход 66,666 KZT",0.2749
100000005961971100,1,False,1,0,0.0,0,0,47353.0,1,1,False,0.0,0.000295508134248832,0.0,22,0.0,0.0,0.4565980405152241,0.0,0.012310384623686672,0.0,0.0,0.0,terminal,0.4641,"1 входящих связей от 1 отправителей; 0 исходящих связей к 0 получателям; вход 47,353 KZT, выход 0 KZT",0.0853
100000000440392100,1,False,1,0,0.0,0,0,105705.0,4,1,False,0.0,0.000296934490065325,0.0,16,0.0,0.0,0.626918713708186,0.0,0.014385107311290573,0.0,0.0,0.0,terminal,0.5067,"1 входящих связей от 1 отправителей; 0 исходящих связей к 0 получателям; вход 105,705 KZT, выход 0 KZT",0.1164
100000004105288100,1,False,2,0,0.0,0,0,215000.0,2,2,False,0.0,0.00046304013809882774,0.0,3,0.5849625007211564,0.0,0.7775076121383051,0.0,0.2559758075997793,0.0,0.5849625007211564,0.0,consolidator,0.6331,"2 входящих связей от 2 отправителей; 0 исходящих связей к 0 получателям; вход 215,000 KZT, выход 0 KZT",0.3034
100000008169544100,1,False,1,4,42800.0,7,4,137104.0,2,1,False,0.31217178200490137,0.00030031044942800835,1.9022097733160393e-05,16,0.0,0.8982444017039272,0.682083531602818,0.788549286209628,0.019295637059959132,0.14139255485544286,0.0,0.8982444017039272,distributor,0.8599,"1 входящих связей от 1 отправителей; 4 исходящих связей к 4 получателям; вход 137,104 KZT, выход 42,800 KZT",0.4533
100000004186824100,1,False,2,1,7000.0,1,1,451700.0,7,2,False,0.015497011290679655,0.00038192715477473974,0.0,16,0.5849625007211564,0.3868528072345416,0.9349679497799596,0.6546752466097728,0.13800685092098358,0.0,0.5849625007211564,0.3868528072345416,consolidator,0.6725,"2 входящих связей от 2 отправителей; 1 исходящих связей к 1 получателям; вход 451,700 KZT, выход 7,000 KZT",0.4201
100000008672200100,1,False,1,0,0.0,0,0,8511.0,1,1,False,0.0,0.0002873556534238548,0.0,22,0.0,0.0,0.09259280950854826,0.0,0.00045204064133507653,0.0,0.0,0.0,terminal,0.3731,"1 входящих связей от 1 отправителей; 0 исходящих связей к 0 получателям; вход 8,511 KZT, выход 0 KZT",0.0168
100000002188829100,1,False,1,0,0.0,0,0,400000.0,1,1,False,0.0,0.00036566386772214876,0.0,3,0.0,0.0,0.9091861423574124,0.0,0.11435272919501493,0.0,0.0,0.0,terminal,0.5773,"1 входящих связей от 1 отправителей; 0 исходящих связей к 0 получателям; вход 400,000 KZT, выход 0 KZT",0.1922
100000008717341100,1,False,1,0,0.0,0,0,14627.0,1,1,False,0.0,0.0002886393301842059,0.0,22,0.0,0.0,0.20743806272324106,0.0,0.0023192431748331414,0.0,0.0,0.0,terminal,0.4019,"1 входящих связей от 1 отправителей; 0 исходящих связей к 0 получателям; вход 14,627 KZT, выход 0 KZT",0.0379
100000002214301100,1,False,1,1,8000.0,1,1,21438.0,1,1,False,0.373169138912212,0.000289592186865428,9.610122292273739e-05,0,0.0,0.3868528072345416,0.2885194546410499,0.6645476095092199,0.003705241952074389,0.7142994418445455,0.0,0.3868528072345416,coordinator,0.4656,"1 входящих связей от 1 отправителей; 1 исходящих связей к 1 получателям; вход 21,438 KZT, выход 8,000 KZT",0.3954
100000002565277100,1,False,1,0,0.0,0,0,483319.0,1,1,False,0.0,0.00038234736714677707,0.0,3,0.0,0.0,0.9493185016882941,0.0,0.13861802329242953,0.0,0.0,0.0,terminal,0.5873,"1 входящих связей от 1 отправителей; 0 исходящих связей к 0 получателям; вход 483,319 KZT, выход 0 KZT",0.2055
100000005546031100,1,False,3,1,8000.0,1,1,66800.0,6,3,False,0.11976047904191617,0.0007125289535173731,5.944405541612623e-07,71,1.0,0.3868528072345416,0.5295755317738119,0.6645476095092199,0.6187669653274575,0.004418558050548771,1.0,0.3868528072345416,consolidator,0.8824,"3 входящих связей от 3 отправителей; 1 исходящих связей к 1 получателям; вход 66,800 KZT, выход 8,000 KZT",0.5406
100000003449074100,1,False,1,0,0.0,0,0,10000.0,1,1,False,0.0,0.0002874458184490925,0.0,0,0.0,0.0,0.1267854959781863,0.0,0.0005831923994689192,0.0,0.0,0.0,terminal,0.3817,"1 входящих связей от 1 отправителей; 0 исходящих связей к 0 получателям; вход 10,000 KZT, выход 0 KZT",0.023
100000008748914100,1,False,2,13,4471847.0,21,13,180000.0,9,2,False,24.843594444444445,0.0007908267344260654,0.0006406087705344536,3,0.5849625007211564,1.0,0.7398211449339235,1.0,0.7326040942145636,1.0,0.5849625007211564,1.0,distributor,1.0,"2 входящих связей от 2 отправителей; 13 исходящих связей к 13 получателям; вход 180,000 KZT, выход 4,471,847 KZT",0.8863
100000004744306100,1,False,1,2,92000.0,3,2,69000.0,1,1,False,1.3333333333333333,0.0004607769966825409,3.923307657464331e-05,49,0.0,0.6131471927654585,0.5364482845597086,0.845133114044116,0.25268447371232555,0.29161919749127574,0.0,0.6131471927654585,peripheral,0.35,"1 входящих связей от 1 отправителей; 2 исходящих связей к 2 получателям; вход 69,000 KZT, выход 92,000 KZT",0.4802
100000003158727100,1,False,3,0,0.0,0,0,367940.0,3,3,False,0.0,0.0003141291273527455,0.0,2,1.0,0.0,0.8914661386422241,0.0,0.03939553712938525,0.0,1.0,0.0,consolidator,0.9729,"3 входящих связей от 3 отправителей; 0 исходящих связей к 0 получателям; вход 367,940 KZT, выход 0 KZT",0.3403
100000001389255100,1,False,1,0,0.0,0,0,16136.0,1,1,False,0.0,0.00028895605160856333,0.0,22,0.0,0.0,0.228261728005563,0.0,0.002779937479779406,0.0,0.0,0.0,terminal,0.4071,"1 входящих связей от 1 отправителей; 0 исходящих связей к 0 получателям; вход 16,136 KZT, выход 0 KZT",0.0418
100000008695495100,1,False,1,0,0.0,0,0,21000.0,1,1,False,0.0,0.00028997694823419256,0.0,22,0.0,0.0,0.28414130736987286,0.0,0.004264904743539512,0.0,0.0,0.0,terminal,0.421,"1 входящих связей от 1 отправителей; 0 исходящих связей к 0 получателям; вход 21,000 KZT, выход 0 KZT",0.0522
100000004015047100,1,False,9,1,69195.0,7,1,919104.0,18,9,False,0.07528527783580531,0.002278597110650866,0.00011651034861560739,2,1.0,0.3868528072345416,1.0,0.8240700391534923,1.0,0.8659871880563809,1.0,0.3868528072345416,consolidator,1.0,"9 входящих связей от 9 отправителей; 1 исходящих связей к 1 получателям; вход 919,104 KZT, выход 69,195 KZT",0.9388
100000005183943100,1,False,1,0,0.0,0,0,680900.0,9,1,False,0.0,0.0006108393603081334,0.0,23,0.0,0.0,1.0,0.0,0.47090718844733576,0.0,0.0,0.0,terminal,0.6,"1 входящих связей от 1 отправителей; 0 исходящих связей к 0 получателям; вход 680,900 KZT, выход 0 KZT",0.2977
100000003004487100,1,False,4,2,265015.0,3,2,183702.8,9,4,False,1.4426290726107605,0.00035087248171634185,0.00019279688639963605,36,1.0,0.6131471927654585,0.7441400378754189,0.923363897556377,0.09283907856212217,1.0,1.0,0.6131471927654585,coordinator,0.6825,"4 входящих связей от 4 отправителей; 2 исходящих связей к 2 получателям; вход 183,703 KZT, выход 265,015 KZT",0.7134
100000003042994100,1,False,1,0,0.0,0,0,286086.0,3,1,False,0.0,0.0003163287040785161,0.0,16,0.0,0.0,0.8380954468869121,0.0,0.04259489662245743,0.0,0.0,0.0,terminal,0.5595,"1 входящих связей от 1 отправителей; 0 исходящих связей к 0 получателям; вход 286,086 KZT, выход 0 KZT",0.1615
100000001899164100,1,False,4,3,76500.0,3,3,291675.0,5,4,False,0.2622782206222679,0.0011765620095510463,0.00012661583803634885,8,1.0,0.7737056144690831,0.8421991330671003,0.8314909929501239,1.0,0.9410935670784303,1.0,0.7737056144690831,coordinator,0.9617,"4 входящих связей от 4 отправителей; 3 исходящих связей к 3 получателям; вход 291,675 KZT, выход 76,500 KZT",0.9283
100000003946524100,1,False,2,2,144750.0,2,2,133757.0,2,2,False,1.0821863528637754,0.0003260605758889195,0.0001194825513864137,3,0.5849625007211564,0.6131471927654585,0.6768414431496804,0.8786451363626566,0.0567501522267396,0.8880773783115358,0.5849625007211564,0.6131471927654585,transit,0.9605,"2 входящих связей от 2 отправителей; 2 исходящих связей к 2 получателям; вход 133,757 KZT, выход 144,750 KZT",0.5938
100000008717340100,1,False,1,0,0.0,0,0,41500.0,1,1,False,0.0,0.0002942796581078353,0.0,22,0.0,0.0,0.42861453048559583,0.0,0.010523487782320123,0.0,0.0,0.0,terminal,0.4572,"1 входящих связей от 1 отправителей; 0 исходящих связей к 0 получателям; вход 41,500 KZT, выход 0 KZT",0.0798
100000003831324100,1,False,2,0,0.0,0,0,300000.0,2,2,False,0.0,0.00031519260326985616,0.0,2,0.5849625007211564,0.0,0.8481681722159543,0.0,0.040942400061397335,0.0,0.5849625007211564,0.0,consolidator,0.6508,"2 входящих связей от 2 отправителей; 0 исходящих связей к 0 получателям; вход 300,000 KZT, выход 0 KZT",0.2623
100000008129393100,1,False,1,0,0.0,0,0,10000.0,1,1,False,0.0,0.0003116981820260483,0.0,83,0.0,0.0,0.1267854959781863,0.0,0.0358596359179285,0.0,0.0,0.0,terminal,0.3817,"1 входящих связей от 1 отправителей; 0 исходящих связей к 0 получателям; вход 10,000 KZT, выход 0 KZT",0.0318
100000004388209100,1,False,1,0,0.0,0,0,11800.0,1,1,False,0.0,0.00028804597599821623,0.0,22,0.0,0.0,0.1618883215890606,0.0,0.0014561660425961023,0.0,0.0,0.0,terminal,0.3905,"1 входящих связей от 1 отправителей; 0 исходящих связей к 0 получателям; вход 11,800 KZT, выход 0 KZT",0.0295
100000000706545100,1,False,3,1,75800.0,3,1,1070300.0,8,3,False,0.07082126506586939,0.0032266260404967273,1.9616538287321655e-05,16,1.0,0.3868528072345416,1.0,0.830811286651342,1.0,0.14581102885737232,1.0,0.3868528072345416,consolidator,1.0,"3 входящих связей от 3 отправителей; 1 исходящих связей к 1 получателям; вход 1,070,300 KZT, выход 75,800 KZT",0.7816
100000004497606100,1,False,1,0,0.0,0,0,15534.0,1,1,False,0.0,0.0002888296988600788,0.0,22,0.0,0.0,0.22019774651695065,0.0,0.0025961482516898924,0.0,0.0,0.0,terminal,0.405,"1 входящих связей от 1 отправителей; 0 исходящих связей к 0 получателям; вход 15,534 KZT, выход 0 KZT",0.0403
100000008470470100,1,False,1,0,0.0,0,0,33547.0,1,1,False,0.0,0.00029261041656514843,0.0,22,0.0,0.0,0.3834917420156821,0.0,0.008095466056135477,0.0,0.0,0.0,terminal,0.4459,"1 входящих связей от 1 отправителей; 0 исходящих связей к 0 получателям; вход 33,547 KZT, выход 0 KZT",0.0711
100000004318918100,1,False,1,0,0.0,0,0,75600.0,1,1,False,0.0,0.0002970355594933977,0.0,11,0.0,0.0,0.5558235517061788,0.0,0.014532118928535587,0.0,0.0,0.0,terminal,0.489,"1 входящих связей от 1 отправителей; 0 исходящих связей к 0 получателям; вход 75,600 KZT, выход 0 KZT",0.1037
100000005228059100,1,False,1,0,0.0,0,0,26000.0,1,1,False,0.0,0.0002910263896667883,0.0,22,0.0,0.0,0.32943901036304085,0.0,0.005791390893841929,0.0,0.0,0.0,terminal,0.4324,"1 входящих связей от 1 отправителей; 0 исходящих связей к 0 получателям; вход 26,000 KZT, выход 0 KZT",0.0607
100000001609499100,1,False,3,2,21000.0,2,2,263113.0,3,3,False,0.07981361620292422,0.0003209139565492521,0.0,0,1.0,0.6131471927654585,0.8203406341154444,0.7359026579779248,0.049264280371655526,0.0,1.0,0.6131471927654585,peripheral,0.35,"3 входящих связей от 3 отправителей; 2 исходящих связей к 2 получателям; вход 263,113 KZT, выход 21,000 KZT",0.4624
100000002824176100,1,False,1,0,0.0,0,0,144000.0,1,1,False,0.0,0.0003385981575005855,0.0,2,0.0,0.0,0.6924920877930885,0.0,0.07498618126389575,0.0,0.0,0.0,terminal,0.5231,"1 входящих связей от 1 отправителей; 0 исходящих связей к 0 получателям; вход 144,000 KZT, выход 0 KZT",0.1434
100000001363952100,1,False,2,1,91000.0,2,1,196655.0,2,2,False,0.4627393150441128,0.00030709529312418954,1.922024458454748e-05,1,0.5849625007211564,0.3868528072345416,0.7585908778669622,0.8443249969575101,0.029164537724253058,0.1428653798145826,0.5849625007211564,0.3868528072345416,consolidator,0.6284,"2 входящих связей от 2 отправителей; 1 исходящих связей к 1 получателям; вход 196,655 KZT, выход 91,000 KZT",0.4267
100000001049200100,1,False,2,4,36000.0,5,4,76624.0,2,2,False,0.46982668615577367,0.00029829130032713914,0.0010660300604625303,43,0.5849625007211564,0.8982444017039272,0.5586771568736717,0.7757560935823146,0.016358668945955477,1.0,0.5849625007211564,0.8982444017039272,distributor,0.8554,"2 входящих связей от 2 отправителей; 4 исходящих связей к 4 получателям; вход 76,624 KZT, выход 36,000 KZT",0.617
100000002662768100,1,False,1,0,0.0,0,0,84300.0,1,1,False,0.0,0.0003064555955058235,0.0,3,0.0,0.0,0.5789266731469828,0.0,0.028234067820750303,0.0,0.0,0.0,terminal,0.4947,"1 входящих связей от 1 отправителей; 0 исходящих связей к 0 получателям; вход 84,300 KZT, выход 0 KZT",0.1113
100000004737477100,1,False,2,1,40500.0,3,1,49598.0,3,2,False,0.8165651840800032,0.0002923193048489305,1.922024458454748e-05,0,0.5849625007211564,0.3868528072345416,0.4664225062533954,0.7844650711172256,0.007672024483265417,0.1428653798145826,0.5849625007211564,0.3868528072345416,consolidator,0.5553,"2 входящих связей от 2 отправителей; 1 исходящих связей к 1 получателям; вход 49,598 KZT, выход 40,500 KZT",0.358
100000008680451100,1,False,1,0,0.0,0,0,23534.0,1,1,False,0.0,0.0002905088051522321,0.0,22,0.0,0.0,0.30830375510928204,0.0,0.005038528124662208,0.0,0.0,0.0,terminal,0.4271,"1 входящих связей от 1 отправителей; 0 исходящих связей к 0 получателям; вход 23,534 KZT, выход 0 KZT",0.0568
100000001952325100,1,False,1,0,0.0,0,0,77888.0,2,1,False,0.0,0.00030191707307769447,0.0,22,0.0,0.0,0.5621474418290794,0.0,0.02163255902207945,0.0,0.0,0.0,terminal,0.4905,"1 входящих связей от 1 отправителей; 0 исходящих связей к 0 получателям; вход 77,888 KZT, выход 0 KZT",0.1066
100000008751429100,1,False,3,1,72600.0,2,1,386200.0,6,3,False,0.1879854997410668,0.0015043129924041077,0.0,9,1.0,0.3868528072345416,0.9017394097289209,0.8276219280593708,1.0,0.0,1.0,0.3868528072345416,consolidator,0.9754,"3 входящих связей от 3 отправителей; 1 исходящих связей к 1 получателям; вход 386,200 KZT, выход 72,600 KZT",0.7313
100000001960517100,1,False,1,0,0.0,0,0,200000.0,1,1,False,0.0,0.000359220493221867,0.0,2,0.0,0.0,0.7621682778906999,0.0,0.10498106318303184,0.0,0.0,0.0,terminal,0.5405,"1 входящих связей от 1 отправителей; 0 исходящих связей к 0 получателям; вход 200,000 KZT, выход 0 KZT",0.1634
100000008686234100,1,False,1,0,0.0,0,0,39778.0,1,1,False,0.0,0.0002930337323065535,0.0,0,0.0,0.0,0.419625959486083,0.0,0.00871120705645762,0.0,0.0,0.0,terminal,0.4549,"1 входящих связей от 1 отправителей; 0 исходящих связей к 0 получателям; вход 39,778 KZT, выход 0 KZT",0.0777
100000004213658100,1,False,1,0,0.0,0,0,25347.0,1,1,False,0.0,0.00029088933261569135,0.0,22,0.0,0.0,0.32404414246272184,0.0,0.00559203189353207,0.0,0.0,0.0,terminal,0.431,"1 входящих связей от 1 отправителей; 0 исходящих связей к 0 получателям; вход 25,347 KZT, выход 0 KZT",0.0597
100000001194266100,1,False,1,0,0.0,0,0,50000.0,1,1,False,0.0,0.0002955811159053975,0.0,3,0.0,0.0,0.46813466994857295,0.0,0.012416541025431568,0.0,0.0,0.0,terminal,0.467,"1 входящих связей от 1 отправителей; 0 исходящих связей к 0 получателям; вход 50,000 KZT, выход 0 KZT",0.0874
100000002243354100,1,False,1,0,0.0,0,0,20879.0,1,1,False,0.0,0.00028995155175152374,0.0,22,0.0,0.0,0.2829157158512629,0.0,0.004227963758855088,0.0,0.0,0.0,terminal,0.4207,"1 входящих связей от 1 отправителей; 0 исходящих связей к 0 получателям; вход 20,879 KZT, выход 0 KZT",0.052
100000006069103100,1,False,3,3,270000.0,4,3,228818.0,3,3,False,1.1799770997036947,0.0011516310982681705,5.805702745641661e-05,6,1.0,0.7737056144690831,0.7907191969111463,0.9247418554655965,1.0,0.43153343788130555,1.0,0.7737056144690831,transit,0.9173,"3 входящих связей от 3 отправителей; 3 исходящих связей к 3 получателям; вход 228,818 KZT, выход 270,000 KZT",0.8237
100000002760175100,1,False,1,0,0.0,0,0,187410.0,1,1,False,0.0,0.00031399380182833917,0.0,11,0.0,0.0,0.7483777202250017,0.0,0.039198701301206694,0.0,0.0,0.0,terminal,0.5371,"1 входящих связей от 1 отправителей; 0 исходящих связей к 0 получателям; вход 187,410 KZT, выход 0 KZT",0.1445
100000003567087100,1,False,1,0,0.0,0,0,62115.0,1,1,False,0.0,0.0002986065051344278,0.0,22,0.0,0.0,0.5141526008408523,0.0,0.016817152797625252,0.0,0.0,0.0,terminal,0.4785,"1 входящих связей от 1 отправителей; 0 исходящих связей к 0 получателям; вход 62,115 KZT, выход 0 KZT",0.0968
100000008229700100,1,False,1,1,7200.0,1,1,23500.0,1,1,False,0.30638297872340425,0.00028946923798144053,1.981468513870874e-07,8,0.0,0.3868528072345416,0.3079971179223828,0.6567579863417571,0.003526404005573615,0.0014728529753573112,0.0,0.3868528072345416,peripheral,0.35,"1 входящих связей от 1 отправителей; 1 исходящих связей к 1 получателям; вход 23,500 KZT, выход 7,200 KZT",0.2406
100000004076740100,1,False,3,6,125000.0,10,6,93250.0,5,3,False,1.3404825737265416,0.0007414546780411341,0.00040223810831578746,62,1.0,1.0,0.6003280602504335,0.8677982260538774,0.6608231081546051,1.0,1.0,1.0,distributor,0.9537,"3 входящих связей от 3 отправителей; 6 исходящих связей к 6 получателям; вход 93,250 KZT, выход 125,000 KZT",0.8195
100000003284932100,1,False,1,0,0.0,0,0,69925.0,1,1,False,0.0,0.0002995708268481083,0.0,3,0.0,0.0,0.5392727593569556,0.0,0.01821981430703811,0.0,0.0,0.0,terminal,0.4848,"1 входящих связей от 1 отправителей; 0 исходящих связей к 0 получателям; вход 69,925 KZT, выход 0 KZT",0.1016
100000008071620100,1,False,1,0,0.0,0,0,46968.0,1,1,False,0.0,0.00029438295322921934,0.0,0,0.0,0.0,0.4548665435005439,0.0,0.010673737204169718,0.0,0.0,0.0,terminal,0.4637,"1 входящих связей от 1 отправителей; 0 исходящих связей к 0 получателям; вход 46,968 KZT, выход 0 KZT",0.0845
100000003235780100,1,False,2,0,0.0,0,0,65000.0,2,2,False,0.0,0.00029120007891764486,0.0,0,0.5849625007211564,0.0,0.5237818622645034,0.0,0.006044033933800213,0.0,0.5849625007211564,0.0,consolidator,0.5697,"2 входящих связей от 2 отправителей; 0 исходящих связей к 0 получателям; вход 65,000 KZT, выход 0 KZT",0.1952
100000005363908100,1,False,1,1,19500.0,1,1,19500.0,1,1,False,1.0,0.0003385171206244062,0.0,71,0.0,0.3868528072345416,0.2684235826133281,0.7304231789244474,0.07486831310782942,0.0,0.0,0.3868528072345416,transit,1.0,"1 входящих связей от 1 отправителей; 1 исходящих связей к 1 получателям; вход 19,500 KZT, выход 19,500 KZT",0.2643
100000001851289100,1,False,1,0,0.0,0,0,109510.0,3,1,False,0.0,0.00029734359625899394,0.0,16,0.0,0.0,0.6344193750109848,0.0,0.014980177007861056,0.0,0.0,0.0,terminal,0.5086,"1 входящих связей от 1 отправителей; 0 исходящих связей к 0 получателям; вход 109,510 KZT, выход 0 KZT",0.1179
100000002870937100,1,False,1,0,0.0,0,0,83700.0,1,1,False,0.0,0.0002903688396007318,0.0,2,0.0,0.0,0.5774116653915979,0.0,0.004834938402861634,0.0,0.0,0.0,terminal,0.4944,"1 входящих связей от 1 отправителей; 0 исходящих связей к 0 получателям; вход 83,700 KZT, выход 0 KZT",0.1051
100000002152857100,1,False,1,5,1230000.0,6,5,105000.0,1,1,False,11.714285714285714,0.0002997108402620934,0.0003134683188943723,48,0.0,1.0,0.6254993686666087,1.0,0.01842347177466926,1.0,0.0,1.0,distributor,1.0,"1 входящих связей от 1 отправителей; 5 исходящих связей к 5 получателям; вход 105,000 KZT, выход 1,230,000 KZT",0.6872
100000002600345100,1,False,2,0,0.0,0,0,52400.0,2,2,False,0.0,0.0002957205308431155,0.0,16,0.5849625007211564,0.0,0.4780786112358494,0.0,0.012619328784203568,0.0,0.5849625007211564,0.0,consolidator,0.5582,"2 входящих связей от 2 отправителей; 0 исходящих связей к 0 получателям; вход 52,400 KZT, выход 0 KZT",0.1887
100000002580377100,1,False,1,1,5000.0,1,1,37750.0,2,1,False,0.13245033112582782,0.00028962810073792137,1.922024458454748e-05,16,0.0,0.3868528072345416,0.40852722509459394,0.6297997767503529,0.0037574812444475763,0.1428653798145826,0.0,0.3868528072345416,peripheral,0.35,"1 входящих связей от 1 отправителей; 1 исходящих связей к 1 получателям; вход 37,750 KZT, выход 5,000 KZT",0.285
100000004094958100,1,False,1,1,40000.0,1,1,39000.0,1,1,False,1.0256410256410255,0.0003914649470315221,1.981468513870874e-07,71,0.0,0.3868528072345416,0.41543653901299094,0.7835465382062168,0.15187890452029162,0.0014728529753573112,0.0,0.3868528072345416,transit,0.9873,"1 входящих связей от 1 отправителей; 1 исходящих связей к 1 получателям; вход 39,000 KZT, выход 40,000 KZT",0.3199
100000002609774100,1,False,1,1,27500.0,1,1,7700.0,1,1,False,3.5714285714285716,0.0002863971832294454,0.0,18,0.0,0.3868528072345416,0.07135565627964452,0.75584150105896,0.0,0.0,0.0,0.3868528072345416,peripheral,0.35,"1 входящих связей от 1 отправителей; 1 исходящих связей к 1 получателям; вход 7,700 KZT, выход 27,500 KZT",0.2147
100000002596035100,1,False,1,0,0.0,0,0,231570.0,1,1,False,0.0,0.0003206915567832718,0.0,11,0.0,0.0,0.7932549322981576,0.0,0.04894079411655543,0.0,0.0,0.0,terminal,0.5483,"1 входящих связей от 1 отправителей; 0 исходящих связей к 0 получателям; вход 231,570 KZT, выход 0 KZT",0.155
100000004664515100,1,False,1,0,0.0,0,0,37691.0,1,1,False,0.0,0.0002926421016993763,0.0,0,0.0,0.0,0.40819547629400926,0.0,0.008141554207734242,0.0,0.0,0.0,terminal,0.452,"1 входящих связей от 1 отправителей; 0 исходящих связей к 0 получателям; вход 37,691 KZT, выход 0 KZT",0.0755
100000000661912100,1,False,5,2,430700.0,8,2,393036.0,9,5,False,1.0958283719557496,0.0017491597591117558,0.000371723493202176,0,1.0,0.6131471927654585,0.9054609205276092,0.9592722823660376,1.0,1.0,1.0,0.6131471927654585,transit,0.9542,"5 входящих связей от 5 отправителей; 2 исходящих связей к 2 получателям; вход 393,036 KZT, выход 430,700 KZT",0.9757
100000004144536100,1,False,4,0,0.0,0,0,168000.0,6,4,False,0.0,0.0009685966718954024,0.0,34,1.0,0.0,0.7251876541582023,0.0,0.9910307107961385,0.0,1.0,0.0,consolidator,0.9313,"4 входящих связей от 4 отправителей; 0 исходящих связей к 0 получателям; вход 168,000 KZT, выход 0 KZT",0.5483
100000006177176100,1,False,1,0,0.0,0,0,8911.0,1,1,False,0.0,0.0002865273875922662,0.0,16,0.0,0.0,0.10233293720905734,0.0,0.0,0.0,0.0,0.0,terminal,0.3756,"1 входящих связей от 1 отправителей; 0 исходящих связей к 0 получателям; вход 8,911 KZT, выход 0 KZT",0.0184
100000002158488100,1,False,1,0,0.0,0,0,31723.0,1,1,False,0.0,0.00029222758033053747,0.0,22,0.0,0.0,0.37163440373456863,0.0,0.007538604975881206,0.0,0.0,0.0,terminal,0.4429,"1 входящих связей от 1 отправителей; 0 исходящих связей к 0 получателям; вход 31,723 KZT, выход 0 KZT",0.0688
100000000041368100,1,False,1,0,0.0,0,0,160000.0,1,1,False,0.0,0.00031760712361923363,0.0,3,0.0,0.0,0.7148391912915051,0.0,0.04445439828718155,0.0,0.0,0.0,terminal,0.5287,"1 входящих связей от 1 отправителей; 0 исходящих связей к 0 получателям; вход 160,000 KZT, выход 0 KZT",0.1398
100000008722328100,1,False,1,0,0.0,0,0,23677.0,1,1,False,0.0,0.00029053881917720433,0.0,22,0.0,0.0,0.30958860377953756,0.0,0.005082185627594474,0.0,0.0,0.0,terminal,0.4274,"1 входящих связей от 1 отправителей; 0 исходящих связей к 0 получателям; вход 23,677 KZT, выход 0 KZT",0.057
100000008735384100,1,False,1,0,0.0,0,0,39220.0,1,1,False,0.0,0.00029380111281457165,0.0,22,0.0,0.0,0.4166296232863141,0.0,0.00982741256027969,0.0,0.0,0.0,terminal,0.4542,"1 входящих связей от 1 отправителей; 0 исходящих связей к 0 получателям; вход 39,220 KZT, выход 0 KZT",0.0775
100000004480280100,1,False,1,2,295850.0,7,2,146694.0,1,1,False,2.0167832358515003,0.0003149427776315945,4.042195768296583e-05,3,0.0,0.6131471927654585,0.6964234873114934,0.9315024655343385,0.04057902007703746,0.30045596427246374,0.0,0.6131471927654585,peripheral,0.35,"1 входящих связей от 1 отправителей; 2 исходящих связей к 2 получателям; вход 146,694 KZT, выход 295,850 KZT",0.4735
100000004286573100,1,False,1,0,0.0,0,0,16590.0,1,1,False,0.0,0.0002883224885597265,0.0,8,0.0,0.0,0.23414664656156975,0.0,0.00185837388413047,0.0,0.0,0.0,terminal,0.4085,"1 входящих связей от 1 отправителей; 0 исходящих связей к 0 получателям; вход 16,590 KZT, выход 0 KZT",0.0426
100000001746925100,1,False,1,1,5000.0,1,1,65250.0,1,1,False,0.07662835249042145,0.0002986347215202703,0.00011888811083225245,3,0.0,0.3868528072345416,0.5245960646162596,0.6297997767503529,0.01685819517623564,0.883659345512404,0.0,0.3868528072345416,coordinator,0.5803,"1 входящих связей от 1 отправителей; 1 исходящих связей к 1 получателям; вход 65,250 KZT, выход 5,000 KZT",0.4722
100000001660397100,1,False,2,3,49000.0,4,3,48600.0,2,2,False,1.008230452674897,0.00029515233462771814,0.00021637636171469946,0,0.5849625007211564,0.7737056144690831,0.4621111866654067,0.7985522099884506,0.01179285162440527,1.0,0.5849625007211564,0.7737056144690831,distributor,0.7824,"2 входящих связей от 2 отправителей; 3 исходящих связей к 3 получателям; вход 48,600 KZT, выход 49,000 KZT",0.5814
100000002591469100,1,False,1,0,0.0,0,0,235670.0,1,1,False,0.0,0.0002990831396236902,0.0,2,0.0,0.0,0.7969773863061189,0.0,0.01751044530119227,0.0,0.0,0.0,terminal,0.5492,"1 входящих связей от 1 отправителей; 0 исходящих связей к 0 получателям; вход 235,670 KZT, выход 0 KZT",0.1478
100000002731501100,1,False,3,7,833960.0,20,7,570370.0,7,3,False,1.4621386117783193,0.0004855839777590116,2.377762216645049e-06,34,1.0,1.0,0.9844444211448963,1.0,0.2887613785773502,0.01767421644280105,1.0,1.0,distributor,1.0,"3 входящих связей от 3 отправителей; 7 исходящих связей к 7 получателям; вход 570,370 KZT, выход 833,960 KZT",0.6033
100000000089154100,1,False,1,15,425500.0,21,15,10000.0,1,1,False,42.55,0.0002874458184490925,3.8044195466320786e-05,0,0.0,1.0,0.1267854959781863,0.9583741129796316,0.0005831923994689192,0.2827824202046284,0.0,1.0,distributor,0.9854,"1 входящих связей от 1 отправителей; 15 исходящих связей к 15 получателям; вход 10,000 KZT, выход 425,500 KZT",0.4277
100000008732098100,1,False,1,0,0.0,0,0,15677.0,1,1,False,0.0,0.00028885971288505105,0.0,22,0.0,0.0,0.2221412251697913,0.0,0.00263980582790655,0.0,0.0,0.0,terminal,0.4055,"1 входящих связей от 1 отправителей; 0 исходящих связей к 0 получателям; вход 15,677 KZT, выход 0 KZT",0.0406
100000005456919100,1,False,2,1,5000.0,1,1,479950.0,10,2,False,0.010417751849150954,0.0013700274780428564,0.0,9,0.5849625007211564,0.3868528072345416,0.9478348549467304,0.6297997767503529,1.0,0.0,0.5849625007211564,0.3868528072345416,consolidator,0.6757,"2 входящих связей от 2 отправителей; 1 исходящих связей к 1 получателям; вход 479,950 KZT, выход 5,000 KZT",0.6334
100000000507799100,1,False,1,1,8000.0,1,1,5132.0,1,1,False,1.558846453624318,0.000286121076867989,0.00011532146750728487,19,0.0,0.3868528072345416,0.0,0.6645476095092199,0.0,0.8571510935726283,0.0,0.3868528072345416,coordinator,0.5571,"1 входящих связей от 1 отправителей; 1 исходящих связей к 1 получателям; вход 5,132 KZT, выход 8,000 KZT",0.374
100000008716439100,1,False,1,0,0.0,0,0,12267.0,1,1,False,0.0,0.00028814399382802073,0.0,22,0.0,0.0,0.17012002191490208,0.0,0.001598740192065622,0.0,0.0,0.0,terminal,0.3925,"1 входящих связей от 1 отправителей; 0 исходящих связей к 0 получателям; вход 12,267 KZT, выход 0 KZT",0.031
100000002981527100,1,False,1,0,0.0,0,0,168000.0,1,1,False,0.0,0.000303611374917362,0.0,5,0.0,0.0,0.7251876541582023,0.0,0.02409700964024685,0.0,0.0,0.0,terminal,0.5313,"1 входящих связей от 1 отправителей; 0 исходящих связей к 0 получателям; вход 168,000 KZT, выход 0 KZT",0.1366
100000002844652100,1,False,1,0,0.0,0,0,61360.0,1,1,False,0.0,0.000289087813987039,0.0,2,0.0,0.0,0.5115587648872649,0.0,0.0029715953819407026,0.0,0.0,0.0,terminal,0.4779,"1 входящих связей от 1 отправителей; 0 исходящих связей к 0 получателям; вход 61,360 KZT, выход 0 KZT",0.0928
100000002605548100,1,False,2,0,0.0,0,0,116695.0,2,2,False,0.0,0.0003143213711267536,0.0,11,0.5849625007211564,0.0,0.6478979214194834,0.0,0.0396751625469798,0.0,0.5849625007211564,0.0,consolidator,0.6007,"2 входящих связей от 2 отправителей; 0 исходящих связей к 0 получателям; вход 116,695 KZT, выход 0 KZT",0.226
100000002750956100,1,False,1,0,0.0,0,0,47416.0,1,1,False,0.0,0.0002944670215148041,0.0,0,0.0,0.0,0.45688003548487344,0.0,0.01079601994078679,0.0,0.0,0.0,terminal,0.4642,"1 входящих связей от 1 отправителей; 0 исходящих связей к 0 получателям; вход 47,416 KZT, выход 0 KZT",0.0849
100000002982252100,1,False,1,0,0.0,0,0,20320.0,1,1,False,0.0,0.00028983422419935953,0.0,22,0.0,0.0,0.2771598997145345,0.0,0.004057302503386144,0.0,0.0,0.0,terminal,0.4193,"1 входящих связей от 1 отправителей; 0 исходящих связей к 0 получателям; вход 20,320 KZT, выход 0 KZT",0.0509
100000000961900100,1,False,2,0,0.0,0,0,36000.0,3,2,False,0.0,0.00029432044056326376,0.0,0,0.5849625007211564,0.0,0.39845971707981853,0.0,0.01058280849813996,0.0,0.5849625007211564,0.0,consolidator,0.5383,"2 входящих связей от 2 отправителей; 0 исходящих связей к 0 получателям; вход 36,000 KZT, выход 0 KZT",0.1738
100000007175718100,1,False,1,0,0.0,0,0,20000.0,1,1,False,0.0,0.0003031865584283141,0.0,55,0.0,0.0,0.2737932863595569,0.0,0.02347909223604244,0.0,0.0,0.0,terminal,0.4184,"1 входящих связей от 1 отправителей; 0 исходящих связей к 0 получателям; вход 20,000 KZT, выход 0 KZT",0.0552
100000002306369100,1,False,1,6,260900.0,9,6,73166.0,1,1,False,3.5658639258672062,0.0002992990714116951,0.0004906116040344284,3,0.0,1.0,0.5488824882287884,0.9222067538543041,0.017824530499501858,1.0,0.0,1.0,distributor,0.9728,"1 входящих связей от 1 отправителей; 6 исходящих связей к 6 получателям; вход 73,166 KZT, выход 260,900 KZT",0.6593
100000000667713100,1,False,2,6,79236.0,7,6,119495.0,10,2,False,0.663090505878907,0.0003201059721320311,8.084391536593167e-05,16,0.5849625007211564,1.0,0.6529270113822458,0.8340893090718153,0.04808904563767503,0.6008997842629943,0.5849625007211564,1.0,distributor,0.9419,"2 входящих связей от 2 отправителей; 6 исходящих связей к 6 получателям; вход 119,495 KZT, выход 79,236 KZT",0.5819
100000001072022100,1,False,3,0,0.0,0,0,1684000.0,6,3,False,0.0,0.0005021346766292344,0.0,3,1.0,0.0,1.0,0.0,0.3128306373692278,0.0,1.0,0.0,consolidator,1.0,"3 входящих связей от 3 отправителей; 0 исходящих связей к 0 получателям; вход 1,684,000 KZT, выход 0 KZT",0.4282
100000008116374100,1,False,1,0,0.0,0,0,31284.0,1,1,False,0.0,0.000288932889003818,0.0,16,0.0,0.0,0.3686788070438958,0.0,0.0027462457945713137,0.0,0.0,0.0,terminal,0.4422,"1 входящих связей от 1 отправителей; 0 исходящих связей к 0 получателям; вход 31,284 KZT, выход 0 KZT",0.067
100000000703894100,1,False,1,1,35000.0,1,1,120000.0,1,1,False,0.2916666666666667,0.00047736859826889627,5.944405541612623e-07,27,0.0,0.3868528072345416,0.653821486275727,0.7736731191510051,0.27681381406733185,0.004418558050548771,0.0,0.3868528072345416,peripheral,0.35,"1 входящих связей от 1 отправителей; 1 исходящих связей к 1 получателям; вход 120,000 KZT, выход 35,000 KZT",0.3929
100000008066326100,1,False,1,0,0.0,0,0,19320.0,1,1,False,0.0,0.0002891947390331323,0.0,0,0.0,0.0,0.26645672046289065,0.0,0.003127125570563721,0.0,0.0,0.0,terminal,0.4166,"1 входящих связей от 1 отправителей; 0 исходящих связей к 0 получателям; вход 19,320 KZT, выход 0 KZT",0.0487
100000004662806100,1,False,2,2,59900.0,3,2,106585.0,2,2,False,0.5619927757189098,0.00030544976624820216,3.883678287186913e-05,8,0.5849625007211564,0.6131471927654585,0.6286771544688935,0.8134038028363767,0.026771041235700135,0.28867360622966776,0.5849625007211564,0.6131471927654585,peripheral,0.35,"2 входящих связей от 2 отправителей; 2 исходящих связей к 2 получателям; вход 106,585 KZT, выход 59,900 KZT",0.434
100000005778283100,1,False,3,0,0.0,0,0,615760.0,3,3,False,0.0,0.00043758405542756654,0.0,2,1.0,0.0,1.0,0.0,0.21895406512003365,0.0,1.0,0.0,consolidator,1.0,"3 входящих связей от 3 отправителей; 0 исходящих связей к 0 получателям; вход 615,760 KZT, выход 0 KZT",0.4047
100000004408683100,1,False,2,0,0.0,0,0,112919.68,3,2,False,0.0,0.00038531432958818963,0.0,16,0.5849625007211564,0.0,0.6409225765260457,0.0,0.14293327558419802,0.0,0.5849625007211564,0.0,consolidator,0.599,"2 входящих связей от 2 отправителей; 0 исходящих связей к 0 получателям; вход 112,920 KZT, выход 0 KZT",0.2505
100000002704875100,1,False,3,0,0.0,0,0,244891.0,4,3,False,0.0,0.0003150737954997622,0.0,1,1.0,0.0,0.8051180012041594,0.0,0.04076959008436022,0.0,1.0,0.0,consolidator,0.9513,"3 входящих связей от 3 отправителей; 0 исходящих связей к 0 получателям; вход 244,891 KZT, выход 0 KZT",0.3251
100000008349675100,1,False,1,1,36650.0,2,1,46520.0,1,1,False,0.7878331900257953,0.0002882368551639772,1.981468513870874e-07,2,0.0,0.3868528072345416,0.45283375409076293,0.7770792255830731,0.0017338138287273678,0.0014728529753573112,0.0,0.3868528072345416,peripheral,0.35,"1 входящих связей от 1 отправителей; 1 исходящих связей к 1 получателям; вход 46,520 KZT, выход 36,650 KZT",0.2879
100000006889963100,1,False,4,1,443475.8,3,1,1431000.0,6,4,False,0.30990621942697416,0.00042726044416286594,2.5164650126160102e-05,10,1.0,0.3868528072345416,1.0,0.9614337316857982,0.20393977886354156,0.1870499928883501,1.0,0.3868528072345416,consolidator,1.0,"4 входящих связей от 4 отправителей; 1 исходящих связей к 1 получателям; вход 1,431,000 KZT, выход 443,476 KZT",0.6152
100000008771819100,1,False,1,0,0.0,0,0,38900.0,1,1,False,0.0,0.0002937339485628855,0.0,22,0.0,0.0,0.41489200145173494,0.0,0.009729717765625378,0.0,0.0,0.0,terminal,0.4537,"1 входящих связей от 1 отправителей; 0 исходящих связей к 0 получателям; вход 38,900 KZT, выход 0 KZT",0.0771
100000008586731100,1,False,1,0,0.0,0,0,12000.0,1,1,False,0.0,0.00028756075486281377,0.0,8,0.0,0.0,0.1654528573592594,0.0,0.0007503759736761173,0.0,0.0,0.0,terminal,0.3914,"1 входящих связей от 1 отправителей; 0 исходящих связей к 0 получателям; вход 12,000 KZT, выход 0 KZT",0.03
100000005844459100,1,False,2,0,0.0,0,0,243400.0,2,2,False,0.0,0.0003380825577474265,0.0,0,0.5849625007211564,0.0,0.8038226882589699,0.0,0.07423624113492322,0.0,0.5849625007211564,0.0,consolidator,0.6397,"2 входящих связей от 2 отправителей; 0 исходящих связей к 0 получателям; вход 243,400 KZT, выход 0 KZT",0.2627
100000008172352100,1,False,3,7,289510.0,8,7,90265.0,3,3,False,3.207333961114496,0.00037526567278554305,0.0001824932501275075,41,1.0,1.0,0.5934275286371873,0.929900668379754,0.12831811154522077,1.0,1.0,1.0,distributor,0.9755,"3 входящих связей от 3 отправителей; 7 исходящих связей к 7 получателям; вход 90,265 KZT, выход 289,510 KZT",0.6963
100000001162560100,1,False,1,12,2904398.0,14,12,331300.0,2,1,False,8.76667069121642,0.0003211487069311817,2.774055919419224e-06,5,0.0,1.0,0.8692175673943139,1.0,0.049605730841474564,0.020619915097505007,0.0,1.0,distributor,1.0,"1 входящих связей от 1 отправителей; 12 исходящих связей к 12 получателям; вход 331,300 KZT, выход 2,904,398 KZT",0.5234
100000008779584100,1,False,1,0,0.0,0,0,31400.0,1,1,False,0.0,0.0002921597864139918,0.0,22,0.0,0.0,0.3694637970680205,0.0,0.007439994137374177,0.0,0.0,0.0,terminal,0.4424,"1 входящих связей от 1 отправителей; 0 исходящих связей к 0 получателям; вход 31,400 KZT, выход 0 KZT",0.0684
100000007631637100,1,False,1,0,0.0,0,0,15341.0,1,1,False,0.0,0.0002887891904207806,0.0,22,0.0,0.0,0.21754617052391068,0.0,0.0025372257866071806,0.0,0.0,0.0,terminal,0.4044,"1 входящих связей от 1 отправителей; 0 исходящих связей к 0 получателям; вход 15,341 KZT, выход 0 KZT",0.0398
100000007347733100,1,False,1,0,0.0,0,0,23007.0,1,1,False,0.0,0.0003456840263989,0.0,83,0.0,0.0,0.30350033010774974,0.0,0.08529254237605739,0.0,0.0,0.0,terminal,0.4259,"1 входящих связей от 1 отправителей; 0 исходящих связей к 0 получателям; вход 23,007 KZT, выход 0 KZT",0.076
100000001463701100,1,False,2,0,0.0,0,0,621000.0,2,2,False,0.0,0.0005722109368497123,0.0,11,0.5849625007211564,0.0,1.0,0.0,0.41473634173705703,0.0,0.5849625007211564,0.0,consolidator,0.6887,"2 входящих связей от 2 отправителей; 0 исходящих связей к 0 получателям; вход 621,000 KZT, выход 0 KZT",0.3831
100000008664469100,1,False,1,0,0.0,0,0,25000.0,1,1,False,0.0,0.00029057520506134383,0.0,3,0.0,0.0,0.3211205171539985,0.0,0.005135111444517,0.0,0.0,0.0,terminal,0.4303,"1 входящих связей от 1 отправителей; 0 исходящих связей к 0 получателям; вход 25,000 KZT, выход 0 KZT",0.0591
100000003923946100,1,False,1,4,675000.0,4,4,282000.0,3,1,False,2.393617021276596,0.0003894174848137435,1.981468513870874e-06,2,0.0,0.8982444017039272,0.8350442765959403,0.9924947802404891,0.14890102467848373,0.01472851662073781,0.0,0.8982444017039272,distributor,0.9312,"1 входящих связей от 1 отправителей; 4 исходящих связей к 4 получателям; вход 282,000 KZT, выход 675,000 KZT",0.5221
100000006562026100,1,False,2,0,0.0,0,0,75000.0,6,2,False,0.0,0.0006853595679127559,0.0,83,0.5849625007211564,0.0,0.5541335037823764,0.0,0.5792633191378054,0.0,0.5849625007211564,0.0,consolidator,0.5773,"2 входящих связей от 2 отправителей; 0 исходящих связей к 0 получателям; вход 75,000 KZT, выход 0 KZT",0.344
100000008776298100,1,False,1,0,0.0,0,0,42800.0,1,1,False,0.0,0.0002945525128803102,0.0,22,0.0,0.0,0.435156614451105,0.0,0.01092037262827727,0.0,0.0,0.0,terminal,0.4588,"1 входящих связей от 1 отправителей; 0 исходящих связей к 0 получателям; вход 42,800 KZT, выход 0 KZT",0.0811
100000006446271100,1,False,2,0,0.0,0,0,80000.0,2,2,False,0.0,0.00031391369620990085,0.0,3,0.5849625007211564,0.0,0.567822122199512,0.0,0.03908218479396146,0.0,0.5849625007211564,0.0,consolidator,0.5807,"2 входящих связей от 2 отправителей; 0 исходящих связей к 0 получателям; вход 80,000 KZT, выход 0 KZT",0.2114
100000004588479100,1,False,1,0,0.0,0,0,177633.0,2,1,False,0.0,0.0003046680486193901,0.0,16,0.0,0.0,0.7370135089756907,0.0,0.0256339946781835,0.0,0.0,0.0,terminal,0.5343,"1 входящих связей от 1 отправителей; 0 исходящих связей к 0 получателям; вход 177,633 KZT, выход 0 KZT",0.1391
100000002324543100,1,False,1,0,0.0,0,0,30202.0,1,1,False,0.0,0.00028881278779647806,0.0,5,0.0,0.0,0.3612133235871983,0.0,0.002571549882559076,0.0,0.0,0.0,terminal,0.4403,"1 входящих связей от 1 отправителей; 0 исходящих связей к 0 получателям; вход 30,202 KZT, выход 0 KZT",0.0657
100000007129492100,1,False,2,1,37000.0,1,1,50990.0,2,2,False,0.725632476956266,0.0002945171129254449,2.5164650126160102e-05,11,0.5849625007211564,0.3868528072345416,0.4722931856384901,0.7777819945440158,0.010868881119301335,0.1870499928883501,0.5849625007211564,0.3868528072345416,consolidator,0.5568,"2 входящих связей от 2 отправителей; 1 исходящих связей к 1 получателям; вход 50,990 KZT, выход 37,000 KZT",0.3683
100000003877908100,1,False,1,0,0.0,0,0,40000.0,1,1,False,0.0,0.00029357875156777607,0.0,3,0.0,0.0,0.4208063787121672,0.0,0.009503973565805299,0.0,0.0,0.0,terminal,0.4552,"1 входящих связей от 1 отправителей; 0 исходящих связей к 0 получателям; вход 40,000 KZT, выход 0 KZT",0.0781
100000002748180100,1,False,1,8,679743.0,9,8,9900.0,1,1,False,68.66090909090909,0.0002872122492498471,8.52031460964476e-06,24,0.0,1.0,0.12465400674108794,0.9930125338617257,0.00024344854377770695,0.0633324144092848,0.0,1.0,distributor,0.9976,"1 входящих связей от 1 отправителей; 8 исходящих связей к 8 получателям; вход 9,900 KZT, выход 679,743 KZT",0.3852
100000000945428100,1,False,1,0,0.0,0,0,89629.0,1,1,False,0.0,0.00030238839325451126,0.0,0,0.0,0.0,0.5919277967371994,0.0,0.022318119282934992,0.0,0.0,0.0,terminal,0.498,"1 входящих связей от 1 отправителей; 0 исходящих связей к 0 получателям; вход 89,629 KZT, выход 0 KZT",0.1121
100000003115284100,1,False,8,2,517000.0,4,2,2160500.0,15,8,False,0.23929645915297384,0.0015286375827955714,0.00012919174710438098,11,1.0,0.6131471927654585,1.0,0.9727765046733186,1.0,0.9602382089827464,1.0,0.6131471927654585,coordinator,0.9742,"8 входящих связей от 8 отправителей; 2 исходящих связей к 2 получателям; вход 2,160,500 KZT, выход 517,000 KZT",0.9864
100000005394708100,1,False,1,1,65000.0,1,1,26000.0,1,1,False,2.5,0.00034517722457498676,1.981468513870874e-07,49,0.0,0.3868528072345416,0.32943901036304085,0.8194456275392178,0.08455540406482742,0.0014728529753573112,0.0,0.3868528072345416,peripheral,0.35,"1 входящих связей от 1 отправителей; 1 исходящих связей к 1 получателям; вход 26,000 KZT, выход 65,000 KZT",0.294
100000008747113100,1,False,2,0,0.0,0,0,197801.0,2,2,False,0.0,0.00030751915506009543,0.0,10,0.5849625007211564,0.0,0.7598233050879853,0.0,0.029781064273067655,0.0,0.5849625007211564,0.0,consolidator,0.6287,"2 входящих связей от 2 отправителей; 0 исходящих связей к 0 получателям; вход 197,801 KZT, выход 0 KZT",0.2437
100000004491881100,1,False,1,0,0.0,0,0,17144.0,1,1,False,0.0,0.0002891676190013747,0.0,22,0.0,0.0,0.2411134158878243,0.0,0.003087677530646234,0.0,0.0,0.0,terminal,0.4103,"1 входящих связей от 1 отправителей; 0 исходящих связей к 0 получателям; вход 17,144 KZT, выход 0 KZT",0.0442
100000006008169100,1,False,1,0,0.0,0,0,70000.0,1,1,False,0.0,0.00029718614798284425,0.0,8,0.0,0.0,0.5395001308391884,0.0,0.014751158998409923,0.0,0.0,0.0,terminal,0.4849,"1 входящих связей от 1 отправителей; 0 исходящих связей к 0 получателям; вход 70,000 KZT, выход 0 KZT",0.1008
100000002681449100,1,False,2,2,133000.0,2,2,94638.0,2,2,False,1.4053551427544961,0.0002951397503203059,1.9022097733160393e-05,42,0.5849625007211564,0.6131471927654585,0.6034618503996994,0.8723852600801567,0.011774546951854495,0.14139255485544286,0.5849625007211564,0.6131471927654585,peripheral,0.35,"2 входящих связей от 2 отправителей; 2 исходящих связей к 2 получателям; вход 94,638 KZT, выход 133,000 KZT",0.4039
100000002645609100,1,False,4,0,0.0,0,0,546820.6799999999,5,4,False,0.0,0.0003553578831259949,0.0,0,1.0,0.0,0.9755012645422645,0.0,0.09936300106071028,0.0,1.0,0.0,consolidator,0.9939,"4 входящих связей от 4 отправителей; 0 исходящих связей к 0 получателям; вход 546,821 KZT, выход 0 KZT",0.3704
100000006369769100,1,False,1,0,0.0,0,0,40000.0,1,1,False,0.0,0.0002939648256780566,0.0,22,0.0,0.0,0.4208063787121672,0.0,0.010065543594768217,0.0,0.0,0.0,terminal,0.4552,"1 входящих связей от 1 отправителей; 0 исходящих связей к 0 получателям; вход 40,000 KZT, выход 0 KZT",0.0783
100000002173161100,1,False,3,0,0.0,0,0,1427500.0,5,3,False,0.0,0.0004354146921033421,0.0,16,1.0,0.0,1.0,0.0,0.21579903454313967,0.0,1.0,0.0,consolidator,1.0,"3 входящих связей от 3 отправителей; 0 исходящих связей к 0 получателям; вход 1,427,500 KZT, выход 0 KZT",0.4039
100000008686313100,1,False,6,7,333800.0,13,7,1912716.0,16,6,False,0.17451623764322566,0.00046763290222869583,0.005438536630021388,0,1.0,1.0,1.0,0.9404265506554589,0.2626551376297197,1.0,1.0,1.0,distributor,0.9791,"6 входящих связей от 6 отправителей; 7 исходящих связей к 7 получателям; вход 1,912,716 KZT, выход 333,800 KZT",0.8049
100000004692798100,1,False,2,1,15000.0,2,1,240305.0,4,2,False,0.06242067372713843,0.0019106511787003809,1.981468513870874e-07,8,0.5849625007211564,0.3868528072345416,0.8011083721826346,0.7110243718942185,1.0,0.0014728529753573112,0.5849625007211564,0.3868528072345416,consolidator,0.639,"2 входящих связей от 2 отправителей; 1 исходящих связей к 1 получателям; вход 240,305 KZT, выход 15,000 KZT",0.622
100000002939838100,1,False,3,0,0.0,0,0,571233.0,3,3,False,0.0,0.0004000333621032969,0.0,16,1.0,0.0,0.9847651006666593,0.0,0.16434095383911237,0.0,1.0,0.0,consolidator,0.9962,"3 входящих связей от 3 отправителей; 0 исходящих связей к 0 получателям; вход 571,233 KZT, выход 0 KZT",0.3883
100000003119550100,1,False,1,0,0.0,0,0,21000.0,1,1,False,0.0,0.00028997694823419256,0.0,22,0.0,0.0,0.28414130736987286,0.0,0.004264904743539512,0.0,0.0,0.0,terminal,0.421,"1 входящих связей от 1 отправителей; 0 исходящих связей к 0 получателям; вход 21,000 KZT, выход 0 KZT",0.0522
100000004315838100,1,False,2,1,18000.0,1,1,50000.0,2,2,False,0.36,0.0002913854344131959,2.377762216645049e-05,3,0.5849625007211564,0.3868528072345416,0.46813466994857295,0.7245049141337404,0.006313646285938796,0.1767402733299541,0.5849625007211564,0.3868528072345416,consolidator,0.5558,"2 входящих связей от 2 отправителей; 1 исходящих связей к 1 получателям; вход 50,000 KZT, выход 18,000 KZT",0.3546
100000002671806100,1,False,1,0,0.0,0,0,12440.0,1,1,False,0.0,0.0002876337750864829,0.0,8,0.0,0.0,0.17309014359201497,0.0,0.0008565893175609552,0.0,0.0,0.0,terminal,0.3933,"1 входящих связей от 1 отправителей; 0 исходящих связей к 0 получателям; вход 12,440 KZT, выход 0 KZT",0.0314
100000008716222100,1,False,1,0,0.0,0,0,18000.0,1,1,False,0.0,0.00028934728337463503,0.0,22,0.0,0.0,0.25144721385475965,0.0,0.0033490122846407643,0.0,0.0,0.0,terminal,0.4129,"1 входящих связей от 1 отправителей; 0 исходящих связей к 0 получателям; вход 18,000 KZT, выход 0 KZT",0.0461
100000005496254100,1,False,1,0,0.0,0,0,12700.0,1,1,False,0.0,0.00028795247999167917,0.0,0,0.0,0.0,0.17747711919374295,0.0,0.0013201692049442065,0.0,0.0,0.0,terminal,0.3944,"1 входящих связей от 1 отправителей; 0 исходящих связей к 0 получателям; вход 12,700 KZT, выход 0 KZT",0.0323
100000004622227100,1,False,1,3,19000.0,3,3,24931.0,1,1,False,0.762103405398901,0.00029024765677959657,0.0,0,0.0,0.7737056144690831,0.32053432781086993,0.7285025788863296,0.004658669458124754,0.0,0.0,0.7737056144690831,distributor,0.7579,"1 входящих связей от 1 отправителей; 3 исходящих связей к 3 получателям; вход 24,931 KZT, выход 19,000 KZT",0.3215
100000000274067100,1,False,2,3,2969000.0,9,3,517704.0,9,2,False,5.734937338710924,0.00041370365128518645,1.1888811083225246e-06,2,0.5849625007211564,0.7737056144690831,0.9638956043525191,1.0,0.18422303506900561,0.008837113474529788,0.5849625007211564,0.7737056144690831,distributor,0.8529,"2 входящих связей от 2 отправителей; 3 исходящих связей к 3 получателям; вход 517,704 KZT, выход 2,969,000 KZT",0.533
100000008782056100,1,False,1,0,0.0,0,0,29082.0,1,1,False,0.0,0.00029167326536584036,0.0,22,0.0,0.0,0.3531985038900495,0.0,0.006732316159066291,0.0,0.0,0.0,terminal,0.4383,"1 входящих связей от 1 отправителей; 0 исходящих связей к 0 получателям; вход 29,082 KZT, выход 0 KZT",0.0653
100000006788200100,1,False,4,3,64500.0,4,3,272155.8,4,4,False,0.23699660268125833,0.00033716343435244173,9.669566347689866e-05,2,1.0,0.7737056144690831,0.8275077909116721,0.8188746467591841,0.0728993746848233,0.7187175753071918,1.0,0.7737056144690831,coordinator,0.4927,"4 входящих связей от 4 отправителей; 3 исходящих связей к 3 получателям; вход 272,156 KZT, выход 64,500 KZT",0.6427
100000001164648100,1,False,2,0,0.0,0,0,13660.0,2,2,False,0.0,0.00029014259597535106,0.0,46,0.5849625007211564,0.0,0.1929318404200213,0.0,0.0045058511046785045,0.0,0.5849625007211564,0.0,consolidator,0.487,"2 входящих связей от 2 отправителей; 0 исходящих связей к 0 получателям; вход 13,660 KZT, выход 0 KZT",0.1353
100000005133757100,1,False,2,0,0.0,0,0,65000.0,2,2,False,0.0,0.00029941072919292984,0.0,1,0.5849625007211564,0.0,0.5237818622645034,0.0,0.01798694313426667,0.0,0.5849625007211564,0.0,consolidator,0.5697,"2 входящих связей от 2 отправителей; 0 исходящих связей к 0 получателям; вход 65,000 KZT, выход 0 KZT",0.1982
100000006445501100,1,False,1,0,0.0,0,0,91000.0,1,1,False,0.0,0.00029937128019778993,0.0,11,0.0,0.0,0.5951476028425162,0.0,0.01792956231461047,0.0,0.0,0.0,terminal,0.4988,"1 входящих связей от 1 отправителей; 0 исходящих связей к 0 получателям; вход 91,000 KZT, выход 0 KZT",0.1116
100000004390333100,1,False,2,9,506500.0,14,9,64558.0,2,2,False,7.845658167849066,0.00029521378985057525,0.0002498631795991172,0,0.5849625007211564,1.0,0.5223346600249379,0.9712593088351152,0.011882242136926398,1.0,0.5849625007211564,1.0,distributor,0.9899,"2 входящих связей от 2 отправителей; 9 исходящих связей к 9 получателям; вход 64,558 KZT, выход 506,500 KZT",0.6618
100000001641789100,1,False,1,0,0.0,0,0,17826.0,1,1,False,0.0,0.0004895828148678119,0.0,2,0.0,0.0,0.24938702843996172,0.0,0.29457682176490957,0.0,0.0,0.0,terminal,0.4123,"1 входящих связей от 1 отправителей; 0 исходящих связей к 0 получателям; вход 17,826 KZT, выход 0 KZT",0.1185
100000000968253100,1,False,1,0,0.0,0,0,15000.0,1,1,False,0.0,0.0002887176185150776,0.0,22,0.0,0.0,0.21277867430530759,0.0,0.0024331192492037202,0.0,0.0,0.0,terminal,0.4032,"1 входящих связей от 1 отправителей; 0 исходящих связей к 0 получателям; вход 15,000 KZT, выход 0 KZT",0.0389
100000001527186100,1,False,1,0,0.0,0,0,678000.0,2,1,False,0.0,0.0004213295963080255,0.0,3,0.0,0.0,1.0,0.0,0.19531409851248652,0.0,0.0,0.0,terminal,0.6,"1 входящих связей от 1 отправителей; 0 исходящих связей к 0 получателям; вход 678,000 KZT, выход 0 KZT",0.2288
100000005852946100,1,False,1,0,0.0,0,0,23746.0,1,1,False,0.0,0.00029032410857340613,0.0,3,0.0,0.0,0.3102057929095967,0.0,0.004769873976992355,0.0,0.0,0.0,terminal,0.4276,"1 входящих связей от 1 отправителей; 0 исходящих связей к 0 получателям; вход 23,746 KZT, выход 0 KZT",0.057
100000001530983100,1,False,4,11,1829538.0,17,11,564158.0,4,4,False,3.24295321523403,0.000356090309991762,0.00033585891310111313,16,1.0,1.0,0.9821217056671893,1.0,0.10042829783350883,1.0,1.0,1.0,distributor,1.0,"4 входящих связей от 4 отправителей; 11 исходящих связей к 11 получателям; вход 564,158 KZT, выход 1,829,538 KZT",0.7719
100000008221543100,1,False,2,0,0.0,0,0,542000.0,2,2,False,0.0,0.00037148464522539644,0.0,28,0.5849625007211564,0.0,0.9736231148914263,0.0,0.12281879744919354,0.0,0.5849625007211564,0.0,consolidator,0.6821,"2 входящих связей от 2 отправителей; 0 исходящих связей к 0 получателям; вход 542,000 KZT, выход 0 KZT",0.3054
100000001937767100,1,False,1,4,1933000.0,6,4,53000.0,1,1,False,36.471698113207545,0.0008921392815659748,5.8255174307803695e-05,40,0.0,0.8982444017039272,0.48049342309960935,1.0,0.8798891704071434,0.4330062053521699,0.0,0.8982444017039272,distributor,0.9339,"1 входящих связей от 1 отправителей; 4 исходящих связей к 4 получателям; вход 53,000 KZT, выход 1,933,000 KZT",0.7344
100000002462183100,1,False,1,0,0.0,0,0,107500.0,3,1,False,0.0,0.0003802620893515438,0.0,55,0.0,0.0,0.6304902039341538,0.0,0.13558511583735777,0.0,0.0,0.0,terminal,0.5076,"1 входящих связей от 1 отправителей; 0 исходящих связей к 0 получателям; вход 107,500 KZT, выход 0 KZT",0.1474
100000001805543100,1,False,1,0,0.0,0,0,59000.0,1,1,False,0.0,0.0002919128593753627,0.0,16,0.0,0.0,0.5032400836446022,0.0,0.007080821996265966,0.0,0.0,0.0,terminal,0.4758,"1 входящих связей от 1 отправителей; 0 исходящих связей к 0 получателям; вход 59,000 KZT, выход 0 KZT",0.0924
100000002606567100,1,False,1,1,53000.0,1,1,14095.0,1,1,False,3.7601986520042567,0.0002882142551220156,1.922024458454748e-05,0,0.0,0.3868528072345416,0.19958041433015491,0.8043545059337834,0.0017009404081826404,0.1428653798145826,0.0,0.3868528072345416,peripheral,0.35,"1 входящих связей от 1 отправителей; 1 исходящих связей к 1 получателям; вход 14,095 KZT, выход 53,000 KZT",0.2783
100000007281639100,1,False,2,0,0.0,0,0,216770.0,4,2,False,0.0,0.0003235711404553899,0.0,16,0.5849625007211564,0.0,0.7792466035407416,0.0,0.05312921804336563,0.0,0.5849625007211564,0.0,consolidator,0.6335,"2 входящих связей от 2 отправителей; 0 исходящих связей к 0 получателям; вход 216,770 KZT, выход 0 KZT",0.253
100000002991079100,1,False,2,1,11000.0,1,1,148900.0,3,2,False,0.07387508394895903,0.0003951739742726738,1.981468513870874e-05,16,0.5849625007211564,0.3868528072345416,0.699589343837295,0.6880924449533968,0.1572733902306613,0.14728385294102248,0.5849625007211564,0.3868528072345416,consolidator,0.6136,"2 входящих связей от 2 отправителей; 1 исходящих связей к 1 получателям; вход 148,900 KZT, выход 11,000 KZT",0.4209
100000002847207100,1,False,1,0,0.0,0,0,46243.0,1,1,False,0.0,0.00029482882762375313,0.0,3,0.0,0.0,0.45156705598241714,0.0,0.011322290114597256,0.0,0.0,0.0,terminal,0.4629,"1 входящих связей от 1 отправителей; 0 исходящих связей к 0 получателям; вход 46,243 KZT, выход 0 KZT",0.0841
100000000011452100,1,False,3,1,16685.0,2,1,110000.0,7,3,False,0.1516818181818182,0.00047686402523264667,0.0,0,1.0,0.3868528072345416,0.6353662981862549,0.7188958164755753,0.27608001410361055,0.0,1.0,0.3868528072345416,consolidator,0.9088,"3 входящих связей от 3 отправителей; 1 исходящих связей к 1 получателям; вход 110,000 KZT, выход 16,685 KZT",0.4828
100000003148220100,1,False,1,2,43400.0,4,2,5650.0,1,1,False,7.68141592920354,0.0009182428014100962,3.962937027741748e-07,52,0.0,0.6131471927654585,0.005706120013394785,0.7895786448745261,0.9178352521162189,0.00294570565887353,0.0,0.6131471927654585,peripheral,0.35,"1 входящих связей от 1 отправителей; 2 исходящих связей к 2 получателям; вход 5,650 KZT, выход 43,400 KZT",0.4775
100000002479804100,1,False,1,2,35300.0,2,2,46000.0,1,1,False,0.7673913043478261,0.0002969663269488742,1.7833216624837866e-06,3,0.0,0.6131471927654585,0.450449573679721,0.7743041956585442,0.01443141599226194,0.013255666271946173,0.0,0.6131471927654585,peripheral,0.35,"1 входящих связей от 1 отправителей; 2 исходящих связей к 2 получателям; вход 46,000 KZT, выход 35,300 KZT",0.3312
100000008745489100,1,False,1,0,0.0,0,0,55539.0,1,1,False,0.0,0.0002972262797622778,0.0,22,0.0,0.0,0.4904182816533118,0.0,0.014809533094369066,0.0,0.0,0.0,terminal,0.4726,"1 входящих связей от 1 отправителей; 0 исходящих связей к 0 получателям; вход 55,539 KZT, выход 0 KZT",0.092
100000002289937100,1,False,1,0,0.0,0,0,20000.0,1,1,False,0.0,0.00028976705994767336,0.0,22,0.0,0.0,0.2737932863595569,0.0,0.0039596073212996175,0.0,0.0,0.0,terminal,0.4184,"1 входящих связей от 1 отправителей; 0 исходящих связей к 0 получателям; вход 20,000 KZT, выход 0 KZT",0.0503
100000004679953100,1,False,3,3,34100.0,3,3,343538.0,3,3,False,0.09926121709970949,0.0003342675529915214,0.00042522314307668957,1,1.0,0.7737056144690831,0.8769112356894426,0.7717469152707859,0.06868730257540882,1.0,1.0,0.7737056144690831,coordinator,0.674,"3 входящих связей от 3 отправителей; 3 исходящих связей к 3 получателям; вход 343,538 KZT, выход 34,100 KZT",0.7039
100000003066385100,1,False,2,0,0.0,0,0,20000.0,2,2,False,0.0,0.00029153974169365615,0.0,0,0.5849625007211564,0.0,0.2737932863595569,0.0,0.006538096829743076,0.0,0.5849625007211564,0.0,consolidator,0.5072,"2 входящих связей от 2 отправителей; 0 исходящих связей к 0 получателям; вход 20,000 KZT, выход 0 KZT",0.1504
100000008744849100,1,False,1,0,0.0,0,0,44445.0,1,1,False,0.0,0.0002948977791116342,0.0,22,0.0,0.0,0.443155750466621,0.0,0.011422584451262716,0.0,0.0,0.0,terminal,0.4608,"1 входящих связей от 1 отправителей; 0 исходящих связей к 0 получателям; вход 44,445 KZT, выход 0 KZT",0.0826
100000005093521100,1,False,1,0,0.0,0,0,15200.0,1,1,False,0.0,0.0002886128880104748,0.0,3,0.0,0.0,0.21558783673740997,0.0,0.0022807811069051956,0.0,0.0,0.0,terminal,0.4039,"1 входящих связей от 1 отправителей; 0 исходящих связей к 0 получателям; вход 15,200 KZT, выход 0 KZT",0.0394
100000006518161100,1,False,3,2,595899.0,13,2,594200.0,13,3,False,1.002859306630764,0.0008108053328700446,5.785888060502952e-05,16,1.0,0.6131471927654585,0.9931259164571431,0.9832784549833254,0.7616495485391077,0.43006067011863397,1.0,0.6131471927654585,transit,0.9986,"3 входящих связей от 3 отправителей; 2 исходящих связей к 2 получателям; вход 594,200 KZT, выход 595,899 KZT",0.8108
100000001126374100,1,False,4,2,29200.0,4,2,182500.0,7,4,False,0.16,0.00031350041044900305,3.923307657464331e-05,0,1.0,0.6131471927654585,0.7427467297824135,0.7602766327863896,0.03848104562084752,0.29161919749127574,1.0,0.6131471927654585,peripheral,0.35,"4 входящих связей от 4 отправителей; 2 исходящих связей к 2 получателям; вход 182,500 KZT, выход 29,200 KZT",0.5143
100000004509286100,1,False,1,0,0.0,0,0,40000.0,1,1,False,0.0,0.00029357875156777607,0.0,3,0.0,0.0,0.4208063787121672,0.0,0.009503973565805299,0.0,0.0,0.0,terminal,0.4552,"1 входящих связей от 1 отправителей; 0 исходящих связей к 0 получателям; вход 40,000 KZT, выход 0 KZT",0.0781
100000005056870100,1,False,1,0,0.0,0,0,20000.0,1,1,False,0.0,0.0003031865584283141,0.0,55,0.0,0.0,0.2737932863595569,0.0,0.02347909223604244,0.0,0.0,0.0,terminal,0.4184,"1 входящих связей от 1 отправителей; 0 исходящих связей к 0 получателям; вход 20,000 KZT, выход 0 KZT",0.0552
100000008708368100,1,False,1,0,0.0,0,0,23677.0,1,1,False,0.0,0.00029053881917720433,0.0,22,0.0,0.0,0.30958860377953756,0.0,0.005082185627594474,0.0,0.0,0.0,terminal,0.4274,"1 входящих связей от 1 отправителей; 0 исходящих связей к 0 получателям; вход 23,677 KZT, выход 0 KZT",0.057
100000005895525100,1,False,1,0,0.0,0,0,120000.0,3,1,False,0.0,0.00039127287948343374,0.0,55,0.0,0.0,0.653821486275727,0.0,0.15159955697269903,0.0,0.0,0.0,terminal,0.5135,"1 входящих связей от 1 отправителей; 0 исходящих связей к 0 получателям; вход 120,000 KZT, выход 0 KZT",0.1556
100000008716773100,1,False,1,0,0.0,0,0,15677.0,1,1,False,0.0,0.00028885971288505105,0.0,22,0.0,0.0,0.2221412251697913,0.0,0.00263980582790655,0.0,0.0,0.0,terminal,0.4055,"1 входящих связей от 1 отправителей; 0 исходящих связей к 0 получателям; вход 15,677 KZT, выход 0 KZT",0.0406
100000002778085100,1,False,1,0,0.0,0,0,66208.0,1,1,False,0.0,0.0002926878495051828,0.0,16,0.0,0.0,0.527687468728081,0.0,0.008208097455193807,0.0,0.0,0.0,terminal,0.4819,"1 входящих связей от 1 отправителей; 0 исходящих связей к 0 получателям; вход 66,208 KZT, выход 0 KZT",0.097
100000007055802100,1,False,6,1,605000.0,7,1,2024999.0,34,6,False,0.29876557963732325,0.0011819243661223104,3.962937027741748e-06,0,1.0,0.3868528072345416,1.0,0.9843992237645631,1.0,0.029457004057470426,1.0,0.3868528072345416,consolidator,1.0,"6 входящих связей от 6 отправителей; 1 исходящих связей к 1 получателям; вход 2,024,999 KZT, выход 605,000 KZT",0.7837
100000003071930100,1,False,3,1,5000.0,1,1,477610.0,4,3,False,0.010468792529469651,0.0003483674806474168,4.279971989961088e-05,5,1.0,0.3868528072345416,0.9467982195602281,0.6297997767503529,0.08919559419136183,0.31812946631856226,1.0,0.3868528072345416,consolidator,0.9867,"3 входящих связей от 3 отправителей; 1 исходящих связей к 1 получателям; вход 477,610 KZT, выход 5,000 KZT",0.5461
100000002941114100,1,False,2,1,15000.0,1,1,128510.0,15,2,False,0.11672243405182477,0.0018146321453408225,2.0607272544257092e-05,11,0.5849625007211564,0.3868528072345416,0.6683535819961853,0.7110243718942185,1.0,0.15317514635732776,0.5849625007211564,0.3868528072345416,consolidator,0.6058,"2 входящих связей от 2 отправителей; 1 исходящих связей к 1 получателям; вход 128,510 KZT, выход 15,000 KZT",0.6314
100000003888271100,1,False,1,2,25590.0,3,2,12177.0,2,1,False,2.10150283321015,0.0002913863210858292,3.962937027741748e-07,23,0.0,0.6131471927654585,0.16855826702208848,0.7505189780535308,0.006314936012317192,0.00294570565887353,0.0,0.6131471927654585,peripheral,0.35,"1 входящих связей от 1 отправителей; 2 исходящих связей к 2 получателям; вход 12,177 KZT, выход 25,590 KZT",0.2719
100000007507343100,1,False,1,0,0.0,0,0,370000.0,1,1,False,0.0,0.0006416178761806914,0.0,58,0.0,0.0,0.892650331208786,0.0,0.515661677045632,0.0,0.0,0.0,terminal,0.5732,"1 входящих связей от 1 отправителей; 0 исходящих связей к 0 получателям; вход 370,000 KZT, выход 0 KZT",0.2896
100000008002020100,1,False,1,1,17000.0,1,1,73860.0,1,1,False,0.23016517736257786,0.00029782673449048764,1.5851748110966993e-06,8,0.0,0.3868528072345416,0.5508848329965716,0.7202787034258578,0.015682930466604388,0.011782815631314366,0.0,0.3868528072345416,peripheral,0.35,"1 входящих связей от 1 отправителей; 1 исходящих связей к 1 получателям; вход 73,860 KZT, выход 17,000 KZT",0.3011
100000001872484100,1,False,1,3,514580.0,9,3,871400.0,13,1,False,0.5905210006885472,0.0022739787649245706,5.944405541612623e-07,39,0.0,0.7737056144690831,1.0,0.9724295775859958,1.0,0.004418558050548771,0.0,0.7737056144690831,distributor,0.8433,"1 входящих связей от 1 отправителей; 3 исходящих связей к 3 получателям; вход 871,400 KZT, выход 514,580 KZT",0.7375
100000008769636100,1,False,1,0,0.0,0,0,23118.0,1,1,False,0.0,0.0002904214916250401,0.0,22,0.0,0.0,0.30452113987825835,0.0,0.004911524472320207,0.0,0.0,0.0,terminal,0.4261,"1 входящих связей от 1 отправителей; 0 исходящих связей к 0 получателям; вход 23,118 KZT, выход 0 KZT",0.056
100000004135268100,1,False,2,3,1000200.0,4,3,1239000.0,3,2,False,0.8072639225181598,0.0017405273422577722,1.1888811083225246e-06,58,0.5849625007211564,0.7737056144690831,1.0,1.0,1.0,0.008837113474529788,0.5849625007211564,0.7737056144690831,distributor,0.8529,"2 входящих связей от 2 отправителей; 3 исходящих связей к 3 получателям; вход 1,239,000 KZT, выход 1,000,200 KZT",0.7435
100000005316708100,1,False,1,2,257500.0,4,2,90000.0,1,1,False,2.861111111111111,0.0002976906193985501,5.944405541612623e-07,2,0.0,0.6131471927654585,0.5928039285509907,0.921236815174481,0.015484942957401921,0.004418558050548771,0.0,0.6131471927654585,peripheral,0.35,"1 входящих связей от 1 отправителей; 2 исходящих связей к 2 получателям; вход 90,000 KZT, выход 257,500 KZT",0.3816
100000008671929100,1,False,1,0,0.0,0,0,75000.0,2,1,False,0.0,0.0003005870267494512,0.0,3,0.0,0.0,0.5541335037823764,0.0,0.019697934167020925,0.0,0.0,0.0,terminal,0.4885,"1 входящих связей от 1 отправителей; 0 исходящих связей к 0 получателям; вход 75,000 KZT, выход 0 KZT",0.1047
100000005287097100,1,False,2,9,697300.0,42,9,127173.0,5,2,False,5.483082100760382,0.0003027074338818183,0.002876497841586348,16,0.5849625007211564,1.0,0.6661353532643821,0.9948981423017931,0.022782180657835084,1.0,0.5849625007211564,1.0,distributor,0.9982,"2 входящих связей от 2 отправителей; 9 исходящих связей к 9 получателям; вход 127,173 KZT, выход 697,300 KZT",0.6947
100000007283257100,1,False,1,0,0.0,0,0,192000.0,7,1,False,0.0,0.0003890688456836091,0.0,73,0.0,0.0,0.753509866454656,0.0,0.14839395467151806,0.0,0.0,0.0,terminal,0.5384,"1 входящих связей от 1 отправителей; 0 исходящих связей к 0 получателям; вход 192,000 KZT, выход 0 KZT",0.1727
100000004847758100,1,False,4,15,488800.0,23,15,115171.0,4,4,False,4.244123954815014,0.0003047422483467836,0.0008694683838865395,3,1.0,1.0,0.6451097041287617,0.9686291015202205,0.025741921852048932,1.0,1.0,1.0,distributor,0.989,"4 входящих связей от 4 отправителей; 15 исходящих связей к 15 получателям; вход 115,171 KZT, выход 488,800 KZT",0.6869
100000008737422100,1,False,1,0,0.0,0,0,76903.0,1,1,False,0.0,0.0003017103331154731,0.0,22,0.0,0.0,0.5594480434286294,0.0,0.021331844651173156,0.0,0.0,0.0,terminal,0.4899,"1 входящих связей от 1 отправителей; 0 исходящих связей к 0 получателям; вход 76,903 KZT, выход 0 KZT",0.106
100000008555918100,1,False,1,2,43300.0,2,2,139211.0,1,1,False,0.3110386391879952,0.0003134444083977524,4.755524433290098e-05,3,0.0,0.6131471927654585,0.6853182878417481,0.7894080771405827,0.03839958858103761,0.3534763443463485,0.0,0.6131471927654585,coordinator,0.2432,"1 входящих связей от 1 отправителей; 2 исходящих связей к 2 получателям; вход 139,211 KZT, выход 43,300 KZT",0.4571
100000008094734100,1,False,4,0,0.0,0,0,236249.0,4,4,False,0.0,0.00034413600318898276,0.0,0,1.0,0.0,0.7974978443070215,0.0,0.08304095653968425,0.0,1.0,0.0,consolidator,0.9494,"4 входящих связей от 4 отправителей; 0 исходящих связей к 0 получателям; вход 236,249 KZT, выход 0 KZT",0.3343
100000006952718100,1,False,1,0,0.0,0,0,71489.0,1,1,False,0.0,0.0002932556523458571,0.0,16,0.0,0.0,0.5439644797120768,0.0,0.009034004461693541,0.0,0.0,0.0,terminal,0.486,"1 входящих связей от 1 отправителей; 0 исходящих связей к 0 получателям; вход 71,489 KZT, выход 0 KZT",0.1002
100000005339662100,1,False,4,4,295160.0,15,4,202939.0,9,4,False,1.4544271924075707,0.0016567441326948023,0.00017971919420808828,4,1.0,0.8982444017039272,0.7652624327004636,0.9313298106805863,1.0,1.0,1.0,0.8982444017039272,coordinator,1.0,"4 входящих связей от 4 отправителей; 4 исходящих связей к 4 получателям; вход 202,939 KZT, выход 295,160 KZT",0.9454
100000001716579100,1,False,1,0,0.0,0,0,13916.0,1,1,False,0.0,0.0002884900996124908,0.0,22,0.0,0.0,0.1968697513056892,0.0,0.002102176423933954,0.0,0.0,0.0,terminal,0.3992,"1 входящих связей от 1 отправителей; 0 исходящих связей к 0 получателям; вход 13,916 KZT, выход 0 KZT",0.036
100000002774456100,1,False,1,0,0.0,0,0,50363.0,1,1,False,0.0,0.00029320785927153096,0.0,11,0.0,0.0,0.4696689422364468,0.0,0.0089644862735824,0.0,0.0,0.0,terminal,0.4674,"1 входящих связей от 1 отправителей; 0 исходящих связей к 0 получателям; вход 50,363 KZT, выход 0 KZT",0.0868
100000004394765100,1,False,3,2,82500.0,2,2,603844.0,10,3,False,0.13662469114539516,0.00038027545911161945,6.122737707861001e-05,16,1.0,0.6131471927654585,0.9965407481240226,0.8370741614176286,0.13560456134581225,0.45509768239833387,1.0,0.6131471927654585,coordinator,0.3433,"3 входящих связей от 3 отправителей; 2 исходящих связей к 2 получателям; вход 603,844 KZT, выход 82,500 KZT",0.6341
100000004004621100,1,False,3,0,0.0,0,0,75389.0,3,3,False,0.0,0.0003007744031334764,0.0,12,1.0,0.0,0.5552307521257047,0.0,0.019970483482888192,0.0,1.0,0.0,consolidator,0.8888,"3 входящих связей от 3 отправителей; 0 исходящих связей к 0 получателям; вход 75,389 KZT, выход 0 KZT",0.2749
100000000907277100,1,False,1,0,0.0,0,0,17534.0,1,1,False,0.0,0.00028924947543311713,0.0,22,0.0,0.0,0.24588409315644896,0.0,0.003206743604291928,0.0,0.0,0.0,terminal,0.4115,"1 входящих связей от 1 отправителей; 0 исходящих связей к 0 получателям; вход 17,534 KZT, выход 0 KZT",0.0451
100000003835149100,1,False,1,2,4600440.0,13,2,248500.0,1,1,False,18.512837022132796,0.0004889016554646466,1.7833216624837866e-06,21,0.0,0.6131471927654585,0.808220973193092,1.0,0.2935862244649582,0.013255666271946173,0.0,0.6131471927654585,peripheral,0.35,"1 входящих связей от 1 отправителей; 2 исходящих связей к 2 получателям; вход 248,500 KZT, выход 4,600,440 KZT",0.506
100000004254434100,1,False,1,0,0.0,0,0,44445.0,2,1,False,0.0,0.0002948977791116342,0.0,22,0.0,0.0,0.443155750466621,0.0,0.011422584451262716,0.0,0.0,0.0,terminal,0.4608,"1 входящих связей от 1 отправителей; 0 исходящих связей к 0 получателям; вход 44,445 KZT, выход 0 KZT",0.0826
100000003635170100,1,False,3,4,253500.0,10,4,268500.0,13,3,False,0.9441340782122905,0.0011481911115018457,0.00018804136196634596,53,1.0,0.8982444017039272,0.8246393706229999,0.9200791790656455,1.0,1.0,1.0,0.8982444017039272,distributor,0.9059,"3 входящих связей от 3 отправителей; 4 исходящих связей к 4 получателям; вход 268,500 KZT, выход 253,500 KZT",0.954
100000006687202100,1,False,1,0,0.0,0,0,50000.0,1,1,False,0.0,0.00029495191537630183,0.0,0,0.0,0.0,0.46813466994857295,0.0,0.011501329096043629,0.0,0.0,0.0,terminal,0.467,"1 входящих связей от 1 отправителей; 0 исходящих связей к 0 получателям; вход 50,000 KZT, выход 0 KZT",0.0871
100000006030946100,1,False,1,0,0.0,0,0,73289.0,1,1,False,0.0,0.00030095179684799285,0.0,22,0.0,0.0,0.5492387516964101,0.0,0.02022851240668638,0.0,0.0,0.0,terminal,0.4873,"1 входящих связей от 1 отправителей; 0 исходящих связей к 0 получателям; вход 73,289 KZT, выход 0 KZT",0.1039
100000002615479100,1,False,1,0,0.0,0,0,220000.0,1,1,False,0.0,0.00030919582846738417,0.0,5,0.0,0.0,0.7823837288111022,0.0,0.0322198597778696,0.0,0.0,0.0,terminal,0.5456,"1 входящих связей от 1 отправителей; 0 исходящих связей к 0 получателям; вход 220,000 KZT, выход 0 KZT",0.1489
100000002952631100,1,False,1,0,0.0,0,0,48050.0,1,1,False,0.0,0.00029073553668924586,0.0,16,0.0,0.0,0.4596972118039249,0.0,0.005368325003882388,0.0,0.0,0.0,terminal,0.4649,"1 входящих связей от 1 отправителей; 0 исходящих связей к 0 получателям; вход 48,050 KZT, выход 0 KZT",0.0841
100000002890167100,1,False,1,0,0.0,0,0,118150.0,1,1,False,0.0,0.0002982725522414642,0.0,16,0.0,0.0,0.6505261294891617,0.0,0.016331398752837303,0.0,0.0,0.0,terminal,0.5126,"1 входящих связей от 1 отправителей; 0 исходящих связей к 0 получателям; вход 118,150 KZT, выход 0 KZT",0.1212
100000008687671100,1,False,1,0,0.0,0,0,37500.0,1,1,False,0.0,0.00029344010496175864,0.0,22,0.0,0.0,0.40711793704043997,0.0,0.00930230296188532,0.0,0.0,0.0,terminal,0.4518,"1 входящих связей от 1 отправителей; 0 исходящих связей к 0 получателям; вход 37,500 KZT, выход 0 KZT",0.0756
100000000810551100,1,False,1,1,7100.0,1,1,100000.0,1,1,False,0.071,0.0003055929375935048,7.589024408125448e-05,3,0.0,0.3868528072345416,0.6151509436747945,0.6557239492760008,0.026979290869649626,0.5640813415848043,0.0,0.3868528072345416,coordinator,0.3761,"1 входящих связей от 1 отправителей; 1 исходящих связей к 1 получателям; вход 100,000 KZT, выход 7,100 KZT",0.4254
100000008724279100,1,False,1,0,0.0,0,0,11750.0,1,1,False,0.0,0.0002868326313462284,0.0,16,0.0,0.0,0.1609877482720104,0.0,0.0,0.0,0.0,0.0,terminal,0.3902,"1 входящих связей от 1 отправителей; 0 исходящих связей к 0 получателям; вход 11,750 KZT, выход 0 KZT",0.029
100000002592567100,1,False,1,2,48600.0,2,2,5297.0,1,1,False,9.175004719652634,0.00028613881734682083,0.0,16,0.0,0.6131471927654585,0.0,0.7979461306086373,0.0,0.0,0.0,0.6131471927654585,peripheral,0.35,"1 входящих связей от 1 отправителей; 2 исходящих связей к 2 получателям; вход 5,297 KZT, выход 48,600 KZT",0.2479
100000002670860100,1,False,2,0,0.0,0,0,450000.0,2,2,False,0.0,0.00030894570400308004,0.0,24,0.5849625007211564,0.0,0.934168184375229,0.0,0.03185604295965721,0.0,0.5849625007211564,0.0,consolidator,0.6723,"2 входящих связей от 2 отправителей; 0 исходящих связей к 0 получателям; вход 450,000 KZT, выход 0 KZT",0.2756
100000002844897100,1,False,1,0,0.0,0,0,10800.0,1,1,False,0.0,0.0002867291422622948,0.0,5,0.0,0.0,0.14310757030950194,0.0,0.0,0.0,0.0,0.0,terminal,0.3858,"1 входящих связей от 1 отправителей; 0 исходящих связей к 0 получателям; вход 10,800 KZT, выход 0 KZT",0.0258
100000007938486100,1,False,1,0,0.0,0,0,39500.0,1,1,False,0.0,0.000293859881534797,0.0,22,0.0,0.0,0.4181384520497923,0.0,0.00991289550022123,0.0,0.0,0.0,terminal,0.4545,"1 входящих связей от 1 отправителей; 0 исходящих связей к 0 получателям; вход 39,500 KZT, выход 0 KZT",0.0777
100000008438656100,1,False,2,1,5000.0,1,1,80000.0,2,2,False,0.0625,0.00029739252742606035,2.377762216645049e-05,3,0.5849625007211564,0.3868528072345416,0.567822122199512,0.6297997767503529,0.015051350332839235,0.1767402733299541,0.5849625007211564,0.3868528072345416,consolidator,0.5807,"2 входящих связей от 2 отправителей; 1 исходящих связей к 1 получателям; вход 80,000 KZT, выход 5,000 KZT",0.3577
100000008304139100,1,False,4,24,1692997.0,43,24,189329.75,4,4,False,8.942054801213228,0.0003136180059586529,0.0018215640048014946,3,1.0,1.0,0.750539347917797,1.0,0.038652092592626454,1.0,1.0,1.0,distributor,1.0,"4 входящих связей от 4 отправителей; 24 исходящих связей к 24 получателям; вход 189,330 KZT, выход 1,692,997 KZT",0.7148
100000002597003100,1,False,1,1,11000.0,1,1,17700.0,1,1,False,0.6214689265536724,0.00028889074210758034,1.922024458454748e-05,0,0.0,0.3868528072345416,0.2478825782385141,0.6880924449533968,0.0026849400812242476,0.1428653798145826,0.0,0.3868528072345416,peripheral,0.35,"1 входящих связей от 1 отправителей; 1 исходящих связей к 1 получателям; вход 17,700 KZT, выход 11,000 KZT",0.2663
100000002830055100,1,False,1,0,0.0,0,0,14000.0,1,1,False,0.0,0.0002885077302285584,0.0,22,0.0,0.0,0.19814610930549503,0.0,0.002127821442604751,0.0,0.0,0.0,terminal,0.3995,"1 входящих связей от 1 отправителей; 0 исходящих связей к 0 получателям; вход 14,000 KZT, выход 0 KZT",0.0362
100000004299488100,1,False,6,2,344999.0,14,2,1749000.0,22,6,False,0.19725500285877645,0.0014621185934412442,2.1003566247031264e-05,0,1.0,0.6131471927654585,1.0,0.9428666189526516,1.0,0.15612079131450488,1.0,0.6131471927654585,peripheral,0.35,"6 входящих связей от 6 отправителей; 2 исходящих связей к 2 получателям; вход 1,749,000 KZT, выход 344,999 KZT",0.8041
100000002809568100,1,False,1,0,0.0,0,0,10000.0,1,1,False,0.0,0.0002874458184490925,0.0,0,0.0,0.0,0.1267854959781863,0.0,0.0005831923994689192,0.0,0.0,0.0,terminal,0.3817,"1 входящих связей от 1 отправителей; 0 исходящих связей к 0 получателям; вход 10,000 KZT, выход 0 KZT",0.023
100000004784224100,1,False,1,1,100000.0,1,1,23500.0,2,1,False,4.25531914893617,0.0003047979078563762,1.981468513870874e-07,21,0.0,0.3868528072345416,0.3079971179223828,0.8512985181756111,0.025822881356755593,0.0014728529753573112,0.0,0.3868528072345416,peripheral,0.35,"1 входящих связей от 1 отправителей; 1 исходящих связей к 1 получателям; вход 23,500 KZT, выход 100,000 KZT",0.2812
100000003123296100,1,False,1,0,0.0,0,0,86200.0,2,1,False,0.0,0.0002998746198543011,0.0,8,0.0,0.0,0.5836540291837963,0.0,0.018661698462986657,0.0,0.0,0.0,terminal,0.4959,"1 входящих связей от 1 отправителей; 0 исходящих связей к 0 получателям; вход 86,200 KZT, выход 0 KZT",0.1097
100000004130144100,1,False,1,0,0.0,0,0,200000.0,1,1,False,0.0,0.00029703774196744934,0.0,2,0.0,0.0,0.7621682778906999,0.0,0.01453529346933872,0.0,0.0,0.0,terminal,0.5405,"1 входящих связей от 1 отправителей; 0 исходящих связей к 0 получателям; вход 200,000 KZT, выход 0 KZT",0.1408
100000001253557100,1,False,5,0,0.0,0,0,210200.0,5,5,False,0.0,0.0003510659229876527,0.0,42,1.0,0.0,0.7727186588707333,0.0,0.09312043544728514,0.0,1.0,0.0,consolidator,0.9432,"5 входящих связей от 5 отправителей; 0 исходящих связей к 0 получателям; вход 210,200 KZT, выход 0 KZT",0.3324
100000008767925100,1,False,1,0,0.0,0,0,17144.0,1,1,False,0.0,0.0002891676190013747,0.0,22,0.0,0.0,0.2411134158878243,0.0,0.003087677530646234,0.0,0.0,0.0,terminal,0.4103,"1 входящих связей от 1 отправителей; 0 исходящих связей к 0 получателям; вход 17,144 KZT, выход 0 KZT",0.0442
100000007181706100,1,False,2,0,0.0,0,0,176272.0,2,2,False,0.0,0.00031906641503554723,0.0,3,0.5849625007211564,0.0,0.7353821583101605,0.0,0.046576980912246525,0.0,0.5849625007211564,0.0,consolidator,0.6226,"2 входящих связей от 2 отправителей; 0 исходящих связей к 0 получателям; вход 176,272 KZT, выход 0 KZT",0.2435
100000003366154100,1,False,1,3,289170.0,3,3,125000.0,1,1,False,2.31336,0.0003105988484375585,6.77662231743839e-05,3,0.0,0.7737056144690831,0.6624798711992838,0.9298137793803344,0.03426061113368232,0.5036987007905084,0.0,0.7737056144690831,distributor,0.8283,"1 входящих связей от 1 отправителей; 3 исходящих связей к 3 получателям; вход 125,000 KZT, выход 289,170 KZT",0.5375
100000007641183100,1,False,1,0,0.0,0,0,28000.0,1,1,False,0.0,0.00028857979971603646,0.0,16,0.0,0.0,0.34515692933602854,0.0,0.0022326517708255635,0.0,0.0,0.0,terminal,0.4363,"1 входящих связей от 1 отправителей; 0 исходящих связей к 0 получателям; вход 28,000 KZT, выход 0 KZT",0.0627
100000008663007100,1,False,1,0,0.0,0,0,14000.0,1,1,False,0.0,0.0002885077302285584,0.0,22,0.0,0.0,0.19814610930549503,0.0,0.002127821442604751,0.0,0.0,0.0,terminal,0.3995,"1 входящих связей от 1 отправителей; 0 исходящих связей к 0 получателям; вход 14,000 KZT, выход 0 KZT",0.0362
100000007334196100,1,False,1,0,0.0,0,0,150002.0,1,1,False,0.0,0.0003083201238991245,0.0,11,0.0,0.0,0.701153312498366,0.0,0.030946109326359238,0.0,0.0,0.0,terminal,0.5253,"1 входящих связей от 1 отправителей; 0 исходящих связей к 0 получателям; вход 150,002 KZT, выход 0 KZT",0.1339
100000003873332100,1,False,1,4,286000.0,8,4,23468.0,1,1,False,12.186807567751833,0.00028997312128448393,0.0009398105161289556,43,0.0,0.8982444017039272,0.3077081126961706,0.9289987153522822,0.0042593381739127675,1.0,0.0,0.8982444017039272,distributor,0.909,"1 входящих связей от 1 отправителей; 4 исходящих связей к 4 получателям; вход 23,468 KZT, выход 286,000 KZT",0.5964
100000001550388100,1,False,1,0,0.0,0,0,50000.0,1,1,False,0.0,0.00029495191537630183,0.0,0,0.0,0.0,0.46813466994857295,0.0,0.011501329096043629,0.0,0.0,0.0,terminal,0.467,"1 входящих связей от 1 отправителей; 0 исходящих связей к 0 получателям; вход 50,000 KZT, выход 0 KZT",0.0871
100000008718089100,1,False,1,0,0.0,0,0,15534.0,1,1,False,0.0,0.0002888296988600788,0.0,22,0.0,0.0,0.22019774651695065,0.0,0.0025961482516898924,0.0,0.0,0.0,terminal,0.405,"1 входящих связей от 1 отправителей; 0 исходящих связей к 0 получателям; вход 15,534 KZT, выход 0 KZT",0.0403
100000008728457100,1,False,1,0,0.0,0,0,45000.0,1,1,False,0.0,0.0002923944521197351,0.0,11,0.0,0.0,0.445787890486983,0.0,0.007781331255232003,0.0,0.0,0.0,terminal,0.4614,"1 входящих связей от 1 отправителей; 0 исходящих связей к 0 получателям; вход 45,000 KZT, выход 0 KZT",0.0822
100000004206046100,1,False,1,0,0.0,0,0,11075.0,1,1,False,0.0,0.00028676005666009784,0.0,16,0.0,0.0,0.148440231775696,0.0,0.0,0.0,0.0,0.0,terminal,0.3871,"1 входящих связей от 1 отправителей; 0 исходящих связей к 0 получателям; вход 11,075 KZT, выход 0 KZT",0.0267
100000006579678100,1,False,2,6,1668800.0,15,6,192930.0,2,2,False,8.649769346395066,0.0006256438748763348,0.0005995923722973265,16,0.5849625007211564,1.0,0.754534753464088,1.0,0.4924343397178645,1.0,0.5849625007211564,1.0,distributor,1.0,"2 входящих связей от 2 отправителей; 6 исходящих связей к 6 получателям; вход 192,930 KZT, выход 1,668,800 KZT",0.8289
100000002988894100,1,False,1,3,77500.0,3,3,306121.0,1,1,False,0.25316786499456095,0.00034686587155699223,7.133286649935147e-05,3,0.0,0.7737056144690831,0.8524522030747614,0.8324512898921669,0.08701152318385863,0.5302082132490133,0.0,0.7737056144690831,distributor,0.7943,"1 входящих связей от 1 отправителей; 3 исходящих связей к 3 получателям; вход 306,121 KZT, выход 77,500 KZT",0.5732
100000008749406100,1,False,1,0,0.0,0,0,17144.0,1,1,False,0.0,0.0002891676190013747,0.0,22,0.0,0.0,0.2411134158878243,0.0,0.003087677530646234,0.0,0.0,0.0,terminal,0.4103,"1 входящих связей от 1 отправителей; 0 исходящих связей к 0 получателям; вход 17,144 KZT, выход 0 KZT",0.0442
100000005584222100,1,False,2,2,108587.0,3,2,192717.0,6,2,False,0.5634531463233653,0.0008759174247919255,3.863863602048205e-05,0,0.5849625007211564,0.6131471927654585,0.7543004581250233,0.8573899779566271,0.8563073346398877,0.287200810161136,0.5849625007211564,0.6131471927654585,peripheral,0.35,"2 входящих связей от 2 отправителей; 2 исходящих связей к 2 получателям; вход 192,717 KZT, выход 108,587 KZT",0.6716
100000003239859100,1,False,1,0,0.0,0,0,18600.0,1,1,False,0.0,0.0002886560582178517,0.0,8,0.0,0.0,0.2584016440110206,0.0,0.0023435753178348766,0.0,0.0,0.0,terminal,0.4146,"1 входящих связей от 1 отправителей; 0 исходящих связей к 0 получателям; вход 18,600 KZT, выход 0 KZT",0.0471
100000003980083100,1,False,1,0,0.0,0,0,30000.0,1,1,False,0.0,0.0005285862410602071,0.0,61,0.0,0.0,0.3597899992899909,0.0,0.35129764548104225,0.0,0.0,0.0,terminal,0.4399,"1 входящих связей от 1 отправителей; 0 исходящих связей к 0 получателям; вход 30,000 KZT, выход 0 KZT",0.1526
100000004351795100,1,False,3,14,1715161.0,37,14,118333.0,3,3,False,14.494359139039828,0.0003135156057452146,0.0019864221851555513,0,1.0,1.0,0.6508543938906397,1.0,0.038503147736336875,1.0,1.0,1.0,distributor,1.0,"3 входящих связей от 3 отправителей; 14 исходящих связей к 14 получателям; вход 118,333 KZT, выход 1,715,161 KZT",0.6968
100000002666248100,1,False,1,0,0.0,0,0,70032.0,1,1,False,0.0,0.00029959225214652084,0.0,3,0.0,0.0,0.5395970685372565,0.0,0.018250978623030326,0.0,0.0,0.0,terminal,0.4849,"1 входящих связей от 1 отправителей; 0 исходящих связей к 0 получателям; вход 70,032 KZT, выход 0 KZT",0.1017
100000005877725100,1,False,1,0,0.0,0,0,70000.0,1,1,False,0.0,0.00030026147427363134,0.0,22,0.0,0.0,0.5395001308391884,0.0,0.01922439996059343,0.0,0.0,0.0,terminal,0.4849,"1 входящих связей от 1 отправителей; 0 исходящих связей к 0 получателям; вход 70,000 KZT, выход 0 KZT",0.1019
100000001697501100,1,False,3,38,1482606.0,55,38,123700.0,3,3,False,11.98549717057397,0.0005916045492534855,0.00020547828488840964,22,1.0,1.0,0.6602624701891735,1.0,0.4429374952540823,1.0,1.0,1.0,distributor,1.0,"3 входящих связей от 3 отправителей; 38 исходящих связей к 38 получателям; вход 123,700 KZT, выход 1,482,606 KZT",0.7996
100000006972210100,1,False,3,0,0.0,0,0,488775.0,4,3,False,0.0,0.0003462960003537612,0.0,5,1.0,0.0,0.9516994281234257,0.0,0.08618265202850892,0.0,1.0,0.0,consolidator,0.9879,"3 входящих связей от 3 отправителей; 0 исходящих связей к 0 получателям; вход 488,775 KZT, выход 0 KZT",0.3629
100000008749618100,1,False,1,0,0.0,0,0,47280.0,1,1,False,0.0,0.000295492812403916,0.0,22,0.0,0.0,0.4562708148412786,0.0,0.012288098037266094,0.0,0.0,0.0,terminal,0.4641,"1 входящих связей от 1 отправителей; 0 исходящих связей к 0 получателям; вход 47,280 KZT, выход 0 KZT",0.0852
100000008671026100,1,False,1,0,0.0,0,0,23534.0,1,1,False,0.0,0.0002905088051522321,0.0,22,0.0,0.0,0.30830375510928204,0.0,0.005038528124662208,0.0,0.0,0.0,terminal,0.4271,"1 входящих связей от 1 отправителей; 0 исходящих связей к 0 получателям; вход 23,534 KZT, выход 0 KZT",0.0568
100000001696818100,1,False,1,0,0.0,0,0,53550.0,1,1,False,0.0,0.0002988369268863407,0.0,3,0.0,0.0,0.48268310562137434,0.0,0.01715231463865677,0.0,0.0,0.0,terminal,0.4707,"1 входящих связей от 1 отправителей; 0 исходящих связей к 0 получателям; вход 53,550 KZT, выход 0 KZT",0.0912
100000008679986100,1,False,1,0,0.0,0,0,19000.0,1,1,False,0.0,0.0002895571716611542,0.0,22,0.0,0.0,0.2629143978036176,0.0,0.003654309835000193,0.0,0.0,0.0,terminal,0.4157,"1 входящих связей от 1 отправителей; 0 исходящих связей к 0 получателям; вход 19,000 KZT, выход 0 KZT",0.0482
100000003616818100,1,False,3,3,240100.0,8,3,78000.0,4,3,False,3.0782051282051284,0.0005130034108689012,5.746258690225535e-06,34,1.0,0.7737056144690831,0.56245221452128,0.9160634868996346,0.32863654348398247,0.04271261779830091,1.0,0.7737056144690831,peripheral,0.35,"3 входящих связей от 3 отправителей; 3 исходящих связей к 3 получателям; вход 78,000 KZT, выход 240,100 KZT",0.5277
100000004156082100,1,False,5,26,2319556.0,29,26,377366.11,7,5,False,6.146699288921308,0.0008669668928480412,0.002700543437554614,4,1.0,1.0,0.8968314635273558,1.0,0.8432957150995528,1.0,1.0,1.0,distributor,1.0,"5 входящих связей от 5 отправителей; 26 исходящих связей к 26 получателям; вход 377,366 KZT, выход 2,319,556 KZT",0.9423
100000008667058100,1,False,1,0,0.0,0,0,17534.0,1,1,False,0.0,0.00028924947543311713,0.0,22,0.0,0.0,0.24588409315644896,0.0,0.003206743604291928,0.0,0.0,0.0,terminal,0.4115,"1 входящих связей от 1 отправителей; 0 исходящих связей к 0 получателям; вход 17,534 KZT, выход 0 KZT",0.0451
100000008628231100,1,False,1,2,627870.0,19,2,50000.0,1,1,False,12.5574,0.0002955811159053975,4.755524433290098e-05,74,0.0,0.6131471927654585,0.46813466994857295,0.9871428427562956,0.012416541025431568,0.3534763443463485,0.0,0.6131471927654585,coordinator,0.2341,"1 входящих связей от 1 отправителей; 2 исходящих связей к 2 получателям; вход 50,000 KZT, выход 627,870 KZT",0.4471
100000008749063100,1,False,1,0,0.0,0,0,19000.0,1,1,False,0.0,0.0002895571716611542,0.0,22,0.0,0.0,0.2629143978036176,0.0,0.003654309835000193,0.0,0.0,0.0,terminal,0.4157,"1 входящих связей от 1 отправителей; 0 исходящих связей к 0 получателям; вход 19,000 KZT, выход 0 KZT",0.0482
100000004494983100,1,False,1,0,0.0,0,0,35000.0,1,1,False,0.0,0.00029291538424546074,0.0,22,0.0,0.0,0.39248476609146365,0.0,0.00853906192863166,0.0,0.0,0.0,terminal,0.4481,"1 входящих связей от 1 отправителей; 0 исходящих связей к 0 получателям; вход 35,000 KZT, выход 0 KZT",0.0728
100000007648946100,1,False,1,1,25000.0,1,1,19550.0,1,1,False,1.278772378516624,0.0002892378990904637,0.0,12,0.0,0.3868528072345416,0.26896671183816395,0.7487942697451995,0.003189904980995624,0.0,0.0,0.3868528072345416,peripheral,0.35,"1 входящих связей от 1 отправителей; 1 исходящих связей к 1 получателям; вход 19,550 KZT, выход 25,000 KZT",0.2498
100000003037660100,1,False,1,0,0.0,0,0,53000.0,1,1,False,0.0,0.000296181825206684,0.0,3,0.0,0.0,0.48049342309960935,0.0,0.013290310126411521,0.0,0.0,0.0,terminal,0.4701,"1 входящих связей от 1 отправителей; 0 исходящих связей к 0 получателям; вход 53,000 KZT, выход 0 KZT",0.0898
100000002679516100,1,False,3,0,0.0,0,0,102335.0,3,3,False,0.0,0.0003268254970708488,0.0,8,1.0,0.0,0.620046556564843,0.0,0.057862743745505596,0.0,1.0,0.0,consolidator,0.905,"3 входящих связей от 3 отправителей; 0 исходящих связей к 0 получателям; вход 102,335 KZT, выход 0 KZT",0.2961
100000005588444100,1,False,1,0,0.0,0,0,12300.0,1,1,False,0.0,0.000286274603753925,0.0,2,0.0,0.0,0.1706897963139908,0.0,0.0,0.0,0.0,0.0,terminal,0.3927,"1 входящих связей от 1 отправителей; 0 исходящих связей к 0 получателям; вход 12,300 KZT, выход 0 KZT",0.0307
100000001307612100,1,False,1,0,0.0,0,0,38483.0,1,1,False,0.0,0.00029364642514740697,0.0,22,0.0,0.0,0.4126060885292939,0.0,0.009602409226497853,0.0,0.0,0.0,terminal,0.4532,"1 входящих связей от 1 отправителей; 0 исходящих связей к 0 получателям; вход 38,483 KZT, выход 0 KZT",0.0767
100000003001564100,1,False,1,1,180000.0,1,1,23520.0,1,1,False,7.653061224489796,0.00028809811883623705,1.922024458454748e-05,16,0.0,0.3868528072345416,0.3081775464211918,0.8947607728577173,0.0015320116409637307,0.1428653798145826,0.0,0.3868528072345416,peripheral,0.35,"1 входящих связей от 1 отправителей; 1 исходящих связей к 1 получателям; вход 23,520 KZT, выход 180,000 KZT",0.3141
100000002762076100,1,False,2,1,30000.0,1,1,140350.0,2,2,False,0.21375133594584966,0.00029914566971164466,3.962937027741748e-07,2,0.5849625007211564,0.3868528072345416,0.68704660183362,0.762275140587193,0.01760139891558546,0.00294570565887353,0.5849625007211564,0.3868528072345416,consolidator,0.6105,"2 входящих связей от 2 отправителей; 1 исходящих связей к 1 получателям; вход 140,350 KZT, выход 30,000 KZT",0.3654
100000005514161100,1,False,4,1,50000.0,1,1,401500.0,7,4,False,0.12453300124533001,0.0008061423847001035,4.042195768296583e-05,2,1.0,0.3868528072345416,0.9099800379058145,0.800046024263114,0.7548704738134808,0.30045596427246374,1.0,0.3868528072345416,consolidator,0.9775,"4 входящих связей от 4 отправителей; 1 исходящих связей к 1 получателям; вход 401,500 KZT, выход 50,000 KZT",0.7326
100000008746673100,1,False,1,0,0.0,0,0,53048.0,1,1,False,0.0,0.0002967034480405586,0.0,22,0.0,0.0,0.4806854255649834,0.0,0.014049042608059266,0.0,0.0,0.0,terminal,0.4702,"1 входящих связей от 1 отправителей; 0 исходящих связей к 0 получателям; вход 53,048 KZT, выход 0 KZT",0.09
100000003265158100,1,False,3,2,154200.0,4,2,146100.4,3,3,False,1.055438588806054,0.0003846709844220256,0.00017654884458589488,8,1.0,0.6131471927654585,0.6955634744114175,0.8833214201873729,0.14199757331855167,1.0,1.0,0.6131471927654585,transit,0.973,"3 входящих связей от 3 отправителей; 2 исходящих связей к 2 получателям; вход 146,100 KZT, выход 154,200 KZT",0.7097
100000001567366100,1,False,1,0,0.0,0,0,824070.0,4,1,False,0.0,0.0003741716965869987,0.0,16,0.0,0.0,1.0,0.0,0.12672698041647787,0.0,0.0,0.0,terminal,0.6,"1 входящих связей от 1 отправителей; 0 исходящих связей к 0 получателям; вход 824,070 KZT, выход 0 KZT",0.2117
100000008777088100,1,False,1,0,0.0,0,0,18000.0,1,1,False,0.0,0.00028934728337463503,0.0,22,0.0,0.0,0.25144721385475965,0.0,0.0033490122846407643,0.0,0.0,0.0,terminal,0.4129,"1 входящих связей от 1 отправителей; 0 исходящих связей к 0 получателям; вход 18,000 KZT, выход 0 KZT",0.0461
100000002589019100,1,False,1,0,0.0,0,0,34710.0,1,1,False,0.0,0.00029132959413446705,0.0,8,0.0,0.0,0.39072007305653017,0.0,0.006232422754514835,0.0,0.0,0.0,terminal,0.4477,"1 входящих связей от 1 отправителей; 0 исходящих связей к 0 получателям; вход 34,710 KZT, выход 0 KZT",0.0719
100000008666075100,1,False,1,0,0.0,0,0,26217.0,1,1,False,0.0,0.00029107193542496297,0.0,22,0.0,0.0,0.33120183817636656,0.0,0.005857640356504432,0.0,0.0,0.0,terminal,0.4328,"1 входящих связей от 1 отправителей; 0 исходящих связей к 0 получателям; вход 26,217 KZT, выход 0 KZT",0.0611
100000008137435100,1,False,2,6,1419700.0,7,6,93906.0,2,2,False,15.118309799160864,0.00031427797773225964,0.0009447641874136327,29,0.5849625007211564,1.0,0.6018149317375644,1.0,0.039612045313581486,1.0,0.5849625007211564,1.0,distributor,1.0,"2 входящих связей от 2 отправителей; 6 исходящих связей к 6 получателям; вход 93,906 KZT, выход 1,419,700 KZT",0.6882
100000004403675100,1,False,4,5,264699.0,6,5,182980.0,8,4,False,1.4466007213903158,0.0007400733271266633,0.002618312494228973,49,1.0,1.0,0.7433038535742696,0.9232756769891046,0.6588147404192198,1.0,1.0,1.0,distributor,0.9731,"4 входящих связей от 4 отправителей; 5 исходящих связей к 5 получателям; вход 182,980 KZT, выход 264,699 KZT",0.8547
100000004677680100,1,False,2,1,168000.0,3,1,63000.0,2,2,False,2.6666666666666665,0.001092834174565077,4.1214545088514184e-05,11,0.5849625007211564,0.3868528072345416,0.5171532167140852,0.8896592770988334,1.0,0.3063471362902353,0.5849625007211564,0.3868528072345416,consolidator,0.568,"2 входящих связей от 2 отправителей; 1 исходящих связей к 1 получателям; вход 63,000 KZT, выход 168,000 KZT",0.6701
100000005958064100,1,False,1,2,163986.84,3,2,5746.0,1,1,False,28.539303863557258,0.0002861870929528544,1.922024458454748e-05,40,0.0,0.6131471927654585,0.00927908747547809,0.8878715140854432,0.0,0.1428653798145826,0.0,0.6131471927654585,peripheral,0.35,"1 входящих связей от 1 отправителей; 2 исходящих связей к 2 получателям; вход 5,746 KZT, выход 163,987 KZT",0.2972
100000002881669100,1,False,1,0,0.0,0,0,18600.0,1,1,False,0.0,0.0002886560582178517,0.0,8,0.0,0.0,0.2584016440110206,0.0,0.0023435753178348766,0.0,0.0,0.0,terminal,0.4146,"1 входящих связей от 1 отправителей; 0 исходящих связей к 0 получателям; вход 18,600 KZT, выход 0 KZT",0.0471
100000002938501100,1,False,1,1,5000.0,1,1,8395.0,1,1,False,0.5955926146515783,0.00028647190827664644,0.0,16,0.0,0.3868528072345416,0.08968243568820375,0.6297997767503529,0.0,0.0,0.0,0.3868528072345416,peripheral,0.35,"1 входящих связей от 1 отправителей; 1 исходящих связей к 1 получателям; вход 8,395 KZT, выход 5,000 KZT",0.1953
100000006734554100,1,False,1,1,25000.0,1,1,16500.0,1,1,False,1.5151515151515151,0.000311941698524386,5.944405541612623e-07,27,0.0,0.3868528072345416,0.23299293624640618,0.7487942697451995,0.03621384019125157,0.004418558050548771,0.0,0.3868528072345416,peripheral,0.35,"1 входящих связей от 1 отправителей; 1 исходящих связей к 1 получателям; вход 16,500 KZT, выход 25,000 KZT",0.2525
100000008003034100,1,False,1,4,135000.0,4,4,12201.0,1,1,False,11.064666830587656,0.00028688112198836885,0.006072012113905906,12,0.0,0.8982444017039272,0.1689758606775404,0.8734888959969824,0.0,1.0,0.0,0.8982444017039272,distributor,0.8896,"1 входящих связей от 1 отправителей; 4 исходящих связей к 4 получателям; вход 12,201 KZT, выход 135,000 KZT",0.5603
100000003970394100,1,False,1,0,0.0,0,0,85000.0,1,1,False,0.0,0.0002996754737897487,0.0,8,0.0,0.0,0.5806806127619357,0.0,0.018372029233451145,0.0,0.0,0.0,terminal,0.4952,"1 входящих связей от 1 отправителей; 0 исходящих связей к 0 получателям; вход 85,000 KZT, выход 0 KZT",0.1091
100000003205210100,1,False,1,0,0.0,0,0,137563.0,1,1,False,0.0,0.00031311441875491234,0.0,3,0.0,0.0,0.6827924229159839,0.0,0.03791960643646451,0.0,0.0,0.0,terminal,0.5207,"1 входящих связей от 1 отправителей; 0 исходящих связей к 0 получателям; вход 137,563 KZT, выход 0 KZT",0.1324
100000004559194100,1,False,1,0,0.0,0,0,282145.0,6,1,False,0.0,0.00031590497542956757,0.0,16,0.0,0.0,0.8351533080841161,0.0,0.041978569373549296,0.0,0.0,0.0,terminal,0.5588,"1 входящих связей от 1 отправителей; 0 исходящих связей к 0 получателям; вход 282,145 KZT, выход 0 KZT",0.1608
100000008173359100,1,False,1,0,0.0,0,0,6110.0,1,1,False,0.0,0.00028622622952433806,0.0,16,0.0,0.0,0.02230483371954235,0.0,0.0,0.0,0.0,0.0,terminal,0.3556,"1 входящих связей от 1 отправителей; 0 исходящих связей к 0 получателям; вход 6,110 KZT, выход 0 KZT",0.004
100000007953156100,2,False,1,1,10000.0,1,1,18000.0,1,1,False,0.5555555555555556,0.00047784166830759937,1.981468513870874e-05,40,0.0,0.3868528072345416,0.25144721385475965,0.6810456169100282,0.2775017989232216,0.14728385294102248,0.0,0.3868528072345416,peripheral,0.35,"1 входящих связей от 1 отправителей; 1 исходящих связей к 1 получателям; вход 18,000 KZT, выход 10,000 KZT",0.3354
100000002224132100,2,False,5,4,12115000.0,25,4,3951020.0,10,5,False,3.0662968043695047,0.005995733195474406,6.736992947160972e-06,21,1.0,0.8982444017039272,1.0,1.0,1.0,0.050076837439987545,1.0,0.8982444017039272,peripheral,0.35,"5 входящих связей от 5 отправителей; 4 исходящих связей к 4 получателям; вход 3,951,020 KZT, выход 12,115,000 KZT",0.791
100000008547844100,2,False,3,19,2042199.0,21,19,177600.0,3,3,False,11.498868243243244,0.0003443380521779426,0.0014712403715491241,42,1.0,1.0,0.7369741018822648,1.0,0.08333483517466732,1.0,1.0,1.0,distributor,1.0,"3 входящих связей от 3 отправителей; 19 исходящих связей к 19 получателям; вход 177,600 KZT, выход 2,042,199 KZT",0.7235
100000002635780100,2,False,1,0,0.0,0,0,163000.02,1,1,False,0.0,0.0005553850086577899,0.0,2,0.0,0.0,0.7187792946212032,0.0,0.3902685343704221,0.0,0.0,0.0,terminal,0.5297,"1 входящих связей от 1 отправителей; 0 исходящих связей к 0 получателям; вход 163,000 KZT, выход 0 KZT",0.2269
100000001279875100,2,False,1,0,0.0,0,0,49235.0,1,1,False,0.0,0.00030327274282640596,0.0,24,0.0,0.0,0.4648644826876331,0.0,0.023604451891185152,0.0,0.0,0.0,terminal,0.4662,"1 входящих связей от 1 отправителей; 0 исходящих связей к 0 получателям; вход 49,235 KZT, выход 0 KZT",0.0896
100000001961048100,2,False,1,0,0.0,0,0,150000.0,1,1,False,0.0,0.00030430933928482474,0.0,33,0.0,0.0,0.7011504844999529,0.0,0.025112234094201102,0.0,0.0,0.0,terminal,0.5253,"1 входящих связей от 1 отправителей; 0 исходящих связей к 0 получателям; вход 150,000 KZT, выход 0 KZT",0.1325
100000000993112100,2,False,1,0,0.0,0,0,141000.0,1,1,False,0.0,0.00044111482764995513,0.0,41,0.0,0.0,0.6880266340077089,0.0,0.22408905678434288,0.0,0.0,0.0,terminal,0.522,"1 входящих связей от 1 отправителей; 0 исходящих связей к 0 получателям; вход 141,000 KZT, выход 0 KZT",0.1799
100000005547096100,2,False,1,2,226300.0,3,2,8000.0,1,1,False,28.2875,0.0008920567423173877,3.962937027741748e-07,71,0.0,0.6131471927654585,0.07946144622334977,0.9116865400852852,0.8797691834451945,0.00294570565887353,0.0,0.6131471927654585,peripheral,0.35,"1 входящих связей от 1 отправителей; 2 исходящих связей к 2 получателям; вход 8,000 KZT, выход 226,300 KZT",0.5032
100000000331309100,2,False,5,99,23001375.0,126,99,984635.0,8,5,False,23.360306103276848,0.0008756899038073739,0.0061875317282645784,10,1.0,1.0,1.0,1.0,0.855976582947542,1.0,1.0,1.0,distributor,1.0,"5 входящих связей от 5 отправителей; 99 исходящих связей к 99 получателям; вход 984,635 KZT, выход 23,001,375 KZT",0.964
100000006684930100,2,False,1,0,0.0,0,0,10000.0,1,1,False,0.0,0.0002987343713958278,0.0,12,0.0,0.0,0.1267854959781863,0.0,0.017003141721925002,0.0,0.0,0.0,terminal,0.3817,"1 входящих связей от 1 отправителей; 0 исходящих связей к 0 получателям; вход 10,000 KZT, выход 0 KZT",0.0271
100000004479404100,2,False,2,1,300000.0,2,1,1492000.0,8,2,False,0.20107238605898123,0.0008667096306509913,9.610122292273739e-05,51,0.5849625007211564,0.3868528072345416,1.0,0.9325324780945845,0.8429217246765459,0.7142994418445455,0.5849625007211564,0.3868528072345416,consolidator,0.6887,"2 входящих связей от 2 отправителей; 1 исходящих связей к 1 получателям; вход 1,492,000 KZT, выход 300,000 KZT",0.8152
100000004134060100,2,False,1,0,0.0,0,0,88179.0,1,1,False,0.0,0.0003280105841798631,0.0,35,0.0,0.0,0.5884684216102103,0.0,0.059586472428274195,0.0,0.0,0.0,terminal,0.4971,"1 входящих связей от 1 отправителей; 0 исходящих связей к 0 получателям; вход 88,179 KZT, выход 0 KZT",0.1208
100000001083990100,2,False,1,0,0.0,0,0,49900.0,2,1,False,0.0,0.0005021137973799169,0.0,8,0.0,0.0,0.4677100482596701,0.0,0.31280027346086925,0.0,0.0,0.0,terminal,0.4669,"1 входящих связей от 1 отправителей; 0 исходящих связей к 0 получателям; вход 49,900 KZT, выход 0 KZT",0.1624
100000004573782100,2,False,1,0,0.0,0,0,15000.0,1,1,False,0.0,0.000309897016928629,0.0,2,0.0,0.0,0.21277867430530759,0.0,0.033239768143661225,0.0,0.0,0.0,terminal,0.4032,"1 входящих связей от 1 отправителей; 0 исходящих связей к 0 получателям; вход 15,000 KZT, выход 0 KZT",0.0466
100000005660203100,2,False,1,2,41000.0,5,2,572899.0,12,1,False,0.07156584319400104,0.0009492504038791937,1.9418391435934565e-05,16,0.0,0.6131471927654585,0.9853827964311634,0.785372333677795,0.9629089991178797,0.1443382044818924,0.0,0.6131471927654585,peripheral,0.35,"1 входящих связей от 1 отправителей; 2 исходящих связей к 2 получателям; вход 572,899 KZT, выход 41,000 KZT",0.6955
100000008771627100,2,False,1,0,0.0,0,0,16500.0,1,1,False,0.0,0.0002911733098421879,0.0,22,0.0,0.0,0.23299293624640618,0.0,0.006005096463172123,0.0,0.0,0.0,terminal,0.4082,"1 входящих связей от 1 отправителей; 0 исходящих связей к 0 получателям; вход 16,500 KZT, выход 0 KZT",0.0434
100000000031787100,2,False,1,2,90000.0,4,2,90000.0,2,1,False,1.0,0.00043153563048532306,3.962937027741748e-07,2,0.0,0.6131471927654585,0.5928039285509907,0.8435079503182857,0.21015747378021143,0.00294570565887353,0.0,0.6131471927654585,transit,1.0,"1 входящих связей от 1 отправителей; 2 исходящих связей к 2 получателям; вход 90,000 KZT, выход 90,000 KZT",0.416
100000001346560100,2,False,2,1,22200.0,1,1,10000.0,2,2,False,2.22,0.0005866163489075479,2.5759090680321364e-05,3,0.5849625007211564,0.3868528072345416,0.1267854959781863,0.7400114572450108,0.43568397341571435,0.1914684397502625,0.5849625007211564,0.3868528072345416,consolidator,0.4704,"2 входящих связей от 2 отправителей; 1 исходящих связей к 1 получателям; вход 10,000 KZT, выход 22,200 KZT",0.4065
100000001703168100,2,False,1,1,90000.0,1,1,45000.0,1,1,False,2.0,0.0002926634317603069,1.922024458454748e-05,3,0.0,0.3868528072345416,0.445787890486983,0.8435079503182857,0.008172580210296088,0.1428653798145826,0.0,0.3868528072345416,peripheral,0.35,"1 входящих связей от 1 отправителей; 1 исходящих связей к 1 получателям; вход 45,000 KZT, выход 90,000 KZT",0.3313
100000004904960100,2,False,2,0,0.0,0,0,32000.0,2,2,False,0.0,0.0007779174826823405,0.0,0,0.5849625007211564,0.0,0.37347835259072604,0.0,0.713835948699682,0.0,0.5849625007211564,0.0,consolidator,0.5321,"2 входящих связей от 2 отправителей; 0 исходящих связей к 0 получателям; вход 32,000 KZT, выход 0 KZT",0.3451
100000004467157100,2,False,1,1,7000.0,1,1,20000.0,3,1,False,0.35,0.0003865607584834239,0.0,62,0.0,0.3868528072345416,0.2737932863595569,0.6546752466097728,0.1447461208513946,0.0,0.0,0.3868528072345416,peripheral,0.35,"1 входящих связей от 1 отправителей; 1 исходящих связей к 1 получателям; вход 20,000 KZT, выход 7,000 KZT",0.2691
100000008346837100,2,False,9,25,1258643.0,26,25,254359.0,12,9,False,4.948293553599441,0.0005474079827287922,0.009824913479177341,12,1.0,1.0,0.8131637546400232,1.0,0.37866841634127185,1.0,1.0,1.0,distributor,1.0,"9 входящих связей от 9 отправителей; 25 исходящих связей к 25 получателям; вход 254,359 KZT, выход 1,258,643 KZT",0.811
100000006385877100,2,False,1,1,36602.93,5,1,53706.62,5,1,False,0.6815347903107661,0.0020942975539589184,0.0,5,0.0,0.3868528072345416,0.48330253462188694,0.7769842016059836,1.0,0.0,0.0,0.3868528072345416,peripheral,0.35,"1 входящих связей от 1 отправителей; 1 исходящих связей к 1 получателям; вход 53,707 KZT, выход 36,603 KZT",0.5426
100000002459093100,2,False,1,1,55000.0,3,1,500000.0,2,1,False,0.11,0.0003892499869806256,1.1888811083225246e-06,48,0.0,0.3868528072345416,0.956515388032386,0.8070933900106033,0.1486574114051153,0.008837113474529788,0.0,0.3868528072345416,peripheral,0.35,"1 входящих связей от 1 отправителей; 1 исходящих связей к 1 получателям; вход 500,000 KZT, выход 55,000 KZT",0.4223
100000005053653100,2,False,2,1,25000.0,1,1,63073.0,2,2,False,0.3963661154535221,0.00031360085843204776,1.922024458454748e-05,12,0.5849625007211564,0.3868528072345416,0.5173988403426589,0.7487942697451995,0.0386271508889782,0.1428653798145826,0.5849625007211564,0.3868528072345416,consolidator,0.5681,"2 входящих связей от 2 отправителей; 1 исходящих связей к 1 получателям; вход 63,073 KZT, выход 25,000 KZT",0.3684
100000001557930100,2,False,1,0,0.0,0,0,34610.0,1,1,False,0.0,0.0002921289541275448,0.0,2,0.0,0.0,0.3901081378668122,0.0,0.0073951464884340875,0.0,0.0,0.0,terminal,0.4475,"1 входящих связей от 1 отправителей; 0 исходящих связей к 0 получателям; вход 34,610 KZT, выход 0 KZT",0.0721
100000002820010100,2,False,1,0,0.0,0,0,30000.0,1,1,False,0.0,0.0002912552172830988,0.0,2,0.0,0.0,0.3597899992899909,0.0,0.006124236494433989,0.0,0.0,0.0,terminal,0.4399,"1 входящих связей от 1 отправителей; 0 исходящих связей к 0 получателям; вход 30,000 KZT, выход 0 KZT",0.0663
100000000769919100,2,False,1,0,0.0,0,0,250000.0,1,1,False,0.0,0.0007354469638244235,0.0,37,0.0,0.0,0.8094974175150348,0.0,0.652088378145415,0.0,0.0,0.0,terminal,0.5524,"1 входящих связей от 1 отправителей; 0 исходящих связей к 0 получателям; вход 250,000 KZT, выход 0 KZT",0.3087
100000003188607100,2,False,1,1,5000.0,1,1,18000.0,1,1,False,0.2777777777777778,0.00031476256147089675,5.944405541612623e-07,2,0.0,0.3868528072345416,0.25144721385475965,0.6297997767503529,0.04031688941587703,0.004418558050548771,0.0,0.3868528072345416,peripheral,0.35,"1 входящих связей от 1 отправителей; 1 исходящих связей к 1 получателям; вход 18,000 KZT, выход 5,000 KZT",0.2354
100000002836052100,2,False,1,0,0.0,0,0,15000.0,1,1,False,0.0,0.0003056660501463517,0.0,3,0.0,0.0,0.21277867430530759,0.0,0.027085636596088453,0.0,0.0,0.0,terminal,0.4032,"1 входящих связей от 1 отправителей; 0 исходящих связей к 0 получателям; вход 15,000 KZT, выход 0 KZT",0.0451
100000001102676100,2,False,1,1,50000.0,1,1,50000.0,1,1,False,1.0,0.00031303095439867446,2.3975769017837576e-05,3,0.0,0.3868528072345416,0.46813466994857295,0.800046024263114,0.03779820441718648,0.17821309128520602,0.0,0.3868528072345416,transit,1.0,"1 входящих связей от 1 отправителей; 1 исходящих связей к 1 получателям; вход 50,000 KZT, выход 50,000 KZT",0.3427
100000003390036100,2,False,2,2,62000.0,2,2,231300.0,4,2,False,0.2680501513186338,0.0013242239371446245,7.826800629789953e-05,11,0.5849625007211564,0.6131471927654585,0.7930074870522972,0.8159516726513125,1.0,0.5817542168303839,0.5849625007211564,0.6131471927654585,coordinator,0.7281,"2 входящих связей от 2 отправителей; 2 исходящих связей к 2 получателям; вход 231,300 KZT, выход 62,000 KZT",0.7718
100000008335401100,2,False,1,0,0.0,0,0,150000.0,3,1,False,0.0,0.0005512278448300608,0.0,18,0.0,0.0,0.7011504844999529,0.0,0.3842232363552952,0.0,0.0,0.0,terminal,0.5253,"1 входящих связей от 1 отправителей; 0 исходящих связей к 0 получателям; вход 150,000 KZT, выход 0 KZT",0.2223
100000006994985100,2,False,1,1,10200.0,2,1,48500.0,2,1,False,0.21030927835051547,0.0005013304862324064,1.9616538287321655e-05,2,0.0,0.3868528072345416,0.461674320722443,0.6825097333620894,0.311661133011125,0.14581102885737232,0.0,0.3868528072345416,peripheral,0.35,"1 входящих связей от 1 отправителей; 1 исходящих связей к 1 получателям; вход 48,500 KZT, выход 10,200 KZT",0.3817
100000008356606100,2,False,2,0,0.0,0,0,168500.0,2,2,False,0.0,0.0006267853006401138,0.0,12,0.5849625007211564,0.0,0.7258179709619053,0.0,0.4940940664978894,0.0,0.5849625007211564,0.0,consolidator,0.6202,"2 входящих связей от 2 отправителей; 0 исходящих связей к 0 получателям; вход 168,500 KZT, выход 0 KZT",0.3536
100000007930878100,2,False,1,0,0.0,0,0,5000.0,1,1,False,0.0,0.00048363772579278794,0.0,23,0.0,0.0,0.0,0.0,0.2859309678708884,0.0,0.0,0.0,terminal,0.35,"1 входящих связей от 1 отправителей; 0 исходящих связей к 0 получателям; вход 5,000 KZT, выход 0 KZT",0.0715
100000008389800100,2,False,3,7,401620.0,8,7,189000.0,3,3,False,2.124973544973545,0.0005050963840560323,0.00017714328514005615,16,1.0,1.0,0.7501696148145182,0.9541032930116669,0.31713773086100083,1.0,1.0,1.0,distributor,0.9839,"3 входящих связей от 3 отправителей; 7 исходящих связей к 7 получателям; вход 189,000 KZT, выход 401,620 KZT",0.7761
100000005474472100,2,False,1,0,0.0,0,0,100000.0,1,1,False,0.0,0.0005449540086863319,0.0,21,0.0,0.0,0.6151509436747945,0.0,0.3750998511677782,0.0,0.0,0.0,terminal,0.5038,"1 входящих связей от 1 отправителей; 0 исходящих связей к 0 получателям; вход 100,000 KZT, выход 0 KZT",0.2045
100000004486525100,2,False,8,2,271045.0,3,2,360924.0,21,8,False,0.7509752745730403,0.0008057988481996686,1.2681398488773594e-05,0,1.0,0.6131471927654585,0.8873826484788069,0.9250274879780707,0.7543710332562295,0.09426200207604327,1.0,0.6131471927654585,peripheral,0.35,"8 входящих связей от 8 отправителей; 2 исходящих связей к 2 получателям; вход 360,924 KZT, выход 271,045 KZT",0.7056
100000003031890100,2,False,1,0,0.0,0,0,215000.0,10,1,False,0.0,0.00039212223001592727,0.0,34,0.0,0.0,0.7775076121383051,0.0,0.15283487190599065,0.0,0.0,0.0,terminal,0.5444,"1 входящих связей от 1 отправителей; 0 исходящих связей к 0 получателям; вход 215,000 KZT, выход 0 KZT",0.1782
100000008624978100,2,False,1,0,0.0,0,0,109000.0,1,1,False,0.0,0.00033803190556376094,0.0,35,0.0,0.0,0.6334292913725376,0.0,0.0741625674846366,0.0,0.0,0.0,terminal,0.5084,"1 входящих связей от 1 отправителей; 0 исходящих связей к 0 получателям; вход 109,000 KZT, выход 0 KZT",0.1326
100000000790311100,2,False,1,0,0.0,0,0,46300.0,1,1,False,0.0,0.00030029921906631226,0.0,4,0.0,0.0,0.4518283311661846,0.0,0.01927930187149184,0.0,0.0,0.0,terminal,0.463,"1 входящих связей от 1 отправителей; 0 исходящих связей к 0 получателям; вход 46,300 KZT, выход 0 KZT",0.0861
100000008546855100,2,False,6,2,10000.0,2,2,71790.0,8,6,False,0.1392951664577239,0.0014269758891576874,5.8849614861964964e-05,43,1.0,0.6131471927654585,0.5448556377766093,0.6810456169100282,1.0,0.43742450601392,1.0,0.6131471927654585,coordinator,0.6343,"6 входящих связей от 6 отправителей; 2 исходящих связей к 2 получателям; вход 71,790 KZT, выход 10,000 KZT",0.7369
100000002863356100,2,False,1,1,20000.0,1,1,45000.0,1,1,False,0.4444444444444444,0.00030085297319428395,1.387027959709612e-06,22,0.0,0.3868528072345416,0.445787890486983,0.7322951533772758,0.020084767967485838,0.010309964698842277,0.0,0.3868528072345416,peripheral,0.35,"1 входящих связей от 1 отправителей; 1 исходящих связей к 1 получателям; вход 45,000 KZT, выход 20,000 KZT",0.2851
100000000332284100,2,False,10,3,289500.0,3,3,107426.0,12,10,False,2.69487833485376,0.0007170946224349055,8.163650277148001e-05,10,1.0,0.7737056144690831,0.6303441494313897,0.9298981142777473,0.6254052350446743,0.606790718167404,1.0,0.7737056144690831,coordinator,0.6133,"10 входящих связей от 10 отправителей; 3 исходящих связей к 3 получателям; вход 107,426 KZT, выход 289,500 KZT",0.7407
100000002605308100,2,False,3,0,0.0,0,0,2569521.84,7,3,False,0.0,0.0008849814697633063,0.0,40,1.0,0.0,1.0,0.0,0.8694838524197552,0.0,1.0,0.0,consolidator,1.0,"3 входящих связей от 3 отправителей; 0 исходящих связей к 0 получателям; вход 2,569,522 KZT, выход 0 KZT",0.5674
100000005931985100,2,False,1,0,0.0,0,0,76000.0,1,1,False,0.0,0.0003128966445634423,0.0,24,0.0,0.0,0.5569428150466563,0.0,0.03760284573096432,0.0,0.0,0.0,terminal,0.4892,"1 входящих связей от 1 отправителей; 0 исходящих связей к 0 получателям; вход 76,000 KZT, выход 0 KZT",0.1097
100000001166289100,2,False,2,1,25000.0,1,1,721039.0,10,2,False,0.0346721883282319,0.0020021280906723808,0.0,22,0.5849625007211564,0.3868528072345416,1.0,0.7487942697451995,1.0,0.0,0.5849625007211564,0.3868528072345416,consolidator,0.6887,"2 входящих связей от 2 отправителей; 1 исходящих связей к 1 получателям; вход 721,039 KZT, выход 25,000 KZT",0.6642
100000008477350100,2,False,11,39,3374866.0,44,39,610100.0,14,11,False,5.531660383543682,0.0010342350786611216,0.004645751077621651,0,1.0,1.0,0.9987268853892838,1.0,1.0,1.0,1.0,1.0,distributor,1.0,"11 входящих связей от 11 отправителей; 39 исходящих связей к 39 получателям; вход 610,100 KZT, выход 3,374,866 KZT",0.9998
100000003824464100,2,False,1,0,0.0,0,0,200000.0,1,1,False,0.0,0.0003232476510835702,0.0,29,0.0,0.0,0.7621682778906999,0.0,0.05265869554838258,0.0,0.0,0.0,terminal,0.5405,"1 входящих связей от 1 отправителей; 0 исходящих связей к 0 получателям; вход 200,000 KZT, выход 0 KZT",0.1504
100000002738256100,2,False,1,1,175000.0,1,1,150200.0,1,1,False,1.1651131824234353,0.0005073102992973024,0.0,58,0.0,0.3868528072345416,0.701433097860776,0.8926777514801946,0.3203573315470903,0.0,0.0,0.3868528072345416,transit,0.9236,"1 входящих связей от 1 отправителей; 1 исходящих связей к 1 получателям; вход 150,200 KZT, выход 175,000 KZT",0.4328
100000001857829100,2,False,6,16,2390993.0,16,16,888535.0,9,6,False,2.690938454872346,0.000620479025252112,0.005742295753197793,1,1.0,1.0,1.0,1.0,0.4849242006262231,1.0,1.0,1.0,distributor,1.0,"6 входящих связей от 6 отправителей; 16 исходящих связей к 16 получателям; вход 888,535 KZT, выход 2,390,993 KZT",0.8712
100000008672762100,2,False,1,0,0.0,0,0,13000.0,1,1,False,0.0,0.0002899845792550884,0.0,22,0.0,0.0,0.18242877296742985,0.0,0.004276004604298228,0.0,0.0,0.0,terminal,0.3956,"1 входящих связей от 1 отправителей; 0 исходящих связей к 0 получателям; вход 13,000 KZT, выход 0 KZT",0.0339
100000001737722100,2,False,1,0,0.0,0,0,60460.0,1,1,False,0.0,0.00031877593370862,0.0,3,0.0,0.0,0.5084247511431215,0.0,0.046154467457883215,0.0,0.0,0.0,terminal,0.4771,"1 входящих связей от 1 отправителей; 0 исходящих связей к 0 получателям; вход 60,460 KZT, выход 0 KZT",0.1031
100000005572303100,2,False,1,1,20000.0,1,1,75000.0,1,1,False,0.26666666666666666,0.00031327623939934467,3.844048916909496e-05,16,0.0,0.3868528072345416,0.5541335037823764,0.7322951533772758,0.03815498057066835,0.28572801380078566,0.0,0.3868528072345416,peripheral,0.35,"1 входящих связей от 1 отправителей; 1 исходящих связей к 1 получателям; вход 75,000 KZT, выход 20,000 KZT",0.3697
100000008733049100,2,False,1,0,0.0,0,0,10000.0,1,1,False,0.0,0.0002887507034719386,0.0,4,0.0,0.0,0.1267854959781863,0.0,0.0024812437239032604,0.0,0.0,0.0,terminal,0.3817,"1 входящих связей от 1 отправителей; 0 исходящих связей к 0 получателям; вход 10,000 KZT, выход 0 KZT",0.0234
100000000850297100,2,False,1,1,17520.0,1,1,17520.0,1,1,False,1.0,0.00029391683130875195,0.0,11,0.0,0.3868528072345416,0.24571468203803018,0.7225064513473195,0.009995732659281662,0.0,0.0,0.3868528072345416,transit,1.0,"1 входящих связей от 1 отправителей; 1 исходящих связей к 1 получателям; вход 17,520 KZT, выход 17,520 KZT",0.2425
100000005140601100,2,False,3,2,195300.0,5,2,52685.0,4,3,False,3.706937458479643,0.0027057314547033204,1.9616538287321655e-05,1,1.0,0.6131471927654585,0.47922907552288196,0.9007929921595794,1.0,0.14581102885737232,1.0,0.6131471927654585,peripheral,0.35,"3 входящих связей от 3 отправителей; 2 исходящих связей к 2 получателям; вход 52,685 KZT, выход 195,300 KZT",0.7005
100000004410489100,2,False,1,0,0.0,0,0,54000.0,1,1,False,0.0,0.00031421991061413013,0.0,3,0.0,0.0,0.4844580010396032,0.0,0.0395275846237379,0.0,0.0,0.0,terminal,0.4711,"1 входящих связей от 1 отправителей; 0 исходящих связей к 0 получателям; вход 54,000 KZT, выход 0 KZT",0.0971
100000006852430100,2,False,1,0,0.0,0,0,37000.0,1,1,False,0.0,0.0005362020040442936,0.0,11,0.0,0.0,0.4042709544966002,0.0,0.3623726285801771,0.0,0.0,0.0,terminal,0.4511,"1 входящих связей от 1 отправителей; 0 исходящих связей к 0 получателям; вход 37,000 KZT, выход 0 KZT",0.1634
100000003166755100,2,False,1,0,0.0,0,0,24010.0,1,1,False,0.0,0.000289354410715242,0.0,3,0.0,0.0,0.31255076906170765,0.0,0.0033593795132485743,0.0,0.0,0.0,terminal,0.4281,"1 входящих связей от 1 отправителей; 0 исходящих связей к 0 получателям; вход 24,010 KZT, выход 0 KZT",0.0571
100000008258083100,2,False,2,2,2045650.0,6,2,3149500.0,13,2,False,0.6495157961581204,0.0010500443938968583,7.767356574373826e-05,33,0.5849625007211564,0.6131471927654585,1.0,1.0,1.0,0.5773360019582363,0.5849625007211564,0.6131471927654585,coordinator,0.7253,"2 входящих связей от 2 отправителей; 2 исходящих связей к 2 получателям; вход 3,149,500 KZT, выход 2,045,650 KZT",0.8412
100000003054328100,2,False,1,2,193720.0,2,2,140000.0,1,1,False,1.3837142857142857,0.0003359091501180967,7.925874055483496e-07,24,0.0,0.6131471927654585,0.686517010557567,0.9001923564959448,0.07107501427520006,0.00589141015038315,0.0,0.6131471927654585,peripheral,0.35,"1 входящих связей от 1 отправителей; 2 исходящих связей к 2 получателям; вход 140,000 KZT, выход 193,720 KZT",0.4089
100000008473207100,2,False,1,0,0.0,0,0,202000.0,4,1,False,0.0,0.000556205607395318,0.0,3,0.0,0.0,0.7642787595198637,0.0,0.3914618362908813,0.0,0.0,0.0,terminal,0.5411,"1 входящих связей от 1 отправителей; 0 исходящих связей к 0 получателям; вход 202,000 KZT, выход 0 KZT",0.2354
100000008104567100,2,False,3,3,40000.0,4,3,53550.0,3,3,False,0.7469654528478058,0.0005380423675699446,0.00158240075517728,18,1.0,0.7737056144690831,0.48268310562137434,0.7835465382062168,0.36504890654073313,1.0,1.0,0.7737056144690831,coordinator,0.7778,"3 входящих связей от 3 отправителей; 3 исходящих связей к 3 получателям; вход 53,550 KZT, выход 40,000 KZT",0.7092
100000002721825100,2,False,1,0,0.0,0,0,11000.0,1,1,False,0.0,0.0005314143750831572,0.0,0,0.0,0.0,0.14699911528604376,0.0,0.3554103800172677,0.0,0.0,0.0,terminal,0.3867,"1 входящих связей от 1 отправителей; 0 исходящих связей к 0 получателям; вход 11,000 KZT, выход 0 KZT",0.1153
100000003509750100,2,False,3,3,78400.0,5,3,82290.0,4,3,False,0.9527281565196257,0.001687048026555679,1.981468513870874e-06,2,1.0,0.7737056144690831,0.5738082144669183,0.8333050216759236,1.0,0.01472851662073781,1.0,0.7737056144690831,transit,0.9758,"3 входящих связей от 3 отправителей; 3 исходящих связей к 3 получателям; вход 82,290 KZT, выход 78,400 KZT",0.6765
100000007322059100,2,False,2,1,22500.0,2,1,29000.0,2,2,False,0.7758620689655172,0.0006801571631888173,4.0025663980191654e-05,41,0.5849625007211564,0.3868528072345416,0.3525996321287633,0.7410039483508182,0.5716990229595181,0.2975103765126727,0.5849625007211564,0.3868528072345416,consolidator,0.5269,"2 входящих связей от 2 отправителей; 1 исходящих связей к 1 получателям; вход 29,000 KZT, выход 22,500 KZT",0.5047
100000004441291100,2,False,1,0,0.0,0,0,20000.0,1,1,False,0.0,0.0005488430695675697,0.0,3,0.0,0.0,0.2737932863595569,0.0,0.38075531329792806,0.0,0.0,0.0,terminal,0.4184,"1 входящих связей от 1 отправителей; 0 исходящих связей к 0 получателям; вход 20,000 KZT, выход 0 KZT",0.1445
100000006122699100,2,False,2,0,0.0,0,0,45865.0,2,2,False,0.0,0.0004047064849586182,0.0,8,0.5849625007211564,0.0,0.4498261967037822,0.0,0.17113757860475143,0.0,0.5849625007211564,0.0,consolidator,0.5512,"2 входящих связей от 2 отправителей; 0 исходящих связей к 0 получателям; вход 45,865 KZT, выход 0 KZT",0.2232
100000008254069100,2,False,1,5,107500.0,6,5,10200.0,2,1,False,10.53921568627451,0.00034248614123752176,9.471419496302778e-05,49,0.0,1.0,0.13098527102622187,0.8566460577583994,0.08064124333396187,0.7039904535525531,0.0,1.0,distributor,0.9498,"1 входящих связей от 1 отправителей; 5 исходящих связей к 5 получателям; вход 10,200 KZT, выход 107,500 KZT",0.5228
100000003336565100,2,False,1,0,0.0,0,0,16550.0,1,1,False,0.0,0.0002911902917077179,0.0,22,0.0,0.0,0.23363466101580288,0.0,0.006029797760554698,0.0,0.0,0.0,terminal,0.4084,"1 входящих связей от 1 отправителей; 0 исходящих связей к 0 получателям; вход 16,550 KZT, выход 0 KZT",0.0436
100000002492277100,2,False,1,0,0.0,0,0,138500.0,1,1,False,0.0,0.0003074034730996861,0.0,3,0.0,0.0,0.6842322360142975,0.0,0.02961279960294019,0.0,0.0,0.0,terminal,0.5211,"1 входящих связей от 1 отправителей; 0 исходящих связей к 0 получателям; вход 138,500 KZT, выход 0 KZT",0.1306
100000001339466100,2,False,1,0,0.0,0,0,30000.0,1,1,False,0.0,0.00030390187452179355,0.0,3,0.0,0.0,0.3597899992899909,0.0,0.024519556085450152,0.0,0.0,0.0,terminal,0.4399,"1 входящих связей от 1 отправителей; 0 исходящих связей к 0 получателям; вход 30,000 KZT, выход 0 KZT",0.0709
100000005022964100,2,False,1,0,0.0,0,0,20000.0,1,1,False,0.0,0.00032736478588998896,0.0,3,0.0,0.0,0.2737932863595569,0.0,0.058647148451996936,0.0,0.0,0.0,terminal,0.4184,"1 входящих связей от 1 отправителей; 0 исходящих связей к 0 получателям; вход 20,000 KZT, выход 0 KZT",0.0639
100000003112436100,2,False,1,0,0.0,0,0,100000.0,1,1,False,0.0,0.0003021326407143051,0.0,16,0.0,0.0,0.6151509436747945,0.0,0.021946113652983025,0.0,0.0,0.0,terminal,0.5038,"1 входящих связей от 1 отправителей; 0 исходящих связей к 0 получателям; вход 100,000 KZT, выход 0 KZT",0.1162
100000000489417100,2,False,3,1,80000.0,1,1,73504.0,3,3,False,1.0883761427949499,0.0005517574141078721,2.377762216645049e-06,12,1.0,0.3868528072345416,0.5498600550792113,0.8347988472679887,0.3849933310737578,0.01767421644280105,1.0,0.3868528072345416,consolidator,0.8875,"3 входящих связей от 3 отправителей; 1 исходящих связей к 1 получателям; вход 73,504 KZT, выход 80,000 KZT",0.5194
100000002217161100,2,False,2,7,995132.0,19,7,404750.0,15,2,False,2.4586337245213095,0.000891569456171597,0.00015514898463608943,38,0.5849625007211564,1.0,0.9116900182541012,1.0,0.8790608174026449,1.0,0.5849625007211564,1.0,distributor,1.0,"2 входящих связей от 2 отправителей; 7 исходящих связей к 7 получателям; вход 404,750 KZT, выход 995,132 KZT",0.9539
100000002469065100,2,False,1,0,0.0,0,0,200000.0,1,1,False,0.0,0.00031869598721132004,0.0,16,0.0,0.0,0.7621682778906999,0.0,0.04603818295398755,0.0,0.0,0.0,terminal,0.5405,"1 входящих связей от 1 отправителей; 0 исходящих связей к 0 получателям; вход 200,000 KZT, выход 0 KZT",0.1487
100000007337374100,2,False,1,0,0.0,0,0,20000.0,2,1,False,0.0,0.0002923620404292874,0.0,22,0.0,0.0,0.2737932863595569,0.0,0.0077341862672211225,0.0,0.0,0.0,terminal,0.4184,"1 входящих связей от 1 отправителей; 0 исходящих связей к 0 получателям; вход 20,000 KZT, выход 0 KZT",0.0512
100000003249054100,2,False,7,1,15000.0,1,1,99700.0,11,7,False,0.15045135406218657,0.00043146322860656444,3.962937027741748e-05,3,1.0,0.3868528072345416,0.614513685554586,0.7110243718942185,0.21005217501333256,0.2945647875856104,1.0,0.3868528072345416,consolidator,0.9036,"7 входящих связей от 7 отправителей; 1 исходящих связей к 1 получателям; вход 99,700 KZT, выход 15,000 KZT",0.5259
100000003024542100,2,False,1,0,0.0,0,0,8500.0,1,1,False,0.0,0.00031794749343884177,0.0,3,0.0,0.0,0.09231853335220387,0.0,0.044949476556800275,0.0,0.0,0.0,terminal,0.3731,"1 входящих связей от 1 отправителей; 0 исходящих связей к 0 получателям; вход 8,500 KZT, выход 0 KZT",0.0279
100000002718366100,2,False,6,0,0.0,0,0,2525000.0,10,6,False,0.0,0.0006811994866182274,0.0,5,1.0,0.0,1.0,0.0,0.5732145643179472,0.0,1.0,0.0,consolidator,1.0,"6 входящих связей от 6 отправителей; 0 исходящих связей к 0 получателям; вход 2,525,000 KZT, выход 0 KZT",0.4933
100000005059998100,2,False,1,0,0.0,0,0,18000.0,1,1,False,0.0,0.0002959172747769886,0.0,0,0.0,0.0,0.25144721385475965,0.0,0.012905505110436765,0.0,0.0,0.0,terminal,0.4129,"1 входящих связей от 1 отправителей; 0 исходящих связей к 0 получателям; вход 18,000 KZT, выход 0 KZT",0.0485
100000004071070100,2,False,2,1,6000.0,1,1,41000.0,5,2,False,0.14634146341463414,0.0011875923340219261,0.0,0,0.5849625007211564,0.3868528072345416,0.42604361940675495,0.6432786762184471,1.0,0.0,0.5849625007211564,0.3868528072345416,consolidator,0.5452,"2 входящих связей от 2 отправителей; 1 исходящих связей к 1 получателям; вход 41,000 KZT, выход 6,000 KZT",0.5419
100000001584286100,2,False,2,0,0.0,0,0,738699.0,3,2,False,0.0,0.000328484994070642,0.0,24,0.5849625007211564,0.0,1.0,0.0,0.060276508841291467,0.0,0.5849625007211564,0.0,consolidator,0.6887,"2 входящих связей от 2 отправителей; 0 исходящих связей к 0 получателям; вход 738,699 KZT, выход 0 KZT",0.2945
100000008701256100,2,False,1,0,0.0,0,0,58250.0,1,1,False,0.0,0.00030374263490071714,0.0,0,0.0,0.0,0.5005266254292332,0.0,0.02428793397519493,0.0,0.0,0.0,terminal,0.4751,"1 входящих связей от 1 отправителей; 0 исходящих связей к 0 получателям; вход 58,250 KZT, выход 0 KZT",0.0962
100000001490461100,2,False,1,1,5000.0,1,1,20000.0,1,1,False,0.25,0.00032099043429899293,2.19943005039667e-05,18,0.0,0.3868528072345416,0.2737932863595569,0.6297997767503529,0.04937551923495747,0.16348489860044305,0.0,0.3868528072345416,peripheral,0.35,"1 входящих связей от 1 отправителей; 1 исходящих связей к 1 получателям; вход 20,000 KZT, выход 5,000 KZT",0.2767
100000008531186100,2,False,1,0,0.0,0,0,125000.0,1,1,False,0.0,0.0003619550454860541,0.0,3,0.0,0.0,0.6624798711992838,0.0,0.10895838252362264,0.0,0.0,0.0,terminal,0.5156,"1 входящих связей от 1 отправителей; 0 исходящих связей к 0 получателям; вход 125,000 KZT, выход 0 KZT",0.1465
100000004765639100,2,False,1,2,11000.0,2,2,5000.0,1,1,False,2.2,0.00036185625061451924,0.0,0,0.0,0.6131471927654585,0.0,0.6880924449533968,0.10881468871283159,0.0,0.0,0.6131471927654585,peripheral,0.35,"1 входящих связей от 1 отправителей; 2 исходящих связей к 2 получателям; вход 5,000 KZT, выход 11,000 KZT",0.2553
100000002983879100,2,False,2,0,0.0,0,0,200050.0,2,2,False,0.0,0.0003580797764870854,0.0,3,0.5849625007211564,0.0,0.76222129667578,0.0,0.10332192374046772,0.0,0.5849625007211564,0.0,consolidator,0.6293,"2 входящих связей от 2 отправителей; 0 исходящих связей к 0 получателям; вход 200,050 KZT, выход 0 KZT",0.2625
100000008734364100,2,False,1,0,0.0,0,0,26200.0,1,1,False,0.0,0.0002944677917550065,0.0,22,0.0,0.0,0.3310642641601074,0.0,0.010797140304728475,0.0,0.0,0.0,terminal,0.4328,"1 входящих связей от 1 отправителей; 0 исходящих связей к 0 получателям; вход 26,200 KZT, выход 0 KZT",0.0623
100000003192220100,2,False,1,0,0.0,0,0,60000.0,2,1,False,0.0,0.0005031715963348377,0.0,6,0.0,0.0,0.5068048590547116,0.0,0.3143385899681509,0.0,0.0,0.0,terminal,0.4767,"1 входящих связей от 1 отправителей; 0 исходящих связей к 0 получателям; вход 60,000 KZT, выход 0 KZT",0.1698
100000008060273100,2,False,1,0,0.0,0,0,10000.0,2,1,False,0.0,0.0002989671315033312,0.0,3,0.0,0.0,0.1267854959781863,0.0,0.017341704793503773,0.0,0.0,0.0,terminal,0.3817,"1 входящих связей от 1 отправителей; 0 исходящих связей к 0 получателям; вход 10,000 KZT, выход 0 KZT",0.0272
100000008205937100,2,False,1,0,0.0,0,0,35000.0,3,1,False,0.0,0.0003316470643421718,0.0,12,0.0,0.0,0.39248476609146365,0.0,0.06487577986050608,0.0,0.0,0.0,terminal,0.4481,"1 входящих связей от 1 отправителей; 0 исходящих связей к 0 получателям; вход 35,000 KZT, выход 0 KZT",0.0869
100000005507142100,2,False,3,3,100000.0,4,3,51000.0,3,3,False,1.9607843137254901,0.0005589500977581298,4.5573775819030105e-06,26,1.0,0.7737056144690831,0.4723347776672105,0.8512985181756111,0.39545282437831436,0.03387554459762648,1.0,0.7737056144690831,peripheral,0.35,"3 входящих связей от 3 отправителей; 3 исходящих связей к 3 получателям; вход 51,000 KZT, выход 100,000 KZT",0.5146
100000005539910100,2,False,1,2,22000.0,2,2,102000.0,1,1,False,0.21568627450980393,0.0004987263017480539,4.795153803567515e-05,3,0.0,0.6131471927654585,0.6193510929809632,0.7393423174760966,0.3078739573578768,0.3564219099281588,0.0,0.6131471927654585,coordinator,0.3394,"1 входящих связей от 1 отправителей; 2 исходящих связей к 2 получателям; вход 102,000 KZT, выход 22,000 KZT",0.5042
100000002459163100,2,False,1,0,0.0,0,0,20180.0,1,1,False,0.0,0.0003611154442225131,0.0,39,0.0,0.0,0.27569357718608645,0.0,0.10773721033219033,0.0,0.0,0.0,terminal,0.4189,"1 входящих связей от 1 отправителей; 0 исходящих связей к 0 получателям; вход 20,180 KZT, выход 0 KZT",0.0766
100000004666651100,2,False,1,0,0.0,0,0,429250.0,1,1,False,0.0,0.0004575388898979418,0.0,74,0.0,0.0,0.9241552448723367,0.0,0.24797521435429482,0.0,0.0,0.0,terminal,0.581,"1 входящих связей от 1 отправителей; 0 исходящих связей к 0 получателям; вход 429,250 KZT, выход 0 KZT",0.2283
100000003927792100,2,False,1,0,0.0,0,0,13067.0,1,1,False,0.0,0.0002897264416903393,0.0,4,0.0,0.0,0.18351902673947398,0.0,0.0039005251732751427,0.0,0.0,0.0,terminal,0.3959,"1 входящих связей от 1 отправителей; 0 исходящих связей к 0 получателям; вход 13,067 KZT, выход 0 KZT",0.034
100000000607941100,2,False,2,1,70000.0,4,1,50000.0,3,2,False,1.4,0.0005785720589504676,5.7660733753642434e-05,16,0.5849625007211564,0.3868528072345416,0.46813466994857295,0.8249252961773935,0.4239864053893254,0.42858790206415487,0.5849625007211564,0.3868528072345416,consolidator,0.5558,"2 входящих связей от 2 отправителей; 1 исходящих связей к 1 получателям; вход 50,000 KZT, выход 70,000 KZT",0.5325
100000004158362100,2,False,1,0,0.0,0,0,12000.0,1,1,False,0.0,0.00029138223393265013,0.0,0,0.0,0.0,0.1654528573592594,0.0,0.006308990966673602,0.0,0.0,0.0,terminal,0.3914,"1 входящих связей от 1 отправителей; 0 исходящих связей к 0 получателям; вход 12,000 KZT, выход 0 KZT",0.0314
100000005664922100,2,False,2,3,537000.0,4,3,22000.0,2,2,False,24.40909090909091,0.0008059658576323321,3.962937027741748e-06,21,0.5849625007211564,0.7737056144690831,0.29400786963261044,0.9755830140397289,0.7546138350876688,0.029457004057470426,0.5849625007211564,0.7737056144690831,distributor,0.8444,"2 входящих связей от 2 отправителей; 3 исходящих связей к 3 получателям; вход 22,000 KZT, выход 537,000 KZT",0.5552
100000007594394100,2,False,6,1,3376312.0,40,1,395385.0,6,6,False,8.539302199122375,0.000405585478703186,5.052744710370729e-05,43,1.0,0.3868528072345416,0.9067247871007769,1.0,0.17241599012101902,0.37556805775817825,1.0,0.3868528072345416,consolidator,0.9767,"6 входящих связей от 6 отправителей; 1 исходящих связей к 1 получателям; вход 395,385 KZT, выход 3,376,312 KZT",0.6389
100000000979567100,2,False,1,0,0.0,0,0,10000.0,1,1,False,0.0,0.0005307306769296829,0.0,22,0.0,0.0,0.1267854959781863,0.0,0.35441613222986035,0.0,0.0,0.0,terminal,0.3817,"1 входящих связей от 1 отправителей; 0 исходящих связей к 0 получателям; вход 10,000 KZT, выход 0 KZT",0.1114
100000002831727100,2,False,1,1,77000.0,3,1,6000.0,1,1,False,12.833333333333334,0.0002907462180152874,1.922024458454748e-05,43,0.0,0.3868528072345416,0.018452135654394897,0.8319727003354623,0.005383861737866493,0.1428653798145826,0.0,0.3868528072345416,peripheral,0.35,"1 входящих связей от 1 отправителей; 1 исходящих связей к 1 получателям; вход 6,000 KZT, выход 77,000 KZT",0.2516
100000003062895100,2,False,2,0,0.0,0,0,328444.0,2,2,False,0.0,0.000407650670955184,0.0,42,0.5849625007211564,0.0,0.8673811966672254,0.0,0.17541960839428686,0.0,0.5849625007211564,0.0,consolidator,0.6556,"2 входящих связей от 2 отправителей; 0 исходящих связей к 0 получателям; вход 328,444 KZT, выход 0 KZT",0.2994
100000008376089100,2,False,1,0,0.0,0,0,135000.0,1,1,False,0.0,0.00030243533477807125,0.0,33,0.0,0.0,0.6788033908209721,0.0,0.02238639820750266,0.0,0.0,0.0,terminal,0.5197,"1 входящих связей от 1 отправителей; 0 исходящих связей к 0 получателям; вход 135,000 KZT, выход 0 KZT",0.1278
100000003219438100,2,False,1,0,0.0,0,0,32000.0,1,1,False,0.0,0.00044715563704310416,0.0,62,0.0,0.0,0.37347835259072604,0.0,0.23287448828170978,0.0,0.0,0.0,terminal,0.4434,"1 входящих связей от 1 отправителей; 0 исходящих связей к 0 получателям; вход 32,000 KZT, выход 0 KZT",0.1254
100000000967918100,2,False,1,0,0.0,0,0,21200.0,3,1,False,0.0,0.00047927096158051656,0.0,0,0.0,0.0,0.28615167936067903,0.0,0.2795804154304262,0.0,0.0,0.0,terminal,0.4215,"1 входящих связей от 1 отправителей; 0 исходящих связей к 0 получателям; вход 21,200 KZT, выход 0 KZT",0.1214
100000003254723100,2,False,1,0,0.0,0,0,269850.0,6,1,False,0.0,0.0005300436631859086,0.0,3,0.0,0.0,0.8257031328355584,0.0,0.3534170621591176,0.0,0.0,0.0,terminal,0.5564,"1 входящих связей от 1 отправителей; 0 исходящих связей к 0 получателям; вход 269,850 KZT, выход 0 KZT",0.237
100000003823811100,2,False,1,3,66130.0,3,3,30000.0,1,1,False,2.2043333333333335,0.0003569753080281222,0.0001228510478599942,49,0.0,0.7737056144690831,0.3597899992899909,0.8207200291493157,0.10171550456220996,0.9131128479055559,0.0,0.7737056144690831,distributor,0.7902,"1 входящих связей от 1 отправителей; 3 исходящих связей к 3 получателям; вход 30,000 KZT, выход 66,130 KZT",0.5703
100000008587459100,2,False,2,2,686500.0,4,2,181507.0,2,2,False,3.782223275135394,0.00030075681163842564,2.5759090680321365e-06,0,0.5849625007211564,0.6131471927654585,0.7415895138208405,0.9937439333920486,0.019944895682380618,0.01914706591607288,0.5849625007211564,0.6131471927654585,peripheral,0.35,"2 входящих связей от 2 отправителей; 2 исходящих связей к 2 получателям; вход 181,507 KZT, выход 686,500 KZT",0.4258
100000008603331100,2,False,2,6,741774.0,6,6,39500.0,3,2,False,18.779088607594936,0.00034423402970945057,0.00019755241083292615,42,0.5849625007211564,1.0,0.4181384520497923,0.9994699355836221,0.08318353533541763,1.0,0.5849625007211564,1.0,distributor,0.9998,"2 входящих связей от 2 отправителей; 6 исходящих связей к 6 получателям; вход 39,500 KZT, выход 741,774 KZT",0.666
100000008758168100,2,False,2,5,1533600.0,5,5,75410.0,2,2,False,20.33682535472749,0.00031836725127907677,6.083108337583583e-05,35,0.5849625007211564,1.0,0.5552898254331424,1.0,0.04556002688845012,0.45215215591899166,0.5849625007211564,1.0,distributor,1.0,"2 входящих связей от 2 отправителей; 5 исходящих связей к 5 получателям; вход 75,410 KZT, выход 1,533,600 KZT",0.5608
100000003724440100,2,False,2,0,0.0,0,0,50000.0,2,2,False,0.0,0.0003080878958078083,0.0,3,0.5849625007211564,0.0,0.46813466994857295,0.0,0.030608323261626897,0.0,0.5849625007211564,0.0,consolidator,0.5558,"2 входящих связей от 2 отправителей; 0 исходящих связей к 0 получателям; вход 50,000 KZT, выход 0 KZT",0.1914
100000000291906100,2,False,2,2,455854.0,6,2,388000.0,3,2,False,1.1748814432989692,0.0007629373053537469,7.806985944651244e-05,7,0.5849625007211564,0.6131471927654585,0.9027256783360474,0.96346932387092,0.6920566797641167,0.5802814788314636,0.5849625007211564,0.6131471927654585,transit,0.9194,"2 входящих связей от 2 отправителей; 2 исходящих связей к 2 получателям; вход 388,000 KZT, выход 455,854 KZT",0.7408
100000005077484100,2,False,1,2,13550.0,2,2,150000.0,1,1,False,0.09033333333333333,0.0005397108639201045,3.962937027741748e-07,27,0.0,0.6131471927654585,0.7011504844999529,0.7035076056204831,0.3674752490089579,0.00294570565887353,0.0,0.6131471927654585,peripheral,0.35,"1 входящих связей от 1 отправителей; 2 исходящих связей к 2 получателям; вход 150,000 KZT, выход 13,550 KZT",0.4496
100000004192107100,2,False,1,0,0.0,0,0,25000.0,1,1,False,0.0,0.0002993001243079823,0.0,3,0.0,0.0,0.3211205171539985,0.0,0.01782606199751045,0.0,0.0,0.0,terminal,0.4303,"1 входящих связей от 1 отправителей; 0 исходящих связей к 0 получателям; вход 25,000 KZT, выход 0 KZT",0.0623
100000002193259100,2,False,2,3,58000.0,3,3,48000.0,2,2,False,1.2083333333333333,0.0008908421386694397,6.43977267008034e-05,8,0.5849625007211564,0.7737056144690831,0.4594763910733393,0.8110204088971463,0.8780035180360647,0.47866185221316077,0.5849625007211564,0.7737056144690831,distributor,0.7868,"2 входящих связей от 2 отправителей; 3 исходящих связей к 3 получателям; вход 48,000 KZT, выход 58,000 KZT",0.685
100000005481280100,2,False,1,3,50000.0,3,3,32700.0,1,1,False,1.529051987767584,0.00029597250247999043,4.656451007596554e-05,4,0.0,0.7737056144690831,0.37806793836646335,0.800046024263114,0.012985837239868332,0.3461124252850851,0.0,0.7737056144690831,distributor,0.7829,"1 входящих связей от 1 отправителей; 3 исходящих связей к 3 получателям; вход 32,700 KZT, выход 50,000 KZT",0.423
100000004527381100,2,False,1,1,273866.11,1,1,119333.17,1,1,False,2.2949705433954364,0.00037549896425589674,0.00043037496121275384,4,0.0,0.3868528072345416,0.6526395720972669,0.9257931241562892,0.12865742155470475,1.0,0.0,0.3868528072345416,coordinator,0.695,"1 входящих связей от 1 отправителей; 1 исходящих связей к 1 получателям; вход 119,333 KZT, выход 273,866 KZT",0.602
100000001578517100,2,False,1,0,0.0,0,0,30000.0,1,1,False,0.0,0.0002905382981663947,0.0,16,0.0,0.0,0.3597899992899909,0.0,0.005081427780866695,0.0,0.0,0.0,terminal,0.4399,"1 входящих связей от 1 отправителей; 0 исходящих связей к 0 получателям; вход 30,000 KZT, выход 0 KZT",0.066
100000003741418100,2,False,9,3,39920.0,3,3,151900.0,13,9,False,0.2628044766293614,0.0006325013799441029,2.3381328463676314e-05,10,1.0,0.7737056144690831,0.7038202281102153,0.7833985082565171,0.5024056866576105,0.17379463654396812,1.0,0.7737056144690831,peripheral,0.35,"9 входящих связей от 9 отправителей; 3 исходящих связей к 3 получателям; вход 151,900 KZT, выход 39,920 KZT",0.6015
100000008737514100,2,False,1,0,0.0,0,0,85000.0,1,1,False,0.0,0.00031261127288180154,0.0,4,0.0,0.0,0.5806806127619357,0.0,0.03718776184370575,0.0,0.0,0.0,terminal,0.4952,"1 входящих связей от 1 отправителей; 0 исходящих связей к 0 получателям; вход 85,000 KZT, выход 0 KZT",0.1138
100000002870463100,2,False,3,1,10000.0,1,1,207000.0,4,3,False,0.04830917874396135,0.0019299755548282795,1.9418391435934565e-05,2,1.0,0.3868528072345416,0.7694648778277654,0.6810456169100282,1.0,0.1443382044818924,1.0,0.3868528072345416,consolidator,0.9424,"3 входящих связей от 3 отправителей; 1 исходящих связей к 1 получателям; вход 207,000 KZT, выход 10,000 KZT",0.7128
100000008545727100,2,False,1,6,1866500.0,7,6,30000.0,1,1,False,62.21666666666667,0.0003387010043398443,0.00014504349521534798,18,0.0,1.0,0.3597899992899909,1.0,0.0751357720028044,1.0,0.0,1.0,distributor,1.0,"1 входящих связей от 1 отправителей; 6 исходящих связей к 6 получателям; вход 30,000 KZT, выход 1,866,500 KZT",0.6535
100000000425407100,2,False,1,0,0.0,0,0,20000.0,1,1,False,0.0,0.00030509459327138065,0.0,3,0.0,0.0,0.2737932863595569,0.0,0.026254424864737426,0.0,0.0,0.0,terminal,0.4184,"1 входящих связей от 1 отправителей; 0 исходящих связей к 0 получателям; вход 20,000 KZT, выход 0 KZT",0.0558
100000001418900100,2,False,1,0,0.0,0,0,40140.0,2,1,False,0.0,0.0002992023358647686,0.0,22,0.0,0.0,0.42154742359409,0.0,0.01768382309411947,0.0,0.0,0.0,terminal,0.4554,"1 входящих связей от 1 отправителей; 0 исходящих связей к 0 получателям; вход 40,140 KZT, выход 0 KZT",0.0803
100000001677929100,2,False,3,2,286098.0,4,2,126777.0,3,3,False,2.2567027142147236,0.003334091954588842,1.1888811083225246e-06,2,1.0,0.6131471927654585,0.6654738680952487,0.9290240479621584,1.0,0.008837113474529788,1.0,0.6131471927654585,peripheral,0.35,"3 входящих связей от 3 отправителей; 2 исходящих связей к 2 получателям; вход 126,777 KZT, выход 286,098 KZT",0.709
100000002539625100,2,False,1,0,0.0,0,0,94700.0,1,1,False,0.0,0.00034502020785975537,0.0,42,0.0,0.0,0.6036007578511309,0.0,0.0843270247077648,0.0,0.0,0.0,terminal,0.5009,"1 входящих связей от 1 отправителей; 0 исходящих связей к 0 получателям; вход 94,700 KZT, выход 0 KZT",0.1297
100000001965374100,2,False,2,3,3082100.0,5,3,1759720.0,8,2,False,1.7514718250630783,0.0012816556260608692,1.5851748110966993e-06,21,0.5849625007211564,0.7737056144690831,1.0,1.0,1.0,0.011782815631314366,0.5849625007211564,0.7737056144690831,distributor,0.8529,"2 входящих связей от 2 отправителей; 3 исходящих связей к 3 получателям; вход 1,759,720 KZT, выход 3,082,100 KZT",0.7441
100000001287955100,2,False,1,4,310000.0,5,4,17520.0,1,1,False,17.69406392694064,0.00029391683130875195,0.0006622067773356461,24,0.0,0.8982444017039272,0.24571468203803018,0.9349570409811161,0.009995732659281662,1.0,0.0,0.8982444017039272,distributor,0.9111,"1 входящих связей от 1 отправителей; 4 исходящих связей к 4 получателям; вход 17,520 KZT, выход 310,000 KZT",0.5877
100000005402643100,2,False,1,1,90000.0,1,1,127800.0,1,1,False,0.704225352112676,0.0002975952292869957,3.962937027741748e-07,5,0.0,0.3868528072345416,0.6671785038994975,0.8435079503182857,0.015346192341979172,0.00294570565887353,0.0,0.3868528072345416,peripheral,0.35,"1 входящих связей от 1 отправителей; 1 исходящих связей к 1 получателям; вход 127,800 KZT, выход 90,000 KZT",0.3422
100000008752616100,2,False,2,7,1265000.0,7,7,64510.0,2,2,False,19.6093628894745,0.00031306069757078097,9.59030760713503e-05,5,0.5849625007211564,1.0,0.5221769017464751,1.0,0.03784146697156514,0.7128267301067601,0.5849625007211564,1.0,distributor,1.0,"2 входящих связей от 2 отправителей; 7 исходящих связей к 7 получателям; вход 64,510 KZT, выход 1,265,000 KZT",0.6103
100000000733373100,2,False,1,0,0.0,0,0,10710.0,1,1,False,0.0,0.000305781397776004,0.0,16,0.0,0.0,0.14133280690437372,0.0,0.027253415258372594,0.0,0.0,0.0,terminal,0.3853,"1 входящих связей от 1 отправителей; 0 исходящих связей к 0 получателям; вход 10,710 KZT, выход 0 KZT",0.0323
100000008531133100,2,False,1,3,158271.68,3,3,25000.0,1,1,False,6.3308672,0.0005327484529006024,2.377762216645049e-05,16,0.0,0.7737056144690831,0.3211205171539985,0.8852485482755995,0.35735042120942645,0.1767402733299541,0.0,0.7737056144690831,distributor,0.8127,"1 входящих связей от 1 отправителей; 3 исходящих связей к 3 получателям; вход 25,000 KZT, выход 158,272 KZT",0.4769
100000005933757100,2,False,4,34,3002628.0,46,34,1246000.0,6,4,False,2.409813804173355,0.0009979855720130422,0.0037148571698051146,40,1.0,1.0,1.0,1.0,1.0,1.0,1.0,1.0,distributor,1.0,"4 входящих связей от 4 отправителей; 34 исходящих связей к 34 получателям; вход 1,246,000 KZT, выход 3,002,628 KZT",1.0
100000006490557100,2,False,1,0,0.0,0,0,5000.0,1,1,False,0.0,0.0002861622896167219,0.0,2,0.0,0.0,0.0,0.0,0.0,0.0,0.0,0.0,terminal,0.35,"1 входящих связей от 1 отправителей; 0 исходящих связей к 0 получателям; вход 5,000 KZT, выход 0 KZT",0.0
100000008497298100,2,False,1,0,0.0,0,0,600000.0,1,1,False,0.0,0.00034202908327694034,0.0,5,0.0,0.0,0.9951862134338199,0.0,0.0799764548782584,0.0,0.0,0.0,terminal,0.5988,"1 входящих связей от 1 отправителей; 0 исходящих связей к 0 получателям; вход 600,000 KZT, выход 0 KZT",0.1991
100000005168487100,2,False,1,1,103510.0,14,1,15000.0,1,1,False,6.900666666666667,0.0018125473143557728,0.0,11,0.0,0.3868528072345416,0.21277867430530759,0.8538493743059089,1.0,0.0,0.0,0.3868528072345416,peripheral,0.35,"1 входящих связей от 1 отправителей; 1 исходящих связей к 1 получателям; вход 15,000 KZT, выход 103,510 KZT",0.5078
100000005799271100,2,False,1,0,0.0,0,0,45000.0,2,1,False,0.0,0.0005366730310712532,0.0,11,0.0,0.0,0.445787890486983,0.0,0.36305760200859893,0.0,0.0,0.0,terminal,0.4614,"1 входящих связей от 1 отправителей; 0 исходящих связей к 0 получателям; вход 45,000 KZT, выход 0 KZT",0.171
100000000912487100,2,False,1,0,0.0,0,0,10000.0,1,1,False,0.0,0.0002916801543187913,0.0,3,0.0,0.0,0.1267854959781863,0.0,0.006742336612414155,0.0,0.0,0.0,terminal,0.3817,"1 входящих связей от 1 отправителей; 0 исходящих связей к 0 получателям; вход 10,000 KZT, выход 0 KZT",0.0245
100000007982908100,2,False,1,0,0.0,0,0,31080.0,1,1,False,0.0,0.0002961252218307339,0.0,22,0.0,0.0,0.367291220636146,0.0,0.013207977012276134,0.0,0.0,0.0,terminal,0.4418,"1 входящих связей от 1 отправителей; 0 исходящих связей к 0 получателям; вход 31,080 KZT, выход 0 KZT",0.0694
100000005413948100,2,False,2,1,5000.0,1,1,28215.0,2,2,False,0.177210703526493,0.0018520392070328138,2.1796153652579615e-05,42,0.5849625007211564,0.3868528072345416,0.3467792964053172,0.6297997767503529,1.0,0.16201207772691262,0.5849625007211564,0.3868528072345416,consolidator,0.5254,"2 входящих связей от 2 отправителей; 1 исходящих связей к 1 получателям; вход 28,215 KZT, выход 5,000 KZT",0.5609
100000000724540100,2,False,1,1,100000.0,1,1,50000.0,1,1,False,2.0,0.00030963471226612996,1.981468513870874e-05,35,0.0,0.3868528072345416,0.46813466994857295,0.8512985181756111,0.03285823496710887,0.14728385294102248,0.0,0.3868528072345416,peripheral,0.35,"1 входящих связей от 1 отправителей; 1 исходящих связей к 1 получателям; вход 50,000 KZT, выход 100,000 KZT",0.3439
100000005730108100,2,False,1,0,0.0,0,0,8000.0,1,1,False,0.0,0.000358664263033602,0.0,0,0.0,0.0,0.07946144622334977,0.0,0.10417204272532109,0.0,0.0,0.0,terminal,0.3699,"1 входящих связей от 1 отправителей; 0 исходящих связей к 0 получателям; вход 8,000 KZT, выход 0 KZT",0.0403
100000002566204100,2,False,1,0,0.0,0,0,80805.0,1,1,False,0.0,0.0003240694503060784,0.0,11,0.0,0.0,0.5699457126778721,0.0,0.05385402052015464,0.0,0.0,0.0,terminal,0.4925,"1 входящих связей от 1 отправителей; 0 исходящих связей к 0 получателям; вход 80,805 KZT, выход 0 KZT",0.1161
100000000625169100,2,False,1,0,0.0,0,0,10000.0,1,1,False,0.0,0.00028896566732328877,0.0,22,0.0,0.0,0.1267854959781863,0.0,0.0027939242326439602,0.0,0.0,0.0,terminal,0.3817,"1 входящих связей от 1 отправителей; 0 исходящих связей к 0 получателям; вход 10,000 KZT, выход 0 KZT",0.0235
100000001114385100,2,False,1,0,0.0,0,0,29500.0,1,1,False,0.0,0.00029021989549549,0.0,3,0.0,0.0,0.3562252837928801,0.0,0.004618288712962367,0.0,0.0,0.0,terminal,0.4391,"1 входящих связей от 1 отправителей; 0 исходящих связей к 0 получателям; вход 29,500 KZT, выход 0 KZT",0.0653
100000002964966100,2,False,1,0,0.0,0,0,200000.0,1,1,False,0.0,0.00039541593494282724,0.0,3,0.0,0.0,0.7621682778906999,0.0,0.15762530212433243,0.0,0.0,0.0,terminal,0.5405,"1 входящих связей от 1 отправителей; 0 исходящих связей к 0 получателям; вход 200,000 KZT, выход 0 KZT",0.1766
100000008771814100,2,False,1,0,0.0,0,0,23700.0,1,1,False,0.0,0.0002936186984785069,0.0,22,0.0,0.0,0.3097945331022268,0.0,0.009562078968628046,0.0,0.0,0.0,terminal,0.4274,"1 входящих связей от 1 отправителей; 0 исходящих связей к 0 получателям; вход 23,700 KZT, выход 0 KZT",0.0582
100000001241318100,2,False,1,0,0.0,0,0,53000.0,1,1,False,0.0,0.0005308383624756579,0.0,0,0.0,0.0,0.48049342309960935,0.0,0.3545727307903461,0.0,0.0,0.0,terminal,0.4701,"1 входящих связей от 1 отправителей; 0 исходящих связей к 0 получателям; вход 53,000 KZT, выход 0 KZT",0.1751
100000001250022100,2,False,1,0,0.0,0,0,50000.0,1,1,False,0.0,0.00029504583266030455,0.0,2,0.0,0.0,0.46813466994857295,0.0,0.01163793775690526,0.0,0.0,0.0,terminal,0.467,"1 входящих связей от 1 отправителей; 0 исходящих связей к 0 получателям; вход 50,000 KZT, выход 0 KZT",0.0872
100000006534886100,2,False,1,1,167500.0,8,1,71700.0,5,1,False,2.336122733612273,0.0011276985721232146,0.0,16,0.0,0.3868528072345416,0.5445895707301985,0.8894388824654298,1.0,0.0,0.0,0.3868528072345416,peripheral,0.35,"1 входящих связей от 1 отправителей; 1 исходящих связей к 1 получателям; вход 71,700 KZT, выход 167,500 KZT",0.5739
100000008655035100,2,False,1,0,0.0,0,0,30000.0,1,1,False,0.0,0.000540142714317588,0.0,2,0.0,0.0,0.3597899992899909,0.0,0.3681032490998406,0.0,0.0,0.0,terminal,0.4399,"1 входящих связей от 1 отправителей; 0 исходящих связей к 0 получателям; вход 30,000 KZT, выход 0 KZT",0.1568
100000005932987100,2,False,1,0,0.0,0,0,25000.0,3,1,False,0.0,0.0004118086245499573,0.0,62,0.0,0.0,0.3211205171539985,0.0,0.18146692265298003,0.0,0.0,0.0,terminal,0.4303,"1 входящих связей от 1 отправителей; 0 исходящих связей к 0 получателям; вход 25,000 KZT, выход 0 KZT",0.1032
100000008636603100,2,False,2,6,159375.0,7,6,35460.0,2,2,False,4.494500846023689,0.0003387006850594568,0.004498527967041046,8,0.5849625007211564,1.0,0.3952541632771489,0.8857622156533033,0.07513530760946976,1.0,0.5849625007211564,1.0,distributor,0.96,"2 входящих связей от 2 отправителей; 6 исходящих связей к 6 получателям; вход 35,460 KZT, выход 159,375 KZT",0.6394
100000008710843100,2,False,2,13,1985500.0,14,13,33944.0,3,2,False,58.49340089559274,0.00029287559446499205,0.00016723594257070178,35,0.5849625007211564,1.0,0.3859869858667643,1.0,0.008481185041396274,1.0,0.5849625007211564,1.0,distributor,1.0,"2 входящих связей от 2 отправителей; 13 исходящих связей к 13 получателям; вход 33,944 KZT, выход 1,985,500 KZT",0.6416
100000000917179100,2,False,1,0,0.0,0,0,94465.0,2,1,False,0.0,0.00042586253334482804,0.0,40,0.0,0.0,0.6030737720422695,0.0,0.20190669609805942,0.0,0.0,0.0,terminal,0.5008,"1 входящих связей от 1 отправителей; 0 исходящих связей к 0 получателям; вход 94,465 KZT, выход 0 KZT",0.159
100000004209339100,2,False,1,2,238500.0,11,2,138500.0,6,1,False,1.7220216606498195,0.0008195334277812185,2.1003566247031264e-05,53,0.0,0.6131471927654585,0.6842322360142975,0.9155690932379621,0.7743385190398366,0.15612079131450488,0.0,0.6131471927654585,peripheral,0.35,"1 входящих связей от 1 отправителей; 2 исходящих связей к 2 получателям; вход 138,500 KZT, выход 238,500 KZT",0.6201
100000008765627100,2,False,1,0,0.0,0,0,60000.0,1,1,False,0.0,0.0002969411403489074,0.0,2,0.0,0.0,0.5068048590547116,0.0,0.014394780552837246,0.0,0.0,0.0,terminal,0.4767,"1 входящих связей от 1 отправителей; 0 исходящих связей к 0 получателям; вход 60,000 KZT, выход 0 KZT",0.0948
100000002443664100,2,False,3,0,0.0,0,0,556880.0,3,3,False,0.0,0.0003387703864093905,0.0,24,1.0,0.0,0.9793676465711626,0.0,0.07523668822183209,0.0,1.0,0.0,consolidator,0.9948,"3 входящих связей от 3 отправителей; 0 исходящих связей к 0 получателям; вход 556,880 KZT, выход 0 KZT",0.3651
100000008144528100,2,False,5,0,0.0,0,0,1068202.6,13,5,False,0.0,0.001055538276590799,0.0,16,1.0,0.0,1.0,0.0,1.0,0.0,1.0,0.0,consolidator,1.0,"5 входящих связей от 5 отправителей; 0 исходящих связей к 0 получателям; вход 1,068,203 KZT, выход 0 KZT",0.6
100000003988112100,2,False,1,1,64000.0,5,1,92000.0,2,1,False,0.6956521739130435,0.0005045477365705085,0.0,49,0.0,0.3868528072345416,0.5974656629745778,0.8182992225734376,0.31633985557355315,0.0,0.0,0.3868528072345416,peripheral,0.35,"1 входящих связей от 1 отправителей; 1 исходящих связей к 1 получателям; вход 92,000 KZT, выход 64,000 KZT",0.3997
100000008008463100,2,False,1,0,0.0,0,0,54180.0,1,1,False,0.0,0.0002958380712741406,0.0,2,0.0,0.0,0.4851638212841692,0.0,0.012790298680983414,0.0,0.0,0.0,terminal,0.4713,"1 входящих связей от 1 отправителей; 0 исходящих связей к 0 получателям; вход 54,180 KZT, выход 0 KZT",0.0905
100000006679055100,2,False,1,0,0.0,0,0,25000.0,1,1,False,0.0,0.000300846444471043,0.0,3,0.0,0.0,0.3211205171539985,0.0,0.020075271579979802,0.0,0.0,0.0,terminal,0.4303,"1 входящих связей от 1 отправителей; 0 исходящих связей к 0 получателям; вход 25,000 KZT, выход 0 KZT",0.0628
100000007382543100,2,False,3,5,427000.0,8,5,218000.0,3,3,False,1.9587155963302751,0.0011904909010560423,0.00021162083728140936,15,1.0,1.0,0.7804467131525221,0.9586343218537262,1.0,1.0,1.0,1.0,distributor,0.9855,"3 входящих связей от 3 отправителей; 5 исходящих связей к 5 получателям; вход 218,000 KZT, выход 427,000 KZT",0.953
100000007749092100,2,False,1,1,70375.0,5,1,7650.0,1,1,False,9.199346405228757,0.0018044164784854798,0.0,16,0.0,0.3868528072345416,0.06997405480137683,0.8253203553472328,1.0,0.0,0.0,0.3868528072345416,peripheral,0.35,"1 входящих связей от 1 отправителей; 1 исходящих связей к 1 получателям; вход 7,650 KZT, выход 70,375 KZT",0.4769
100000004221668100,2,False,4,3,731440.0,10,3,1128300.0,8,4,False,0.6482673047948241,0.0030901749053247243,4.5573775819030105e-06,48,1.0,0.7737056144690831,1.0,0.9984325625452469,1.0,0.03387554459762648,1.0,0.7737056144690831,peripheral,0.35,"4 входящих связей от 4 отправителей; 3 исходящих связей к 3 получателям; вход 1,128,300 KZT, выход 731,440 KZT",0.7872
100000008174521100,2,False,1,0,0.0,0,0,82110.0,1,1,False,0.0,0.0004405287548340963,0.0,16,0.0,0.0,0.5733437614447812,0.0,0.22323670086742076,0.0,0.0,0.0,terminal,0.4933,"1 входящих связей от 1 отправителей; 0 исходящих связей к 0 получателям; вход 82,110 KZT, выход 0 KZT",0.159
100000002692750100,2,False,3,1,77000.0,8,1,112830.0,3,3,False,0.682442612780289,0.0020142415855482925,1.981468513870874e-05,2,1.0,0.3868528072345416,0.6407540606422013,0.8319727003354623,1.0,0.14728385294102248,1.0,0.3868528072345416,consolidator,0.9102,"3 входящих связей от 3 отправителей; 1 исходящих связей к 1 получателям; вход 112,830 KZT, выход 77,000 KZT",0.7175
100000002173070100,2,False,1,0,0.0,0,0,30000.0,1,1,False,0.0,0.0002905382981663947,0.0,16,0.0,0.0,0.3597899992899909,0.0,0.005081427780866695,0.0,0.0,0.0,terminal,0.4399,"1 входящих связей от 1 отправителей; 0 исходящих связей к 0 получателям; вход 30,000 KZT, выход 0 KZT",0.066
100000005911352100,2,False,2,3,24000.0,3,3,15000.0,2,2,False,1.6,0.0005517344998567147,9.7488250882447e-05,19,0.5849625007211564,0.7737056144690831,0.21277867430530759,0.7457759009914599,0.38496000939127845,0.724608415839067,0.5849625007211564,0.7737056144690831,distributor,0.7639,"2 входящих связей от 2 отправителей; 3 исходящих связей к 3 получателям; вход 15,000 KZT, выход 24,000 KZT",0.5597
100000003068941100,2,False,3,1,25000.0,2,1,94000.0,3,3,False,0.26595744680851063,0.0003201743837350562,1.981468513870874e-05,0,1.0,0.3868528072345416,0.6020271383100104,0.7487942697451995,0.048188552162912374,0.14728385294102248,1.0,0.3868528072345416,consolidator,0.9005,"3 входящих связей от 3 отправителей; 1 исходящих связей к 1 получателям; вход 94,000 KZT, выход 25,000 KZT",0.4576
100000001420847100,2,False,1,0,0.0,0,0,20000.0,2,1,False,0.0,0.0003028257068772808,0.0,43,0.0,0.0,0.2737932863595569,0.0,0.022954214913640015,0.0,0.0,0.0,terminal,0.4184,"1 входящих связей от 1 отправителей; 0 исходящих связей к 0 получателям; вход 20,000 KZT, выход 0 KZT",0.055
100000005602999100,2,False,1,2,16000.0,3,2,5000.0,1,1,False,3.2,0.0003048459777394537,4.200713249406253e-05,53,0.0,0.6131471927654585,0.0,0.7157962218476005,0.02589280137135787,0.31223830363893235,0.0,0.6131471927654585,coordinator,0.212,"1 входящих связей от 1 отправителей; 2 исходящих связей к 2 получателям; вход 5,000 KZT, выход 16,000 KZT",0.3082
100000000723383100,2,False,1,2,75000.0,2,2,6800.0,1,1,False,11.029411764705882,0.00038931955491752166,0.0002389651027728274,32,0.0,0.6131471927654585,0.04499541911553449,0.8300267508577557,0.14875859285530363,1.0,0.0,0.6131471927654585,coordinator,0.7021,"1 входящих связей от 1 отправителей; 2 исходящих связей к 2 получателям; вход 6,800 KZT, выход 75,000 KZT",0.5189
100000006977207100,2,False,1,15,4157018.0,15,15,414000.0,1,1,False,10.041106280193237,0.0003478854757097009,5.231076876619108e-05,1,0.0,1.0,0.9164827602257344,1.0,0.08849452459864768,0.3888230542895855,0.0,1.0,distributor,1.0,"1 входящих связей от 1 отправителей; 15 исходящих связей к 15 получателям; вход 414,000 KZT, выход 4,157,018 KZT",0.6226
100000001273783100,2,False,1,0,0.0,0,0,23200.0,1,1,False,0.0,0.0002966231104571254,0.0,11,0.0,0.0,0.3052721088033735,0.0,0.013932186679514444,0.0,0.0,0.0,terminal,0.4263,"1 входящих связей от 1 отправителей; 0 исходящих связей к 0 получателям; вход 23,200 KZT, выход 0 KZT",0.0584
100000000201868100,2,False,1,1,190000.0,1,1,190000.0,1,1,False,1.0,0.0009746432509228572,0.0,6,0.0,0.3868528072345416,0.7512888870145943,0.8987586321850064,0.9998198992378813,0.0,0.0,0.3868528072345416,transit,1.0,"1 входящих связей от 1 отправителей; 1 исходящих связей к 1 получателям; вход 190,000 KZT, выход 190,000 KZT",0.6127
100000007777377100,2,False,1,2,10000.0,2,2,456290.0,7,1,False,0.021915886826360427,0.0003611461879485195,0.00013592874005154197,16,0.0,0.6131471927654585,0.9371123733588502,0.6810456169100282,0.10778192608009167,1.0,0.0,0.6131471927654585,coordinator,0.6877,"1 входящих связей от 1 отправителей; 2 исходящих связей к 2 получателям; вход 456,290 KZT, выход 10,000 KZT",0.6424
100000004192865100,2,False,1,0,0.0,0,0,66666.0,1,1,False,0.0,0.0005558092873800465,0.0,27,0.0,0.0,0.5291496353409068,0.0,0.3908855140112573,0.0,0.0,0.0,terminal,0.4823,"1 входящих связей от 1 отправителей; 0 исходящих связей к 0 получателям; вход 66,666 KZT, выход 0 KZT",0.193
100000006901046100,2,False,1,1,5500.0,1,1,75800.0,3,1,False,0.07255936675461741,0.0029998776847224907,0.0,16,0.0,0.3868528072345416,0.5563839216678906,0.6368459327790331,1.0,0.0,0.0,0.3868528072345416,peripheral,0.35,"1 входящих связей от 1 отправителей; 1 исходящих связей к 1 получателям; вход 75,800 KZT, выход 5,500 KZT",0.5305
100000000437046100,2,False,9,42,7606224.0,73,42,1107200.0,20,9,False,6.86978323699422,0.0007924860106097857,0.002058745785911838,0,1.0,1.0,1.0,1.0,0.7350164191749488,1.0,1.0,1.0,distributor,1.0,"9 входящих связей от 9 отправителей; 42 исходящих связей к 42 получателям; вход 1,107,200 KZT, выход 7,606,224 KZT",0.9338
100000008765494100,2,False,1,0,0.0,0,0,24000.0,1,1,False,0.0,0.0002937205896716869,0.0,22,0.0,0.0,0.3124624150201965,0.0,0.009710286384314247,0.0,0.0,0.0,terminal,0.4281,"1 входящих связей от 1 отправителей; 0 исходящих связей к 0 получателям; вход 24,000 KZT, выход 0 KZT",0.0587
100000008713270100,2,False,1,3,190000.0,3,3,30000.0,1,1,False,6.333333333333333,0.0002912552172830988,1.1888811083225246e-06,2,0.0,0.7737056144690831,0.3597899992899909,0.8987586321850064,0.006124236494433989,0.008837113474529788,0.0,0.7737056144690831,distributor,0.8175,"1 входящих связей от 1 отправителей; 3 исходящих связей к 3 получателям; вход 30,000 KZT, выход 190,000 KZT",0.3615
100000003603979100,2,False,1,0,0.0,0,0,165000.0,3,1,False,0.0,0.0005856463349534333,0.0,34,0.0,0.0,0.7213659032839392,0.0,0.43427343697762233,0.0,0.0,0.0,terminal,0.5303,"1 входящих связей от 1 отправителей; 0 исходящих связей к 0 получателям; вход 165,000 KZT, выход 0 KZT",0.2384
100000000943371100,2,False,1,0,0.0,0,0,15500.0,1,1,False,0.0,0.0003059751638440235,0.0,12,0.0,0.0,0.21973302844823334,0.0,0.027535257258622763,0.0,0.0,0.0,terminal,0.4049,"1 входящих связей от 1 отправителей; 0 исходящих связей к 0 получателям; вход 15,500 KZT, выход 0 KZT",0.0464
100000008672480100,2,False,1,0,0.0,0,0,13000.0,1,1,False,0.0,0.0002899845792550884,0.0,22,0.0,0.0,0.18242877296742985,0.0,0.004276004604298228,0.0,0.0,0.0,terminal,0.3956,"1 входящих связей от 1 отправителей; 0 исходящих связей к 0 получателям; вход 13,000 KZT, выход 0 KZT",0.0339
100000008691168100,2,False,1,0,0.0,0,0,24000.0,1,1,False,0.0,0.0002937205896716869,0.0,22,0.0,0.0,0.3124624150201965,0.0,0.009710286384314247,0.0,0.0,0.0,terminal,0.4281,"1 входящих связей от 1 отправителей; 0 исходящих связей к 0 получателям; вход 24,000 KZT, выход 0 KZT",0.0587
100000003237045100,2,False,1,1,150000.0,1,1,340200.0,2,1,False,0.4409171075837742,0.0003941344320653889,0.0,16,0.0,0.3868528072345416,0.874840259975272,0.8812794912400428,0.1557614606232727,0.0,0.0,0.3868528072345416,peripheral,0.35,"1 входящих связей от 1 отправителей; 1 исходящих связей к 1 получателям; вход 340,200 KZT, выход 150,000 KZT",0.4208
100000008736394100,2,False,1,0,0.0,0,0,16000.0,1,1,False,0.0,0.000291003491186888,0.0,22,0.0,0.0,0.22646658576820314,0.0,0.005758083466281567,0.0,0.0,0.0,terminal,0.4066,"1 входящих связей от 1 отправителей; 0 исходящих связей к 0 получателям; вход 16,000 KZT, выход 0 KZT",0.0422
100000004160650100,2,False,2,10,1489827.0,40,10,75100.0,4,2,False,19.83790945406125,0.00036922766671020936,8.52031460964476e-06,34,0.5849625007211564,1.0,0.5544161152603899,1.0,0.11953612599995413,0.0633324144092848,0.5849625007211564,1.0,distributor,1.0,"2 входящих связей от 2 отправителей; 10 исходящих связей к 10 получателям; вход 75,100 KZT, выход 1,489,827 KZT",0.4936
100000000629812100,2,False,2,0,0.0,0,0,22000.0,2,2,False,0.0,0.00029798400743920154,0.0,31,0.5849625007211564,0.0,0.29400786963261044,0.0,0.015911693305251714,0.0,0.5849625007211564,0.0,consolidator,0.5122,"2 входящих связей от 2 отправителей; 0 исходящих связей к 0 получателям; вход 22,000 KZT, выход 0 KZT",0.1563
100000000955444100,2,False,1,0,0.0,0,0,6910.0,1,1,False,0.0,0.0003525283441776951,0.0,23,0.0,0.0,0.04839854025096381,0.0,0.09524749927133862,0.0,0.0,0.0,terminal,0.3621,"1 входящих связей от 1 отправителей; 0 исходящих связей к 0 получателям; вход 6,910 KZT, выход 0 KZT",0.0325
100000008731444100,2,False,3,9,879767.8,9,9,439000.0,5,3,False,2.0040268792710707,0.0003533618851938035,0.0001305787750640906,0,1.0,1.0,0.9289190423520503,1.0,0.09645986744451232,0.9705468418922167,1.0,1.0,distributor,1.0,"3 входящих связей от 3 отправителей; 9 исходящих связей к 9 получателям; вход 439,000 KZT, выход 879,768 KZT",0.7548
100000008413748100,2,False,2,18,1377320.22,21,18,26480.0,2,2,False,52.01360347432024,0.00039089149206356826,0.0005405446105839744,28,0.5849625007211564,1.0,0.3333188982945192,1.0,0.15104485800341264,1.0,0.5849625007211564,1.0,distributor,1.0,"2 входящих связей от 2 отправителей; 18 исходящих связей к 18 получателям; вход 26,480 KZT, выход 1,377,320 KZT",0.6678
100000006787636100,2,False,1,0,0.0,0,0,20000.0,1,1,False,0.0,0.00035810339492313935,0.0,6,0.0,0.0,0.2737932863595569,0.0,0.10335627609062935,0.0,0.0,0.0,terminal,0.4184,"1 входящих связей от 1 отправителей; 0 исходящих связей к 0 получателям; вход 20,000 KZT, выход 0 KZT",0.0751
100000005942793100,2,False,4,0,0.0,0,0,55000.0,4,4,False,0.0,0.00033223226815400065,0.0,0,1.0,0.0,0.4883498316449107,0.0,0.06572696457802124,0.0,1.0,0.0,consolidator,0.8721,"4 входящих связей от 4 отправителей; 0 исходящих связей к 0 получателям; вход 55,000 KZT, выход 0 KZT",0.2743
100000008730846100,2,False,7,3,363370.0,4,3,155042.0,11,7,False,2.343687516930896,0.0005360575471707999,0.0001319658030238002,11,1.0,0.7737056144690831,0.7081627139707971,0.9467027657777197,0.36216255751277104,0.9808554605052012,1.0,0.7737056144690831,coordinator,0.7643,"7 входящих связей от 7 отправителей; 3 исходящих связей к 3 получателям; вход 155,042 KZT, выход 363,370 KZT",0.7742
100000002570206100,2,False,2,0,0.0,0,0,166959.6,2,2,False,0.0,0.00031851046572736367,0.0,28,0.5849625007211564,0.0,0.7238700561525342,0.0,0.045768336527751856,0.0,0.5849625007211564,0.0,consolidator,0.6197,"2 входящих связей от 2 отправителей; 0 исходящих связей к 0 получателям; вход 166,960 KZT, выход 0 KZT",0.2412
100000000785800100,2,False,1,1,19000.0,1,1,19000.0,1,1,False,1.0,0.00035669797856313927,0.0,39,0.0,0.3868528072345416,0.2629143978036176,0.7285025788863296,0.10131213615877588,0.0,0.0,0.3868528072345416,transit,1.0,"1 входящих связей от 1 отправителей; 1 исходящих связей к 1 получателям; вход 19,000 KZT, выход 19,000 KZT",0.2695
100000007382152100,2,False,1,0,0.0,0,0,5860.0,1,1,False,0.0,0.0002864808806193,0.0,0,0.0,0.0,0.013445263601202387,0.0,0.0,0.0,0.0,0.0,terminal,0.3534,"1 входящих связей от 1 отправителей; 0 исходящих связей к 0 получателям; вход 5,860 KZT, выход 0 KZT",0.0024
100000000910216100,2,False,1,1,52010.0,1,1,71000.0,3,1,False,0.7325352112676057,0.0003232395491094316,9.114755163806021e-05,3,0.0,0.3868528072345416,0.5425086876709375,0.8029602742930616,0.05264691104462464,0.6774815608640706,0.0,0.3868528072345416,coordinator,0.4588,"1 входящих связей от 1 отправителей; 1 исходящих связей к 1 получателям; вход 71,000 KZT, выход 52,010 KZT",0.4702
100000003131016100,2,False,1,1,126000.0,4,1,405700.0,7,1,False,0.31057431599704216,0.0016774572234080564,0.0,0,0.0,0.3868528072345416,0.9121872658784446,0.868387410018759,1.0,0.0,0.0,0.3868528072345416,peripheral,0.35,"1 входящих связей от 1 отправителей; 1 исходящих связей к 1 получателям; вход 405,700 KZT, выход 126,000 KZT",0.6363
100000003221384100,2,False,1,0,0.0,0,0,511200.0,1,1,False,0.0,0.0004482029353149161,0.0,4,0.0,0.0,0.9612140486143703,0.0,0.23439761772204454,0.0,0.0,0.0,terminal,0.5903,"1 входящих связей от 1 отправителей; 0 исходящих связей к 0 получателям; вход 511,200 KZT, выход 0 KZT",0.2316
100000002156381100,2,False,2,1,21800.0,3,1,61000.0,7,2,False,0.35737704918032787,0.0010807758307164056,4.240342619683671e-05,53,0.5849625007211564,0.3868528072345416,0.5103107108255784,0.7386670670361872,1.0,0.31518388556238025,0.5849625007211564,0.3868528072345416,consolidator,0.5663,"2 входящих связей от 2 отправителей; 1 исходящих связей к 1 получателям; вход 61,000 KZT, выход 21,800 KZT",0.6436
100000002779485100,2,False,1,0,0.0,0,0,91000.0,2,1,False,0.0,0.0005469132844919454,0.0,1,0.0,0.0,0.5951476028425162,0.0,0.377949027651586,0.0,0.0,0.0,terminal,0.4988,"1 входящих связей от 1 отправителей; 0 исходящих связей к 0 получателям; вход 91,000 KZT, выход 0 KZT",0.2016
100000008774237100,2,False,1,1,10000.0,1,1,50000.0,1,1,False,0.2,0.00031034904672860115,0.0,34,0.0,0.3868528072345416,0.46813466994857295,0.6810456169100282,0.03389726428672246,0.0,0.0,0.3868528072345416,peripheral,0.35,"1 входящих связей от 1 отправителей; 1 исходящих связей к 1 получателям; вход 50,000 KZT, выход 10,000 KZT",0.2811
100000002628146100,2,False,1,0,0.0,0,0,30500.0,2,1,False,0.0,0.0003192156684704553,0.0,41,0.0,0.0,0.3632957931121717,0.0,0.04679407428332448,0.0,0.0,0.0,terminal,0.4408,"1 входящих связей от 1 отправителей; 0 исходящих связей к 0 получателям; вход 30,500 KZT, выход 0 KZT",0.0771
100000002852402100,2,False,1,0,0.0,0,0,55000.0,1,1,False,0.0,0.00032701738322827813,0.0,4,0.0,0.0,0.4883498316449107,0.0,0.058141845454631476,0.0,0.0,0.0,terminal,0.4721,"1 входящих связей от 1 отправителей; 0 исходящих связей к 0 получателям; вход 55,000 KZT, выход 0 KZT",0.1024
100000006989106100,2,False,1,0,0.0,0,0,64000.0,2,1,False,0.0,0.0004956408524122065,0.0,2,0.0,0.0,0.520493433285067,0.0,0.3033868820758346,0.0,0.0,0.0,terminal,0.4801,"1 входящих связей от 1 отправителей; 0 исходящих связей к 0 получателям; вход 64,000 KZT, выход 0 KZT",0.1695
100000002958343100,2,False,1,2,1390000.0,17,2,2900000.0,4,1,False,0.4793103448275862,0.0006295066258876736,3.962937027741748e-07,2,0.0,0.6131471927654585,1.0,1.0,0.49805108921104296,0.00294570565887353,0.0,0.6131471927654585,peripheral,0.35,"1 входящих связей от 1 отправителей; 2 исходящих связей к 2 получателям; вход 2,900,000 KZT, выход 1,390,000 KZT",0.5894
100000008461532100,2,False,2,8,2530090.0,9,8,565300.0,2,2,False,4.475658942154608,0.0007452506208527052,0.00027126303954892267,14,0.5849625007211564,1.0,0.9825506210359551,1.0,0.6663420746011429,1.0,0.5849625007211564,1.0,distributor,1.0,"2 входящих связей от 2 отправителей; 8 исходящих связей к 8 получателям; вход 565,300 KZT, выход 2,530,090 KZT",0.9134
100000004400305100,2,False,7,82,5830181.0,101,82,222800.0,9,7,False,26.167778276481148,0.0003858174534932498,0.0018742710672704599,0,1.0,1.0,0.7850661715321103,1.0,0.14366503503909947,1.0,1.0,1.0,distributor,1.0,"7 входящих связей от 7 отправителей; 82 исходящих связей к 82 получателям; вход 222,800 KZT, выход 5,830,181 KZT",0.7472
100000000297649100,2,False,1,1,70600.0,2,1,40000.0,1,1,False,1.765,0.0008091385858414682,0.0,8,0.0,0.3868528072345416,0.4208063787121672,0.8255563816618202,0.759226406498861,0.0,0.0,0.3868528072345416,peripheral,0.35,"1 входящих связей от 1 отправителей; 1 исходящих связей к 1 получателям; вход 40,000 KZT, выход 70,600 KZT",0.4799
100000003191430100,2,False,1,0,0.0,0,0,180000.0,1,1,False,0.0,0.0005307375952815085,0.0,16,0.0,0.0,0.7398211449339235,0.0,0.35442619304147244,0.0,0.0,0.0,terminal,0.535,"1 входящих связей от 1 отправителей; 0 исходящих связей к 0 получателям; вход 180,000 KZT, выход 0 KZT",0.2218
100000003275398100,2,False,1,1,20000.0,1,1,300000.0,1,1,False,0.06666666666666667,0.0004342478092851559,0.0,34,0.0,0.3868528072345416,0.8481681722159543,0.7322951533772758,0.2141019665285156,0.0,0.0,0.3868528072345416,peripheral,0.35,"1 входящих связей от 1 отправителей; 1 исходящих связей к 1 получателям; вход 300,000 KZT, выход 20,000 KZT",0.4038
100000005203590100,2,False,1,0,0.0,0,0,90000.0,1,1,False,0.0,0.00030262706341471605,0.0,2,0.0,0.0,0.5928039285509907,0.0,0.02266527759965657,0.0,0.0,0.0,terminal,0.4982,"1 входящих связей от 1 отправителей; 0 исходящих связей к 0 получателям; вход 90,000 KZT, выход 0 KZT",0.1124
100000008672603100,2,False,1,0,0.0,0,0,21200.0,1,1,False,0.0,0.00029721303813419714,0.0,3,0.0,0.0,0.28615167936067903,0.0,0.014790272347181723,0.0,0.0,0.0,terminal,0.4215,"1 входящих связей от 1 отправителей; 0 исходящих связей к 0 получателям; вход 21,200 KZT, выход 0 KZT",0.0552
100000000718427100,2,False,1,0,0.0,0,0,6000.0,1,1,False,0.0,0.00028760711808088936,0.0,22,0.0,0.0,0.018452135654394897,0.0,0.0008178147220562676,0.0,0.0,0.0,terminal,0.3546,"1 входящих связей от 1 отправителей; 0 исходящих связей к 0 получателям; вход 6,000 KZT, выход 0 KZT",0.0035
100000003104347100,2,False,1,1,32000.0,1,1,418000.0,1,1,False,0.07655502392344497,0.00036431706006781543,1.922024458454748e-05,29,0.0,0.3868528072345416,0.9185222201613878,0.7670471445731226,0.1123938488962007,0.1428653798145826,0.0,0.3868528072345416,peripheral,0.35,"1 входящих связей от 1 отправителей; 1 исходящих связей к 1 получателям; вход 418,000 KZT, выход 32,000 KZT",0.4287
100000002974256100,2,False,1,0,0.0,0,0,7200.0,1,1,False,0.0,0.0005319059485796723,0.0,8,0.0,0.0,0.05711714091467501,0.0,0.3561252357934939,0.0,0.0,0.0,terminal,0.3643,"1 входящих связей от 1 отправителей; 0 исходящих связей к 0 получателям; вход 7,200 KZT, выход 0 KZT",0.0993
100000007173936100,2,False,1,0,0.0,0,0,10000.0,1,1,False,0.0,0.00028681863055512584,0.0,33,0.0,0.0,0.1267854959781863,0.0,0.0,0.0,0.0,0.0,terminal,0.3817,"1 входящих связей от 1 отправителей; 0 исходящих связей к 0 получателям; вход 10,000 KZT, выход 0 KZT",0.0228
100000002744581100,2,False,1,0,0.0,0,0,12000.0,1,1,False,0.0,0.000324957711378837,0.0,2,0.0,0.0,0.1654528573592594,0.0,0.05514601460471695,0.0,0.0,0.0,terminal,0.3914,"1 входящих связей от 1 отправителей; 0 исходящих связей к 0 получателям; вход 12,000 KZT, выход 0 KZT",0.0436
100000000596954100,2,False,1,2,48100.0,2,2,120000.0,1,1,False,0.4008333333333333,0.0005156144546495886,4.834783173844933e-05,3,0.0,0.6131471927654585,0.653821486275727,0.7971814779178878,0.3324336401777638,0.35936747434271626,0.0,0.6131471927654585,coordinator,0.3499,"1 входящих связей от 1 отправителей; 2 исходящих связей к 2 получателям; вход 120,000 KZT, выход 48,100 KZT",0.5276
100000004950490100,2,False,1,0,0.0,0,0,10000.0,1,1,False,0.0,0.00033064166313549905,0.0,2,0.0,0.0,0.1267854959781863,0.0,0.06341341272417958,0.0,0.0,0.0,terminal,0.3817,"1 входящих связей от 1 отправителей; 0 исходящих связей к 0 получателям; вход 10,000 KZT, выход 0 KZT",0.0387
100000008772058100,2,False,1,0,0.0,0,0,50000.0,1,1,False,0.0,0.00030255115974728324,0.0,22,0.0,0.0,0.46813466994857295,0.0,0.02255487172716506,0.0,0.0,0.0,terminal,0.467,"1 входящих связей от 1 отправителей; 0 исходящих связей к 0 получателям; вход 50,000 KZT, выход 0 KZT",0.0899
100000000971908100,2,False,1,0,0.0,0,0,89000.0,1,1,False,0.0,0.00030243753264585577,0.0,2,0.0,0.0,0.5904340677052772,0.0,0.022389595122165862,0.0,0.0,0.0,terminal,0.4976,"1 входящих связей от 1 отправителей; 0 исходящих связей к 0 получателям; вход 89,000 KZT, выход 0 KZT",0.1119
100000008687492100,2,False,1,0,0.0,0,0,15000.0,1,1,False,0.0,0.0002906638538762881,0.0,22,0.0,0.0,0.21277867430530759,0.0,0.005264057346694809,0.0,0.0,0.0,terminal,0.4032,"1 входящих связей от 1 отправителей; 0 исходящих связей к 0 получателям; вход 15,000 KZT, выход 0 KZT",0.0396
100000003159641100,2,False,4,1,197800.0,1,1,64000.0,7,4,False,3.090625,0.0003052153968344306,5.8849614861964964e-05,45,1.0,0.3868528072345416,0.520493433285067,0.9017335086471647,0.026430139543855,0.43742450601392,1.0,0.3868528072345416,consolidator,0.8801,"4 входящих связей от 4 отправителей; 1 исходящих связей к 1 получателям; вход 64,000 KZT, выход 197,800 KZT",0.5288
100000005326681100,2,False,1,0,0.0,0,0,31228.0,1,1,False,0.0,0.0002955041990377062,0.0,4,0.0,0.0,0.36829880400840814,0.0,0.01230466061180563,0.0,0.0,0.0,terminal,0.4421,"1 входящих связей от 1 отправителей; 0 исходящих связей к 0 получателям; вход 31,228 KZT, выход 0 KZT",0.0694
100000006888238100,2,False,1,1,30000.0,1,1,18000.0,1,1,False,1.6666666666666667,0.0006097535591566906,3.962937027741748e-07,52,0.0,0.3868528072345416,0.25144721385475965,0.762275140587193,0.4693283193039267,0.00294570565887353,0.0,0.3868528072345416,peripheral,0.35,"1 входящих связей от 1 отправителей; 1 исходящих связей к 1 получателям; вход 18,000 KZT, выход 30,000 KZT",0.3662
100000001290243100,2,False,1,0,0.0,0,0,10000.0,1,1,False,0.0,0.0003199489735535746,0.0,16,0.0,0.0,0.1267854959781863,0.0,0.04786068693712184,0.0,0.0,0.0,terminal,0.3817,"1 входящих связей от 1 отправителей; 0 исходящих связей к 0 получателям; вход 10,000 KZT, выход 0 KZT",0.0348
100000008289539100,2,False,1,0,0.0,0,0,14912.0,1,1,False,0.0,0.0002903134116978219,0.0,4,0.0,0.0,0.21153075746147315,0.0,0.004754314618547514,0.0,0.0,0.0,terminal,0.4029,"1 входящих связей от 1 отправителей; 0 исходящих связей к 0 получателям; вход 14,912 KZT, выход 0 KZT",0.0393
100000000821507100,2,False,1,0,0.0,0,0,400000.0,1,1,False,0.0,0.0003355427477307156,0.0,33,0.0,0.0,0.9091861423574124,0.0,0.0705420804052542,0.0,0.0,0.0,terminal,0.5773,"1 входящих связей от 1 отправителей; 0 исходящих связей к 0 получателям; вход 400,000 KZT, выход 0 KZT",0.1813
100000003086040100,2,False,1,0,0.0,0,0,10500.0,1,1,False,0.0,0.0005480623170204768,0.0,0,0.0,0.0,0.13713301205599157,0.0,0.3796199467559006,0.0,0.0,0.0,terminal,0.3843,"1 входящих связей от 1 отправителей; 0 исходящих связей к 0 получателям; вход 10,500 KZT, выход 0 KZT",0.1196
100000002969048100,2,False,1,0,0.0,0,0,108470.0,1,1,False,0.0,0.00030612769671556556,0.0,2,0.0,0.0,0.6323954602740812,0.0,0.0277571235668842,0.0,0.0,0.0,terminal,0.5081,"1 входящих связей от 1 отправителей; 0 исходящих связей к 0 получателям; вход 108,470 KZT, выход 0 KZT",0.1208
100000002826669100,2,False,1,0,0.0,0,0,159900.0,4,1,False,0.0,0.0004762394546257387,0.0,0,0.0,0.0,0.7147065864838497,0.0,0.2751717013036984,0.0,0.0,0.0,terminal,0.5287,"1 входящих связей от 1 отправителей; 0 исходящих связей к 0 получателям; вход 159,900 KZT, выход 0 KZT",0.1974
100000002293421100,2,False,2,2,47000.0,5,2,41000.0,6,2,False,1.146341463414634,0.0009748338691844273,1.9616538287321655e-05,0,0.5849625007211564,0.6131471927654585,0.42604361940675495,0.7954708789480391,1.0,0.14581102885737232,0.5849625007211564,0.6131471927654585,transit,0.9317,"2 входящих связей от 2 отправителей; 2 исходящих связей к 2 получателям; вход 41,000 KZT, выход 47,000 KZT",0.6062
100000004732589100,2,False,1,0,0.0,0,0,227520.0,1,1,False,0.0,0.00039397292658312265,0.0,11,0.0,0.0,0.7895125963119302,0.0,0.15552656389155387,0.0,0.0,0.0,terminal,0.5474,"1 входящих связей от 1 отправителей; 0 исходящих связей к 0 получателям; вход 227,520 KZT, выход 0 KZT",0.181
100000003003821100,2,False,1,0,0.0,0,0,40000.0,1,1,False,0.0,0.00043793729055400355,0.0,3,0.0,0.0,0.4208063787121672,0.0,0.2194677947508589,0.0,0.0,0.0,terminal,0.4552,"1 входящих связей от 1 отправителей; 0 исходящих связей к 0 получателям; вход 40,000 KZT, выход 0 KZT",0.1306
100000005237935150,2,False,1,0,0.0,0,0,34508.0,1,1,False,0.0,0.0002979773495560404,0.0,24,0.0,0.0,0.38948213983380625,0.0,0.0159020090197524,0.0,0.0,0.0,terminal,0.4474,"1 входящих связей от 1 отправителей; 0 исходящих связей к 0 получателям; вход 34,508 KZT, выход 0 KZT",0.0741
100000004463277100,2,False,1,0,0.0,0,0,35000.0,1,1,False,0.0,0.0006919245189792441,0.0,27,0.0,0.0,0.39248476609146365,0.0,0.5888087014985,0.0,0.0,0.0,terminal,0.4481,"1 входящих связей от 1 отправителей; 0 исходящих связей к 0 получателям; вход 35,000 KZT, выход 0 KZT",0.2178
100000006523053100,2,False,1,0,0.0,0,0,5000.0,1,1,False,0.0,0.0005386541417252811,0.0,3,0.0,0.0,0.0,0.0,0.36593855451495605,0.0,0.0,0.0,terminal,0.35,"1 входящих связей от 1 отправителей; 0 исходящих связей к 0 получателям; вход 5,000 KZT, выход 0 KZT",0.0915
100000001954903100,2,False,1,0,0.0,0,0,27118.0,1,1,False,0.0,0.00029848987132038724,0.0,11,0.0,0.0,0.3383684475373353,0.0,0.01664750210146823,0.0,0.0,0.0,terminal,0.4346,"1 входящих связей от 1 отправителей; 0 исходящих связей к 0 получателям; вход 27,118 KZT, выход 0 KZT",0.0651
100000005328215100,2,False,1,0,0.0,0,0,27000.0,1,1,False,0.0,0.000298433649323995,0.0,11,0.0,0.0,0.33744353403694743,0.0,0.016565723916215035,0.0,0.0,0.0,terminal,0.4344,"1 входящих связей от 1 отправителей; 0 исходящих связей к 0 получателям; вход 27,000 KZT, выход 0 KZT",0.0649
100000004424023100,2,False,1,1,100000.0,1,1,50000.0,1,1,False,2.0,0.000971714391152958,2.0409125692870002e-05,2,0.0,0.3868528072345416,0.46813466994857295,0.8512985181756111,0.9955625728669664,0.15170232344099552,0.0,0.3868528072345416,peripheral,0.35,"1 входящих связей от 1 отправителей; 1 исходящих связей к 1 получателям; вход 50,000 KZT, выход 100,000 KZT",0.5855
100000002299948100,2,False,1,0,0.0,0,0,6750.0,1,1,False,0.0,0.0002930156229454497,0.0,41,0.0,0.0,0.04343030937971895,0.0,0.008684865787347923,0.0,0.0,0.0,terminal,0.3609,"1 входящих связей от 1 отправителей; 0 исходящих связей к 0 получателям; вход 6,750 KZT, выход 0 KZT",0.01
100000005105153100,2,False,1,0,0.0,0,0,30000.0,1,1,False,0.0,0.00040101696682756774,0.0,0,0.0,0.0,0.3597899992899909,0.0,0.16577151853068386,0.0,0.0,0.0,terminal,0.4399,"1 входящих связей от 1 отправителей; 0 исходящих связей к 0 получателям; вход 30,000 KZT, выход 0 KZT",0.1062
100000001985793100,2,False,1,0,0.0,0,0,420000.0,1,1,False,0.0,0.0003726610761384919,0.0,48,0.0,0.0,0.9195346430992699,0.0,0.1245298591705468,0.0,0.0,0.0,terminal,0.5799,"1 входящих связей от 1 отправителей; 0 исходящих связей к 0 получателям; вход 420,000 KZT, выход 0 KZT",0.1966
100000003134934100,2,False,4,0,0.0,0,0,379354.0,4,4,False,0.0,0.00042447911385230347,0.0,0,1.0,0.0,0.8979458430822798,0.0,0.1998946863180916,0.0,1.0,0.0,consolidator,0.9745,"4 входящих связей от 4 отправителей; 0 исходящих связей к 0 получателям; вход 379,354 KZT, выход 0 KZT",0.3816
100000006240939100,2,False,1,5,778015.0,5,5,160000.0,1,1,False,4.86259375,0.00031874711590155753,4.161083879128836e-06,48,0.0,1.0,0.7148391912915051,1.0,0.04611255112101844,0.03092985119602786,0.0,1.0,distributor,1.0,"1 входящих связей от 1 отправителей; 5 исходящих связей к 5 получателям; вход 160,000 KZT, выход 778,015 KZT",0.497
100000008656043100,2,False,1,0,0.0,0,0,26200.0,1,1,False,0.0,0.0002944677917550065,0.0,22,0.0,0.0,0.3310642641601074,0.0,0.010797140304728475,0.0,0.0,0.0,terminal,0.4328,"1 входящих связей от 1 отправителей; 0 исходящих связей к 0 получателям; вход 26,200 KZT, выход 0 KZT",0.0623
100000002605184100,2,False,1,0,0.0,0,0,140000.0,1,1,False,0.0,0.00039107352079071413,0.0,4,0.0,0.0,0.686517010557567,0.0,0.15130960495658893,0.0,0.0,0.0,terminal,0.5216,"1 входящих связей от 1 отправителей; 0 исходящих связей к 0 получателям; вход 140,000 KZT, выход 0 KZT",0.1614
100000003157333100,2,False,1,0,0.0,0,0,30000.0,1,1,False,0.0,0.0002912552172830988,0.0,2,0.0,0.0,0.3597899992899909,0.0,0.006124236494433989,0.0,0.0,0.0,terminal,0.4399,"1 входящих связей от 1 отправителей; 0 исходящих связей к 0 получателям; вход 30,000 KZT, выход 0 KZT",0.0663
100000007898453100,2,False,1,2,320000.0,2,2,24750.0,1,1,False,12.929292929292929,0.0003330161085564517,2.3975769017837576e-05,3,0.0,0.6131471927654585,0.31898889938788944,0.9373046207183126,0.06686706739603898,0.17821309128520602,0.0,0.6131471927654585,peripheral,0.35,"1 входящих связей от 1 отправителей; 2 исходящих связей к 2 получателям; вход 24,750 KZT, выход 320,000 KZT",0.3863
100000002710570100,2,False,1,0,0.0,0,0,225015.0,1,1,False,0.0,0.0005391306175502192,0.0,36,0.0,0.0,0.7871644006379545,0.0,0.36663144995389657,0.0,0.0,0.0,terminal,0.5468,"1 входящих связей от 1 отправителей; 0 исходящих связей к 0 получателям; вход 225,015 KZT, выход 0 KZT",0.2333
100000004979498100,2,False,1,1,200000.0,1,1,700000.0,2,1,False,0.2857142857142857,0.001318982766627467,7.925874055483496e-07,58,0.0,0.3868528072345416,1.0,0.9025513817937174,1.0,0.00589141015038315,0.0,0.3868528072345416,peripheral,0.35,"1 входящих связей от 1 отправителей; 1 исходящих связей к 1 получателям; вход 700,000 KZT, выход 200,000 KZT",0.6595
100000001541418100,2,False,2,0,0.0,0,0,96900.0,2,2,False,0.0,0.0003035306386081866,0.0,5,0.5849625007211564,0.0,0.6084717557316628,0.0,0.023979574551692917,0.0,0.5849625007211564,0.0,consolidator,0.5908,"2 входящих связей от 2 отправителей; 0 исходящих связей к 0 получателям; вход 96,900 KZT, выход 0 KZT",0.215
100000007797290100,2,False,1,1,20000.0,1,1,100000.0,1,1,False,0.2,0.00030112537616284985,1.922024458454748e-05,0,0.0,0.3868528072345416,0.6151509436747945,0.7322951533772758,0.020480993031892554,0.1428653798145826,0.0,0.3868528072345416,peripheral,0.35,"1 входящих связей от 1 отправителей; 1 исходящих связей к 1 получателям; вход 100,000 KZT, выход 20,000 KZT",0.3449
100000008683818100,2,False,1,0,0.0,0,0,17400.0,1,1,False,0.0,0.00029147898342172775,0.0,22,0.0,0.0,0.24425700920964855,0.0,0.006449719751898312,0.0,0.0,0.0,terminal,0.4111,"1 входящих связей от 1 отправителей; 0 исходящих связей к 0 получателям; вход 17,400 KZT, выход 0 KZT",0.0456
100000006567935100,2,False,1,0,0.0,0,0,200000.0,1,1,False,0.0,0.0003105560209740029,0.0,33,0.0,0.0,0.7621682778906999,0.0,0.034198316835131415,0.0,0.0,0.0,terminal,0.5405,"1 входящих связей от 1 отправителей; 0 исходящих связей к 0 получателям; вход 200,000 KZT, выход 0 KZT",0.1457
100000002132479100,2,False,1,1,20000.0,1,1,30000.0,2,1,False,0.6666666666666666,0.0006060232510344723,0.0,40,0.0,0.3868528072345416,0.3597899992899909,0.7322951533772758,0.46390404566433285,0.0,0.0,0.3868528072345416,peripheral,0.35,"1 входящих связей от 1 отправителей; 1 исходящих связей к 1 получателям; вход 30,000 KZT, выход 20,000 KZT",0.3783
100000002170580100,2,False,1,0,0.0,0,0,150000.0,1,1,False,0.0,0.0003570379336989835,0.0,11,0.0,0.0,0.7011504844999529,0.0,0.10180659193577322,0.0,0.0,0.0,terminal,0.5253,"1 входящих связей от 1 отправителей; 0 исходящих связей к 0 получателям; вход 150,000 KZT, выход 0 KZT",0.1517
100000001232297100,2,False,1,2,45000.0,2,2,5000.0,1,1,False,9.0,0.000292151832806559,0.0,12,0.0,0.6131471927654585,0.0,0.7922555385618377,0.007428425076789425,0.0,0.0,0.6131471927654585,peripheral,0.35,"1 входящих связей от 1 отправителей; 2 исходящих связей к 2 получателям; вход 5,000 KZT, выход 45,000 KZT",0.2487
100000002028158100,2,False,1,0,0.0,0,0,34800.0,1,1,False,0.0,0.00029664059842346663,0.0,4,0.0,0.0,0.39126930928841386,0.0,0.013957623996919685,0.0,0.0,0.0,terminal,0.4478,"1 входящих связей от 1 отправителей; 0 исходящих связей к 0 получателям; вход 34,800 KZT, выход 0 KZT",0.0739
100000005519998100,2,False,3,3,188000.0,8,3,182000.0,5,3,False,1.032967032967033,0.0006524582538824888,8.916608312418933e-05,62,1.0,0.7737056144690831,0.7421648321741176,0.8979761656841849,0.5314241482752698,0.6627543574090793,1.0,0.7737056144690831,transit,0.9838,"3 входящих связей от 3 отправителей; 3 исходящих связей к 3 получателям; вход 182,000 KZT, выход 188,000 KZT",0.7439
100000002335358100,2,False,1,0,0.0,0,0,140000.0,2,1,False,0.0,0.0006124866171005871,0.0,16,0.0,0.0,0.686517010557567,0.0,0.47330246990888186,0.0,0.0,0.0,terminal,0.5216,"1 входящих связей от 1 отправителей; 0 исходящих связей к 0 получателям; вход 140,000 KZT, выход 0 KZT",0.2419
100000007289427100,2,False,1,0,0.0,0,0,12300.0,1,1,False,0.0,0.0003736269529532959,0.0,3,0.0,0.0,0.1706897963139908,0.0,0.12593467866087837,0.0,0.0,0.0,terminal,0.3927,"1 входящих связей от 1 отправителей; 0 исходящих связей к 0 получателям; вход 12,300 KZT, выход 0 KZT",0.0622
100000004592467100,2,False,1,0,0.0,0,0,7000.0,1,1,False,0.0,0.0002866229494599155,0.0,3,0.0,0.0,0.05114286315444276,0.0,0.0,0.0,0.0,0.0,terminal,0.3628,"1 входящих связей от 1 отправителей; 0 исходящих связей к 0 получателям; вход 7,000 KZT, выход 0 KZT",0.0092
100000004993576100,2,False,1,0,0.0,0,0,167000.0,1,1,False,0.0,0.0003386988287699184,0.0,4,0.0,0.0,0.723921373127209,0.0,0.07513260763626929,0.0,0.0,0.0,terminal,0.531,"1 входящих связей от 1 отправителей; 0 исходящих связей к 0 получателям; вход 167,000 KZT, выход 0 KZT",0.1491
100000001648936100,2,False,1,0,0.0,0,0,92740.0,1,1,False,0.0,0.00030314637772139324,0.0,2,0.0,0.0,0.5991648634173009,0.0,0.023420647320342245,0.0,0.0,0.0,terminal,0.4998,"1 входящих связей от 1 отправителей; 0 исходящих связей к 0 получателям; вход 92,740 KZT, выход 0 KZT",0.1137
100000008512552100,2,False,4,6,1302275.0,11,6,394360.0,9,4,False,3.3022492139162187,0.0004258788196805501,0.0011732275070629446,28,1.0,1.0,0.906174217364438,1.0,0.20193038250988637,1.0,1.0,1.0,distributor,1.0,"4 входящих связей от 4 отправителей; 6 исходящих связей к 6 получателям; вход 394,360 KZT, выход 1,302,275 KZT",0.7836
100000007629096100,2,False,4,1,765205.0,5,1,1075170.0,5,4,False,0.7117060557865268,0.00247240594710724,0.00013454171209183234,0,1.0,0.3868528072345416,1.0,1.0,1.0,1.0,1.0,0.3868528072345416,consolidator,1.0,"4 входящих связей от 4 отправителей; 1 исходящих связей к 1 получателям; вход 1,075,170 KZT, выход 765,205 KZT",1.0
100000001601320100,2,False,2,1,46200.0,1,1,43500.0,2,2,False,1.0620689655172413,0.0008117637398617537,9.90734256935437e-07,2,0.5849625007211564,0.3868528072345416,0.4385974420649422,0.7942014709682162,0.7630428932924862,0.007364261958376784,0.5849625007211564,0.3868528072345416,consolidator,0.5484,"2 входящих связей от 2 отправителей; 1 исходящих связей к 1 получателям; вход 43,500 KZT, выход 46,200 KZT",0.5137
100000005782781100,2,False,6,10,1263597.0,10,10,171888.0,10,6,False,7.351281066741134,0.0004875096527600837,0.0006291162531540025,2,1.0,1.0,0.7300403494669075,1.0,0.2915618590331427,1.0,1.0,1.0,distributor,1.0,"6 входящих связей от 6 отправителей; 10 исходящих связей к 10 получателям; вход 171,888 KZT, выход 1,263,597 KZT",0.7743
100000002723538100,2,False,3,12,560499.0,14,12,105647.0,3,3,False,5.305394379395534,0.00032031316061285913,0.0002534298229240848,1,1.0,1.0,0.6268023027821579,0.978749930735623,0.04839040686083975,1.0,1.0,1.0,distributor,0.9926,"3 входящих связей от 3 отправителей; 12 исходящих связей к 12 получателям; вход 105,647 KZT, выход 560,499 KZT",0.6911
100000002340562100,2,False,1,0,0.0,0,0,36650.0,2,1,False,0.0,0.0005308569205030113,0.0,2,0.0,0.0,0.4022550823693894,0.0,0.3545997182579709,0.0,0.0,0.0,terminal,0.4506,"1 входящих связей от 1 отправителей; 0 исходящих связей к 0 получателям; вход 36,650 KZT, выход 0 KZT",0.1611
100000005939154100,2,False,1,0,0.0,0,0,22000.0,2,1,False,0.0,0.00029369666480402615,0.0,16,0.0,0.0,0.29400786963261044,0.0,0.009675486098266227,0.0,0.0,0.0,terminal,0.4235,"1 входящих связей от 1 отправителей; 0 исходящих связей к 0 получателям; вход 22,000 KZT, выход 0 KZT",0.0553
100000004386258100,2,False,3,3,40000.0,3,3,61700.0,3,3,False,0.6482982171799028,0.0005336690126056135,0.00012047328564334914,8,1.0,0.7737056144690831,0.5127307774426605,0.7835465382062168,0.3586891150337119,0.8954407604746606,1.0,0.7737056144690831,coordinator,0.7076,"3 входящих связей от 3 отправителей; 3 исходящих связей к 3 получателям; вход 61,700 KZT, выход 40,000 KZT",0.69
100000008406609100,2,False,1,0,0.0,0,0,34000.0,1,1,False,0.0,0.00043050382065094726,0.0,49,0.0,0.0,0.3863366092262719,0.0,0.20865684483006833,0.0,0.0,0.0,terminal,0.4466,"1 входящих связей от 1 отправителей; 0 исходящих связей к 0 получателям; вход 34,000 KZT, выход 0 KZT",0.1217
100000007242833100,2,False,1,1,45000.0,2,1,107500.0,3,1,False,0.4186046511627907,0.0005138001156911164,1.981468513870874e-05,8,0.0,0.3868528072345416,0.6304902039341538,0.7922555385618377,0.32979514833452417,0.14728385294102248,0.0,0.3868528072345416,peripheral,0.35,"1 входящих связей от 1 отправителей; 1 исходящих связей к 1 получателям; вход 107,500 KZT, выход 45,000 KZT",0.4367
100000004698193100,2,False,2,3,38000.0,5,3,222700.0,15,2,False,0.17063313875168387,0.0008254145941905135,1.5851748110966993e-06,2,0.5849625007211564,0.7737056144690831,0.784970951886611,0.7797538664296205,0.7828885409139823,0.011782815631314366,0.5849625007211564,0.7737056144690831,distributor,0.7758,"2 входящих связей от 2 отправителей; 3 исходящих связей к 3 получателям; вход 222,700 KZT, выход 38,000 KZT",0.6115
100000002733905100,2,False,3,2,717839.0,3,2,100000.0,5,3,False,7.17839,0.0029169603294352192,1.7833216624837866e-06,22,1.0,0.6131471927654585,0.6151509436747945,0.9970446669579459,1.0,0.013255666271946173,1.0,0.6131471927654585,peripheral,0.35,"3 входящих связей от 3 отправителей; 2 исходящих связей к 2 получателям; вход 100,000 KZT, выход 717,839 KZT",0.7131
100000006912294100,2,False,1,2,30000.0,2,2,6335.09,1,1,False,4.7355286191672095,0.000498922067320617,5.944405541612623e-07,5,0.0,0.6131471927654585,0.029976892655996207,0.762275140587193,0.3081586528189563,0.004418558050548771,0.0,0.6131471927654585,peripheral,0.35,"1 входящих связей от 1 отправителей; 2 исходящих связей к 2 получателям; вход 6,335 KZT, выход 30,000 KZT",0.3249
100000003036198100,2,False,1,0,0.0,0,0,15000.0,1,1,False,0.0,0.0002879340067316291,0.0,3,0.0,0.0,0.21277867430530759,0.0,0.0012932984841338092,0.0,0.0,0.0,terminal,0.4032,"1 входящих связей от 1 отправителей; 0 исходящих связей к 0 получателям; вход 15,000 KZT, выход 0 KZT",0.0386
100000004687099100,2,False,1,0,0.0,0,0,30000.0,1,1,False,0.0,0.00033422473963996775,0.0,2,0.0,0.0,0.3597899992899909,0.0,0.06862503027678978,0.0,0.0,0.0,terminal,0.4399,"1 входящих связей от 1 отправителей; 0 исходящих связей к 0 получателям; вход 30,000 KZT, выход 0 KZT",0.0819
100000005242320100,2,False,2,21,8936295.0,29,21,365700.0,2,2,False,24.43613617719442,0.00050012413141856,2.9523880856676023e-05,24,0.5849625007211564,1.0,0.8901709250516141,1.0,0.30990677404918937,0.21945187555083315,0.5849625007211564,1.0,distributor,1.0,"2 входящих связей от 2 отправителей; 21 исходящих связей к 21 получателям; вход 365,700 KZT, выход 8,936,295 KZT",0.636
100000008762832100,2,False,1,1,85000.0,4,1,150000.0,1,1,False,0.5666666666666667,0.00030814762084497525,0.0,3,0.0,0.3868528072345416,0.7011504844999529,0.8392815463091968,0.0306951959861789,0.0,0.0,0.3868528072345416,peripheral,0.35,"1 входящих связей от 1 отправителей; 1 исходящих связей к 1 получателям; вход 150,000 KZT, выход 85,000 KZT",0.3507
100000002489253100,2,False,1,0,0.0,0,0,51000.0,1,1,False,0.0,0.0003018444912491921,0.0,16,0.0,0.0,0.4723347776672105,0.0,0.02152698486409305,0.0,0.0,0.0,terminal,0.4681,"1 входящих связей от 1 отправителей; 0 исходящих связей к 0 получателям; вход 51,000 KZT, выход 0 KZT",0.0904
100000004756901100,2,False,1,0,0.0,0,0,153248.0,1,1,False,0.0,0.0003109522914570356,0.0,16,0.0,0.0,0.705694167559925,0.0,0.03477470836912553,0.0,0.0,0.0,terminal,0.5264,"1 входящих связей от 1 отправителей; 0 исходящих связей к 0 получателям; вход 153,248 KZT, выход 0 KZT",0.1357
100000008749989100,2,False,1,0,0.0,0,0,16000.0,1,1,False,0.0,0.000291003491186888,0.0,22,0.0,0.0,0.22646658576820314,0.0,0.005758083466281567,0.0,0.0,0.0,terminal,0.4066,"1 входящих связей от 1 отправителей; 0 исходящих связей к 0 получателям; вход 16,000 KZT, выход 0 KZT",0.0422
100000001380986100,2,False,1,0,0.0,0,0,70170.0,1,1,False,0.0,0.00029217226654781626,0.0,5,0.0,0.0,0.5400146056017082,0.0,0.007458147336921299,0.0,0.0,0.0,terminal,0.485,"1 входящих связей от 1 отправителей; 0 исходящих связей к 0 получателям; вход 70,170 KZT, выход 0 KZT",0.0991
100000003089018100,2,False,1,0,0.0,0,0,230000.0,1,1,False,0.0,0.0003072122133568228,0.0,5,0.0,0.0,0.7918120261541519,0.0,0.02933460356990951,0.0,0.0,0.0,terminal,0.548,"1 входящих связей от 1 отправителей; 0 исходящих связей к 0 получателям; вход 230,000 KZT, выход 0 KZT",0.1499
100000008742266100,2,False,1,0,0.0,0,0,21000.0,1,1,False,0.0,0.0002927016777398873,0.0,22,0.0,0.0,0.28414130736987286,0.0,0.008228211548104773,0.0,0.0,0.0,terminal,0.421,"1 входящих связей от 1 отправителей; 0 исходящих связей к 0 получателям; вход 21,000 KZT, выход 0 KZT",0.0532
100000003044431100,2,False,2,0,0.0,0,0,60000.0,2,2,False,0.0,0.0003024585785488682,0.0,3,0.5849625007211564,0.0,0.5068048590547116,0.0,0.022420207498230156,0.0,0.5849625007211564,0.0,consolidator,0.5654,"2 входящих связей от 2 отправителей; 0 исходящих связей к 0 получателям; вход 60,000 KZT, выход 0 KZT",0.1963
100000003321423100,2,False,1,0,0.0,0,0,100000.0,2,1,False,0.0,0.0006711029646605598,0.0,53,0.0,0.0,0.6151509436747945,0.0,0.5585341250253048,0.0,0.0,0.0,terminal,0.5038,"1 входящих связей от 1 отправителей; 0 исходящих связей к 0 получателям; вход 100,000 KZT, выход 0 KZT",0.2504
100000002540623100,2,False,1,0,0.0,0,0,100000.0,1,1,False,0.0,0.00033321505387175237,0.0,11,0.0,0.0,0.6151509436747945,0.0,0.06715643497963983,0.0,0.0,0.0,terminal,0.5038,"1 входящих связей от 1 отправителей; 0 исходящих связей к 0 получателям; вход 100,000 KZT, выход 0 KZT",0.1275
100000004225615100,2,False,1,0,0.0,0,0,90000.0,2,1,False,0.0,0.0002940382625762377,0.0,5,0.0,0.0,0.5928039285509907,0.0,0.010172362338807386,0.0,0.0,0.0,terminal,0.4982,"1 входящих связей от 1 отправителей; 0 исходящих связей к 0 получателям; вход 90,000 KZT, выход 0 KZT",0.1092
100000004820260100,2,False,1,3,215350.0,10,3,234200.0,12,1,False,0.9195132365499573,0.0014014565775826925,3.903492972325622e-05,4,0.0,0.7737056144690831,0.7956502504076631,0.908019220716665,1.0,0.2901464020063809,0.0,0.7737056144690831,distributor,0.8207,"1 входящих связей от 1 отправителей; 3 исходящих связей к 3 получателям; вход 234,200 KZT, выход 215,350 KZT",0.752
100000000795129100,2,False,1,0,0.0,0,0,332000.0,1,1,False,0.0,0.0003911920814716169,0.0,4,0.0,0.0,0.8696652426656304,0.0,0.1514820424328706,0.0,0.0,0.0,terminal,0.5674,"1 входящих связей от 1 отправителей; 0 исходящих связей к 0 получателям; вход 332,000 KZT, выход 0 KZT",0.1944
100000008213966100,2,False,3,1,436900.0,8,1,187004.0,7,3,False,2.336313661739856,0.001933551952419576,4.319601360238506e-05,15,1.0,0.3868528072345416,0.7479177306219976,0.9603291104381604,1.0,0.3210750459074795,1.0,0.3868528072345416,consolidator,0.937,"3 входящих связей от 3 отправителей; 1 исходящих связей к 1 получателям; вход 187,004 KZT, выход 436,900 KZT",0.7981
100000008478414100,2,False,1,0,0.0,0,0,10000.0,1,1,False,0.0,0.00028896566732328877,0.0,22,0.0,0.0,0.1267854959781863,0.0,0.0027939242326439602,0.0,0.0,0.0,terminal,0.3817,"1 входящих связей от 1 отправителей; 0 исходящих связей к 0 получателям; вход 10,000 KZT, выход 0 KZT",0.0235
100000001330595100,2,False,3,1,154000.0,1,1,87000.0,6,3,False,1.7701149425287357,0.0006755694259219595,1.1888811083225246e-06,34,1.0,0.3868528072345416,0.5856133988662993,0.8832254535214422,0.5650284205987348,0.008837113474529788,1.0,0.3868528072345416,consolidator,0.8964,"3 входящих связей от 3 отправителей; 1 исходящих связей к 1 получателям; вход 87,000 KZT, выход 154,000 KZT",0.5776
100000000076451100,2,False,3,4,58000.0,4,4,87707.0,4,3,False,0.661292713238396,0.0013962008641423907,9.76863977338341e-05,4,1.0,0.8982444017039272,0.5873300526600231,0.8110204088971463,1.0,0.7260811252425747,1.0,0.8982444017039272,distributor,0.8677,"3 входящих связей от 3 отправителей; 4 исходящих связей к 4 получателям; вход 87,707 KZT, выход 58,000 KZT",0.8314
100000005664632100,2,False,1,0,0.0,0,0,198620.0,18,1,False,0.0,0.0003651420399228022,0.0,74,0.0,0.0,0.7606997041153258,0.0,0.11359375090235967,0.0,0.0,0.0,terminal,0.5402,"1 входящих связей от 1 отправителей; 0 исходящих связей к 0 получателям; вход 198,620 KZT, выход 0 KZT",0.1653
100000002457464100,2,False,1,0,0.0,0,0,66647.0,1,1,False,0.0,0.0003221740395394645,0.0,3,0.0,0.0,0.5290891777555189,0.0,0.051097102559102846,0.0,0.0,0.0,terminal,0.4823,"1 входящих связей от 1 отправителей; 0 исходящих связей к 0 получателям; вход 66,647 KZT, выход 0 KZT",0.108
100000002757240100,2,False,1,0,0.0,0,0,51183.0,1,1,False,0.0,0.00031684650947480335,0.0,3,0.0,0.0,0.4730944750247474,0.0,0.043348061238453035,0.0,0.0,0.0,terminal,0.4683,"1 входящих связей от 1 отправителей; 0 исходящих связей к 0 получателям; вход 51,183 KZT, выход 0 KZT",0.096
100000003718221100,2,False,2,4,423500.0,8,4,350000.0,6,2,False,1.21,0.0010434682866013757,3.923307657464331e-05,29,0.5849625007211564,0.8982444017039272,0.8808638479980881,0.9580257372522134,1.0,0.29161919749127574,0.5849625007211564,0.8982444017039272,distributor,0.9192,"2 входящих связей от 2 отправителей; 4 исходящих связей к 4 получателям; вход 350,000 KZT, выход 423,500 KZT",0.7979
100000008629581100,2,False,1,0,0.0,0,0,54184.0,1,1,False,0.0,0.0003153289461226527,0.0,3,0.0,0.0,0.48517947953189094,0.0,0.04114071539243511,0.0,0.0,0.0,terminal,0.4713,"1 входящих связей от 1 отправителей; 0 исходящих связей к 0 получателям; вход 54,184 KZT, выход 0 KZT",0.0976
100000004806903100,2,False,1,0,0.0,0,0,18000.0,1,1,False,0.0,0.000533538904999333,0.0,3,0.0,0.0,0.25144721385475965,0.0,0.35849991037998813,0.0,0.0,0.0,terminal,0.4129,"1 входящих связей от 1 отправителей; 0 исходящих связей к 0 получателям; вход 18,000 KZT, выход 0 KZT",0.1349
100000000913911100,2,False,2,1,600000.0,1,1,467000.0,2,2,False,1.284796573875803,0.00045944318623889006,1.9418391435934565e-05,3,0.5849625007211564,0.3868528072345416,0.942033290918224,0.9837855881861781,0.2507446818050504,0.1443382044818924,0.5849625007211564,0.3868528072345416,consolidator,0.6742,"2 входящих связей от 2 отправителей; 1 исходящих связей к 1 получателям; вход 467,000 KZT, выход 600,000 KZT",0.5405
100000004905207100,2,False,1,0,0.0,0,0,380000.0,1,1,False,0.0,0.0004347034731912381,0.0,40,0.0,0.0,0.8983067235732705,0.0,0.2147646662471586,0.0,0.0,0.0,terminal,0.5746,"1 входящих связей от 1 отправителей; 0 исходящих связей к 0 получателям; вход 380,000 KZT, выход 0 KZT",0.2154
100000003831201100,2,False,1,0,0.0,0,0,40500.0,3,1,False,0.0,0.0005343335334517973,0.0,0,0.0,0.0,0.4234411633940983,0.0,0.35965547196134334,0.0,0.0,0.0,terminal,0.4559,"1 входящих связей от 1 отправителей; 0 исходящих связей к 0 получателям; вход 40,500 KZT, выход 0 KZT",0.1661
100000003073398100,2,False,1,0,0.0,0,0,92960.0,1,1,False,0.0,0.0003031880744905425,0.0,2,0.0,0.0,0.5996674171626223,0.0,0.023481297426893376,0.0,0.0,0.0,terminal,0.4999,"1 входящих связей от 1 отправителей; 0 исходящих связей к 0 получателям; вход 92,960 KZT, выход 0 KZT",0.1138
100000008418934100,2,False,1,0,0.0,0,0,360000.0,1,1,False,0.0,0.00031944516765308024,0.0,5,0.0,0.0,0.8868389504836832,0.0,0.04712788731626495,0.0,0.0,0.0,terminal,0.5717,"1 входящих связей от 1 отправителей; 0 исходящих связей к 0 получателям; вход 360,000 KZT, выход 0 KZT",0.1714
100000002741024100,2,False,5,6,434989.0,7,6,817980.85,9,5,False,0.5317838431058625,0.002855186532890205,0.00011868996398086536,0,1.0,1.0,1.0,0.9600049761381929,1.0,0.8821866673291499,1.0,1.0,distributor,0.986,"5 входящих связей от 5 отправителей; 6 исходящих связей к 6 получателям; вход 817,981 KZT, выход 434,989 KZT",0.9669
100000008106997100,2,False,2,1,20600.0,1,1,35600.0,2,2,False,0.5786516853932584,0.0003053704876347339,1.922024458454748e-05,0,0.5849625007211564,0.3868528072345416,0.39608989595216015,0.7344807058742822,0.026655726652075724,0.1428653798145826,0.5849625007211564,0.3868528072345416,consolidator,0.5377,"2 входящих связей от 2 отправителей; 1 исходящих связей к 1 получателям; вход 35,600 KZT, выход 20,600 KZT",0.341
100000007998965100,2,False,5,1,26000.0,3,1,278000.0,7,5,False,0.09352517985611511,0.0004719217907251249,1.981468513870874e-05,11,1.0,0.3868528072345416,0.832014197185399,0.7516942447734848,0.2688925087994647,0.14728385294102248,1.0,0.3868528072345416,consolidator,0.958,"5 входящих связей от 5 отправителей; 1 исходящих связей к 1 получателям; вход 278,000 KZT, выход 26,000 KZT",0.5547
100000001822623100,2,False,1,0,0.0,0,0,201300.0,1,1,False,0.0,0.00032349256040320104,0.0,29,0.0,0.0,0.7635424773026539,0.0,0.053014921621576894,0.0,0.0,0.0,terminal,0.5409,"1 входящих связей от 1 отправителей; 0 исходящих связей к 0 получателям; вход 201,300 KZT, выход 0 KZT",0.1507
100000006424479100,2,False,1,2,220000.0,3,2,500000.0,2,1,False,0.44,0.0009438231531441708,7.311618816183526e-05,12,0.0,0.6131471927654585,0.956515388032386,0.9095988483698717,0.9550198564177221,0.543462934024575,0.0,0.6131471927654585,coordinator,0.6875,"1 входящих связей от 1 отправителей; 2 исходящих связей к 2 получателям; вход 500,000 KZT, выход 220,000 KZT",0.7985
100000008696692100,2,False,1,0,0.0,0,0,19000.0,1,1,False,0.0,0.0002920224031186876,0.0,22,0.0,0.0,0.2629143978036176,0.0,0.007240160818597213,0.0,0.0,0.0,terminal,0.4157,"1 входящих связей от 1 отправителей; 0 исходящих связей к 0 получателям; вход 19,000 KZT, выход 0 KZT",0.0491
100000002748532100,2,False,3,2,646685.0,7,2,355575.0,3,3,False,1.8187021022287844,0.00033910551994433967,2.3381328463676314e-05,35,1.0,0.6131471927654585,0.8842157067213539,0.9893260869437913,0.07572413984441365,0.17379463654396812,1.0,0.6131471927654585,peripheral,0.35,"3 входящих связей от 3 отправителей; 2 исходящих связей к 2 получателям; вход 355,575 KZT, выход 646,685 KZT",0.5644
100000004456564100,2,False,1,0,0.0,0,0,10000.0,2,1,False,0.0,0.0003923872798230175,0.0,40,0.0,0.0,0.1267854959781863,0.0,0.15322036622179036,0.0,0.0,0.0,terminal,0.3817,"1 входящих связей от 1 отправителей; 0 исходящих связей к 0 получателям; вход 10,000 KZT, выход 0 KZT",0.0611
100000001530740100,2,False,1,0,0.0,0,0,15000.0,1,1,False,0.0,0.000529819702440915,0.0,16,0.0,0.0,0.21277867430530759,0.0,0.3530913735084399,0.0,0.0,0.0,terminal,0.4032,"1 входящих связей от 1 отправителей; 0 исходящих связей к 0 получателям; вход 15,000 KZT, выход 0 KZT",0.1266
100000001386612100,2,False,1,0,0.0,0,0,62264.0,1,1,False,0.0,0.00043377009568121175,0.0,49,0.0,0.0,0.5146607703965881,0.0,0.21340719826976046,0.0,0.0,0.0,terminal,0.4787,"1 входящих связей от 1 отправителей; 0 исходящих связей к 0 получателям; вход 62,264 KZT, выход 0 KZT",0.146
100000003360542100,2,False,2,2,51800.0,5,2,317000.0,3,2,False,0.16340694006309148,0.001456432548006546,9.90734256935437e-07,11,0.5849625007211564,0.6131471927654585,0.8598590869828661,0.8026611180077213,1.0,0.007364261958376784,0.5849625007211564,0.6131471927654585,peripheral,0.35,"2 входящих связей от 2 отправителей; 2 исходящих связей к 2 получателям; вход 317,000 KZT, выход 51,800 KZT",0.6551
100000008352542100,2,False,1,0,0.0,0,0,50220.0,1,1,False,0.0,0.0003314754198712513,0.0,3,0.0,0.0,0.46906585613376006,0.0,0.0646261211897828,0.0,0.0,0.0,terminal,0.4673,"1 входящих связей от 1 отправителей; 0 исходящих связей к 0 получателям; вход 50,220 KZT, выход 0 KZT",0.1006
100000001138376100,2,False,1,0,0.0,0,0,15300.0,1,1,False,0.0,0.00029043685037690223,0.0,4,0.0,0.0,0.2169785879596895,0.0,0.004933864855474985,0.0,0.0,0.0,terminal,0.4042,"1 входящих связей от 1 отправителей; 0 исходящих связей к 0 получателям; вход 15,300 KZT, выход 0 KZT",0.0403
100000003246024100,2,False,1,1,5000.0,1,1,25000.0,1,1,False,0.2,0.00037134005643017944,0.0006497235256982596,0,0.0,0.3868528072345416,0.3211205171539985,0.6297997767503529,0.12260849991839243,1.0,0.0,0.3868528072345416,coordinator,0.6929,"1 входящих связей от 1 отправителей; 1 исходящих связей к 1 получателям; вход 25,000 KZT, выход 5,000 KZT",0.4876
100000002680477100,2,False,1,0,0.0,0,0,25000.0,1,1,False,0.0,0.00029455855419957707,0.0,24,0.0,0.0,0.3211205171539985,0.0,0.010929160115153871,0.0,0.0,0.0,terminal,0.4303,"1 входящих связей от 1 отправителей; 0 исходящих связей к 0 получателям; вход 25,000 KZT, выход 0 KZT",0.0605
100000005882013100,2,False,2,1,10000.0,1,1,135000.0,3,2,False,0.07407407407407407,0.0005264244942722093,0.0,12,0.5849625007211564,0.3868528072345416,0.6788033908209721,0.6810456169100282,0.34815397804114295,0.0,0.5849625007211564,0.3868528072345416,consolidator,0.6084,"2 входящих связей от 2 отправителей; 1 исходящих связей к 1 получателям; вход 135,000 KZT, выход 10,000 KZT",0.4313
100000005665181100,2,False,4,11,181915.0,11,11,45498.0,5,4,False,3.998307617917271,0.0003985397345805526,0.0001400898239306708,10,1.0,1.0,0.4481222156855995,0.8955432824156795,0.16216860412463274,1.0,1.0,1.0,distributor,0.9634,"4 входящих связей от 4 отправителей; 11 исходящих связей к 11 получателям; вход 45,498 KZT, выход 181,915 KZT",0.6724
100000008141170100,2,False,1,0,0.0,0,0,11000.0,1,1,False,0.0,0.0006219001408928689,0.0,16,0.0,0.0,0.14699911528604376,0.0,0.486990629829298,0.0,0.0,0.0,terminal,0.3867,"1 входящих связей от 1 отправителей; 0 исходящих связей к 0 получателям; вход 11,000 KZT, выход 0 KZT",0.1482
100000001382002100,2,False,1,1,56500.0,3,1,55000.0,2,1,False,1.0272727272727273,0.0006633074267595711,0.0,0,0.0,0.3868528072345416,0.4883498316449107,0.809082966339882,0.5471992371791116,0.0,0.0,0.3868528072345416,transit,0.9865,"1 входящих связей от 1 отправителей; 1 исходящих связей к 1 получателям; вход 55,000 KZT, выход 56,500 KZT",0.4361
100000002481735100,2,False,1,0,0.0,0,0,22436.0,2,1,False,0.0,0.00036270354277617787,0.0,16,0.0,0.0,0.2981700618412562,0.0,0.11004704614315258,0.0,0.0,0.0,terminal,0.4245,"1 входящих связей от 1 отправителей; 0 исходящих связей к 0 получателям; вход 22,436 KZT, выход 0 KZT",0.0812
100000000806727100,2,False,1,1,5000.0,1,1,45000.0,1,1,False,0.1111111111111111,0.0003458595620044746,0.0,3,0.0,0.3868528072345416,0.445787890486983,0.6297997767503529,0.08554785711570241,0.0,0.0,0.3868528072345416,peripheral,0.35,"1 входящих связей от 1 отправителей; 1 исходящих связей к 1 получателям; вход 45,000 KZT, выход 5,000 KZT",0.2808
100000003039473100,2,False,1,0,0.0,0,0,23000.0,1,1,False,0.0,0.000312213895660518,0.0,16,0.0,0.0,0.3034357897363291,0.0,0.03660976147218873,0.0,0.0,0.0,terminal,0.4259,"1 входящих связей от 1 отправителей; 0 исходящих связей к 0 получателям; вход 23,000 KZT, выход 0 KZT",0.0638
100000005205745100,2,False,1,0,0.0,0,0,6000.0,1,1,False,0.0,0.00031226140044596435,0.0,2,0.0,0.0,0.018452135654394897,0.0,0.03667885901217851,0.0,0.0,0.0,terminal,0.3546,"1 входящих связей от 1 отправителей; 0 исходящих связей к 0 получателям; вход 6,000 KZT, выход 0 KZT",0.0125
100000004356593100,2,False,1,1,10000.0,1,1,50000.0,1,1,False,0.2,0.0002934516692650865,1.922024458454748e-05,3,0.0,0.3868528072345416,0.46813466994857295,0.6810456169100282,0.009319124002451508,0.1428653798145826,0.0,0.3868528072345416,peripheral,0.35,"1 входящих связей от 1 отправителей; 1 исходящих связей к 1 получателям; вход 50,000 KZT, выход 10,000 KZT",0.3064
100000008688881100,2,False,1,0,0.0,0,0,44211.0,1,1,False,0.0,0.00030058499935622067,0.0,22,0.0,0.0,0.44203611886763067,0.0,0.01969498521113642,0.0,0.0,0.0,terminal,0.4605,"1 входящих связей от 1 отправителей; 0 исходящих связей к 0 получателям; вход 44,211 KZT, выход 0 KZT",0.0845
100000008111003100,2,False,6,1,35000.0,1,1,222716.0,9,6,False,0.15715081089818422,0.0004696217007352448,0.001026995130739274,0,1.0,0.3868528072345416,0.78498618990279,0.7736731191510051,0.26554746946277513,1.0,1.0,0.3868528072345416,consolidator,0.9462,"6 входящих связей от 6 отправителей; 1 исходящих связей к 1 получателям; вход 222,716 KZT, выход 35,000 KZT",0.7369
100000003016773100,2,False,1,0,0.0,0,0,46555.0,1,1,False,0.0,0.0003147956646990744,0.0,42,0.0,0.0,0.45299326922692656,0.0,0.04036503921383763,0.0,0.0,0.0,terminal,0.4632,"1 входящих связей от 1 отправителей; 0 исходящих связей к 0 получателям; вход 46,555 KZT, выход 0 KZT",0.0916
100000004674799100,2,False,1,0,0.0,0,0,140000.0,5,1,False,0.0,0.000790673193306168,0.0,0,0.0,0.0,0.686517010557567,0.0,0.7323808695247451,0.0,0.0,0.0,terminal,0.5216,"1 входящих связей от 1 отправителей; 0 исходящих связей к 0 получателям; вход 140,000 KZT, выход 0 KZT",0.3067
100000005834479100,2,False,1,2,14470.0,2,2,7500.0,1,1,False,1.9293333333333333,0.00028675165047445963,0.0,1,0.0,0.6131471927654585,0.06577441835053888,0.7083646337198454,0.0,0.0,0.0,0.6131471927654585,peripheral,0.35,"1 входящих связей от 1 отправителей; 2 исходящих связей к 2 получателям; вход 7,500 KZT, выход 14,470 KZT",0.2436
100000003278020100,2,False,1,0,0.0,0,0,190000.0,1,1,False,0.0,0.00032455129303952463,0.0,0,0.0,0.0,0.7512888870145943,0.0,0.05455487087469379,0.0,0.0,0.0,terminal,0.5378,"1 входящих связей от 1 отправителей; 0 исходящих связей к 0 получателям; вход 190,000 KZT, выход 0 KZT",0.1489
100000000831684100,2,False,1,1,50000.0,3,1,15000.0,2,1,False,3.3333333333333335,0.0018906089223340327,0.0,8,0.0,0.3868528072345416,0.21277867430530759,0.800046024263114,1.0,0.0,0.0,0.3868528072345416,peripheral,0.35,"1 входящих связей от 1 отправителей; 1 исходящих связей к 1 получателям; вход 15,000 KZT, выход 50,000 KZT",0.4981
100000000307908100,2,False,1,0,0.0,0,0,5000.0,1,1,False,0.0,0.0002964337747494588,0.0,9,0.0,0.0,0.0,0.0,0.013656786275830854,0.0,0.0,0.0,terminal,0.35,"1 входящих связей от 1 отправителей; 0 исходящих связей к 0 получателям; вход 5,000 KZT, выход 0 KZT",0.0034
100000001782980100,2,False,1,1,596200.0,3,1,50000.0,1,1,False,11.924,0.00037028315078489494,5.944405541612623e-07,27,0.0,0.3868528072345416,0.46813466994857295,0.9833157954082135,0.1210712799655261,0.004418558050548771,0.0,0.3868528072345416,peripheral,0.35,"1 входящих связей от 1 отправителей; 1 исходящих связей к 1 получателям; вход 50,000 KZT, выход 596,200 KZT",0.3583
100000002454724100,2,False,1,0,0.0,0,0,125000.0,3,1,False,0.0,0.00030118599844023564,0.0,33,0.0,0.0,0.6624798711992838,0.0,0.02056917144598872,0.0,0.0,0.0,terminal,0.5156,"1 входящих связей от 1 отправителей; 0 исходящих связей к 0 получателям; вход 125,000 KZT, выход 0 KZT",0.1244
100000005904580100,2,False,2,0,0.0,0,0,72000.0,2,2,False,0.0,0.0005227099859368683,0.0,8,0.5849625007211564,0.0,0.545475165991728,0.0,0.3427522292031475,0.0,0.5849625007211564,0.0,consolidator,0.5751,"2 входящих связей от 2 отправителей; 0 исходящих связей к 0 получателям; вход 72,000 KZT, выход 0 KZT",0.2833
100000008474308100,2,False,1,1,10000.0,1,1,14000.0,2,1,False,0.7142857142857143,0.00044502203600991423,0.0,8,0.0,0.3868528072345416,0.19814610930549503,0.6810456169100282,0.22977149861648402,0.0,0.0,0.3868528072345416,peripheral,0.35,"1 входящих связей от 1 отправителей; 1 исходящих связей к 1 получателям; вход 14,000 KZT, выход 10,000 KZT",0.2815
100000000795033100,2,False,1,0,0.0,0,0,18200.0,1,1,False,0.0,0.0005330176535576364,0.0,0,0.0,0.0,0.25379078456208637,0.0,0.35774189758234204,0.0,0.0,0.0,terminal,0.4134,"1 входящих связей от 1 отправителей; 0 исходящих связей к 0 получателям; вход 18,200 KZT, выход 0 KZT",0.1351
100000000861294100,2,False,1,0,0.0,0,0,150000.0,1,1,False,0.0,0.0003139989095463333,0.0,2,0.0,0.0,0.7011504844999529,0.0,0.03920613066068141,0.0,0.0,0.0,terminal,0.5253,"1 входящих связей от 1 отправителей; 0 исходящих связей к 0 получателям; вход 150,000 KZT, выход 0 KZT",0.136
100000006557763100,2,False,1,0,0.0,0,0,10000.0,1,1,False,0.0,0.00034717518817528457,0.0,3,0.0,0.0,0.1267854959781863,0.0,0.08746142047407714,0.0,0.0,0.0,terminal,0.3817,"1 входящих связей от 1 отправителей; 0 исходящих связей к 0 получателям; вход 10,000 KZT, выход 0 KZT",0.0447
100000005608515100,2,False,1,0,0.0,0,0,64000.0,4,1,False,0.0,0.0002931596353300159,0.0,2,0.0,0.0,0.520493433285067,0.0,0.008894341357276597,0.0,0.0,0.0,terminal,0.4801,"1 входящих связей от 1 отправителей; 0 исходящих связей к 0 получателям; вход 64,000 KZT, выход 0 KZT",0.0959
100000003922499100,2,False,1,0,0.0,0,0,50000.0,1,1,False,0.0,0.0005352399237782638,0.0,8,0.0,0.0,0.46813466994857295,0.0,0.3609735583517686,0.0,0.0,0.0,terminal,0.467,"1 входящих связей от 1 отправителей; 0 исходящих связей к 0 получателям; вход 50,000 KZT, выход 0 KZT",0.1745
100000008603629100,2,False,19,61,4986156.0,74,61,1817300.0,45,19,False,2.7437165025037142,0.0011918072731347809,0.009403256979425621,1,1.0,1.0,1.0,1.0,1.0,1.0,1.0,1.0,distributor,1.0,"19 входящих связей от 19 отправителей; 61 исходящих связей к 61 получателям; вход 1,817,300 KZT, выход 4,986,156 KZT",1.0
100000004825069100,2,False,1,0,0.0,0,0,30000.0,4,1,False,0.0,0.000295758413535286,0.0,22,0.0,0.0,0.3597899992899909,0.0,0.012674431527757723,0.0,0.0,0.0,terminal,0.4399,"1 входящих связей от 1 отправителей; 0 исходящих связей к 0 получателям; вход 30,000 KZT, выход 0 KZT",0.0679
100000004331458100,2,False,2,0,0.0,0,0,250000.0,2,2,False,0.0,0.0013234381164598658,0.0,71,0.5849625007211564,0.0,0.8094974175150348,0.0,1.0,0.0,0.5849625007211564,0.0,consolidator,0.6411,"2 входящих связей от 2 отправителей; 0 исходящих связей к 0 получателям; вход 250,000 KZT, выход 0 KZT",0.4952
100000002911170100,2,False,1,0,0.0,0,0,300000.0,2,1,False,0.0,0.00032304938435235924,0.0,33,0.0,0.0,0.8481681722159543,0.0,0.05237031209749525,0.0,0.0,0.0,terminal,0.562,"1 входящих связей от 1 отправителей; 0 исходящих связей к 0 получателям; вход 300,000 KZT, выход 0 KZT",0.1658
100000008011159100,2,False,3,5,153037.0,5,5,363000.0,6,3,False,0.4215895316804408,0.0004861091667224914,0.00011750108287254284,66,1.0,1.0,0.8885991441728106,0.8827616223079581,0.289525153594634,0.8733505921024103,1.0,1.0,distributor,0.959,"3 входящих связей от 3 отправителей; 5 исходящих связей к 5 получателям; вход 363,000 KZT, выход 153,037 KZT",0.7534
100000003854444100,2,False,1,14,2322909.0,14,14,210000.0,4,1,False,11.061471428571428,0.0004667616271471915,0.0011215111788509147,43,0.0,1.0,0.7725167533824198,1.0,0.26138803075724487,1.0,0.0,1.0,distributor,1.0,"1 входящих связей от 1 отправителей; 14 исходящих связей к 14 получателям; вход 210,000 KZT, выход 2,322,909 KZT",0.7744
100000008547948100,2,False,6,26,5185600.0,31,26,212665.0,7,6,False,24.383890155878966,0.00042770372491676006,0.0028012020380592546,5,1.0,1.0,0.7751914888610759,1.0,0.20458447351793033,1.0,1.0,1.0,distributor,1.0,"6 входящих связей от 6 отправителей; 26 исходящих связей к 26 получателям; вход 212,665 KZT, выход 5,185,600 KZT",0.7607
100000005175148100,2,False,2,1,15000.0,1,1,79000.0,4,2,False,0.189873417721519,0.0007181459635567809,0.0,4,0.5849625007211564,0.3868528072345416,0.5651541619778484,0.7110243718942185,0.6269338317237406,0.0,0.5849625007211564,0.3868528072345416,consolidator,0.58,"2 входящих связей от 2 отправителей; 1 исходящих связей к 1 получателям; вход 79,000 KZT, выход 15,000 KZT",0.4859
100000002087788100,2,False,1,0,0.0,0,0,100500.0,1,1,False,0.0,0.0006585724738436659,0.0,10,0.0,0.0,0.6162088041881885,0.0,0.5403144657913107,0.0,0.0,0.0,terminal,0.5041,"1 входящих связей от 1 отправителей; 0 исходящих связей к 0 получателям; вход 100,500 KZT, выход 0 KZT",0.246
100000004150593100,2,False,1,11,871165.0,16,11,57000.0,2,1,False,15.28359649122807,0.0003066265725556516,0.00020904492821337723,16,0.0,1.0,0.4959255984142157,1.0,0.028482761940847034,1.0,0.0,1.0,distributor,1.0,"1 входящих связей от 1 отправителей; 11 исходящих связей к 11 получателям; вход 57,000 KZT, выход 871,165 KZT",0.6664
100000001597505100,2,False,1,1,12920.0,1,1,26460.0,1,1,False,0.48828420256991684,0.00031475890283167536,5.548111838838448e-06,41,0.0,0.3868528072345416,0.3331586453995973,0.6999874520527603,0.040311567797646594,0.041239772994450495,0.0,0.3868528072345416,peripheral,0.35,"1 входящих связей от 1 отправителей; 1 исходящих связей к 1 получателям; вход 26,460 KZT, выход 12,920 KZT",0.2709
100000007629121100,2,False,1,0,0.0,0,0,29000.0,1,1,False,0.0,0.00039603609156140733,0.0,3,0.0,0.0,0.3525996321287633,0.0,0.15852726853003615,0.0,0.0,0.0,terminal,0.4381,"1 входящих связей от 1 отправителей; 0 исходящих связей к 0 получателям; вход 29,000 KZT, выход 0 KZT",0.1031
100000005614315100,2,False,1,0,0.0,0,0,455000.0,1,1,False,0.0,0.0005750924282981921,0.0,16,0.0,0.0,0.936511879384693,0.0,0.41892648700326474,0.0,0.0,0.0,terminal,0.5841,"1 входящих связей от 1 отправителей; 0 исходящих связей к 0 получателям; вход 455,000 KZT, выход 0 KZT",0.2733
100000008324800100,2,False,3,1,511000.0,13,1,526500.0,17,3,False,0.9705603038936372,0.0018517826355651432,1.922024458454748e-05,85,1.0,0.3868528072345416,0.9674690363333633,0.9719133511945924,1.0,0.1428653798145826,1.0,0.3868528072345416,consolidator,0.9919,"3 входящих связей от 3 отправителей; 1 исходящих связей к 1 получателям; вход 526,500 KZT, выход 511,000 KZT",0.8005
100000005030592100,2,False,1,0,0.0,0,0,10000.0,1,1,False,0.0,0.0002887507034719386,0.0,4,0.0,0.0,0.1267854959781863,0.0,0.0024812437239032604,0.0,0.0,0.0,terminal,0.3817,"1 входящих связей от 1 отправителей; 0 исходящих связей к 0 получателям; вход 10,000 KZT, выход 0 KZT",0.0234
100000001633685100,2,False,3,0,0.0,0,0,45000.0,3,3,False,0.0,0.0003061866332400327,0.0,0,1.0,0.0,0.445787890486983,0.0,0.027842849532644452,0.0,1.0,0.0,consolidator,0.8614,"3 входящих связей от 3 отправителей; 0 исходящих связей к 0 получателям; вход 45,000 KZT, выход 0 KZT",0.2572
100000001848426100,2,False,1,0,0.0,0,0,95530.0,1,1,False,0.0,0.00030367516856651344,0.0,2,0.0,0.0,0.6054516174916722,0.0,0.024189800757063718,0.0,0.0,0.0,terminal,0.5014,"1 входящих связей от 1 отправителей; 0 исходящих связей к 0 получателям; вход 95,530 KZT, выход 0 KZT",0.115
100000004580202100,2,False,1,3,45000.0,4,3,9000.0,1,1,False,5.0,0.00032162328322811484,5.9444055416126226e-05,29,0.0,0.7737056144690831,0.10444060163522356,0.7922555385618377,0.05029601402980487,0.4418428040494083,0.0,0.7737056144690831,distributor,0.7802,"1 входящих связей от 1 отправителей; 3 исходящих связей к 3 получателям; вход 9,000 KZT, выход 45,000 KZT",0.4027
100000008717375100,2,False,1,0,0.0,0,0,29506.0,1,1,False,0.0,0.00030177496912352865,0.0,3,0.0,0.0,0.3562684174784242,0.0,0.02142586120062057,0.0,0.0,0.0,terminal,0.4391,"1 входящих связей от 1 отправителей; 0 исходящих связей к 0 получателям; вход 29,506 KZT, выход 0 KZT",0.0695
100000007861311100,2,False,1,0,0.0,0,0,45000.0,1,1,False,0.0,0.0003585524623513066,0.0,2,0.0,0.0,0.445787890486983,0.0,0.10400943186515595,0.0,0.0,0.0,terminal,0.4614,"1 входящих связей от 1 отправителей; 0 исходящих связей к 0 получателям; вход 45,000 KZT, выход 0 KZT",0.1062
100000005578559100,2,False,2,21,893163.67,23,21,131000.0,2,2,False,6.818043282442749,0.00039101511323013396,0.0009986601309909205,18,0.5849625007211564,1.0,0.6724239290589059,1.0,0.15122465560275283,1.0,0.5849625007211564,1.0,distributor,1.0,"2 входящих связей от 2 отправителей; 21 исходящих связей к 21 получателям; вход 131,000 KZT, выход 893,164 KZT",0.7288
100000008764436100,2,False,1,0,0.0,0,0,13100.0,1,1,False,0.0,0.00029001854298614835,0.0,22,0.0,0.0,0.18405396449839778,0.0,0.004325407257353338,0.0,0.0,0.0,terminal,0.396,"1 входящих связей от 1 отправителей; 0 исходящих связей к 0 получателям; вход 13,100 KZT, выход 0 KZT",0.0342
100000000190228100,2,False,1,1,28560.0,1,1,5000.0,1,1,False,5.712,0.0005820068181865632,2.159800680119253e-05,5,0.0,0.3868528072345416,0.0,0.7586380011790056,0.4289810565742786,0.1605392565615537,0.0,0.3868528072345416,peripheral,0.35,"1 входящих связей от 1 отправителей; 1 исходящих связей к 1 получателям; вход 5,000 KZT, выход 28,560 KZT",0.3449
100000003971049100,2,False,1,0,0.0,0,0,55900.0,7,1,False,0.0,0.00029426514402485806,0.0,0,0.0,0.0,0.49179244997149524,0.0,0.010502376110488843,0.0,0.0,0.0,terminal,0.4729,"1 входящих связей от 1 отправителей; 0 исходящих связей к 0 получателям; вход 55,900 KZT, выход 0 KZT",0.0911
100000008743913100,2,False,3,13,1850600.0,13,13,149300.0,3,3,False,12.395177494976558,0.0003321078123765368,0.00029840915818895366,35,1.0,1.0,0.7001583617142914,1.0,0.06554594246359563,1.0,1.0,1.0,distributor,1.0,"3 входящих связей от 3 отправителей; 13 исходящих связей к 13 получателям; вход 149,300 KZT, выход 1,850,600 KZT",0.7124
100000004400361100,2,False,1,0,0.0,0,0,10000.0,1,1,False,0.0,0.0002872256288669917,0.0,16,0.0,0.0,0.1267854959781863,0.0,0.0002629101989589436,0.0,0.0,0.0,terminal,0.3817,"1 входящих связей от 1 отправителей; 0 исходящих связей к 0 получателям; вход 10,000 KZT, выход 0 KZT",0.0229
100000002175422100,2,False,3,6,1621188.0,14,6,68500.0,5,3,False,23.66697810218978,0.0008458861317816005,0.00015871562796105702,36,1.0,1.0,0.5349057350415026,1.0,0.812649608305531,1.0,1.0,1.0,distributor,1.0,"3 входящих связей от 3 отправителей; 6 исходящих связей к 6 получателям; вход 68,500 KZT, выход 1,621,188 KZT",0.8694
100000004544958100,2,False,1,2,23200.0,2,2,168000.0,3,1,False,0.1380952380952381,0.001214607508891013,2.0805419395644178e-05,11,0.0,0.6131471927654585,0.7251876541582023,0.7432692320611006,1.0,0.15464796898183086,0.0,0.6131471927654585,peripheral,0.35,"1 входящих связей от 1 отправителей; 2 исходящих связей к 2 получателям; вход 168,000 KZT, выход 23,200 KZT",0.6526
100000008466579100,2,False,2,17,1933000.0,20,17,36952.0,2,2,False,52.31110630006495,0.0003534138885849347,0.0005318261491229426,42,0.5849625007211564,1.0,0.40399562303485714,1.0,0.09653550526818312,1.0,0.5849625007211564,1.0,distributor,1.0,"2 входящих связей от 2 отправителей; 17 исходящих связей к 17 получателям; вход 36,952 KZT, выход 1,933,000 KZT",0.6669
100000001184915100,2,False,1,0,0.0,0,0,201000.0,2,1,False,0.0,0.0003495156202357229,0.0,4,0.0,0.0,0.7632261436802017,0.0,0.09086554616638384,0.0,0.0,0.0,terminal,0.5408,"1 входящих связей от 1 отправителей; 0 исходящих связей к 0 получателям; вход 201,000 KZT, выход 0 KZT",0.1601
100000004435304100,2,False,1,0,0.0,0,0,26200.0,1,1,False,0.0,0.0002944677917550065,0.0,22,0.0,0.0,0.3310642641601074,0.0,0.010797140304728475,0.0,0.0,0.0,terminal,0.4328,"1 входящих связей от 1 отправителей; 0 исходящих связей к 0 получателям; вход 26,200 KZT, выход 0 KZT",0.0623
100000008762728100,2,False,1,0,0.0,0,0,17026.0,1,1,False,0.0,0.00031770106594377587,0.0,16,0.0,0.0,0.2396485780592185,0.0,0.04459104027635852,0.0,0.0,0.0,terminal,0.4099,"1 входящих связей от 1 отправителей; 0 исходящих связей к 0 получателям; вход 17,026 KZT, выход 0 KZT",0.0543
100000004285800100,2,False,1,1,15000.0,1,1,5000.0,1,1,False,3.0,0.0003442181347832994,0.0,0,0.0,0.3868528072345416,0.0,0.7110243718942185,0.0831604162924785,0.0,0.0,0.3868528072345416,peripheral,0.35,"1 входящих связей от 1 отправителей; 1 исходящих связей к 1 получателям; вход 5,000 KZT, выход 15,000 KZT",0.2145
100000008557672100,2,False,1,0,0.0,0,0,49125.0,1,1,False,0.0,0.0003022539771005084,0.0,22,0.0,0.0,0.4643900859141925,0.0,0.02212260387193447,0.0,0.0,0.0,terminal,0.4661,"1 входящих связей от 1 отправителей; 0 исходящих связей к 0 получателям; вход 49,125 KZT, выход 0 KZT",0.0891
100000005142589100,2,False,1,0,0.0,0,0,50000.0,2,1,False,0.0,0.0003103697710860747,0.0,0,0.0,0.0,0.46813466994857295,0.0,0.033927408719428565,0.0,0.0,0.0,terminal,0.467,"1 входящих связей от 1 отправителей; 0 исходящих связей к 0 получателям; вход 50,000 KZT, выход 0 KZT",0.0927
100000003747133100,2,False,5,2,250000.0,2,2,237068.0,8,5,False,1.0545497494389795,0.00037807073413400786,9.610122292273739e-05,57,1.0,0.6131471927654585,0.7982318621344329,0.9190511636137711,0.13239791852608707,0.7142994418445455,1.0,0.6131471927654585,transit,0.9734,"5 входящих связей от 5 отправителей; 2 исходящих связей к 2 получателям; вход 237,068 KZT, выход 250,000 KZT",0.6694
100000003289405100,2,False,1,0,0.0,0,0,355000.0,1,1,False,0.0,0.0003390046672361447,0.0,3,0.0,0.0,0.8838724389705376,0.0,0.07557744962881928,0.0,0.0,0.0,terminal,0.571,"1 входящих связей от 1 отправителей; 0 исходящих связей к 0 получателям; вход 355,000 KZT, выход 0 KZT",0.178
100000002691858100,2,False,1,0,0.0,0,0,51500.0,1,1,False,0.0,0.0003423820245136182,0.0,41,0.0,0.0,0.4744040484257903,0.0,0.08048980612061948,0.0,0.0,0.0,terminal,0.4686,"1 входящих связей от 1 отправителей; 0 исходящих связей к 0 получателям; вход 51,500 KZT, выход 0 KZT",0.1055
100000007534354100,2,False,1,3,147810.0,3,3,50000.0,1,1,False,2.9562,0.00030354781418186395,2.377762216645049e-06,11,0.0,0.7737056144690831,0.46813466994857295,0.8801919754960207,0.024004557302334494,0.01767421644280105,0.0,0.7737056144690831,distributor,0.811,"1 входящих связей от 1 отправителей; 3 исходящих связей к 3 получателям; вход 50,000 KZT, выход 147,810 KZT",0.3841
100000000765628100,2,False,1,0,0.0,0,0,5000.0,1,1,False,0.0,0.00031542416946217386,0.0,16,0.0,0.0,0.0,0.0,0.041279220972496956,0.0,0.0,0.0,terminal,0.35,"1 входящих связей от 1 отправителей; 0 исходящих связей к 0 получателям; вход 5,000 KZT, выход 0 KZT",0.0103
100000004962193100,2,False,8,0,0.0,0,0,900468.0,11,8,False,0.0,0.00065731504427257,0.0,0,1.0,0.0,1.0,0.0,0.5384861179263344,0.0,1.0,0.0,consolidator,1.0,"8 входящих связей от 8 отправителей; 0 исходящих связей к 0 получателям; вход 900,468 KZT, выход 0 KZT",0.4846
100000005032294100,2,False,1,0,0.0,0,0,10000.0,1,1,False,0.0,0.0003923872798230175,0.0,40,0.0,0.0,0.1267854959781863,0.0,0.15322036622179036,0.0,0.0,0.0,terminal,0.3817,"1 входящих связей от 1 отправителей; 0 исходящих связей к 0 получателям; вход 10,000 KZT, выход 0 KZT",0.0611
100000001251686100,2,False,1,0,0.0,0,0,18000.0,1,1,False,0.0,0.00029656884239999225,0.0,3,0.0,0.0,0.25144721385475965,0.0,0.013853250466072421,0.0,0.0,0.0,terminal,0.4129,"1 входящих связей от 1 отправителей; 0 исходящих связей к 0 получателям; вход 18,000 KZT, выход 0 KZT",0.0487
100000002398779100,2,False,13,1,66000.0,3,1,1095690.0,28,13,False,0.06023601566136407,0.0016005031258790202,2.3183181612289228e-05,0,1.0,0.3868528072345416,1.0,0.8205745297211137,1.0,0.17232181771323388,1.0,0.3868528072345416,consolidator,1.0,"13 входящих связей от 13 отправителей; 1 исходящих связей к 1 получателям; вход 1,095,690 KZT, выход 66,000 KZT",0.7856
100000008512827100,2,False,3,10,1944500.0,10,10,107949.0,3,3,False,18.01313583266172,0.0003352561979240567,0.00017694513828866906,24,1.0,1.0,0.6313742495334161,1.0,0.07012529232609713,1.0,1.0,1.0,distributor,1.0,"3 входящих связей от 3 отправителей; 10 исходящих связей к 10 получателям; вход 107,949 KZT, выход 1,944,500 KZT",0.7012
100000003943483100,2,False,1,0,0.0,0,0,10000.0,1,1,False,0.0,0.00032896498623384866,0.0,8,0.0,0.0,0.1267854959781863,0.0,0.06097466442154049,0.0,0.0,0.0,terminal,0.3817,"1 входящих связей от 1 отправителей; 0 исходящих связей к 0 получателям; вход 10,000 KZT, выход 0 KZT",0.0381
100000005031696100,2,False,1,2,115000.0,3,2,5000.0,1,1,False,23.0,0.0005397118809391441,9.59030760713503e-05,47,0.0,0.6131471927654585,0.0,0.8616328090630089,0.3674767279660007,0.7128267301067601,0.0,0.6131471927654585,coordinator,0.592,"1 входящих связей от 1 отправителей; 2 исходящих связей к 2 получателям; вход 5,000 KZT, выход 115,000 KZT",0.508
100000002703376100,2,False,1,0,0.0,0,0,46501.0,1,1,False,0.0,0.0002928030278827949,0.0,0,0.0,0.0,0.45274710989466654,0.0,0.008375632105911808,0.0,0.0,0.0,terminal,0.4632,"1 входящих связей от 1 отправителей; 0 исходящих связей к 0 получателям; вход 46,501 KZT, выход 0 KZT",0.0836
100000003617552100,2,False,1,0,0.0,0,0,25000.0,1,1,False,0.0,0.0005510452542740746,0.0,27,0.0,0.0,0.3211205171539985,0.0,0.3839577147724934,0.0,0.0,0.0,terminal,0.4303,"1 входящих связей от 1 отправителей; 0 исходящих связей к 0 получателям; вход 25,000 KZT, выход 0 KZT",0.1538
100000007617808100,2,False,1,0,0.0,0,0,450000.0,1,1,False,0.0,0.0003601043534538573,0.0,16,0.0,0.0,0.934168184375229,0.0,0.10626661098290317,0.0,0.0,0.0,terminal,0.5835,"1 входящих связей от 1 отправителей; 0 исходящих связей к 0 получателям; вход 450,000 KZT, выход 0 KZT",0.1947
100000002613776100,2,False,1,0,0.0,0,0,30000.0,2,1,False,0.0,0.0003014863033266457,0.0,3,0.0,0.0,0.3597899992899909,0.0,0.021005981229348526,0.0,0.0,0.0,terminal,0.4399,"1 входящих связей от 1 отправителей; 0 исходящих связей к 0 получателям; вход 30,000 KZT, выход 0 KZT",0.07
100000002578405100,2,False,2,116,3108352.0,120,116,1200351.0,7,2,False,2.589535894084314,0.0005700071256448117,0.00017100073274705643,22,0.5849625007211564,1.0,1.0,1.0,0.411531642809745,1.0,0.5849625007211564,1.0,distributor,1.0,"2 входящих связей от 2 отправителей; 116 исходящих связей к 116 получателям; вход 1,200,351 KZT, выход 3,108,352 KZT",0.8529
100000006161893100,2,False,1,0,0.0,0,0,14000.0,1,1,False,0.0,0.0005318535188146666,0.0,16,0.0,0.0,0.19814610930549503,0.0,0.3560489914223041,0.0,0.0,0.0,terminal,0.3995,"1 входящих связей от 1 отправителей; 0 исходящих связей к 0 получателям; вход 14,000 KZT, выход 0 KZT",0.1247
100000002633701100,2,False,1,0,0.0,0,0,266850.0,1,1,False,0.0,0.0003106797854015696,0.0,5,0.0,0.0,0.8233319296197776,0.0,0.034378337253079115,0.0,0.0,0.0,terminal,0.5558,"1 входящих связей от 1 отправителей; 0 исходящих связей к 0 получателям; вход 266,850 KZT, выход 0 KZT",0.1568
100000002432143100,2,False,1,0,0.0,0,0,81310.0,1,1,False,0.0,0.0003352566977025957,0.0,3,0.0,0.0,0.5712671313383474,0.0,0.07012601925650239,0.0,0.0,0.0,terminal,0.4928,"1 входящих связей от 1 отправителей; 0 исходящих связей к 0 получателям; вход 81,310 KZT, выход 0 KZT",0.1204
100000000490383100,2,False,3,8,461375.0,9,8,62600.0,3,3,False,7.37020766773163,0.0005480373500605425,4.1808985642675445e-05,16,1.0,1.0,0.5158022609901798,0.9643594879613504,0.3795836399100446,0.3107655122394834,1.0,1.0,distributor,0.9875,"3 входящих связей от 3 отправителей; 8 исходящих связей к 8 получателям; вход 62,600 KZT, выход 461,375 KZT",0.5997
100000005809252100,2,False,1,0,0.0,0,0,25000.0,1,1,False,0.0,0.0005671286342298138,0.0,10,0.0,0.0,0.3211205171539985,0.0,0.4073458388001073,0.0,0.0,0.0,terminal,0.4303,"1 входящих связей от 1 отправителей; 0 исходящих связей к 0 получателям; вход 25,000 KZT, выход 0 KZT",0.1596
100000006612238100,2,False,1,1,25000.0,1,1,160000.0,1,1,False,0.15625,0.00033991126391326795,0.0,22,0.0,0.3868528072345416,0.7148391912915051,0.7487942697451995,0.07689609352887172,0.0,0.0,0.3868528072345416,peripheral,0.35,"1 входящих связей от 1 отправителей; 1 исходящих связей к 1 получателям; вход 160,000 KZT, выход 25,000 KZT",0.3484
100000002593038100,2,False,1,0,0.0,0,0,28500.0,1,1,False,0.0,0.000658612414499517,0.0,8,0.0,0.0,0.34891092469495566,0.0,0.5403725409051703,0.0,0.0,0.0,terminal,0.4372,"1 входящих связей от 1 отправителей; 0 исходящих связей к 0 получателям; вход 28,500 KZT, выход 0 KZT",0.1979
100000002947299100,2,False,1,0,0.0,0,0,85000.0,1,1,False,0.0,0.0003375116050800497,0.0,3,0.0,0.0,0.5806806127619357,0.0,0.07340578971028999,0.0,0.0,0.0,terminal,0.4952,"1 входящих связей от 1 отправителей; 0 исходящих связей к 0 получателям; вход 85,000 KZT, выход 0 KZT",0.1229
100000004336312100,2,False,3,2,72650.0,3,2,90415.0,7,3,False,0.8035171155228668,0.0006960070275624496,4.359230730515923e-06,62,1.0,0.6131471927654585,0.5937796988993809,0.827672834613824,0.594744602269982,0.032402698042746494,1.0,0.6131471927654585,transit,0.8906,"3 входящих связей от 3 отправителей; 2 исходящих связей к 2 получателям; вход 90,415 KZT, выход 72,650 KZT",0.5817
100000001308856100,2,False,1,0,0.0,0,0,27000.0,1,1,False,0.0,0.0002947395016034864,0.0,22,0.0,0.0,0.33744353403694743,0.0,0.011192359710864153,0.0,0.0,0.0,terminal,0.4344,"1 входящих связей от 1 отправителей; 0 исходящих связей к 0 получателям; вход 27,000 KZT, выход 0 KZT",0.0635
100000008238989100,2,False,1,0,0.0,0,0,200000.0,2,1,False,0.0,0.0003232476510835702,0.0,29,0.0,0.0,0.7621682778906999,0.0,0.05265869554838258,0.0,0.0,0.0,terminal,0.5405,"1 входящих связей от 1 отправителей; 0 исходящих связей к 0 получателям; вход 200,000 KZT, выход 0 KZT",0.1504
100000005561741100,2,False,1,0,0.0,0,0,25000.0,1,1,False,0.0,0.0003298457193194186,0.0,18,0.0,0.0,0.3211205171539985,0.0,0.06225570262867152,0.0,0.0,0.0,terminal,0.4303,"1 входящих связей от 1 отправителей; 0 исходящих связей к 0 получателям; вход 25,000 KZT, выход 0 KZT",0.0734
100000006248077100,2,False,1,0,0.0,0,0,50000.0,1,1,False,0.0,0.00029385096746579765,0.0,16,0.0,0.0,0.46813466994857295,0.0,0.009899929405281708,0.0,0.0,0.0,terminal,0.467,"1 входящих связей от 1 отправителей; 0 исходящих связей к 0 получателям; вход 50,000 KZT, выход 0 KZT",0.0867
100000000646541100,2,False,3,0,0.0,0,0,25300.0,4,3,False,0.0,0.0005058630830440042,0.0,0,1.0,0.0,0.32365049875075724,0.0,0.31825270867360234,0.0,1.0,0.0,consolidator,0.8309,"3 входящих связей от 3 отправителей; 0 исходящих связей к 0 получателям; вход 25,300 KZT, выход 0 KZT",0.3078
100000006595426100,2,False,1,0,0.0,0,0,84800.0,3,1,False,0.0,0.000334319780409647,0.0,0,0.0,0.0,0.5801809653913078,0.0,0.06876326769154889,0.0,0.0,0.0,terminal,0.495,"1 входящих связей от 1 отправителей; 0 исходящих связей к 0 получателям; вход 84,800 KZT, выход 0 KZT",0.1216
100000002956898100,2,False,2,0,0.0,0,0,290240.0,2,2,False,0.0,0.0003768413148122,0.0,4,0.5849625007211564,0.0,0.8411530457235212,0.0,0.13060979735568579,0.0,0.5849625007211564,0.0,consolidator,0.649,"2 входящих связей от 2 отправителей; 0 исходящих связей к 0 получателям; вход 290,240 KZT, выход 0 KZT",0.2835
100000001262647100,2,False,1,0,0.0,0,0,23650.0,1,1,False,0.0,0.000303391972492015,0.0,4,0.0,0.0,0.3093466052685268,0.0,0.023777877575645586,0.0,0.0,0.0,terminal,0.4273,"1 входящих связей от 1 отправителей; 0 исходящих связей к 0 получателям; вход 23,650 KZT, выход 0 KZT",0.0616
100000005849100100,2,False,1,0,0.0,0,0,33300.0,1,1,False,0.0,0.0004907169210974114,0.0,3,0.0,0.0,0.3819243406325089,0.0,0.29622612961341743,0.0,0.0,0.0,terminal,0.4455,"1 входящих связей от 1 отправителей; 0 исходящих связей к 0 получателям; вход 33,300 KZT, выход 0 KZT",0.1428
100000000533217100,2,False,1,0,0.0,0,0,53587.0,1,1,False,0.0,0.0006536029907362576,0.0,0,0.0,0.0,0.4828296031721151,0.0,0.5330886450447359,0.0,0.0,0.0,terminal,0.4707,"1 входящих связей от 1 отправителей; 0 исходящих связей к 0 получателям; вход 53,587 KZT, выход 0 KZT",0.2202
100000002812641100,2,False,1,1,7023.95,1,1,10000.0,1,1,False,0.702395,0.002063853851346023,0.0,5,0.0,0.3868528072345416,0.1267854959781863,0.654927768746982,1.0,0.0,0.0,0.3868528072345416,peripheral,0.35,"1 входящих связей от 1 отправителей; 1 исходящих связей к 1 получателям; вход 10,000 KZT, выход 7,024 KZT",0.4565
100000008647905100,2,False,1,2,344222.0,2,2,50000.0,1,1,False,6.88444,0.00032871032586726667,3.844048916909496e-05,43,0.0,0.6131471927654585,0.46813466994857295,0.9426998991283999,0.06060425725742103,0.28572801380078566,0.0,0.6131471927654585,peripheral,0.35,"1 входящих связей от 1 отправителей; 2 исходящих связей к 2 получателям; вход 50,000 KZT, выход 344,222 KZT",0.4362
100000002842337100,2,False,1,0,0.0,0,0,50000.0,1,1,False,0.0,0.0003666617032550862,0.0,2,0.0,0.0,0.46813466994857295,0.0,0.11580404116967621,0.0,0.0,0.0,terminal,0.467,"1 входящих связей от 1 отправителей; 0 исходящих связей к 0 получателям; вход 50,000 KZT, выход 0 KZT",0.1132
100000002445750100,2,False,1,1,10000.0,1,1,70000.0,1,1,False,0.14285714285714285,0.0005372906870343836,1.9418391435934565e-05,0,0.0,0.3868528072345416,0.5395001308391884,0.6810456169100282,0.3639558045920177,0.1443382044818924,0.0,0.3868528072345416,peripheral,0.35,"1 входящих связей от 1 отправителей; 1 исходящих связей к 1 получателям; вход 70,000 KZT, выход 10,000 KZT",0.4082
100000005619339100,2,False,1,1,5442.6,1,1,5000.0,1,1,False,1.0885200000000002,0.00032082585348585106,0.0,16,0.0,0.3868528072345416,0.0,0.6360703256657844,0.049136132178676455,0.0,0.0,0.3868528072345416,transit,0.9576,"1 входящих связей от 1 отправителей; 1 исходящих связей к 1 получателям; вход 5,000 KZT, выход 5,443 KZT",0.1925
100000006844768100,2,False,1,2,188000.0,5,2,282000.0,5,1,False,0.6666666666666666,0.0013707774167538995,3.883678287186913e-05,0,0.0,0.6131471927654585,0.8350442765959403,0.8979761656841849,1.0,0.28867360622966776,0.0,0.6131471927654585,peripheral,0.35,"1 входящих связей от 1 отправителей; 2 исходящих связей к 2 получателям; вход 282,000 KZT, выход 188,000 KZT",0.7297
100000002488629100,2,False,1,0,0.0,0,0,73050.0,1,1,False,0.0,0.0002994145168825342,0.0,2,0.0,0.0,0.5485459507381387,0.0,0.017992452545308263,0.0,0.0,0.0,terminal,0.4871,"1 входящих связей от 1 отправителей; 0 исходящих связей к 0 получателям; вход 73,050 KZT, выход 0 KZT",0.1032
100000002796853100,2,False,1,1,46167.62,5,1,199000.0,8,1,False,0.23199809045226133,0.0021135984327106993,0.0,59,0.0,0.3868528072345416,0.7611051095202169,0.7941496299517802,1.0,0.0,0.0,0.3868528072345416,peripheral,0.35,"1 входящих связей от 1 отправителей; 1 исходящих связей к 1 получателям; вход 199,000 KZT, выход 46,168 KZT",0.5957
100000006755850100,2,False,1,0,0.0,0,0,443475.8,3,1,False,0.0,0.0006492085817124307,0.0,10,0.0,0.0,0.931070569438829,0.0,0.5266989743733538,0.0,0.0,0.0,terminal,0.5828,"1 входящих связей от 1 отправителей; 0 исходящих связей к 0 получателям; вход 443,476 KZT, выход 0 KZT",0.2993
100000008733194100,2,False,4,8,159695.0,8,8,251424.0,4,4,False,0.6351621165839378,0.0004707255944091275,0.0001965616765759907,12,1.0,1.0,0.8107021219761906,0.8859105313896284,0.26715287185415365,1.0,1.0,1.0,distributor,0.9601,"4 входящих связей от 4 отправителей; 8 исходящих связей к 8 получателям; вход 251,424 KZT, выход 159,695 KZT",0.7622
100000001904863100,2,False,1,0,0.0,0,0,500000.0,1,1,False,0.0,0.0004817984770777479,0.0,40,0.0,0.0,0.956515388032386,0.0,0.28325616563879236,0.0,0.0,0.0,terminal,0.5891,"1 входящих связей от 1 отправителей; 0 исходящих связей к 0 получателям; вход 500,000 KZT, выход 0 KZT",0.243
100000001641951100,2,False,1,0,0.0,0,0,25000.0,4,1,False,0.0,0.00031906388743239267,0.0,3,0.0,0.0,0.3211205171539985,0.0,0.04657330444120558,0.0,0.0,0.0,terminal,0.4303,"1 входящих связей от 1 отправителей; 0 исходящих связей к 0 получателям; вход 25,000 KZT, выход 0 KZT",0.0694
100000004816564100,2,False,1,1,5000.0,1,1,285480.0,1,1,False,0.01751436177665686,0.00037639216561899256,1.922024458454748e-05,4,0.0,0.3868528072345416,0.8376456866140949,0.6297997767503529,0.12995653459935855,0.1428653798145826,0.0,0.3868528072345416,peripheral,0.35,"1 входящих связей от 1 отправителей; 1 исходящих связей к 1 получателям; вход 285,480 KZT, выход 5,000 KZT",0.3938
100000002205022100,2,False,1,3,518000.0,3,3,7100.0,1,1,False,72.95774647887323,0.0005456370301467006,5.270706246896525e-05,31,0.0,0.7737056144690831,0.05415103595670272,0.9729193890514402,0.37609310077479746,0.3917686058644222,0.0,0.7737056144690831,distributor,0.8434,"1 входящих связей от 1 отправителей; 3 исходящих связей к 3 получателям; вход 7,100 KZT, выход 518,000 KZT",0.4966
100000002267998100,2,False,2,3,1115000.0,12,3,420000.0,4,2,False,2.6547619047619047,0.0015848317238056746,5.98403491189004e-05,29,0.5849625007211564,0.7737056144690831,0.9195346430992699,1.0,1.0,0.4447883346140344,0.5849625007211564,0.7737056144690831,distributor,0.8529,"2 входящих связей от 2 отправителей; 3 исходящих связей к 3 получателям; вход 420,000 KZT, выход 1,115,000 KZT",0.8249
100000002199091100,2,False,1,0,0.0,0,0,65000.0,1,1,False,0.0,0.0003076457194062812,0.0,22,0.0,0.0,0.5237818622645034,0.0,0.029965157845711292,0.0,0.0,0.0,terminal,0.4809,"1 входящих связей от 1 отправителей; 0 исходящих связей к 0 получателям; вход 65,000 KZT, выход 0 KZT",0.1018
100000008571443100,2,False,2,0,0.0,0,0,65000.0,2,2,False,0.0,0.00031474857317144846,0.0,12,0.5849625007211564,0.0,0.5237818622645034,0.0,0.040296542946811065,0.0,0.5849625007211564,0.0,consolidator,0.5697,"2 входящих связей от 2 отправителей; 0 исходящих связей к 0 получателям; вход 65,000 KZT, выход 0 KZT",0.2038
100000002742067100,2,False,1,0,0.0,0,0,12730.0,1,1,False,0.0,0.0002896192281984576,0.0,4,0.0,0.0,0.17797751902237827,0.0,0.003744575502328996,0.0,0.0,0.0,terminal,0.3945,"1 входящих связей от 1 отправителей; 0 исходящих связей к 0 получателям; вход 12,730 KZT, выход 0 KZT",0.033
100000003292979100,2,False,1,0,0.0,0,0,48950.0,1,1,False,0.0,0.0003303145122730726,0.0,3,0.0,0.0,0.46363317015486055,0.0,0.0629375678720857,0.0,0.0,0.0,terminal,0.4659,"1 входящих связей от 1 отправителей; 0 исходящих связей к 0 получателям; вход 48,950 KZT, выход 0 KZT",0.0992
100000002558173100,2,False,1,0,0.0,0,0,9300.0,1,1,False,0.0,0.0002958286804649766,0.0,41,0.0,0.0,0.11139465174142521,0.0,0.012776639163380406,0.0,0.0,0.0,terminal,0.3778,"1 входящих связей от 1 отправителей; 0 исходящих связей к 0 получателям; вход 9,300 KZT, выход 0 KZT",0.0232
100000004687282100,2,False,1,0,0.0,0,0,20000.0,1,1,False,0.0,0.000332271768914904,0.0,16,0.0,0.0,0.2737932863595569,0.0,0.06578441880650192,0.0,0.0,0.0,terminal,0.4184,"1 входящих связей от 1 отправителей; 0 исходящих связей к 0 получателям; вход 20,000 KZT, выход 0 KZT",0.0657
100000003034546100,2,False,1,0,0.0,0,0,486715.0,2,1,False,0.0,0.0003313690046042362,0.0,5,0.0,0.0,0.9508036089265297,0.0,0.064471339054025,0.0,0.0,0.0,terminal,0.5877,"1 входящих связей от 1 отправителей; 0 исходящих связей к 0 получателям; вход 486,715 KZT, выход 0 KZT",0.1873
100000003798151100,2,False,1,0,0.0,0,0,350000.0,3,1,False,0.0,0.0005753929174195429,0.0,16,0.0,0.0,0.8808638479980881,0.0,0.4193634451167394,0.0,0.0,0.0,terminal,0.5702,"1 входящих связей от 1 отправителей; 0 исходящих связей к 0 получателям; вход 350,000 KZT, выход 0 KZT",0.2634
100000008710791100,2,False,3,23,5521511.0,25,23,181510.0,3,3,False,30.41987218335078,0.0003342621960762564,0.0003398218501288549,5,1.0,1.0,0.74159301946725,1.0,0.06867951090741954,1.0,1.0,1.0,distributor,1.0,"3 входящих связей от 3 отправителей; 23 исходящих связей к 23 получателям; вход 181,510 KZT, выход 5,521,511 KZT",0.7207
100000008688476100,2,False,1,0,0.0,0,0,24000.0,1,1,False,0.0,0.0002937205896716869,0.0,22,0.0,0.0,0.3124624150201965,0.0,0.009710286384314247,0.0,0.0,0.0,terminal,0.4281,"1 входящих связей от 1 отправителей; 0 исходящих связей к 0 получателям; вход 24,000 KZT, выход 0 KZT",0.0587
100000003242289100,2,False,3,23,2377741.0,26,23,550791.0,8,3,False,4.316956885642648,0.0004397217042853956,0.001532269601776347,28,1.0,1.0,0.9770357193613893,1.0,0.22206296482170043,1.0,1.0,1.0,distributor,1.0,"3 входящих связей от 3 отправителей; 23 исходящих связей к 23 получателям; вход 550,791 KZT, выход 2,377,741 KZT",0.8014
100000006564102100,2,False,1,0,0.0,0,0,233235.0,1,1,False,0.0,0.00042809593979465147,0.0,3,0.0,0.0,0.7947744985739491,0.0,0.2051548992071599,0.0,0.0,0.0,terminal,0.5487,"1 входящих связей от 1 отправителей; 0 исходящих связей к 0 получателям; вход 233,235 KZT, выход 0 KZT",0.1943
100000001526235100,2,False,3,8,432750.0,9,8,82000.0,4,3,False,5.277439024390244,0.0008778562267377667,0.0002566001725462782,13,1.0,1.0,0.5730594275571645,0.9596233916232954,0.8591258057887898,1.0,1.0,1.0,distributor,0.9859,"3 входящих связей от 3 отправителей; 8 исходящих связей к 8 получателям; вход 82,000 KZT, выход 432,750 KZT",0.8807
100000004398811100,2,False,1,3,1040672.0,4,3,426000.0,1,1,False,2.4428920187793426,0.0003496917418399157,1.7833216624837866e-06,3,0.0,0.7737056144690831,0.9225432354942653,1.0,0.09112171225375432,0.013255666271946173,0.0,0.7737056144690831,distributor,0.8529,"1 входящих связей от 1 отправителей; 3 исходящих связей к 3 получателям; вход 426,000 KZT, выход 1,040,672 KZT",0.5033
100000002957787100,2,False,4,34,1276153.96,41,34,84956.0,7,4,False,15.02135175855737,0.0006138323786231593,0.0049826007249797,0,1.0,1.0,0.5805707912836435,1.0,0.47525934319083707,1.0,1.0,1.0,distributor,1.0,"4 входящих связей от 4 отправителей; 34 исходящих связей к 34 получателям; вход 84,956 KZT, выход 1,276,154 KZT",0.7933
100000002621915100,2,False,1,0,0.0,0,0,5000.0,1,1,False,0.0,0.0005320392011730527,0.0,16,0.0,0.0,0.0,0.0,0.35631901425593526,0.0,0.0,0.0,terminal,0.35,"1 входящих связей от 1 отправителей; 0 исходящих связей к 0 получателям; вход 5,000 KZT, выход 0 KZT",0.0891
100000008283183100,2,False,1,0,0.0,0,0,29000.0,1,1,False,0.0,0.0002954187762246862,0.0,22,0.0,0.0,0.3525996321287633,0.0,0.012180407756532617,0.0,0.0,0.0,terminal,0.4381,"1 входящих связей от 1 отправителей; 0 исходящих связей к 0 получателям; вход 29,000 KZT, выход 0 KZT",0.0665
100000003843844100,3,False,1,1,238000.0,1,1,16680.0,1,1,False,14.268585131894485,0.0002917438481336822,1.922024458454748e-05,12,0.0,0.3868528072345416,0.23529411532610536,0.9154139148490108,0.006834983620267519,0.1428653798145826,0.0,0.3868528072345416,peripheral,0.35,"1 входящих связей от 1 отправителей; 1 исходящих связей к 1 получателям; вход 16,680 KZT, выход 238,000 KZT",0.306
100000000954884100,3,False,1,0,0.0,0,0,34000.0,1,1,False,0.0,0.00031150191855239246,0.0,38,0.0,0.0,0.3863366092262719,0.0,0.035574162954814595,0.0,0.0,0.0,terminal,0.4466,"1 входящих связей от 1 отправителей; 0 исходящих связей к 0 получателям; вход 34,000 KZT, выход 0 KZT",0.0784
100000005893892100,3,False,1,0,0.0,0,0,102780.0,1,1,False,0.0,0.0002889003091286244,0.0,10,0.0,0.0,0.6209668689093114,0.0,0.002698856006514642,0.0,0.0,0.0,terminal,0.5052,"1 входящих связей от 1 отправителей; 0 исходящих связей к 0 получателям; вход 102,780 KZT, выход 0 KZT",0.1124
100000001819396100,3,False,1,0,0.0,0,0,166080.0,1,1,False,0.0,0.0003272175623678329,0.0,14,0.0,0.0,0.7227496797393868,0.0,0.05843300939152364,0.0,0.0,0.0,terminal,0.5307,"1 входящих связей от 1 отправителей; 0 исходящих связей к 0 получателям; вход 166,080 KZT, выход 0 KZT",0.1447
100000008472324100,3,False,1,0,0.0,0,0,205200.0,1,1,False,0.0,0.000292219656737292,0.0,10,0.0,0.0,0.7676124496351131,0.0,0.00752707957374563,0.0,0.0,0.0,terminal,0.5419,"1 входящих связей от 1 отправителей; 0 исходящих связей к 0 получателям; вход 205,200 KZT, выход 0 KZT",0.1401
100000002646745100,3,False,1,0,0.0,0,0,12300.0,1,1,False,0.0,0.0002874890509012393,0.0,22,0.0,0.0,0.1706897963139908,0.0,0.000646077223317861,0.0,0.0,0.0,terminal,0.3927,"1 входящих связей от 1 отправителей; 0 исходящих связей к 0 получателям; вход 12,300 KZT, выход 0 KZT",0.0309
100000008405209100,3,False,1,0,0.0,0,0,54400.0,1,1,False,0.0,0.0002941318023751846,0.0,28,0.0,0.0,0.4860233129094678,0.0,0.01030842204795497,0.0,0.0,0.0,terminal,0.4715,"1 входящих связей от 1 отправителей; 0 исходящих связей к 0 получателям; вход 54,400 KZT, выход 0 KZT",0.0901
100000004417753100,3,False,2,0,0.0,0,0,192099.0,2,2,False,0.0,0.0003931467756499757,0.0,3,0.5849625007211564,0.0,0.7536192031585668,0.0,0.15432499322550391,0.0,0.5849625007211564,0.0,consolidator,0.6271,"2 входящих связей от 2 отправителей; 0 исходящих связей к 0 получателям; вход 192,099 KZT, выход 0 KZT",0.2737
100000003457710100,3,False,1,1,1306000.0,2,1,326555.0,1,1,False,3.999326300316945,0.0002961526720570524,1.922024458454748e-05,10,0.0,0.3868528072345416,0.8661577996706427,1.0,0.013247905066239752,0.1428653798145826,0.0,0.3868528072345416,peripheral,0.35,"1 входящих связей от 1 отправителей; 1 исходящих связей к 1 получателям; вход 326,555 KZT, выход 1,306,000 KZT",0.4364
100000007333038100,3,False,1,2,34994.0,2,2,17500.0,1,1,False,1.9996571428571428,0.00029968918055683826,1.5851748110966993e-06,24,0.0,0.6131471927654585,0.2454724311876608,0.7736604425205003,0.018391966504314086,0.011782815631314366,0.0,0.6131471927654585,peripheral,0.35,"1 входящих связей от 1 отправителей; 2 исходящих связей к 2 получателям; вход 17,500 KZT, выход 34,994 KZT",0.2949
100000006444163100,3,False,1,0,0.0,0,0,6026.0,1,1,False,0.0,0.00031891138227468983,0.0,0,0.0,0.0,0.0193691092198954,0.0,0.046351481312711204,0.0,0.0,0.0,terminal,0.3548,"1 входящих связей от 1 отправителей; 0 исходящих связей к 0 получателям; вход 6,026 KZT, выход 0 KZT",0.0151
100000008706947100,3,False,1,0,0.0,0,0,17200.0,1,1,False,0.0,0.00028825383201923533,0.0,22,0.0,0.0,0.2418050691940891,0.0,0.0017585079108152193,0.0,0.0,0.0,terminal,0.4105,"1 входящих связей от 1 отправителей; 0 исходящих связей к 0 получателям; вход 17,200 KZT, выход 0 KZT",0.044
100000008761219100,3,False,2,2,375000.0,2,2,50000.0,2,2,False,7.5,0.0002928408331364549,4.517748211625593e-05,60,0.5849625007211564,0.6131471927654585,0.46813466994857295,0.9490322845620487,0.008430622370701291,0.335802926343124,0.5849625007211564,0.6131471927654585,coordinator,0.2212,"2 входящих связей от 2 отправителей; 2 исходящих связей к 2 получателям; вход 50,000 KZT, выход 375,000 KZT",0.4353
100000005022552100,3,False,1,1,5000.0,1,1,241000.0,3,1,False,0.02074688796680498,0.0003577563937236867,0.0,16,0.0,0.3868528072345416,0.8017209187909307,0.6297997767503529,0.10285157253576295,0.0,0.0,0.3868528072345416,peripheral,0.35,"1 входящих связей от 1 отправителей; 1 исходящих связей к 1 получателям; вход 241,000 KZT, выход 5,000 KZT",0.3492
100000008735832100,3,False,1,0,0.0,0,0,17600.0,1,1,False,0.0,0.00028831626313090844,0.0,22,0.0,0.0,0.24668092804133215,0.0,0.001849318541633271,0.0,0.0,0.0,terminal,0.4117,"1 входящих связей от 1 отправителей; 0 исходящих связей к 0 получателям; вход 17,600 KZT, выход 0 KZT",0.0449
100000005661528100,3,False,1,0,0.0,0,0,25000.0,1,1,False,0.0,0.0002910914967995314,0.0,1,0.0,0.0,0.3211205171539985,0.0,0.005886093730953804,0.0,0.0,0.0,terminal,0.4303,"1 входящих связей от 1 отправителей; 0 исходящих связей к 0 получателям; вход 25,000 KZT, выход 0 KZT",0.0593
100000002529880100,3,False,2,0,0.0,0,0,147000.0,2,2,False,0.0,0.000306133548519856,0.0,42,0.5849625007211564,0.0,0.6968654644064098,0.0,0.02776563529356108,0.0,0.5849625007211564,0.0,consolidator,0.6129,"2 входящих связей от 2 отправителей; 0 исходящих связей к 0 получателям; вход 147,000 KZT, выход 0 KZT",0.2318
100000001969496100,3,False,1,0,0.0,0,0,22740.0,1,1,False,0.0,0.0002919967925367134,0.0,40,0.0,0.0,0.30102455724761956,0.0,0.007202908487465117,0.0,0.0,0.0,terminal,0.4253,"1 входящих связей от 1 отправителей; 0 исходящих связей к 0 получателям; вход 22,740 KZT, выход 0 KZT",0.056
100000003215448100,3,False,1,2,124000.0,4,2,91309.0,1,1,False,1.3580260434349298,0.0003041469318708125,3.844048916909496e-05,1,0.0,0.6131471927654585,0.5958665918210747,0.8672043096750005,0.024876004364207584,0.28572801380078566,0.0,0.6131471927654585,peripheral,0.35,"1 входящих связей от 1 отправителей; 2 исходящих связей к 2 получателям; вход 91,309 KZT, выход 124,000 KZT",0.4367
100000006894637100,3,False,1,0,0.0,0,0,52831.0,1,1,False,0.0,0.0002902544663373186,0.0,0,0.0,0.0,0.47981602780161536,0.0,0.004668574439797604,0.0,0.0,0.0,terminal,0.47,"1 входящих связей от 1 отправителей; 0 исходящих связей к 0 получателям; вход 52,831 KZT, выход 0 KZT",0.0875
100000002936322100,3,False,2,0,0.0,0,0,787133.0,2,2,False,0.0,0.00036638128696323056,0.0,1,0.5849625007211564,0.0,1.0,0.0,0.1153961870064445,0.0,0.5849625007211564,0.0,consolidator,0.6887,"2 входящих связей от 2 отправителей; 0 исходящих связей к 0 получателям; вход 787,133 KZT, выход 0 KZT",0.3083
100000005061890100,3,False,1,0,0.0,0,0,90000.0,1,1,False,0.0,0.0005346252088600015,0.0,3,0.0,0.0,0.5928039285509907,0.0,0.36007963083953426,0.0,0.0,0.0,terminal,0.4982,"1 входящих связей от 1 отправителей; 0 исходящих связей к 0 получателям; вход 90,000 KZT, выход 0 KZT",0.1967
100000004017410100,3,False,2,5,1330915.0,11,5,193650.0,6,2,False,6.872785954040795,0.0011315419625793047,6.816251687715807e-05,62,0.5849625007211564,1.0,0.7553248271201198,1.0,1.0,0.5066442068436009,0.5849625007211564,1.0,distributor,1.0,"2 входящих связей от 2 отправителей; 5 исходящих связей к 5 получателям; вход 193,650 KZT, выход 1,330,915 KZT",0.8474
100000002983426100,3,False,1,0,0.0,0,0,88945.0,1,1,False,0.0,0.00031870862226784333,0.0,18,0.0,0.0,0.5903029539538163,0.0,0.04605656101154553,0.0,0.0,0.0,terminal,0.4976,"1 входящих связей от 1 отправителей; 0 исходящих связей к 0 получателям; вход 88,945 KZT, выход 0 KZT",0.1178
100000005530114100,3,False,2,1,25000.0,1,1,136970.0,2,2,False,0.1825217200846901,0.0004948738015345278,1.981468513870874e-07,28,0.5849625007211564,0.3868528072345416,0.6818761309893496,0.7487942697451995,0.3022713811276178,0.0014728529753573112,0.5849625007211564,0.3868528072345416,consolidator,0.6092,"2 входящих связей от 2 отправителей; 1 исходящих связей к 1 получателям; вход 136,970 KZT, выход 25,000 KZT",0.4329
100000001169666100,3,False,1,1,24000.0,1,1,220000.0,2,1,False,0.10909090909090909,0.0003195447456388576,2.19943005039667e-05,18,0.0,0.3868528072345416,0.7823837288111022,0.7457759009914599,0.04727272628082548,0.16348489860044305,0.0,0.3868528072345416,peripheral,0.35,"1 входящих связей от 1 отправителей; 1 исходящих связей к 1 получателям; вход 220,000 KZT, выход 24,000 KZT",0.3886
100000001784279100,3,False,1,0,0.0,0,0,35674.0,1,1,False,0.0,0.0002887329449187703,0.0,0,0.0,0.0,0.3965303136552929,0.0,0.002455412617648736,0.0,0.0,0.0,terminal,0.4491,"1 входящих связей от 1 отправителей; 0 исходящих связей к 0 получателям; вход 35,674 KZT, выход 0 KZT",0.072
100000008744364100,3,False,1,0,0.0,0,0,23700.0,1,1,False,0.0,0.00028926833758392384,0.0,22,0.0,0.0,0.3097945331022268,0.0,0.0032341799593369647,0.0,0.0,0.0,terminal,0.4274,"1 входящих связей от 1 отправителей; 0 исходящих связей к 0 получателям; вход 23,700 KZT, выход 0 KZT",0.0566
100000008714412100,3,False,1,0,0.0,0,0,169000.0,1,1,False,0.0,0.0003116686182638579,0.0,18,0.0,0.0,0.7264464201685945,0.0,0.035816634263403174,0.0,0.0,0.0,terminal,0.5316,"1 входящих связей от 1 отправителей; 0 исходящих связей к 0 получателям; вход 169,000 KZT, выход 0 KZT",0.1397
100000007754369100,3,False,1,0,0.0,0,0,82424.0,1,1,False,0.0,0.0002928788402569491,0.0,0,0.0,0.0,0.5741533147519409,0.0,0.008485906262179753,0.0,0.0,0.0,terminal,0.4935,"1 входящих связей от 1 отправителей; 0 исходящих связей к 0 получателям; вход 82,424 KZT, выход 0 KZT",0.1055
100000003122817100,3,False,1,0,0.0,0,0,444680.0,1,1,False,0.0,0.00039708273280823027,0.0,14,0.0,0.0,0.9316457245265136,0.0,0.1600495202140923,0.0,0.0,0.0,terminal,0.5829,"1 входящих связей от 1 отправителей; 0 исходящих связей к 0 получателям; вход 444,680 KZT, выход 0 KZT",0.2077
100000003711830100,3,False,1,0,0.0,0,0,50000.0,1,1,False,0.0,0.000295742244120105,0.0,1,0.0,0.0,0.46813466994857295,0.0,0.012650912102990857,0.0,0.0,0.0,terminal,0.467,"1 входящих связей от 1 отправителей; 0 исходящих связей к 0 получателям; вход 50,000 KZT, выход 0 KZT",0.0874
100000001110358100,3,False,2,0,0.0,0,0,32000.0,2,2,False,0.0,0.00029298593062142774,0.0,0,0.5849625007211564,0.0,0.37347835259072604,0.0,0.00864167632794273,0.0,0.5849625007211564,0.0,consolidator,0.5321,"2 входящих связей от 2 отправителей; 0 исходящих связей к 0 получателям; вход 32,000 KZT, выход 0 KZT",0.1688
100000006530134100,3,False,2,0,0.0,0,0,144663.0,2,2,False,0.0,0.00029908777889777345,0.0,10,0.5849625007211564,0.0,0.6934663960281056,0.0,0.017517193392743814,0.0,0.5849625007211564,0.0,consolidator,0.6121,"2 входящих связей от 2 отправителей; 0 исходящих связей к 0 получателям; вход 144,663 KZT, выход 0 KZT",0.2286
100000001639766100,3,False,1,0,0.0,0,0,20000.0,1,1,False,0.0,0.0006506628579150633,0.0,2,0.0,0.0,0.2737932863595569,0.0,0.5288135612498022,0.0,0.0,0.0,terminal,0.4184,"1 входящих связей от 1 отправителей; 0 исходящих связей к 0 получателям; вход 20,000 KZT, выход 0 KZT",0.1815
100000003242795100,3,False,1,0,0.0,0,0,111000.0,1,1,False,0.0,0.00028916671253951344,0.0,10,0.0,0.0,0.6372857754448188,0.0,0.0030863590165490667,0.0,0.0,0.0,terminal,0.5093,"1 входящих связей от 1 отправителей; 0 исходящих связей к 0 получателям; вход 111,000 KZT, выход 0 KZT",0.1155
100000004970752100,3,False,1,0,0.0,0,0,10000.0,1,1,False,0.0,0.0007428614561261686,0.0,0,0.0,0.0,0.1267854959781863,0.0,0.662868442002409,0.0,0.0,0.0,terminal,0.3817,"1 входящих связей от 1 отправителей; 0 исходящих связей к 0 получателям; вход 10,000 KZT, выход 0 KZT",0.1885
100000004564736100,3,False,1,0,0.0,0,0,15000.0,2,1,False,0.0,0.00037675536447064214,0.0,29,0.0,0.0,0.21277867430530759,0.0,0.1304847873418866,0.0,0.0,0.0,terminal,0.4032,"1 входящих связей от 1 отправителей; 0 исходящих связей к 0 получателям; вход 15,000 KZT, выход 0 KZT",0.0709
100000005873152100,3,False,1,1,10000.0,1,1,10000.0,1,1,False,1.0,0.0004674555308962045,3.962937027741748e-07,11,0.0,0.3868528072345416,0.1267854959781863,0.6810456169100282,0.2623971842448355,0.00294570565887353,0.0,0.3868528072345416,transit,1.0,"1 входящих связей от 1 отправителей; 1 исходящих связей к 1 получателям; вход 10,000 KZT, выход 10,000 KZT",0.2774
100000001637376100,3,False,1,1,234250.0,2,1,116700.0,1,1,False,2.0072836332476434,0.0002893514448317357,1.922024458454748e-05,10,0.0,0.3868528072345416,0.6479070090559577,0.9142395787993475,0.003355065422767269,0.1428653798145826,0.0,0.3868528072345416,peripheral,0.35,"1 входящих связей от 1 отправителей; 1 исходящих связей к 1 получателям; вход 116,700 KZT, выход 234,250 KZT",0.3792
100000006710485100,3,False,1,0,0.0,0,0,20000.0,1,1,False,0.0,0.0002886908498009473,0.0,22,0.0,0.0,0.2737932863595569,0.0,0.0023941822075186584,0.0,0.0,0.0,terminal,0.4184,"1 входящих связей от 1 отправителей; 0 исходящих связей к 0 получателям; вход 20,000 KZT, выход 0 KZT",0.0499
100000003582677100,3,False,2,4,56000.0,5,4,29756.989999999998,2,2,False,1.881910771217116,0.0002932927091390007,0.0,3,0.5849625007211564,0.8982444017039272,0.3580649579723272,0.8084257044920199,0.009087906016335405,0.0,0.5849625007211564,0.8982444017039272,distributor,0.8668,"2 входящих связей от 2 отправителей; 4 исходящих связей к 4 получателям; вход 29,757 KZT, выход 56,000 KZT",0.3649
100000008713685100,3,False,1,0,0.0,0,0,49700.0,1,1,False,0.0,0.00029332635984267806,0.0,22,0.0,0.0,0.46685824611090565,0.0,0.009136853187016526,0.0,0.0,0.0,terminal,0.4667,"1 входящих связей от 1 отправителей; 0 исходящих связей к 0 получателям; вход 49,700 KZT, выход 0 KZT",0.0863
100000008070101100,3,False,1,0,0.0,0,0,100000.0,1,1,False,0.0,0.00029258785293762273,0.0,5,0.0,0.0,0.6151509436747945,0.0,0.008062645746562411,0.0,0.0,0.0,terminal,0.5038,"1 входящих связей от 1 отправителей; 0 исходящих связей к 0 получателям; вход 100,000 KZT, выход 0 KZT",0.1127
100000004475818100,3,False,1,3,53989.0,3,3,13000.0,1,1,False,4.153,0.0003098079503095031,4.755524433290098e-06,10,0.0,0.7737056144690831,0.18242877296742985,0.8057215648064329,0.033110217007003756,0.03534839086066792,0.0,0.7737056144690831,distributor,0.7849,"1 входящих связей от 1 отправителей; 3 исходящих связей к 3 получателям; вход 13,000 KZT, выход 53,989 KZT",0.3255
100000007197866100,3,False,1,1,15000.0,1,1,20000.0,1,1,False,0.75,0.0002896384741784161,1.922024458454748e-05,1,0.0,0.3868528072345416,0.2737932863595569,0.7110243718942185,0.003772570154129466,0.1428653798145826,0.0,0.3868528072345416,peripheral,0.35,"1 входящих связей от 1 отправителей; 1 исходящих связей к 1 получателям; вход 20,000 KZT, выход 15,000 KZT",0.2754
100000006965162100,3,False,1,0,0.0,0,0,10000.0,1,1,False,0.0,0.0003092890887695534,0.0,15,0.0,0.0,0.1267854959781863,0.0,0.03235551088529513,0.0,0.0,0.0,terminal,0.3817,"1 входящих связей от 1 отправителей; 0 исходящих связей к 0 получателям; вход 10,000 KZT, выход 0 KZT",0.0309
100000005995391100,3,False,1,0,0.0,0,0,17200.0,1,1,False,0.0,0.00028825383201923533,0.0,22,0.0,0.0,0.2418050691940891,0.0,0.0017585079108152193,0.0,0.0,0.0,terminal,0.4105,"1 входящих связей от 1 отправителей; 0 исходящих связей к 0 получателям; вход 17,200 KZT, выход 0 KZT",0.044
100000003834495100,3,False,3,1,20000.0,1,1,602441.0,5,3,False,0.0331982716979754,0.0006208601664329524,1.981468513870874e-07,0,1.0,0.3868528072345416,0.9960473659771744,0.7322951533772758,0.48547841426885946,0.0014728529753573112,1.0,0.3868528072345416,consolidator,0.999,"3 входящих связей от 3 отправителей; 1 исходящих связей к 1 получателям; вход 602,441 KZT, выход 20,000 KZT",0.6028
100000001223977100,3,False,1,1,18000.0,1,1,5000.0,1,1,False,3.6,0.0003055412798976374,2.4173915869224665e-05,47,0.0,0.3868528072345416,0.0,0.7245049141337404,0.026904152260452115,0.1796859089486307,0.0,0.3868528072345416,peripheral,0.35,"1 входящих связей от 1 отправителей; 1 исходящих связей к 1 получателям; вход 5,000 KZT, выход 18,000 KZT",0.2424
100000001046057100,3,False,1,0,0.0,0,0,83420.0,1,1,False,0.0,0.00031851488108134053,0.0,42,0.0,0.0,0.5767009413207445,0.0,0.045774758789872964,0.0,0.0,0.0,terminal,0.4942,"1 входящих связей от 1 отправителей; 0 исходящих связей к 0 получателям; вход 83,420 KZT, выход 0 KZT",0.1152
100000002989353100,3,False,1,2,321160.0,2,2,500000.0,2,1,False,0.64232,0.00030938521828855153,2.774055919419224e-06,24,0.0,0.6131471927654585,0.956515388032386,0.9375721778250309,0.03249533537836044,0.020619915097505007,0.0,0.6131471927654585,peripheral,0.35,"1 входящих связей от 1 отправителей; 2 исходящих связей к 2 получателям; вход 500,000 KZT, выход 321,160 KZT",0.4578
100000006714366100,3,False,1,1,5000.0,1,1,10500.0,1,1,False,0.47619047619047616,0.0002894561536970334,1.922024458454748e-05,12,0.0,0.3868528072345416,0.13713301205599157,0.6297997767503529,0.003507371976668431,0.1428653798145826,0.0,0.3868528072345416,peripheral,0.35,"1 входящих связей от 1 отправителей; 1 исходящих связей к 1 получателям; вход 10,500 KZT, выход 5,000 KZT",0.2361
100000001063678100,3,False,1,2,90000.0,2,2,35000.0,1,1,False,2.5714285714285716,0.0003277487283987024,3.962937027741748e-05,29,0.0,0.6131471927654585,0.39248476609146365,0.8435079503182857,0.05920559906545411,0.2945647875856104,0.0,0.6131471927654585,peripheral,0.35,"1 входящих связей от 1 отправителей; 2 исходящих связей к 2 получателям; вход 35,000 KZT, выход 90,000 KZT",0.4063
100000004889043100,3,False,2,0,0.0,0,0,272000.0,4,2,False,0.0,0.00029849724595781856,0.0,0,0.5849625007211564,0.0,0.8273863349554672,0.0,0.016658228943017078,0.0,0.5849625007211564,0.0,consolidator,0.6456,"2 входящих связей от 2 отправителей; 0 исходящих связей к 0 получателям; вход 272,000 KZT, выход 0 KZT",0.2525
100000002984403100,3,False,1,1,25000.0,1,1,20000.0,1,1,False,1.25,0.00032010276016592777,2.0012831990095827e-05,13,0.0,0.3868528072345416,0.2737932863595569,0.7487942697451995,0.048084373746015825,0.14875667673284296,0.0,0.3868528072345416,peripheral,0.35,"1 входящих связей от 1 отправителей; 1 исходящих связей к 1 получателям; вход 20,000 KZT, выход 25,000 KZT",0.2946
100000003951827100,3,False,1,2,17000.0,2,2,9000.0,1,1,False,1.8888888888888888,0.0002860761739207674,0.0,0,0.0,0.6131471927654585,0.10444060163522356,0.7202787034258578,0.0,0.0,0.0,0.6131471927654585,peripheral,0.35,"1 входящих связей от 1 отправителей; 2 исходящих связей к 2 получателям; вход 9,000 KZT, выход 17,000 KZT",0.2527
100000000933075100,3,False,1,2,55000.0,2,2,40000.0,1,1,False,1.375,0.0008086964755110812,2.139985994980544e-05,8,0.0,0.6131471927654585,0.4208063787121672,0.8070933900106033,0.7585836591362963,0.15906643510436616,0.0,0.6131471927654585,peripheral,0.35,"1 входящих связей от 1 отправителей; 2 исходящих связей к 2 получателям; вход 40,000 KZT, выход 55,000 KZT",0.5499
100000008502995100,3,False,1,0,0.0,0,0,25000.0,2,1,False,0.0,0.0007270949451502066,0.0,0,0.0,0.0,0.3211205171539985,0.0,0.6399451321575055,0.0,0.0,0.0,terminal,0.4303,"1 входящих связей от 1 отправителей; 0 исходящих связей к 0 получателям; вход 25,000 KZT, выход 0 KZT",0.2178
100000008086440100,3,False,1,5,161300.0,6,5,199733.0,1,1,False,0.8075781167859092,0.00033767394570343703,3.408125843857904e-05,0,0.0,1.0,0.7618849330161166,0.8866499723179342,0.07364191441414976,0.253326420042723,0.0,1.0,distributor,0.9603,"1 входящих связей от 1 отправителей; 5 исходящих связей к 5 получателям; вход 199,733 KZT, выход 161,300 KZT",0.5409
100000008465789100,3,False,1,16,1858100.0,17,16,30099.0,1,1,False,61.732947938469714,0.0002898880397943194,0.0008393500624757022,42,0.0,1.0,0.3604887626111107,1.0,0.004135581109918172,1.0,0.0,1.0,distributor,1.0,"1 входящих связей от 1 отправителей; 16 исходящих связей к 16 получателям; вход 30,099 KZT, выход 1,858,100 KZT",0.6359
100000002550141100,3,False,1,0,0.0,0,0,100586.0,1,1,False,0.0,0.0003077875449747828,0.0,1,0.0,0.0,0.6163902255965743,0.0,0.030171449529600703,0.0,0.0,0.0,terminal,0.5041,"1 входящих связей от 1 отправителей; 0 исходящих связей к 0 получателям; вход 100,586 KZT, выход 0 KZT",0.1185
100000008739887100,3,False,2,2,307000.0,2,2,214000.0,3,2,False,1.4345794392523366,0.00033330063396974185,3.844048916909496e-05,1,0.5849625007211564,0.6131471927654585,0.7765187911391479,0.9342379830047033,0.06728091191241047,0.28572801380078566,0.5849625007211564,0.6131471927654585,peripheral,0.35,"2 входящих связей от 2 отправителей; 2 исходящих связей к 2 получателям; вход 214,000 KZT, выход 307,000 KZT",0.4919
100000008532050100,3,False,1,0,0.0,0,0,455156.0,1,1,False,0.0,0.00030032052425215354,0.0,10,0.0,0.0,0.9365845876901202,0.0,0.01931029145434886,0.0,0.0,0.0,terminal,0.5841,"1 входящих связей от 1 отправителей; 0 исходящих связей к 0 получателям; вход 455,156 KZT, выход 0 KZT",0.1734
100000008422226100,3,False,1,0,0.0,0,0,87450.0,1,1,False,0.0,0.0002904944753360771,0.0,0,0.0,0.0,0.5867076417610637,0.0,0.005017684402260853,0.0,0.0,0.0,terminal,0.4967,"1 входящих связей от 1 отправителей; 0 исходящих связей к 0 получателям; вход 87,450 KZT, выход 0 KZT",0.1069
100000002369874100,3,False,4,0,0.0,0,0,600000.0,4,4,False,0.0,0.0003373478549116585,0.0,5,1.0,0.0,0.9951862134338199,0.0,0.07316761478208238,0.0,1.0,0.0,consolidator,0.9988,"4 входящих связей от 4 отправителей; 0 исходящих связей к 0 получателям; вход 600,000 KZT, выход 0 KZT",0.3674
100000003321895100,3,False,1,2,553830.0,3,2,24000.0,1,1,False,23.07625,0.00031125966376989656,3.962937027741748e-05,54,0.0,0.6131471927654585,0.3124624150201965,0.9778648609952172,0.03522179374184794,0.2945647875856104,0.0,0.6131471927654585,peripheral,0.35,"1 входящих связей от 1 отправителей; 2 исходящих связей к 2 получателям; вход 24,000 KZT, выход 553,830 KZT",0.4101
100000001875239100,3,False,3,0,0.0,0,0,712000.0,3,3,False,0.0,0.000333978630576876,0.0,5,1.0,0.0,1.0,0.0,0.0682670629902587,0.0,1.0,0.0,consolidator,1.0,"3 входящих связей от 3 отправителей; 0 исходящих связей к 0 получателям; вход 712,000 KZT, выход 0 KZT",0.3671
100000002216999100,3,False,1,0,0.0,0,0,23677.0,1,1,False,0.0,0.0002892647477950027,0.0,22,0.0,0.0,0.30958860377953756,0.0,0.0032289583531885766,0.0,0.0,0.0,terminal,0.4274,"1 входящих связей от 1 отправителей; 0 исходящих связей к 0 получателям; вход 23,677 KZT, выход 0 KZT",0.0565
100000002653948100,3,False,1,0,0.0,0,0,85200.0,1,1,False,0.0,0.0002883305558484021,0.0,10,0.0,0.0,0.5811790858858896,0.0,0.0018701083467022844,0.0,0.0,0.0,terminal,0.4953,"1 входящих связей от 1 отправителей; 0 исходящих связей к 0 получателям; вход 85,200 KZT, выход 0 KZT",0.1051
100000008632060100,3,False,1,9,339200.0,12,9,6000.0,1,1,False,56.53333333333333,0.0002880256481640284,0.0,0,0.0,1.0,0.018452135654394897,0.9416131730167066,0.0014265977094966601,0.0,0.0,1.0,distributor,0.9796,"1 входящих связей от 1 отправителей; 9 исходящих связей к 9 получателям; вход 6,000 KZT, выход 339,200 KZT",0.3432
100000008746449100,3,False,1,10,1009000.0,10,10,10000.0,1,1,False,100.9,0.00028700414108164755,0.00014979901964863807,5,0.0,1.0,0.1267854959781863,1.0,0.0,1.0,0.0,1.0,distributor,1.0,"1 входящих связей от 1 отправителей; 10 исходящих связей к 10 получателям; вход 10,000 KZT, выход 1,009,000 KZT",0.5928
100000003031761100,3,False,1,0,0.0,0,0,460408.0,1,1,False,0.0,0.0003183607828225473,0.0,1,0.0,0.0,0.9390180018762732,0.0,0.04555061832692981,0.0,0.0,0.0,terminal,0.5848,"1 входящих связей от 1 отправителей; 0 исходящих связей к 0 получателям; вход 460,408 KZT, выход 0 KZT",0.1804
100000008388049100,3,False,1,0,0.0,0,0,496400.0,1,1,False,0.0,0.0003092137436352385,0.0,24,0.0,0.0,0.9549827273696095,0.0,0.03224591815848968,0.0,0.0,0.0,terminal,0.5887,"1 входящих связей от 1 отправителей; 0 исходящих связей к 0 получателям; вход 496,400 KZT, выход 0 KZT",0.18
100000002677201100,3,False,1,1,87750.0,1,1,150000.0,1,1,False,0.585,0.00030890584852738523,2.139985994980544e-05,42,0.0,0.3868528072345416,0.7011504844999529,0.8416359021378985,0.031798071443365605,0.15906643510436616,0.0,0.3868528072345416,peripheral,0.35,"1 входящих связей от 1 отправителей; 1 исходящих связей к 1 получателям; вход 150,000 KZT, выход 87,750 KZT",0.3864
100000002901457100,3,False,1,3,119000.0,3,3,340000.0,1,1,False,0.35,0.0003742656113270814,7.569209722986739e-05,0,0.0,0.7737056144690831,0.8747155307241986,0.8641609922017642,0.1268635745592793,0.5626086000843288,0.0,0.7737056144690831,distributor,0.8054,"1 входящих связей от 1 отправителей; 3 исходящих связей к 3 получателям; вход 340,000 KZT, выход 119,000 KZT",0.6
100000001160401100,3,False,1,0,0.0,0,0,47190.0,2,1,False,0.0,0.000304888518008386,0.0,0,0.0,0.0,0.4558666898183406,0.0,0.025954678286794233,0.0,0.0,0.0,terminal,0.464,"1 входящих связей от 1 отправителей; 0 исходящих связей к 0 получателям; вход 47,190 KZT, выход 0 KZT",0.0885
100000002842321100,3,False,1,0,0.0,0,0,160000.0,1,1,False,0.0,0.00029075476206914347,0.0,10,0.0,0.0,0.7148391912915051,0.0,0.005396289660215782,0.0,0.0,0.0,terminal,0.5287,"1 входящих связей от 1 отправителей; 0 исходящих связей к 0 получателям; вход 160,000 KZT, выход 0 KZT",0.13
100000002547110100,3,False,6,0,0.0,0,0,1500000.0,10,6,False,0.0,0.0005516278220472665,0.0,42,1.0,0.0,1.0,0.0,0.38480487954218096,0.0,1.0,0.0,consolidator,1.0,"6 входящих связей от 6 отправителей; 0 исходящих связей к 0 получателям; вход 1,500,000 KZT, выход 0 KZT",0.4462
100000001600934100,3,False,1,1,11000.0,1,1,180300.0,2,1,False,0.06100942872989462,0.0023668517583921617,0.0,1,0.0,0.3868528072345416,0.7401743532280761,0.6880924449533968,1.0,0.0,0.0,0.3868528072345416,peripheral,0.35,"1 входящих связей от 1 отправителей; 1 исходящих связей к 1 получателям; вход 180,300 KZT, выход 11,000 KZT",0.5729
100000002818726100,3,False,1,0,0.0,0,0,10879.0,1,1,False,0.0,0.0002895964508153975,0.0,12,0.0,0.0,0.14465327282936438,0.0,0.003711444171918083,0.0,0.0,0.0,terminal,0.3862,"1 входящих связей от 1 отправителей; 0 исходящих связей к 0 получателям; вход 10,879 KZT, выход 0 KZT",0.027
100000008712827100,3,False,1,0,0.0,0,0,76000.0,1,1,False,0.0,0.0002974312054351872,0.0,22,0.0,0.0,0.5569428150466563,0.0,0.015107609820556102,0.0,0.0,0.0,terminal,0.4892,"1 входящих связей от 1 отправителей; 0 исходящих связей к 0 получателям; вход 76,000 KZT, выход 0 KZT",0.104
100000008259451100,3,False,1,0,0.0,0,0,55000.0,1,1,False,0.0,0.0003011151344797474,0.0,40,0.0,0.0,0.4883498316449107,0.0,0.020466095943815665,0.0,0.0,0.0,terminal,0.4721,"1 входящих связей от 1 отправителей; 0 исходящих связей к 0 получателям; вход 55,000 KZT, выход 0 KZT",0.093
100000003060517100,3,False,1,0,0.0,0,0,315955.0,1,1,False,0.0,0.00036188349261668954,0.0,28,0.0,0.0,0.8591587312485178,0.0,0.10885431128822046,0.0,0.0,0.0,terminal,0.5648,"1 входящих связей от 1 отправителей; 0 исходящих связей к 0 получателям; вход 315,955 KZT, выход 0 KZT",0.1819
100000002621434100,3,False,1,0,0.0,0,0,81000.0,1,1,False,0.0,0.0002897423900896502,0.0,5,0.0,0.0,0.5704569396121232,0.0,0.003923723256164647,0.0,0.0,0.0,terminal,0.4926,"1 входящих связей от 1 отправителей; 0 исходящих связей к 0 получателям; вход 81,000 KZT, выход 0 KZT",0.1037
100000001860090100,3,False,1,0,0.0,0,0,5000.0,1,1,False,0.0,0.0003780365817959719,0.0,2,0.0,0.0,0.0,0.0,0.1323482459033335,0.0,0.0,0.0,terminal,0.35,"1 входящих связей от 1 отправителей; 0 исходящих связей к 0 получателям; вход 5,000 KZT, выход 0 KZT",0.0331
100000004689658100,3,False,1,1,7092.0,1,1,456100.0,1,1,False,0.015549221661916246,0.000386316358127699,1.922024458454748e-05,1,0.0,0.3868528072345416,0.9370240351987406,0.65564059823372,0.14439065748884147,0.1428653798145826,0.0,0.3868528072345416,peripheral,0.35,"1 входящих связей от 1 отправителей; 1 исходящих связей к 1 получателям; вход 456,100 KZT, выход 7,092 KZT",0.42
100000003486970100,3,False,1,0,0.0,0,0,150000.0,1,1,False,0.0,0.00029043067032840264,0.0,10,0.0,0.0,0.7011504844999529,0.0,0.004924875540978468,0.0,0.0,0.0,terminal,0.5253,"1 входящих связей от 1 отправителей; 0 исходящих связей к 0 получателям; вход 150,000 KZT, выход 0 KZT",0.1274
100000004659919100,3,False,1,1,39000.0,1,1,110000.0,2,1,False,0.35454545454545455,0.0007249529791849286,2.4173915869224665e-05,47,0.0,0.3868528072345416,0.6353662981862549,0.7816745163577674,0.6368308484129404,0.1796859089486307,0.0,0.3868528072345416,peripheral,0.35,"1 входящих связей от 1 отправителей; 1 исходящих связей к 1 получателям; вход 110,000 KZT, выход 39,000 KZT",0.5196
100000006111439100,3,False,3,4,24000.0,4,4,20570.0,3,3,False,1.166747690811862,0.0003655017010699153,1.7833216624837866e-06,10,1.0,0.8982444017039272,0.27975338195585564,0.7457759009914599,0.11411686413212192,0.013255666271946173,1.0,0.8982444017039272,distributor,0.8449,"3 входящих связей от 3 отправителей; 4 исходящих связей к 4 получателям; вход 20,570 KZT, выход 24,000 KZT",0.386
100000002521039100,3,False,1,0,0.0,0,0,349370.0,1,1,False,0.0,0.0003052458011066051,0.0,0,0.0,0.0,0.880481720195421,0.0,0.026474364038482964,0.0,0.0,0.0,terminal,0.5701,"1 входящих связей от 1 отправителей; 0 исходящих связей к 0 получателям; вход 349,370 KZT, выход 0 KZT",0.1651
100000008493007100,3,False,1,1,26150.0,1,1,26150.0,1,1,False,1.0,0.00028965072814292185,1.387027959709612e-06,22,0.0,0.3868528072345416,0.3306591167474486,0.7521195956101949,0.003790394420020418,0.010309964698842277,0.0,0.3868528072345416,transit,1.0,"1 входящих связей от 1 отправителей; 1 исходящих связей к 1 получателям; вход 26,150 KZT, выход 26,150 KZT",0.2639
100000007793871100,3,False,1,0,0.0,0,0,26000.0,3,1,False,0.0,0.0006872267875117596,0.0,11,0.0,0.0,0.32943901036304085,0.0,0.5819782467403404,0.0,0.0,0.0,terminal,0.4324,"1 входящих связей от 1 отправителей; 0 исходящих связей к 0 получателям; вход 26,000 KZT, выход 0 KZT",0.2048
100000001650895100,3,False,1,1,10000.0,1,1,153500.0,1,1,False,0.06514657980456026,0.00030927489327733844,2.19943005039667e-05,18,0.0,0.3868528072345416,0.7060426591308344,0.6810456169100282,0.0323348629341463,0.16348489860044305,0.0,0.3868528072345416,peripheral,0.35,"1 входящих связей от 1 отправителей; 1 исходящих связей к 1 получателям; вход 153,500 KZT, выход 10,000 KZT",0.3595
100000002567887100,3,False,1,0,0.0,0,0,50915.0,1,1,False,0.0,0.00028721940731527213,0.0,10,0.0,0.0,0.4719809851803089,0.0,0.00025386048606228294,0.0,0.0,0.0,terminal,0.468,"1 входящих связей от 1 отправителей; 0 исходящих связей к 0 получателям; вход 50,915 KZT, выход 0 KZT",0.085
100000008055972100,3,False,1,0,0.0,0,0,28300.0,1,1,False,0.0,0.000289986295368165,0.0,22,0.0,0.0,0.3474172900658769,0.0,0.004278500812389745,0.0,0.0,0.0,terminal,0.4369,"1 входящих связей от 1 отправителей; 0 исходящих связей к 0 получателям; вход 28,300 KZT, выход 0 KZT",0.0636
100000008684452100,3,False,1,0,0.0,0,0,51800.0,1,1,False,0.0,0.0002936541231789621,0.0,22,0.0,0.0,0.4756359895611037,0.0,0.009613606517933386,0.0,0.0,0.0,terminal,0.4689,"1 входящих связей от 1 отправителей; 0 исходящих связей к 0 получателям; вход 51,800 KZT, выход 0 KZT",0.088
100000000764836100,3,False,1,2,50000.0,2,2,251716.0,1,1,False,0.1986365586613485,0.00033678317937202863,3.844048916909496e-05,1,0.0,0.6131471927654585,0.8109483109167946,0.800046024263114,0.07234629284757503,0.28572801380078566,0.0,0.6131471927654585,peripheral,0.35,"1 входящих связей от 1 отправителей; 2 исходящих связей к 2 получателям; вход 251,716 KZT, выход 50,000 KZT",0.4752
100000003072676100,3,False,1,0,0.0,0,0,31545.0,1,1,False,0.0,0.0002931885165385355,0.0,28,0.0,0.0,0.37044096666149984,0.0,0.008936350987977865,0.0,0.0,0.0,terminal,0.4426,"1 входящих связей от 1 отправителей; 0 исходящих связей к 0 получателям; вход 31,545 KZT, выход 0 KZT",0.0689
100000008757369100,3,False,1,1,58398.0,3,1,25961.0,1,1,False,2.249451099726513,0.0002878715741932145,1.922024458454748e-05,0,0.0,0.3868528072345416,0.3291206296997386,0.8115260677174059,0.0012024857433119028,0.1428653798145826,0.0,0.3868528072345416,peripheral,0.35,"1 входящих связей от 1 отправителей; 1 исходящих связей к 1 получателям; вход 25,961 KZT, выход 58,398 KZT",0.3028
100000007618425100,3,False,1,0,0.0,0,0,39348.0,1,1,False,0.0,0.00029507321432812743,0.0,28,0.0,0.0,0.41732070565282176,0.0,0.011677766131270643,0.0,0.0,0.0,terminal,0.4543,"1 входящих связей от 1 отправителей; 0 исходящих связей к 0 получателям; вход 39,348 KZT, выход 0 KZT",0.078
100000004671609100,3,False,1,0,0.0,0,0,100000.0,1,1,False,0.0,0.0003002421115187902,0.0,24,0.0,0.0,0.6151509436747945,0.0,0.019196235750489843,0.0,0.0,0.0,terminal,0.5038,"1 входящих связей от 1 отправителей; 0 исходящих связей к 0 получателям; вход 100,000 KZT, выход 0 KZT",0.1155
100000004676985100,3,False,1,1,27102.0,1,1,32260.0,1,1,False,0.8401115933044018,0.00028738617635442075,1.922024458454748e-05,0,0.0,0.3868528072345416,0.37519467032900905,0.7547635672141318,0.0004964385230626563,0.1428653798145826,0.0,0.3868528072345416,transit,0.9129,"1 входящих связей от 1 отправителей; 1 исходящих связей к 1 получателям; вход 32,260 KZT, выход 27,102 KZT",0.3007
100000002531406100,3,False,1,1,500000.0,1,1,520000.0,1,1,False,0.9615384615384616,0.0003226050843745718,7.925874055483496e-07,1,0.0,0.3868528072345416,0.9648341912249268,0.970304249057905,0.05172406750974601,0.00589141015038315,0.0,0.3868528072345416,transit,0.9804,"1 входящих связей от 1 отправителей; 1 исходящих связей к 1 получателям; вход 520,000 KZT, выход 500,000 KZT",0.4283
100000002877262100,3,False,1,0,0.0,0,0,100000.0,1,1,False,0.0,0.0002999177628608638,0.0,42,0.0,0.0,0.6151509436747945,0.0,0.018724452401837764,0.0,0.0,0.0,terminal,0.5038,"1 входящих связей от 1 отправителей; 0 исходящих связей к 0 получателям; вход 100,000 KZT, выход 0 KZT",0.1154
100000007591246100,3,False,1,1,120000.0,1,1,12190.0,1,1,False,9.844134536505333,0.0002978930938238482,7.925874055483496e-07,12,0.0,0.3868528072345416,0.1687845656374075,0.8647797587145879,0.01577945406004048,0.00589141015038315,0.0,0.3868528072345416,peripheral,0.35,"1 входящих связей от 1 отправителей; 1 исходящих связей к 1 получателям; вход 12,190 KZT, выход 120,000 KZT",0.257
100000008712184100,3,False,1,0,0.0,0,0,18000.0,1,1,False,0.0,0.0002883786942425816,0.0,22,0.0,0.0,0.25144721385475965,0.0,0.0019401291667835796,0.0,0.0,0.0,terminal,0.4129,"1 входящих связей от 1 отправителей; 0 исходящих связей к 0 получателям; вход 18,000 KZT, выход 0 KZT",0.0457
100000002975437100,3,False,1,1,8500.0,1,1,530000.0,2,1,False,0.016037735849056604,0.0005210057143091006,0.0,36,0.0,0.3868528072345416,0.9688743572834498,0.6690298192884663,0.3402738198462248,0.0,0.0,0.3868528072345416,peripheral,0.35,"1 входящих связей от 1 отправителей; 1 исходящих связей к 1 получателям; вход 530,000 KZT, выход 8,500 KZT",0.4457
100000005008589100,3,False,1,0,0.0,0,0,42806.68,1,1,False,0.0,0.0003030940204447499,0.0,0,0.0,0.0,0.43518971497546516,0.0,0.023344490950886688,0.0,0.0,0.0,terminal,0.4588,"1 входящих связей от 1 отправителей; 0 исходящих связей к 0 получателям; вход 42,807 KZT, выход 0 KZT",0.0842
100000000782285100,3,False,1,0,0.0,0,0,6151.0,1,1,False,0.0,0.0003196030120468729,0.0,0,0.0,0.0,0.023723123448223162,0.0,0.04735747639375324,0.0,0.0,0.0,terminal,0.3559,"1 входящих связей от 1 отправителей; 0 исходящих связей к 0 получателям; вход 6,151 KZT, выход 0 KZT",0.0161
100000005198498100,3,False,1,0,0.0,0,0,28800.0,1,1,False,0.0,0.00029006433425775644,0.0,22,0.0,0.0,0.3511318382431802,0.0,0.0043920139034262186,0.0,0.0,0.0,terminal,0.4378,"1 входящих связей от 1 отправителей; 0 исходящих связей к 0 получателям; вход 28,800 KZT, выход 0 KZT",0.0643
100000008517538100,3,False,3,17,1439000.0,18,17,155500.0,6,3,False,9.254019292604502,0.0003070164607928234,0.0002143948932008286,5,1.0,1.0,0.7087883458371199,1.0,0.029049872468217313,1.0,1.0,1.0,distributor,1.0,"3 входящих связей от 3 отправителей; 17 исходящих связей к 17 получателям; вход 155,500 KZT, выход 1,439,000 KZT",0.7048
100000005756535100,3,False,1,0,0.0,0,0,20000.0,1,1,False,0.0,0.0005415991635083541,0.0,22,0.0,0.0,0.2737932863595569,0.0,0.3702212264512508,0.0,0.0,0.0,terminal,0.4184,"1 входящих связей от 1 отправителей; 0 исходящих связей к 0 получателям; вход 20,000 KZT, выход 0 KZT",0.1418
100000004917367100,3,False,2,0,0.0,0,0,120000.0,2,2,False,0.0,0.0002940276420429215,0.0,10,0.5849625007211564,0.0,0.653821486275727,0.0,0.010156914082925933,0.0,0.5849625007211564,0.0,consolidator,0.6022,"2 входящих связей от 2 отправителей; 0 исходящих связей к 0 получателям; вход 120,000 KZT, выход 0 KZT",0.2197
100000001222263100,3,False,1,1,420000.0,5,1,745570.0,1,1,False,0.5633273870998028,0.00030973260213170437,1.922024458454748e-05,10,0.0,0.3868528072345416,1.0,0.9574121021103247,0.033000619910168644,0.1428653798145826,0.0,0.3868528072345416,peripheral,0.35,"1 входящих связей от 1 отправителей; 1 исходящих связей к 1 получателям; вход 745,570 KZT, выход 420,000 KZT",0.4578
100000001149815100,3,False,1,0,0.0,0,0,12000.0,1,1,False,0.0,0.00028744222756748445,0.0,22,0.0,0.0,0.1654528573592594,0.0,0.0005779691944120483,0.0,0.0,0.0,terminal,0.3914,"1 входящих связей от 1 отправителей; 0 исходящих связей к 0 получателям; вход 12,000 KZT, выход 0 KZT",0.0299
100000006020215100,3,False,1,2,33800.0,2,2,30000.0,1,1,False,1.1266666666666667,0.00029667460701655646,5.171632821202981e-05,12,0.0,0.6131471927654585,0.3597899992899909,0.7710935330433613,0.014007091575812897,0.38440472473875,0.0,0.6131471927654585,transit,0.9404,"1 входящих связей от 1 отправителей; 2 исходящих связей к 2 получателям; вход 30,000 KZT, выход 33,800 KZT",0.3959
100000000673868100,3,False,1,5,383000.0,19,5,2030650.0,5,1,False,0.18860955851574618,0.0011728050936714342,4.1016398237127094e-05,33,0.0,1.0,1.0,0.9505931359833156,1.0,0.3048743437235184,0.0,1.0,distributor,0.9827,"1 входящих связей от 1 отправителей; 5 исходящих связей к 5 получателям; вход 2,030,650 KZT, выход 383,000 KZT",0.8382
100000008749900100,3,False,1,0,0.0,0,0,17150.0,1,1,False,0.0,0.0002882460281302762,0.0,22,0.0,0.0,0.24118762957262088,0.0,0.0017471565815645144,0.0,0.0,0.0,terminal,0.4103,"1 входящих связей от 1 отправителей; 0 исходящих связей к 0 получателям; вход 17,150 KZT, выход 0 KZT",0.0439
100000002862113100,3,False,1,0,0.0,0,0,47405.0,2,1,False,0.0,0.0002989683952653226,0.0,40,0.0,0.0,0.45683082527618385,0.0,0.017343543008376896,0.0,0.0,0.0,terminal,0.4642,"1 входящих связей от 1 отправителей; 0 исходящих связей к 0 получателям; вход 47,405 KZT, выход 0 KZT",0.0866
100000001066017100,3,False,2,4,82500.0,4,4,136123.0,3,2,False,0.6060695106631503,0.0003012384075340405,7.688097833818992e-05,0,0.5849625007211564,0.8982444017039272,0.6805604601015901,0.8370741614176286,0.020645403331594397,0.5714450447102303,0.5849625007211564,0.8982444017039272,distributor,0.8768,"2 входящих связей от 2 отправителей; 4 исходящих связей к 4 получателям; вход 136,123 KZT, выход 82,500 KZT",0.5568
100000008436257100,3,False,2,0,0.0,0,0,35000.0,2,2,False,0.0,0.0002945798149854974,0.0,28,0.5849625007211564,0.0,0.39248476609146365,0.0,0.010960085293324371,0.0,0.5849625007211564,0.0,consolidator,0.5368,"2 входящих связей от 2 отправителей; 0 исходящих связей к 0 получателям; вход 35,000 KZT, выход 0 KZT",0.1728
100000003016438100,3,False,1,1,300000.0,3,1,200000.0,1,1,False,1.5,0.0003166846999640835,2.139985994980544e-05,42,0.0,0.3868528072345416,0.7621682778906999,0.9325324780945845,0.04311270413867396,0.15906643510436616,0.0,0.3868528072345416,peripheral,0.35,"1 входящих связей от 1 отправителей; 1 исходящих связей к 1 получателям; вход 200,000 KZT, выход 300,000 KZT",0.4166
100000002534091100,3,False,1,0,0.0,0,0,22200.0,1,1,False,0.0,0.00029636616273708943,0.0,1,0.0,0.0,0.29592727741003005,0.0,0.013558440442805648,0.0,0.0,0.0,terminal,0.424,"1 входящих связей от 1 отправителей; 0 исходящих связей к 0 получателям; вход 22,200 KZT, выход 0 KZT",0.0567
100000006882208100,3,False,1,0,0.0,0,0,18000.0,1,1,False,0.0,0.0006403184460375327,0.0,16,0.0,0.0,0.25144721385475965,0.0,0.5137722267833591,0.0,0.0,0.0,terminal,0.4129,"1 входящих связей от 1 отправителей; 0 исходящих связей к 0 получателям; вход 18,000 KZT, выход 0 KZT",0.1737
100000005362848100,3,False,1,0,0.0,0,0,29000.0,1,1,False,0.0,0.00029637417941000526,0.0,18,0.0,0.0,0.3525996321287633,0.0,0.013570101187277767,0.0,0.0,0.0,terminal,0.4381,"1 входящих связей от 1 отправителей; 0 исходящих связей к 0 получателям; вход 29,000 KZT, выход 0 KZT",0.0669
100000001073568100,3,False,1,2,219503.0,3,2,707465.0,4,1,False,0.31026693900051594,0.0004855354375132767,1.922024458454748e-05,40,0.0,0.6131471927654585,1.0,0.9094316166883908,0.28869078715172397,0.1428653798145826,0.0,0.6131471927654585,peripheral,0.35,"1 входящих связей от 1 отправителей; 2 исходящих связей к 2 получателям; вход 707,465 KZT, выход 219,503 KZT",0.5515
100000008687733100,3,False,1,0,0.0,0,0,14650.0,1,1,False,0.0,0.00028785583368231904,0.0,22,0.0,0.0,0.2077712956417209,0.0,0.0011795900061127907,0.0,0.0,0.0,terminal,0.4019,"1 входящих связей от 1 отправителей; 0 исходящих связей к 0 получателям; вход 14,650 KZT, выход 0 KZT",0.0377
100000007229557100,3,False,3,0,0.0,0,0,878000.0,3,3,False,0.0,0.0003942093306983486,0.0,35,1.0,0.0,1.0,0.0,0.15587039464685387,0.0,1.0,0.0,consolidator,1.0,"3 входящих связей от 3 отправителей; 0 исходящих связей к 0 получателям; вход 878,000 KZT, выход 0 KZT",0.389
100000001052789100,3,False,1,0,0.0,0,0,70975.0,1,1,False,0.0,0.0002977071073491174,0.0,43,0.0,0.0,0.5424339915190342,0.0,0.015508925665075349,0.0,0.0,0.0,terminal,0.4856,"1 входящих связей от 1 отправителей; 0 исходящих связей к 0 получателям; вход 70,975 KZT, выход 0 KZT",0.1015
100000006967370100,3,False,1,1,13526.27,1,1,33225.0,1,1,False,0.40711121143717083,0.00029359429537827847,1.922024458454748e-05,28,0.0,0.3868528072345416,0.38144610743657076,0.7033780062959787,0.009526583058382698,0.1428653798145826,0.0,0.3868528072345416,peripheral,0.35,"1 входящих связей от 1 отправителей; 1 исходящих связей к 1 получателям; вход 33,225 KZT, выход 13,526 KZT",0.2948
100000001837130100,3,False,1,0,0.0,0,0,172900.0,1,1,False,0.0,0.00030090245579956023,0.0,0,0.0,0.0,0.7312854468182658,0.0,0.02015674313996826,0.0,0.0,0.0,terminal,0.5328,"1 входящих связей от 1 отправителей; 0 исходящих связей к 0 получателям; вход 172,900 KZT, выход 0 KZT",0.1367
100000005820746100,3,False,1,1,60000.0,1,1,1989000.0,2,1,False,0.030165912518853696,0.000989461905456682,0.0,21,0.0,0.3868528072345416,1.0,0.8135271415675038,1.0,0.0,0.0,0.3868528072345416,peripheral,0.35,"1 входящих связей от 1 отправителей; 1 исходящих связей к 1 получателям; вход 1,989,000 KZT, выход 60,000 KZT",0.6422
100000002883402100,3,False,3,0,0.0,0,0,300000.0,3,3,False,0.0,0.00030065707174589147,0.0,5,1.0,0.0,0.8481681722159543,0.0,0.019799818495073687,0.0,1.0,0.0,consolidator,0.962,"3 входящих связей от 3 отправителей; 0 исходящих связей к 0 получателям; вход 300,000 KZT, выход 0 KZT",0.3276
100000008582730100,3,False,1,1,5000.0,1,1,5000.0,1,1,False,1.0,0.0008925911171850267,0.0,43,0.0,0.3868528072345416,0.0,0.6297997767503529,0.8805460017896182,0.0,0.0,0.3868528072345416,transit,1.0,"1 входящих связей от 1 отправителей; 1 исходящих связей к 1 получателям; вход 5,000 KZT, выход 5,000 KZT",0.3993
100000003116106100,3,False,1,0,0.0,0,0,494050.0,2,1,False,0.0,0.00030158104666859096,0.0,10,0.0,0.0,0.9539762327561623,0.0,0.021143790543717466,0.0,0.0,0.0,terminal,0.5885,"1 входящих связей от 1 отправителей; 0 исходящих связей к 0 получателям; вход 494,050 KZT, выход 0 KZT",0.177
100000001818442100,3,False,1,0,0.0,0,0,42215.0,1,1,False,0.0,0.0003012978538176511,0.0,18,0.0,0.0,0.43223762076467964,0.0,0.020731871188783207,0.0,0.0,0.0,terminal,0.4581,"1 входящих связей от 1 отправителей; 0 исходящих связей к 0 получателям; вход 42,215 KZT, выход 0 KZT",0.083
100000008690762100,3,False,1,0,0.0,0,0,26750.0,1,1,False,0.0,0.0002897443748104316,0.0,22,0.0,0.0,0.3354705447678496,0.0,0.003926610173897785,0.0,0.0,0.0,terminal,0.4339,"1 входящих связей от 1 отправителей; 0 исходящих связей к 0 получателям; вход 26,750 KZT, выход 0 KZT",0.0614
100000008712991100,3,False,1,0,0.0,0,0,66100.0,1,1,False,0.0,0.0002958860354212769,0.0,22,0.0,0.0,0.5273412046866953,0.0,0.012860065522359639,0.0,0.0,0.0,terminal,0.4818,"1 входящих связей от 1 отправителей; 0 исходящих связей к 0 получателям; вход 66,100 KZT, выход 0 KZT",0.0981
100000003292191100,3,False,1,0,0.0,0,0,112000.0,1,1,False,0.0,0.0002996284816997208,0.0,35,0.0,0.0,0.6391880375832715,0.0,0.018303676568697354,0.0,0.0,0.0,terminal,0.5098,"1 входящих связей от 1 отправителей; 0 исходящих связей к 0 получателям; вход 112,000 KZT, выход 0 KZT",0.1196
100000005367284100,3,False,1,2,48300.0,5,2,13700.0,1,1,False,3.5255474452554743,0.00028914323405377295,3.844048916909496e-05,0,0.0,0.6131471927654585,0.19355197888966277,0.7974882885302859,0.0030522078667557188,0.28572801380078566,0.0,0.6131471927654585,peripheral,0.35,"1 входящих связей от 1 отправителей; 2 исходящих связей к 2 получателям; вход 13,700 KZT, выход 48,300 KZT",0.3462
100000003216073100,3,False,1,1,70000.0,1,1,37001.0,1,1,False,1.891840761060512,0.0002882046043550009,7.925874055483496e-07,1,0.0,0.3868528072345416,0.4042766867698593,0.8249252961773935,0.0016869026586815608,0.00589141015038315,0.0,0.3868528072345416,peripheral,0.35,"1 входящих связей от 1 отправителей; 1 исходящих связей к 1 получателям; вход 37,001 KZT, выход 70,000 KZT",0.2887
100000006169033100,3,False,1,3,1140271.0,10,3,49000.0,1,1,False,23.270836734693876,0.00041804163396876585,3.923307657464331e-05,66,0.0,0.7737056144690831,0.4638497075684982,1.0,0.19053214431117482,0.29161919749127574,0.0,0.7737056144690831,distributor,0.8529,"1 входящих связей от 1 отправителей; 3 исходящих связей к 3 получателям; вход 49,000 KZT, выход 1,140,271 KZT",0.5068
100000004407753100,3,False,1,1,100000.0,1,1,250000.0,4,1,False,0.4,0.0008785641580238701,0.0,15,0.0,0.3868528072345416,0.8094974175150348,0.8512985181756111,0.8601549368309737,0.0,0.0,0.3868528072345416,peripheral,0.35,"1 входящих связей от 1 отправителей; 1 исходящих связей к 1 получателям; вход 250,000 KZT, выход 100,000 KZT",0.5797
100000004420041100,3,False,1,7,651830.0,11,7,69638.0,1,1,False,9.360263074758034,0.0002997377719239345,0.0002143948932008286,8,0.0,1.0,0.538400426561704,0.9899120440356552,0.01846264540407973,1.0,0.0,1.0,distributor,0.9965,"1 входящих связей от 1 отправителей; 7 исходящих связей к 7 получателям; вход 69,638 KZT, выход 651,830 KZT",0.6697
100000004715209100,3,False,1,5,350450.0,17,5,5000.0,1,1,False,70.09,0.00028754397576032846,7.767356574373826e-05,50,0.0,1.0,0.0,0.9440257815060533,0.0007259695206031726,0.5773360019582363,0.0,1.0,distributor,0.9804,"1 входящих связей от 1 отправителей; 5 исходящих связей к 5 получателям; вход 5,000 KZT, выход 350,450 KZT",0.4671
100000004580254100,3,False,2,0,0.0,0,0,27940.0,2,2,False,0.0,0.0003122789899791888,0.0,28,0.5849625007211564,0.0,0.3447019521303919,0.0,0.036704443664849006,0.0,0.5849625007211564,0.0,consolidator,0.5249,"2 входящих связей от 2 отправителей; 0 исходящих связей к 0 получателям; вход 27,940 KZT, выход 0 KZT",0.1707
100000001056414100,3,False,1,0,0.0,0,0,250000.0,1,1,False,0.0,0.0002974772562529209,0.0,24,0.0,0.0,0.8094974175150348,0.0,0.015174593498449532,0.0,0.0,0.0,terminal,0.5524,"1 входящих связей от 1 отправителей; 0 исходящих связей к 0 получателям; вход 250,000 KZT, выход 0 KZT",0.1495
100000008686494100,3,False,1,0,0.0,0,0,15700.0,1,1,False,0.0,0.00028801971535046103,0.0,22,0.0,0.0,0.222452156887199,0.0,0.0014179679947686867,0.0,0.0,0.0,terminal,0.4056,"1 входящих связей от 1 отправителей; 0 исходящих связей к 0 получателям; вход 15,700 KZT, выход 0 KZT",0.0404
100000002822472100,3,False,2,0,0.0,0,0,266722.0,2,2,False,0.0,0.00031223557685989894,0.0,24,0.5849625007211564,0.0,0.8232301662382381,0.0,0.03664129761210623,0.0,0.5849625007211564,0.0,consolidator,0.6445,"2 входящих связей от 2 отправителей; 0 исходящих связей к 0 получателям; вход 266,722 KZT, выход 0 KZT",0.2568
100000001831496100,3,False,1,1,373000.0,1,1,25000.0,1,1,False,14.92,0.00029263558524567985,3.5666433249675733e-06,11,0.0,0.3868528072345416,0.3211205171539985,0.9486368687114826,0.008132075589152014,0.026511308904838764,0.0,0.3868528072345416,peripheral,0.35,"1 входящих связей от 1 отправителей; 1 исходящих связей к 1 получателям; вход 25,000 KZT, выход 373,000 KZT",0.3022
100000008732488100,3,False,1,1,10000.0,1,1,137000.0,1,1,False,0.072992700729927,0.0003134431769510027,1.922024458454748e-05,1,0.0,0.3868528072345416,0.6819225815849937,0.6810456169100282,0.0383977973964731,0.1428653798145826,0.0,0.3868528072345416,peripheral,0.35,"1 входящих связей от 1 отправителей; 1 исходящих связей к 1 получателям; вход 137,000 KZT, выход 10,000 KZT",0.3521
100000004007197100,3,False,1,0,0.0,0,0,10048.0,1,1,False,0.0,0.00028768870831810125,0.0,34,0.0,0.0,0.1278010520361734,0.0,0.0009364937817523094,0.0,0.0,0.0,terminal,0.382,"1 входящих связей от 1 отправителей; 0 исходящих связей к 0 получателям; вход 10,048 KZT, выход 0 KZT",0.0232
100000002815005100,3,False,1,0,0.0,0,0,476500.0,1,1,False,0.0,0.00031901272651967474,0.0,5,0.0,0.0,0.9463047049347129,0.0,0.04649888942920342,0.0,0.0,0.0,terminal,0.5866,"1 входящих связей от 1 отправителей; 0 исходящих связей к 0 получателям; вход 476,500 KZT, выход 0 KZT",0.182
100000005756189100,3,False,1,1,49050.0,1,1,65000.0,1,1,False,0.7546153846153846,0.00028767589053210556,1.922024458454748e-05,10,0.0,0.3868528072345416,0.5237818622645034,0.798627621802552,0.0009178493606911135,0.1428653798145826,0.0,0.3868528072345416,peripheral,0.35,"1 входящих связей от 1 отправителей; 1 исходящих связей к 1 получателям; вход 65,000 KZT, выход 49,050 KZT",0.3355
100000004877085100,3,False,1,3,95600.0,9,3,25000.0,1,1,False,3.824,0.00029482372155001206,5.7660733753642434e-05,12,0.0,0.7737056144690831,0.3211205171539985,0.8479713216280118,0.011314863004414201,0.42858790206415487,0.0,0.7737056144690831,distributor,0.7997,"1 входящих связей от 1 отправителей; 3 исходящих связей к 3 получателям; вход 25,000 KZT, выход 95,600 KZT",0.4391
100000002713074100,3,False,2,1,430000.0,2,1,700000.0,2,2,False,0.6142857142857143,0.0004336098166177588,1.922024458454748e-05,28,0.5849625007211564,0.3868528072345416,1.0,0.9591520085400221,0.213174094501273,0.1428653798145826,0.5849625007211564,0.3868528072345416,consolidator,0.6887,"2 входящих связей от 2 отправителей; 1 исходящих связей к 1 получателям; вход 700,000 KZT, выход 430,000 KZT",0.5368
100000002356167100,3,False,1,2,29500.0,3,2,300000.0,1,1,False,0.09833333333333333,0.00029529204643951516,3.844048916909496e-05,10,0.0,0.6131471927654585,0.8481681722159543,0.7610324172159308,0.011996071292199867,0.28572801380078566,0.0,0.6131471927654585,peripheral,0.35,"1 входящих связей от 1 отправителей; 2 исходящих связей к 2 получателям; вход 300,000 KZT, выход 29,500 KZT",0.4598
100000004140487100,3,False,1,10,262600.0,19,10,24510.0,1,1,False,10.713994288045695,0.0002894271448597533,0.00014623237632367051,3,0.0,1.0,0.316922192680445,0.922686993384636,0.003465176544036526,1.0,0.0,1.0,distributor,0.9729,"1 входящих связей от 1 отправителей; 10 исходящих связей к 10 получателям; вход 24,510 KZT, выход 262,600 KZT",0.614
100000003147719100,3,False,1,0,0.0,0,0,100000.0,1,1,False,0.0,0.00029072126443008034,0.0,5,0.0,0.0,0.6151509436747945,0.0,0.0053475650068641935,0.0,0.0,0.0,terminal,0.5038,"1 входящих связей от 1 отправителей; 0 исходящих связей к 0 получателям; вход 100,000 KZT, выход 0 KZT",0.1121
100000008745884100,3,False,1,0,0.0,0,0,20000.0,1,1,False,0.0,0.0002886908498009473,0.0,22,0.0,0.0,0.2737932863595569,0.0,0.0023941822075186584,0.0,0.0,0.0,terminal,0.4184,"1 входящих связей от 1 отправителей; 0 исходящих связей к 0 получателям; вход 20,000 KZT, выход 0 KZT",0.0499
100000002559089100,3,False,2,0,0.0,0,0,715000.0,2,2,False,0.0,0.00039242595373201167,0.0,24,0.5849625007211564,0.0,1.0,0.0,0.15327661440392454,0.0,0.5849625007211564,0.0,consolidator,0.6887,"2 входящих связей от 2 отправителей; 0 исходящих связей к 0 получателям; вход 715,000 KZT, выход 0 KZT",0.3178
100000004984689100,3,False,1,0,0.0,0,0,53030.0,1,1,False,0.0,0.0002963587248842155,0.0,1,0.0,0.0,0.4806134450069449,0.0,0.013547621627648275,0.0,0.0,0.0,terminal,0.4702,"1 входящих связей от 1 отправителей; 0 исходящих связей к 0 получателям; вход 53,030 KZT, выход 0 KZT",0.0899
100000004340038100,3,False,1,1,49000.0,1,1,9978.0,1,1,False,4.910803768290238,0.0002892629212543261,1.922024458454748e-05,12,0.0,0.3868528072345416,0.12631840273659636,0.7985522099884506,0.003226301518410071,0.1428653798145826,0.0,0.3868528072345416,peripheral,0.35,"1 входящих связей от 1 отправителей; 1 исходящих связей к 1 получателям; вход 9,978 KZT, выход 49,000 KZT",0.2645
100000005052998100,3,False,1,1,28400.0,1,1,9500.0,1,1,False,2.9894736842105263,0.00028610433390429394,0.0,0,0.0,0.3868528072345416,0.11590716550135315,0.7582226057644023,0.0,0.0,0.0,0.3868528072345416,peripheral,0.35,"1 входящих связей от 1 отправителей; 1 исходящих связей к 1 получателям; вход 9,500 KZT, выход 28,400 KZT",0.2231
100000007597382100,3,False,1,0,0.0,0,0,15700.0,1,1,False,0.0,0.0002860781182502533,0.0,10,0.0,0.0,0.222452156887199,0.0,0.0,0.0,0.0,0.0,terminal,0.4056,"1 входящих связей от 1 отправителей; 0 исходящих связей к 0 получателям; вход 15,700 KZT, выход 0 KZT",0.04
100000008697670100,3,False,1,0,0.0,0,0,25350.0,1,1,False,0.0,0.0002895258659195756,0.0,22,0.0,0.0,0.32406924387015373,0.0,0.00360877339501356,0.0,0.0,0.0,terminal,0.431,"1 входящих связей от 1 отправителей; 0 исходящих связей к 0 получателям; вход 25,350 KZT, выход 0 KZT",0.0592
100000008460102100,3,False,1,31,476570.0,34,31,17500.0,1,1,False,27.23257142857143,0.00029968918055683826,0.0009598233481190514,46,0.0,1.0,0.2454724311876608,0.966755484610197,0.018391966504314086,1.0,0.0,1.0,distributor,0.9884,"1 входящих связей от 1 отправителей; 31 исходящих связей к 31 получателям; вход 17,500 KZT, выход 476,570 KZT",0.6128
100000004399686100,3,False,1,0,0.0,0,0,806000.0,2,1,False,0.0,0.0005708068229548216,0.0,21,0.0,0.0,1.0,0.0,0.4126945332170818,0.0,0.0,0.0,terminal,0.6,"1 входящих связей от 1 отправителей; 0 исходящих связей к 0 получателям; вход 806,000 KZT, выход 0 KZT",0.2832
100000008688155100,3,False,1,0,0.0,0,0,23600.0,1,1,False,0.0,0.0002892527298060056,0.0,22,0.0,0.0,0.3088977294788299,0.0,0.0032114773237722585,0.0,0.0,0.0,terminal,0.4272,"1 входящих связей от 1 отправителей; 0 исходящих связей к 0 получателям; вход 23,600 KZT, выход 0 KZT",0.0564
100000004386331100,3,False,1,2,17500.0,2,2,20000.0,1,1,False,0.875,0.0005126940455197109,2.0210978841482916e-05,8,0.0,0.6131471927654585,0.2737932863595569,0.7224219983822214,0.32818664989442325,0.15022950023283396,0.0,0.6131471927654585,transit,0.9332,"1 входящих связей от 1 отправителей; 2 исходящих связей к 2 получателям; вход 20,000 KZT, выход 17,500 KZT",0.3987
100000007999728100,3,False,1,0,0.0,0,0,23250.0,1,1,False,0.0,0.00029214094487369256,0.0,40,0.0,0.0,0.30572871517317,0.0,0.007412587841016041,0.0,0.0,0.0,terminal,0.4264,"1 входящих связей от 1 отправителей; 0 исходящих связей к 0 получателям; вход 23,250 KZT, выход 0 KZT",0.0569
100000001597424100,3,False,1,0,0.0,0,0,48100.0,1,1,False,0.0,0.0002991648381559118,0.0,40,0.0,0.0,0.4599178028765001,0.0,0.01762928052065316,0.0,0.0,0.0,terminal,0.465,"1 входящих связей от 1 отправителей; 0 исходящих связей к 0 получателям; вход 48,100 KZT, выход 0 KZT",0.0872
100000003677936100,3,False,1,1,13000.0,2,1,71000.0,1,1,False,0.18309859154929578,0.00030888363859944327,1.922024458454748e-05,2,0.0,0.3868528072345416,0.5425086876709375,0.7004438552334495,0.03176576613984034,0.1428653798145826,0.0,0.3868528072345416,peripheral,0.35,"1 входящих связей от 1 отправителей; 1 исходящих связей к 1 получателям; вход 71,000 KZT, выход 13,000 KZT",0.3289
100000002943472100,3,False,1,0,0.0,0,0,170000.0,1,1,False,0.0,0.0003099616909113654,0.0,42,0.0,0.0,0.7276977598314471,0.0,0.03333383915942474,0.0,0.0,0.0,terminal,0.5319,"1 входящих связей от 1 отправителей; 0 исходящих связей к 0 получателям; вход 170,000 KZT, выход 0 KZT",0.1393
100000004892144100,3,False,2,1,180300.0,1,1,4500000.0,7,2,False,0.04006666666666667,0.002783203687212419,0.0,21,0.5849625007211564,0.3868528072345416,1.0,0.8948839075657811,1.0,0.0,0.5849625007211564,0.3868528072345416,consolidator,0.6887,"2 входящих связей от 2 отправителей; 1 исходящих связей к 1 получателям; вход 4,500,000 KZT, выход 180,300 KZT",0.6905
100000008077552100,3,False,1,0,0.0,0,0,214000.0,1,1,False,0.0,0.00032910951980133745,0.0,1,0.0,0.0,0.7765187911391479,0.0,0.06118489053128026,0.0,0.0,0.0,terminal,0.5441,"1 входящих связей от 1 отправителей; 0 исходящих связей к 0 получателям; вход 214,000 KZT, выход 0 KZT",0.1551
100000002914245100,3,False,1,0,0.0,0,0,140611.0,1,1,False,0.0,0.00029558398554383933,0.0,1,0.0,0.0,0.6874406666960309,0.0,0.012420715094561875,0.0,0.0,0.0,terminal,0.5219,"1 входящих связей от 1 отправителей; 0 исходящих связей к 0 получателям; вход 140,611 KZT, выход 0 KZT",0.1268
100000004906181100,3,False,1,7,2473417.91,33,7,100000.0,1,1,False,24.734179100000002,0.0002888102116246985,0.00013454171209183234,20,0.0,1.0,0.6151509436747945,1.0,0.00256780265373348,1.0,0.0,1.0,distributor,1.0,"1 входящих связей от 1 отправителей; 7 исходящих связей к 7 получателям; вход 100,000 KZT, выход 2,473,418 KZT",0.6814
100000008514970100,3,False,1,1,31000.0,1,1,379966.0,1,1,False,0.0815862471905381,0.00031263148853056264,7.925874055483496e-07,1,0.0,0.3868528072345416,0.8982877451633631,0.7646996319187715,0.03721716627211683,0.00589141015038315,0.0,0.3868528072345416,peripheral,0.35,"1 входящих связей от 1 отправителей; 1 исходящих связей к 1 получателям; вход 379,966 KZT, выход 31,000 KZT",0.3757
100000008258458100,3,False,1,2,1557988.0,4,2,19000.0,1,1,False,81.99936842105264,0.0002912603933484999,3.844048916909496e-05,70,0.0,0.6131471927654585,0.2629143978036176,1.0,0.006131765438813107,0.28572801380078566,0.0,0.6131471927654585,peripheral,0.35,"1 входящих связей от 1 отправителей; 2 исходящих связей к 2 получателям; вход 19,000 KZT, выход 1,557,988 KZT",0.396
100000003484058100,3,False,1,1,6000.0,1,1,110000.0,1,1,False,0.05454545454545454,0.0003166609747422045,1.922024458454748e-05,40,0.0,0.3868528072345416,0.6353662981862549,0.6432786762184471,0.043078195042724844,0.1428653798145826,0.0,0.3868528072345416,peripheral,0.35,"1 входящих связей от 1 отправителей; 1 исходящих связей к 1 получателям; вход 110,000 KZT, выход 6,000 KZT",0.3381
100000003574895100,3,False,1,1,20000.0,1,1,27968.0,1,1,False,0.7151029748283753,0.00028714445105582916,1.922024458454748e-05,0,0.0,0.3868528072345416,0.34491439628521425,0.7322951533772758,0.0001448309889425124,0.1428653798145826,0.0,0.3868528072345416,peripheral,0.35,"1 входящих связей от 1 отправителей; 1 исходящих связей к 1 получателям; вход 27,968 KZT, выход 20,000 KZT",0.2911
100000000896111100,3,False,1,0,0.0,0,0,287100.0,1,1,False,0.0,0.0003871718928532024,0.0,21,0.0,0.0,0.8388458895733253,0.0,0.1456349730157806,0.0,0.0,0.0,terminal,0.5597,"1 входящих связей от 1 отправителей; 0 исходящих связей к 0 получателям; вход 287,100 KZT, выход 0 KZT",0.1874
100000008715887100,3,False,1,0,0.0,0,0,18000.0,1,1,False,0.0,0.0002883786942425816,0.0,22,0.0,0.0,0.25144721385475965,0.0,0.0019401291667835796,0.0,0.0,0.0,terminal,0.4129,"1 входящих связей от 1 отправителей; 0 исходящих связей к 0 получателям; вход 18,000 KZT, выход 0 KZT",0.0457
100000000560751100,3,False,1,0,0.0,0,0,25000.0,1,1,False,0.0,0.0005524500973404954,0.0,12,0.0,0.0,0.3211205171539985,0.0,0.38600062397300067,0.0,0.0,0.0,terminal,0.4303,"1 входящих связей от 1 отправителей; 0 исходящих связей к 0 получателям; вход 25,000 KZT, выход 0 KZT",0.1543
100000008708207100,3,False,2,0,0.0,0,0,465000.0,2,2,False,0.0,0.000359786904729812,0.0,5,0.5849625007211564,0.0,0.9411229794186341,0.0,0.10580489160865775,0.0,0.5849625007211564,0.0,consolidator,0.674,"2 входящих связей от 2 отправителей; 0 исходящих связей к 0 получателям; вход 465,000 KZT, выход 0 KZT",0.2953
100000003152964100,3,False,1,1,5500.0,1,1,141847.0,1,1,False,0.03877417217142414,0.0003144293427145815,1.922024458454748e-05,1,0.0,0.3868528072345416,0.6892969339310046,0.6368459327790331,0.03983221104418036,0.1428653798145826,0.0,0.3868528072345416,peripheral,0.35,"1 входящих связей от 1 отправителей; 1 исходящих связей к 1 получателям; вход 141,847 KZT, выход 5,500 KZT",0.3459
100000004991812100,3,False,1,0,0.0,0,0,10000.0,1,1,False,0.0,0.0003463600077195248,0.0,29,0.0,0.0,0.1267854959781863,0.0,0.08627575003438269,0.0,0.0,0.0,terminal,0.3817,"1 входящих связей от 1 отправителей; 0 исходящих связей к 0 получателям; вход 10,000 KZT, выход 0 KZT",0.0444
100000000291908100,3,False,1,1,13300.0,1,1,295500.0,5,1,False,0.045008460236886635,0.0007065527083396985,1.981468513870874e-05,7,0.0,0.3868528072345416,0.8449625394604366,0.7021307077701017,0.6100777377327704,0.14728385294102248,0.0,0.3868528072345416,peripheral,0.35,"1 входящих связей от 1 отправителей; 1 исходящих связей к 1 получателям; вход 295,500 KZT, выход 13,300 KZT",0.5292
100000003132484100,3,False,1,0,0.0,0,0,90000.0,1,1,False,0.0,0.0005388233251189463,0.0,5,0.0,0.0,0.5928039285509907,0.0,0.3661845825685977,0.0,0.0,0.0,terminal,0.4982,"1 входящих связей от 1 отправителей; 0 исходящих связей к 0 получателям; вход 90,000 KZT, выход 0 KZT",0.1983
100000004077081100,3,False,1,4,615000.0,6,4,140000.0,1,1,False,4.392857142857143,0.0002901065785876618,0.0003968881433283361,3,0.0,0.8982444017039272,0.686517010557567,0.9856114257379079,0.004453461269004085,1.0,0.0,0.8982444017039272,distributor,0.9288,"1 входящих связей от 1 отправителей; 4 исходящих связей к 4 получателям; вход 140,000 KZT, выход 615,000 KZT",0.6748
100000004770073100,3,False,1,1,5466.97,1,1,5462.4,1,1,False,1.0008366285881665,0.0002878055588504006,1.922024458454748e-05,0,0.0,0.3868528072345416,0.0,0.6364006151988437,0.0011064615425603835,0.1428653798145826,0.0,0.3868528072345416,transit,0.9996,"1 входящих связей от 1 отправителей; 1 исходящих связей к 1 получателям; вход 5,462 KZT, выход 5,467 KZT",0.212
100000003163886100,3,False,1,0,0.0,0,0,500000.0,1,1,False,0.0,0.000733835068059369,0.0,31,0.0,0.0,0.956515388032386,0.0,0.6497448033008959,0.0,0.0,0.0,terminal,0.5891,"1 входящих связей от 1 отправителей; 0 исходящих связей к 0 получателям; вход 500,000 KZT, выход 0 KZT",0.3346
100000000795374100,3,False,1,0,0.0,0,0,50000.0,1,1,False,0.0,0.000295742244120105,0.0,1,0.0,0.0,0.46813466994857295,0.0,0.012650912102990857,0.0,0.0,0.0,terminal,0.467,"1 входящих связей от 1 отправителей; 0 исходящих связей к 0 получателям; вход 50,000 KZT, выход 0 KZT",0.0874
100000002391278100,3,False,1,1,52700.0,2,1,30000.0,5,1,False,1.7566666666666666,0.00039132234113293455,0.0,48,0.0,0.3868528072345416,0.3597899992899909,0.8039347807586922,0.1516714951611659,0.0,0.0,0.3868528072345416,peripheral,0.35,"1 входящих связей от 1 отправителей; 1 исходящих связей к 1 получателям; вход 30,000 KZT, выход 52,700 KZT",0.3132
100000004635886100,3,False,1,0,0.0,0,0,23000.0,1,1,False,0.0,0.00029245851948138613,0.0,16,0.0,0.0,0.3034357897363291,0.0,0.007874521545819904,0.0,0.0,0.0,terminal,0.4259,"1 входящих связей от 1 отправителей; 0 исходящих связей к 0 получателям; вход 23,000 KZT, выход 0 KZT",0.0566
100000000413678100,3,False,2,3,528198.0,18,3,306500.0,2,2,False,1.723321370309951,0.0003006988541738493,5.7660733753642434e-05,1,0.5849625007211564,0.7737056144690831,0.8527146383308993,0.9743609727094548,0.0198605933480294,0.42858790206415487,0.5849625007211564,0.7737056144690831,distributor,0.8439,"2 входящих связей от 2 отправителей; 3 исходящих связей к 3 получателям; вход 306,500 KZT, выход 528,198 KZT",0.5597
100000008659950100,3,False,1,0,0.0,0,0,246000.0,1,1,False,0.0,0.0003208665270804813,0.0,42,0.0,0.0,0.8060763457087089,0.0,0.04919529297940453,0.0,0.0,0.0,terminal,0.5515,"1 входящих связей от 1 отправителей; 0 исходящих связей к 0 получателям; вход 246,000 KZT, выход 0 KZT",0.1574
100000003964910100,3,False,2,0,0.0,0,0,1000000.0,2,2,False,0.0,0.0005093616966720346,0.0,28,0.5849625007211564,0.0,1.0,0.0,0.32334058320625675,0.0,0.5849625007211564,0.0,consolidator,0.6887,"2 входящих связей от 2 отправителей; 0 исходящих связей к 0 получателям; вход 1,000,000 KZT, выход 0 KZT",0.3603
100000008764654100,3,False,1,0,0.0,0,0,26150.0,1,1,False,0.0,0.00028965072814292185,0.0,22,0.0,0.0,0.3306591167474486,0.0,0.003790394420020418,0.0,0.0,0.0,terminal,0.4327,"1 входящих связей от 1 отправителей; 0 исходящих связей к 0 получателям; вход 26,150 KZT, выход 0 KZT",0.0605
100000005830339100,3,False,5,1,339251.0,1,1,476341.0,12,5,False,0.7122019729563485,0.0003636000613544035,1.2086957934612333e-05,3,1.0,0.3868528072345416,0.9462339181817189,0.941624289725072,0.11135100057390723,0.08984349743175839,1.0,0.3868528072345416,consolidator,0.9866,"5 входящих связей от 5 отправителей; 1 исходящих связей к 1 получателям; вход 476,341 KZT, выход 339,251 KZT",0.5574
100000002032323100,3,False,1,1,1050000.0,2,1,300000.0,1,1,False,3.5,0.0004040501867995857,1.9616538287321655e-05,42,0.0,0.3868528072345416,0.8481681722159543,1.0,0.17018305557929564,0.14581102885737232,0.0,0.3868528072345416,peripheral,0.35,"1 входящих связей от 1 отправителей; 1 исходящих связей к 1 получателям; вход 300,000 KZT, выход 1,050,000 KZT",0.4731
100000008668099100,3,False,1,0,0.0,0,0,15700.0,1,1,False,0.0,0.00028801971535046103,0.0,22,0.0,0.0,0.222452156887199,0.0,0.0014179679947686867,0.0,0.0,0.0,terminal,0.4056,"1 входящих связей от 1 отправителей; 0 исходящих связей к 0 получателям; вход 15,700 KZT, выход 0 KZT",0.0404
100000008634520100,3,False,1,0,0.0,0,0,90000.0,1,1,False,0.0,0.0002984829159965065,0.0,42,0.0,0.0,0.5928039285509907,0.0,0.016637385175935382,0.0,0.0,0.0,terminal,0.4982,"1 входящих связей от 1 отправителей; 0 исходящих связей к 0 получателям; вход 90,000 KZT, выход 0 KZT",0.1109
100000002103448100,3,False,1,0,0.0,0,0,27000.0,1,1,False,0.0,0.00028978339425522726,0.0,22,0.0,0.0,0.33744353403694743,0.0,0.0039833667342495495,0.0,0.0,0.0,terminal,0.4344,"1 входящих связей от 1 отправителей; 0 исходящих связей к 0 получателям; вход 27,000 KZT, выход 0 KZT",0.0617
100000005996909100,3,False,1,0,0.0,0,0,5500.0,1,1,False,0.0,0.0003159496060023001,0.0,4,0.0,0.0,0.0,0.0,0.042043486021007444,0.0,0.0,0.0,terminal,0.35,"1 входящих связей от 1 отправителей; 0 исходящих связей к 0 получателям; вход 5,500 KZT, выход 0 KZT",0.0105
100000007392365100,3,False,1,6,1765600.0,9,6,9613.0,1,1,False,183.66794965151357,0.00028611069806057095,0.00011532146750728487,65,0.0,1.0,0.11841492227024321,1.0,0.0,0.8571510935726283,0.0,1.0,distributor,1.0,"1 входящих связей от 1 отправителей; 6 исходящих связей к 6 получателям; вход 9,613 KZT, выход 1,765,600 KZT",0.5599
100000008279405100,3,False,1,0,0.0,0,0,234738.0,2,1,False,0.0,0.00033332885250302887,0.0,1,0.0,0.0,0.7961369280529861,0.0,0.06732195599104063,0.0,0.0,0.0,terminal,0.549,"1 входящих связей от 1 отправителей; 0 исходящих связей к 0 получателям; вход 234,738 KZT, выход 0 KZT",0.1601
100000008343874100,3,False,2,2,176400.0,5,2,283535.0,2,2,False,0.6221454141464017,0.0003076522795593044,3.883678287186913e-05,1,0.5849625007211564,0.6131471927654585,0.8361956723766295,0.8932669367864234,0.029974699884706947,0.28867360622966776,0.5849625007211564,0.6131471927654585,peripheral,0.35,"2 входящих связей от 2 отправителей; 2 исходящих связей к 2 получателям; вход 283,535 KZT, выход 176,400 KZT",0.4865
100000002548759100,3,False,2,0,0.0,0,0,375000.0,2,2,False,0.0,0.0003085290301049609,0.0,5,0.5849625007211564,0.0,0.8954973825406622,0.0,0.031249972606671266,0.0,0.5849625007211564,0.0,consolidator,0.6626,"2 входящих связей от 2 отправителей; 0 исходящих связей к 0 получателям; вход 375,000 KZT, выход 0 KZT",0.2684
100000003069463100,3,False,1,1,17920.0,1,1,11500.0,1,1,False,1.5582608695652174,0.0002884531759834947,1.9616538287321655e-05,14,0.0,0.3868528072345416,0.15642661627036022,0.7241755653990389,0.0020484683074852394,0.14581102885737232,0.0,0.3868528072345416,peripheral,0.35,"1 входящих связей от 1 отправителей; 1 исходящих связей к 1 получателям; вход 11,500 KZT, выход 17,920 KZT",0.2569
100000008474391100,3,False,1,0,0.0,0,0,20000.0,1,1,False,0.0,0.00040715072122175946,0.0,29,0.0,0.0,0.2737932863595569,0.0,0.17469248142641003,0.0,0.0,0.0,terminal,0.4184,"1 входящих связей от 1 отправителей; 0 исходящих связей к 0 получателям; вход 20,000 KZT, выход 0 KZT",0.093
100000003097324100,3,False,2,0,0.0,0,0,294000.0,2,2,False,0.0,0.0003260131114572473,0.0,35,0.5849625007211564,0.0,0.8438831376938017,0.0,0.05668111433523837,0.0,0.5849625007211564,0.0,consolidator,0.6497,"2 входящих связей от 2 отправителей; 0 исходящих связей к 0 получателям; вход 294,000 KZT, выход 0 KZT",0.2655
100000001852140100,3,False,1,0,0.0,0,0,30000.0,1,1,False,0.0,0.0008047208113868999,0.0,52,0.0,0.0,0.3597899992899909,0.0,0.7528037596529423,0.0,0.0,0.0,terminal,0.4399,"1 входящих связей от 1 отправителей; 0 исходящих связей к 0 получателям; вход 30,000 KZT, выход 0 KZT",0.253
100000003293377100,3,False,1,0,0.0,0,0,50000.0,1,1,False,0.0,0.00028718975292099435,0.0,10,0.0,0.0,0.46813466994857295,0.0,0.00021072594804887225,0.0,0.0,0.0,terminal,0.467,"1 входящих связей от 1 отправителей; 0 исходящих связей к 0 получателям; вход 50,000 KZT, выход 0 KZT",0.0843
100000006048193100,3,False,1,0,0.0,0,0,41559.0,1,1,False,0.0,0.00029641085375483673,0.0,0,0.0,0.0,0.4289158526930036,0.0,0.013623446279275229,0.0,0.0,0.0,terminal,0.4572,"1 входящих связей от 1 отправителей; 0 исходящих связей к 0 получателям; вход 41,559 KZT, выход 0 KZT",0.0806
100000002435265100,3,False,1,0,0.0,0,0,132628.0,3,1,False,0.0,0.00029303889880759863,0.0,0,0.0,0.0,0.675043567185518,0.0,0.008718722075459274,0.0,0.0,0.0,terminal,0.5188,"1 входящих связей от 1 отправителей; 0 исходящих связей к 0 получателям; вход 132,628 KZT, выход 0 KZT",0.1237
100000004587414100,3,False,2,0,0.0,0,0,533603.0,2,2,False,0.0,0.00031487177064037594,0.0,10,0.5849625007211564,0.0,0.9703113738143608,0.0,0.040475737949246936,0.0,0.5849625007211564,0.0,consolidator,0.6813,"2 входящих связей от 2 отправителей; 0 исходящих связей к 0 получателям; вход 533,603 KZT, выход 0 KZT",0.2842
100000001726614100,3,False,1,0,0.0,0,0,138717.0,1,1,False,0.0,0.0002978710303376358,0.0,0,0.0,0.0,0.6845642933209776,0.0,0.01574736140904551,0.0,0.0,0.0,terminal,0.5211,"1 входящих связей от 1 отправителей; 0 исходящих связей к 0 получателям; вход 138,717 KZT, выход 0 KZT",0.1272
100000003934614100,3,False,2,1,11500.0,2,1,17000.0,2,2,False,0.6764705882352942,0.0003134906893691786,0.0,62,0.5849625007211564,0.3868528072345416,0.23932445254453824,0.6913790398626689,0.03846690595363444,0.0,0.5849625007211564,0.3868528072345416,consolidator,0.4986,"2 входящих связей от 2 отправителей; 1 исходящих связей к 1 получателям; вход 17,000 KZT, выход 11,500 KZT",0.2766
100000008772246100,3,False,1,0,0.0,0,0,44500.0,1,1,False,0.0,0.0002925147553909273,0.0,22,0.0,0.0,0.44341805612012064,0.0,0.007956320457175472,0.0,0.0,0.0,terminal,0.4609,"1 входящих связей от 1 отправителей; 0 исходящих связей к 0 получателям; вход 44,500 KZT, выход 0 KZT",0.0818
100000002603371100,3,False,1,0,0.0,0,0,9300.0,1,1,False,0.0,0.0002893766428347344,0.0,0,0.0,0.0,0.11139465174142521,0.0,0.0033917177266914638,0.0,0.0,0.0,terminal,0.3778,"1 входящих связей от 1 отправителей; 0 исходящих связей к 0 получателям; вход 9,300 KZT, выход 0 KZT",0.0209
100000004445291100,3,False,1,0,0.0,0,0,19500.0,2,1,False,0.0,0.00031923942351721183,0.0,13,0.0,0.0,0.2684235826133281,0.0,0.04682862667227083,0.0,0.0,0.0,terminal,0.4171,"1 входящих связей от 1 отправителей; 0 исходящих связей к 0 получателям; вход 19,500 KZT, выход 0 KZT",0.06
100000008571243100,3,False,1,0,0.0,0,0,134000.0,1,1,False,0.0,0.00030626343281042674,0.0,18,0.0,0.0,0.6772264234673028,0.0,0.027954558137025857,0.0,0.0,0.0,terminal,0.5193,"1 входящих связей от 1 отправителей; 0 исходящих связей к 0 получателям; вход 134,000 KZT, выход 0 KZT",0.1289
100000001138283100,3,False,1,2,50000.0,2,2,81805.0,1,1,False,0.6112095837662734,0.0003022132575532854,1.9022097733160393e-05,1,0.0,0.6131471927654585,0.572554442449212,0.800046024263114,0.022063375129920113,0.14139255485544286,0.0,0.6131471927654585,peripheral,0.35,"1 входящих связей от 1 отправителей; 2 исходящих связей к 2 получателям; вход 81,805 KZT, выход 50,000 KZT",0.3879
100000002593344100,3,False,2,0,0.0,0,0,431000.0,2,2,False,0.0,0.00035896158975109305,0.0,5,0.5849625007211564,0.0,0.9250182018959634,0.0,0.1046044957515621,0.0,0.5849625007211564,0.0,consolidator,0.67,"2 входящих связей от 2 отправителей; 0 исходящих связей к 0 получателям; вход 431,000 KZT, выход 0 KZT",0.2921
100000007390016100,3,False,1,1,346500.0,14,1,511000.0,13,1,False,0.678082191780822,0.0018430013608097028,0.0,85,0.0,0.3868528072345416,0.961131050259176,0.9431876258504869,1.0,0.0,0.0,0.3868528072345416,peripheral,0.35,"1 входящих связей от 1 отправителей; 1 исходящих связей к 1 получателям; вход 511,000 KZT, выход 346,500 KZT",0.6585
100000001285440100,3,False,2,0,0.0,0,0,243000.0,2,2,False,0.0,0.0003203647790984489,0.0,35,0.5849625007211564,0.0,0.8034738364749754,0.0,0.04846548732805848,0.0,0.5849625007211564,0.0,consolidator,0.6396,"2 входящих связей от 2 отправителей; 0 исходящих связей к 0 получателям; вход 243,000 KZT, выход 0 KZT",0.2562
100000006746688100,3,False,1,0,0.0,0,0,41000.0,1,1,False,0.0,0.0002919684831637872,0.0,22,0.0,0.0,0.42604361940675495,0.0,0.0071617305804628426,0.0,0.0,0.0,terminal,0.4565,"1 входящих связей от 1 отправителей; 0 исходящих связей к 0 получателям; вход 41,000 KZT, выход 0 KZT",0.0785
100000006471232100,3,False,1,0,0.0,0,0,41800.0,1,1,False,0.0,0.00029209334538713355,0.0,22,0.0,0.0,0.4301422510154587,0.0,0.007343351161968655,0.0,0.0,0.0,terminal,0.4575,"1 входящих связей от 1 отправителей; 0 исходящих связей к 0 получателям; вход 41,800 KZT, выход 0 KZT",0.0793
100000008662805100,3,False,1,0,0.0,0,0,16500.0,1,1,False,0.0,0.0002881445775738073,0.0,22,0.0,0.0,0.23299293624640618,0.0,0.001599589293245476,0.0,0.0,0.0,terminal,0.4082,"1 входящих связей от 1 отправителей; 0 исходящих связей к 0 получателям; вход 16,500 KZT, выход 0 KZT",0.0423
100000004292885100,3,False,1,0,0.0,0,0,112700.0,1,1,False,0.0,0.00030315925993119793,0.0,22,0.0,0.0,0.6405095423013739,0.0,0.023439385160814404,0.0,0.0,0.0,terminal,0.5101,"1 входящих связей от 1 отправителей; 0 исходящих связей к 0 получателям; вход 112,700 KZT, выход 0 KZT",0.1212
100000008190442100,3,False,1,0,0.0,0,0,13000.0,1,1,False,0.0,0.00028759830534666735,0.0,22,0.0,0.0,0.18242877296742985,0.0,0.0008049959450331449,0.0,0.0,0.0,terminal,0.3956,"1 входящих связей от 1 отправителей; 0 исходящих связей к 0 получателям; вход 13,000 KZT, выход 0 KZT",0.033
100000007131370100,3,False,1,1,30000.0,1,1,30000.0,1,1,False,1.0,0.0008999890359090004,0.0,4,0.0,0.3868528072345416,0.3597899992899909,0.762275140587193,0.8913002803887538,0.0,0.0,0.3868528072345416,transit,1.0,"1 входящих связей от 1 отправителей; 1 исходящих связей к 1 получателям; вход 30,000 KZT, выход 30,000 KZT",0.4906
100000008717802100,3,False,1,0,0.0,0,0,26150.0,1,1,False,0.0,0.00028965072814292185,0.0,22,0.0,0.0,0.3306591167474486,0.0,0.003790394420020418,0.0,0.0,0.0,terminal,0.4327,"1 входящих связей от 1 отправителей; 0 исходящих связей к 0 получателям; вход 26,150 KZT, выход 0 KZT",0.0605
100000005357034100,3,False,1,0,0.0,0,0,9754.0,1,1,False,0.0,0.0002861186391759254,0.0,0,0.0,0.0,0.12150305384834272,0.0,0.0,0.0,0.0,0.0,terminal,0.3804,"1 входящих связей от 1 отправителей; 0 исходящих связей к 0 получателям; вход 9,754 KZT, выход 0 KZT",0.0219
100000005532138100,3,False,1,0,0.0,0,0,25046.0,1,1,False,0.0,0.00029379367547638043,0.0,2,0.0,0.0,0.3215104119494227,0.0,0.00981659446601931,0.0,0.0,0.0,terminal,0.4304,"1 входящих связей от 1 отправителей; 0 исходящих связей к 0 получателям; вход 25,046 KZT, выход 0 KZT",0.0603
100000005264874100,3,False,1,2,78000.0,3,2,30000.0,1,1,False,2.6,0.00042829267239375183,7.925874055483496e-07,26,0.0,0.6131471927654585,0.3597899992899909,0.8329268017208286,0.20544102118194824,0.00589141015038315,0.0,0.6131471927654585,peripheral,0.35,"1 входящих связей от 1 отправителей; 2 исходящих связей к 2 получателям; вход 30,000 KZT, выход 78,000 KZT",0.3716
100000008193258100,3,False,1,1,30000.0,1,1,75000.0,2,1,False,0.4,0.0002973742227437991,1.922024458454748e-05,28,0.0,0.3868528072345416,0.5541335037823764,0.762275140587193,0.015024725072144167,0.1428653798145826,0.0,0.3868528072345416,peripheral,0.35,"1 входящих связей от 1 отправителей; 1 исходящих связей к 1 получателям; вход 75,000 KZT, выход 30,000 KZT",0.3379
100000003190207100,3,False,1,1,377000.0,8,1,5000.0,1,1,False,75.4,0.0002991258827616197,2.1003566247031264e-05,49,0.0,0.3868528072345416,0.0,0.949425597132463,0.017572617657746092,0.15612079131450488,0.0,0.3868528072345416,peripheral,0.35,"1 входящих связей от 1 отправителей; 1 исходящих связей к 1 получателям; вход 5,000 KZT, выход 377,000 KZT",0.2754
100000004321983100,3,False,1,2,36200.0,3,2,10840.0,1,1,False,3.339483394833948,0.00032378139516947633,1.387027959709612e-06,48,0.0,0.6131471927654585,0.14389161226681868,0.7761657386041917,0.05343503812550432,0.010309964698842277,0.0,0.6131471927654585,peripheral,0.35,"1 входящих связей от 1 отправителей; 2 исходящих связей к 2 получателям; вход 10,840 KZT, выход 36,200 KZT",0.2855
100000002633108100,3,False,1,0,0.0,0,0,320000.0,3,1,False,0.0,0.00037601781938067727,0.0,40,0.0,0.0,0.8618569231951431,0.0,0.1294120683956685,0.0,0.0,0.0,terminal,0.5655,"1 входящих связей от 1 отправителей; 0 исходящих связей к 0 получателям; вход 320,000 KZT, выход 0 KZT",0.1875
100000005941908100,3,False,1,0,0.0,0,0,10000.0,1,1,False,0.0,0.0006923487710335436,0.0,40,0.0,0.0,0.1267854959781863,0.0,0.5894255581806676,0.0,0.0,0.0,terminal,0.3817,"1 входящих связей от 1 отправителей; 0 исходящих связей к 0 получателям; вход 10,000 KZT, выход 0 KZT",0.1702
100000001835625100,3,False,1,0,0.0,0,0,75130.0,1,1,False,0.0,0.00028800419546547607,0.0,10,0.0,0.0,0.5545008253268753,0.0,0.0013953931776187743,0.0,0.0,0.0,terminal,0.4886,"1 входящих связей от 1 отправителей; 0 исходящих связей к 0 получателям; вход 75,130 KZT, выход 0 KZT",0.1002
100000008671081100,3,False,1,0,0.0,0,0,37200.0,1,1,False,0.0,0.0002913753876028924,0.0,22,0.0,0.0,0.40541433727668896,0.0,0.006299032508710438,0.0,0.0,0.0,terminal,0.4514,"1 входящих связей от 1 отправителей; 0 исходящих связей к 0 получателям; вход 37,200 KZT, выход 0 KZT",0.0745
100000002908521100,3,False,1,0,0.0,0,0,44500.0,1,1,False,0.0,0.0002925147553909273,0.0,22,0.0,0.0,0.44341805612012064,0.0,0.007956320457175472,0.0,0.0,0.0,terminal,0.4609,"1 входящих связей от 1 отправителей; 0 исходящих связей к 0 получателям; вход 44,500 KZT, выход 0 KZT",0.0818
100000000749118100,3,False,1,1,16500.0,1,1,10330.0,1,1,False,1.5972894482090998,0.0002861510794769479,1.922024458454748e-05,0,0.0,0.3868528072345416,0.1336711974472851,0.7180714239709914,0.0,0.1428653798145826,0.0,0.3868528072345416,peripheral,0.35,"1 входящих связей от 1 отправителей; 1 исходящих связей к 1 получателям; вход 10,330 KZT, выход 16,500 KZT",0.2505
100000008652094100,3,False,1,0,0.0,0,0,35000.0,1,1,False,0.0,0.000287540493064146,0.0,0,0.0,0.0,0.39248476609146365,0.0,0.0007209036798123184,0.0,0.0,0.0,terminal,0.4481,"1 входящих связей от 1 отправителей; 0 исходящих связей к 0 получателям; вход 35,000 KZT, выход 0 KZT",0.0708
100000007647294100,3,False,1,0,0.0,0,0,385000.0,1,1,False,0.0,0.0005792181286000663,0.0,38,0.0,0.0,0.9010793402368906,0.0,0.42492588813496107,0.0,0.0,0.0,terminal,0.5753,"1 входящих связей от 1 отправителей; 0 исходящих связей к 0 получателям; вход 385,000 KZT, выход 0 KZT",0.2684
100000003270419100,3,False,1,0,0.0,0,0,150000.0,1,1,False,0.0,0.0008334814098706011,0.0,12,0.0,0.0,0.7011504844999529,0.0,0.7946159713439356,0.0,0.0,0.0,terminal,0.5253,"1 входящих связей от 1 отправителей; 0 исходящих связей к 0 получателям; вход 150,000 KZT, выход 0 KZT",0.3249
100000003050771100,3,False,1,0,0.0,0,0,229000.0,1,1,False,0.0,0.0003703398485850226,0.0,12,0.0,0.0,0.7908878339085194,0.0,0.1211537443118943,0.0,0.0,0.0,terminal,0.5477,"1 входящих связей от 1 отправителей; 0 исходящих связей к 0 получателям; вход 229,000 KZT, выход 0 KZT",0.1726
100000008427027100,3,False,1,0,0.0,0,0,300000.0,1,1,False,0.0,0.0005512640793595224,0.0,3,0.0,0.0,0.8481681722159543,0.0,0.3842759282840244,0.0,0.0,0.0,terminal,0.562,"1 входящих связей от 1 отправителей; 0 исходящих связей к 0 получателям; вход 300,000 KZT, выход 0 KZT",0.2487
100000004291560100,3,False,1,0,0.0,0,0,47190.0,1,1,False,0.0,0.0002882270334625224,0.0,0,0.0,0.0,0.4558666898183406,0.0,0.001719527442849197,0.0,0.0,0.0,terminal,0.464,"1 входящих связей от 1 отправителей; 0 исходящих связей к 0 получателям; вход 47,190 KZT, выход 0 KZT",0.0825
100000003594472100,3,False,1,0,0.0,0,0,20000.0,1,1,False,0.0,0.0002944536874283019,0.0,36,0.0,0.0,0.2737932863595569,0.0,0.010776624653743867,0.0,0.0,0.0,terminal,0.4184,"1 входящих связей от 1 отправителей; 0 исходящих связей к 0 получателям; вход 20,000 KZT, выход 0 KZT",0.052
100000002575080100,3,False,1,1,12500.0,1,1,13000.0,1,1,False,0.9615384615384616,0.0005518178489503647,1.981468513870874e-05,4,0.0,0.3868528072345416,0.18242877296742985,0.6975439939499086,0.3850812148337166,0.14728385294102248,0.0,0.3868528072345416,transit,0.9804,"1 входящих связей от 1 отправителей; 1 исходящих связей к 1 получателям; вход 13,000 KZT, выход 12,500 KZT",0.3528
100000008038077100,3,False,1,0,0.0,0,0,499850.0,2,1,False,0.0,0.0003017690198782206,0.0,10,0.0,0.0,0.9564517478004592,0.0,0.021417207703659742,0.0,0.0,0.0,terminal,0.5891,"1 входящих связей от 1 отправителей; 0 исходящих связей к 0 получателям; вход 499,850 KZT, выход 0 KZT",0.1775
100000003899325100,3,False,1,0,0.0,0,0,50120.0,1,1,False,0.0,0.0002966402059541674,0.0,1,0.0,0.0,0.4686430964135948,0.0,0.01395705312630751,0.0,0.0,0.0,terminal,0.4672,"1 входящих связей от 1 отправителей; 0 исходящих связей к 0 получателям; вход 50,120 KZT, выход 0 KZT",0.0878
100000001155773100,3,False,1,0,0.0,0,0,21500.0,1,1,False,0.0,0.00028892496646972155,0.0,22,0.0,0.0,0.28913195473865344,0.0,0.0027347218950829763,0.0,0.0,0.0,terminal,0.4223,"1 входящих связей от 1 отправителей; 0 исходящих связей к 0 получателям; вход 21,500 KZT, выход 0 KZT",0.0527
100000000611474100,3,False,1,0,0.0,0,0,32000.0,1,1,False,0.0,0.0005956216679555992,0.0,29,0.0,0.0,0.37347835259072604,0.0,0.44877890600154485,0.0,0.0,0.0,terminal,0.4434,"1 входящих связей от 1 отправителей; 0 исходящих связей к 0 получателям; вход 32,000 KZT, выход 0 KZT",0.1794
100000006704530100,3,False,1,3,428000.0,5,3,450500.0,1,1,False,0.9500554938956715,0.00039854222775425723,5.8849614861964964e-05,14,0.0,0.7737056144690831,0.9344037226980547,0.9588072871082403,0.16217223022895888,0.43742450601392,0.0,0.7737056144690831,distributor,0.8385,"1 входящих связей от 1 отправителей; 3 исходящих связей к 3 получателям; вход 450,500 KZT, выход 428,000 KZT",0.6091
100000003996562100,3,False,1,0,0.0,0,0,7700.0,1,1,False,0.0,0.00032817368818376504,0.0,0,0.0,0.0,0.07135565627964452,0.0,0.05982370972349389,0.0,0.0,0.0,terminal,0.3678,"1 входящих связей от 1 отправителей; 0 исходящих связей к 0 получателям; вход 7,700 KZT, выход 0 KZT",0.0278
100000002646887100,3,False,1,0,0.0,0,0,24354.0,1,1,False,0.0,0.00029518757307712095,0.0,42,0.0,0.0,0.3155679531270911,0.0,0.011844108180762918,0.0,0.0,0.0,terminal,0.4289,"1 входящих связей от 1 отправителей; 0 исходящих связей к 0 получателям; вход 24,354 KZT, выход 0 KZT",0.0598
100000002556775100,3,False,1,0,0.0,0,0,300000.0,1,1,False,0.0,0.00029529204643951516,0.0,10,0.0,0.0,0.8481681722159543,0.0,0.011996071292199867,0.0,0.0,0.0,terminal,0.562,"1 входящих связей от 1 отправителей; 0 исходящих связей к 0 получателям; вход 300,000 KZT, выход 0 KZT",0.1557
100000002722108100,3,False,1,0,0.0,0,0,800000.0,2,1,False,0.0,0.0003236747727313084,0.0,24,0.0,0.0,1.0,0.0,0.05327995346425906,0.0,0.0,0.0,terminal,0.6,"1 входящих связей от 1 отправителей; 0 исходящих связей к 0 получателям; вход 800,000 KZT, выход 0 KZT",0.1933
100000002737980100,3,False,1,0,0.0,0,0,32900.0,1,1,False,0.0,0.0002954238816602796,0.0,16,0.0,0.0,0.37936121214541546,0.0,0.012187833934071675,0.0,0.0,0.0,terminal,0.4448,"1 входящих связей от 1 отправителей; 0 исходящих связей к 0 получателям; вход 32,900 KZT, выход 0 KZT",0.0713
100000002913340100,3,False,1,0,0.0,0,0,23600.0,1,1,False,0.0,0.0002892527298060056,0.0,22,0.0,0.0,0.3088977294788299,0.0,0.0032114773237722585,0.0,0.0,0.0,terminal,0.4272,"1 входящих связей от 1 отправителей; 0 исходящих связей к 0 получателям; вход 23,600 KZT, выход 0 KZT",0.0564
100000003610172100,3,False,1,0,0.0,0,0,70000.0,1,1,False,0.0,0.000287837936402476,0.0,10,0.0,0.0,0.5395001308391884,0.0,0.0011535570885362774,0.0,0.0,0.0,terminal,0.4849,"1 входящих связей от 1 отправителей; 0 исходящих связей к 0 получателям; вход 70,000 KZT, выход 0 KZT",0.0974
100000001052945100,3,False,1,3,1595700.0,6,3,56520.0,1,1,False,28.23248407643312,0.00030154476497427343,5.7660733753642434e-05,44,0.0,0.7737056144690831,0.49413193891140006,1.0,0.021091016858841256,0.42858790206415487,0.0,0.7737056144690831,distributor,0.8529,"1 входящих связей от 1 отправителей; 3 исходящих связей к 3 получателям; вход 56,520 KZT, выход 1,595,700 KZT",0.5
100000002369510100,3,False,1,0,0.0,0,0,37150.0,1,1,False,0.0,0.00029136758371393326,0.0,22,0.0,0.0,0.405129068903334,0.0,0.006287681214883029,0.0,0.0,0.0,terminal,0.4513,"1 входящих связей от 1 отправителей; 0 исходящих связей к 0 получателям; вход 37,150 KZT, выход 0 KZT",0.0745
100000001954534100,3,False,1,1,40000.0,1,1,13000.0,1,1,False,3.076923076923077,0.0003659515092221351,1.9616538287321655e-05,0,0.0,0.3868528072345416,0.18242877296742985,0.7835465382062168,0.11477109242998056,0.14581102885737232,0.0,0.3868528072345416,peripheral,0.35,"1 входящих связей от 1 отправителей; 1 исходящих связей к 1 получателям; вход 13,000 KZT, выход 40,000 KZT",0.3004
100000008488166100,3,False,1,0,0.0,0,0,5600.0,1,1,False,0.0,0.0002864433297807142,0.0,22,0.0,0.0,0.003821085307872622,0.0,0.0,0.0,0.0,0.0,terminal,0.351,"1 входящих связей от 1 отправителей; 0 исходящих связей к 0 получателям; вход 5,600 KZT, выход 0 KZT",0.0007
100000005100475100,3,False,1,0,0.0,0,0,40000.0,1,1,False,0.0,0.0003377497462501427,0.0,2,0.0,0.0,0.4208063787121672,0.0,0.07375216642094497,0.0,0.0,0.0,terminal,0.4552,"1 входящих связей от 1 отправителей; 0 исходящих связей к 0 получателям; вход 40,000 KZT, выход 0 KZT",0.0942
100000002708624100,3,False,1,0,0.0,0,0,25000.0,1,1,False,0.0,0.0003287361266530872,0.0,13,0.0,0.0,0.3211205171539985,0.0,0.06064178487559477,0.0,0.0,0.0,terminal,0.4303,"1 входящих связей от 1 отправителей; 0 исходящих связей к 0 получателям; вход 25,000 KZT, выход 0 KZT",0.073
100000004591973100,3,False,1,1,100000.0,1,1,10000.0,1,1,False,10.0,0.0003991316698685005,2.0409125692870002e-05,8,0.0,0.3868528072345416,0.1267854959781863,0.8512985181756111,0.16302952226767078,0.15170232344099552,0.0,0.3868528072345416,peripheral,0.35,"1 входящих связей от 1 отправителей; 1 исходящих связей к 1 получателям; вход 10,000 KZT, выход 100,000 KZT",0.316
100000000802149100,3,False,1,0,0.0,0,0,104128.0,1,1,False,0.0,0.00029480359988090277,0.0,0,0.0,0.0,0.6237305680725818,0.0,0.011285594751935748,0.0,0.0,0.0,terminal,0.5059,"1 входящих связей от 1 отправителей; 0 исходящих связей к 0 получателям; вход 104,128 KZT, выход 0 KZT",0.1151
100000003095610100,3,False,1,0,0.0,0,0,23665.0,1,1,False,0.0,0.0002943864531167937,0.0,18,0.0,0.0,0.3094810829717345,0.0,0.010678828016295846,0.0,0.0,0.0,terminal,0.4274,"1 входящих связей от 1 отправителей; 0 исходящих связей к 0 получателям; вход 23,665 KZT, выход 0 KZT",0.0584
100000004183610100,3,False,1,1,915000.0,3,1,22000.0,1,1,False,41.59090909090909,0.00034076272266534053,1.9616538287321655e-05,12,0.0,0.3868528072345416,0.29400786963261044,1.0,0.07813453828748095,0.14581102885737232,0.0,0.3868528072345416,peripheral,0.35,"1 входящих связей от 1 отправителей; 1 исходящих связей к 1 получателям; вход 22,000 KZT, выход 915,000 KZT",0.3503
100000005198906100,3,False,1,1,60000.0,1,1,227970.0,1,1,False,0.26319252533228055,0.0002929576136309589,1.922024458454748e-05,10,0.0,0.3868528072345416,0.7899316870976991,0.8135271415675038,0.008600487381436383,0.1428653798145826,0.0,0.3868528072345416,peripheral,0.35,"1 входящих связей от 1 отправителей; 1 исходящих связей к 1 получателям; вход 227,970 KZT, выход 60,000 KZT",0.388
100000008599354100,3,False,1,1,38200.0,2,1,177000.0,1,1,False,0.21581920903954802,0.00033174355341856386,0.0,0,0.0,0.3868528072345416,0.7362563295806963,0.7801420082387086,0.06501612420829458,0.0,0.0,0.3868528072345416,peripheral,0.35,"1 входящих связей от 1 отправителей; 1 исходящих связей к 1 получателям; вход 177,000 KZT, выход 38,200 KZT",0.355
100000001303311100,3,False,5,0,0.0,0,0,1324000.0,5,5,False,0.0,0.0005016994290161631,0.0,35,1.0,0.0,1.0,0.0,0.3121976729761,0.0,1.0,0.0,consolidator,1.0,"5 входящих связей от 5 отправителей; 0 исходящих связей к 0 получателям; вход 1,324,000 KZT, выход 0 KZT",0.428
100000008776420100,3,False,1,0,0.0,0,0,69500.0,1,1,False,0.0,0.0002964166998704986,0.0,22,0.0,0.0,0.537979696599977,0.0,0.013631949814174486,0.0,0.0,0.0,terminal,0.4845,"1 входящих связей от 1 отправителей; 0 исходящих связей к 0 получателям; вход 69,500 KZT, выход 0 KZT",0.1002
100000004737764100,3,False,1,0,0.0,0,0,600000.0,1,1,False,0.0,0.000676622422754616,0.0,3,0.0,0.0,0.9951862134338199,0.0,0.5665594881283393,0.0,0.0,0.0,terminal,0.5988,"1 входящих связей от 1 отправителей; 0 исходящих связей к 0 получателям; вход 600,000 KZT, выход 0 KZT",0.3208
100000003154105100,3,False,1,7,338000.0,9,7,60000.0,1,1,False,5.633333333333334,0.0005506807965745357,0.0001400898239306708,32,0.0,1.0,0.5068048590547116,0.9413511199349497,0.3834277234420115,1.0,0.0,1.0,distributor,0.9795,"1 входящих связей от 1 отправителей; 7 исходящих связей к 7 получателям; вход 60,000 KZT, выход 338,000 KZT",0.7465
100000008708025100,3,False,1,0,0.0,0,0,10000.0,1,1,False,0.0,0.0003092890887695534,0.0,15,0.0,0.0,0.1267854959781863,0.0,0.03235551088529513,0.0,0.0,0.0,terminal,0.3817,"1 входящих связей от 1 отправителей; 0 исходящих связей к 0 получателям; вход 10,000 KZT, выход 0 KZT",0.0309
100000008740793100,3,False,1,0,0.0,0,0,21000.0,1,1,False,0.0,0.00028884692758013016,0.0,22,0.0,0.0,0.28414130736987286,0.0,0.00262120867475078,0.0,0.0,0.0,terminal,0.421,"1 входящих связей от 1 отправителей; 0 исходящих связей к 0 получателям; вход 21,000 KZT, выход 0 KZT",0.0518
100000008459449100,3,False,1,0,0.0,0,0,53700.0,1,1,False,0.0,0.000299578094890219,0.0,0,0.0,0.0,0.4832763892355062,0.0,0.018230386088033804,0.0,0.0,0.0,terminal,0.4708,"1 входящих связей от 1 отправителей; 0 исходящих связей к 0 получателям; вход 53,700 KZT, выход 0 KZT",0.0915
100000008677518100,3,False,1,0,0.0,0,0,48700.0,1,1,False,0.0,0.00029317028206349527,0.0,22,0.0,0.0,0.46254715464892227,0.0,0.008909827736436051,0.0,0.0,0.0,terminal,0.4656,"1 входящих связей от 1 отправителей; 0 исходящих связей к 0 получателям; вход 48,700 KZT, выход 0 KZT",0.0855
100000002212494100,3,False,1,0,0.0,0,0,160000.0,1,1,False,0.0,0.0003566444399053839,0.0,36,0.0,0.0,0.7148391912915051,0.0,0.1012342655781165,0.0,0.0,0.0,terminal,0.5287,"1 входящих связей от 1 отправителей; 0 исходящих связей к 0 получателям; вход 160,000 KZT, выход 0 KZT",0.154
100000001825934100,3,False,1,1,97000.0,1,1,40000.0,1,1,False,2.425,0.00047586713178590575,9.90734256935437e-07,26,0.0,0.3868528072345416,0.4208063787121672,0.8490463023971057,0.2746302320672874,0.007364261958376784,0.0,0.3868528072345416,peripheral,0.35,"1 входящих связей от 1 отправителей; 1 исходящих связей к 1 получателям; вход 40,000 KZT, выход 97,000 KZT",0.3646
100000003736419100,3,False,1,1,10000.0,1,1,23300.0,1,1,False,0.4291845493562232,0.00029164760065452,1.922024458454748e-05,0,0.0,0.3868528072345416,0.306184340689896,0.6810456169100282,0.006694985080092531,0.1428653798145826,0.0,0.3868528072345416,peripheral,0.35,"1 входящих связей от 1 отправителей; 1 исходящих связей к 1 получателям; вход 23,300 KZT, выход 10,000 KZT",0.2766
100000008430691100,3,False,1,2,604900.0,2,2,20000.0,1,1,False,30.245,0.0003069779355111288,1.9616538287321655e-05,84,0.0,0.6131471927654585,0.2737932863595569,0.984387000826553,0.02899383566869678,0.14581102885737232,0.0,0.6131471927654585,peripheral,0.35,"1 входящих связей от 1 отправителей; 2 исходящих связей к 2 получателям; вход 20,000 KZT, выход 604,900 KZT",0.37
100000003073635100,3,False,1,0,0.0,0,0,129231.0,1,1,False,0.0,0.00031186250399510335,0.0,1,0.0,0.0,0.6695402404278246,0.0,0.03609864865974045,0.0,0.0,0.0,terminal,0.5174,"1 входящих связей от 1 отправителей; 0 исходящих связей к 0 получателям; вход 129,231 KZT, выход 0 KZT",0.1295
100000001686328100,3,False,1,0,0.0,0,0,140000.0,1,1,False,0.0,0.0003150543933476945,0.0,5,0.0,0.0,0.686517010557567,0.0,0.04074136898668066,0.0,0.0,0.0,terminal,0.5216,"1 входящих связей от 1 отправителей; 0 исходящих связей к 0 получателям; вход 140,000 KZT, выход 0 KZT",0.1338
100000008707810100,3,False,1,0,0.0,0,0,26200.0,1,1,False,0.0,0.000289658532031881,0.0,22,0.0,0.0,0.3310642641601074,0.0,0.0038017457333305803,0.0,0.0,0.0,terminal,0.4328,"1 входящих связей от 1 отправителей; 0 исходящих связей к 0 получателям; вход 26,200 KZT, выход 0 KZT",0.0605
100000001236706100,3,False,3,2,36000.0,2,2,142700.0,3,3,False,0.25227750525578135,0.0007662915221773773,3.923307657464331e-05,12,1.0,0.6131471927654585,0.69056858944703,0.7757560935823146,0.6969333119290084,0.29161919749127574,1.0,0.6131471927654585,peripheral,0.35,"3 входящих связей от 3 отправителей; 2 исходящих связей к 2 получателям; вход 142,700 KZT, выход 36,000 KZT",0.6723
100000008536546100,3,False,2,0,0.0,0,0,250000.0,2,2,False,0.0,0.00031725287200167396,0.0,35,0.5849625007211564,0.0,0.8094974175150348,0.0,0.04393912834072804,0.0,0.5849625007211564,0.0,consolidator,0.6411,"2 входящих связей от 2 отправителей; 0 исходящих связей к 0 получателям; вход 250,000 KZT, выход 0 KZT",0.2561
100000007140834100,3,False,1,0,0.0,0,0,10200.0,2,1,False,0.0,0.0007122600056993933,0.0,2,0.0,0.0,0.13098527102622187,0.0,0.6183759267960798,0.0,0.0,0.0,terminal,0.3827,"1 входящих связей от 1 отправителей; 0 исходящих связей к 0 получателям; вход 10,200 KZT, выход 0 KZT",0.1782
100000007022818100,3,False,1,0,0.0,0,0,17200.0,1,1,False,0.0,0.00028825383201923533,0.0,22,0.0,0.0,0.2418050691940891,0.0,0.0017585079108152193,0.0,0.0,0.0,terminal,0.4105,"1 входящих связей от 1 отправителей; 0 исходящих связей к 0 получателям; вход 17,200 KZT, выход 0 KZT",0.044
100000007484343100,3,False,2,0,0.0,0,0,26757.0,2,2,False,0.0,0.00028913342255287915,0.0,0,0.5849625007211564,0.0,0.33552603894532823,0.0,0.003037936331274214,0.0,0.5849625007211564,0.0,consolidator,0.5226,"2 входящих связей от 2 отправителей; 0 исходящих связей к 0 получателям; вход 26,757 KZT, выход 0 KZT",0.1606
100000001379511100,3,False,1,0,0.0,0,0,55000.0,1,1,False,0.0,0.00030729079119071103,0.0,42,0.0,0.0,0.4883498316449107,0.0,0.029448898625292486,0.0,0.0,0.0,terminal,0.4721,"1 входящих связей от 1 отправителей; 0 исходящих связей к 0 получателям; вход 55,000 KZT, выход 0 KZT",0.0953
100000004569484100,3,False,2,4,156000.0,4,4,98312.0,3,2,False,1.586784929611848,0.0003193810040919852,0.004288096010867958,18,0.5849625007211564,0.8982444017039272,0.6115401242717728,0.8841795610624325,0.047034559614970516,1.0,0.5849625007211564,0.8982444017039272,distributor,0.8933,"2 входящих связей от 2 отправителей; 4 исходящих связей к 4 получателям; вход 98,312 KZT, выход 156,000 KZT",0.6537
100000002948492100,3,False,1,0,0.0,0,0,23660.0,1,1,False,0.0,0.00029225683204655813,0.0,40,0.0,0.0,0.3094362665435277,0.0,0.007581153573920972,0.0,0.0,0.0,terminal,0.4274,"1 входящих связей от 1 отправителей; 0 исходящих связей к 0 получателям; вход 23,660 KZT, выход 0 KZT",0.0576
100000002116705100,3,False,1,0,0.0,0,0,17600.0,1,1,False,0.0,0.00028831626313090844,0.0,22,0.0,0.0,0.24668092804133215,0.0,0.001849318541633271,0.0,0.0,0.0,terminal,0.4117,"1 входящих связей от 1 отправителей; 0 исходящих связей к 0 получателям; вход 17,600 KZT, выход 0 KZT",0.0449
100000002481974100,3,False,2,2,318000.0,4,2,89447.0,2,2,False,3.5551779265934016,0.0003316686610389907,3.883678287186913e-05,1,0.5849625007211564,0.6131471927654585,0.5914966694482411,0.9368410295210173,0.06490719247793626,0.28867360622966776,0.5849625007211564,0.6131471927654585,peripheral,0.35,"2 входящих связей от 2 отправителей; 2 исходящих связей к 2 получателям; вход 89,447 KZT, выход 318,000 KZT",0.4591
100000003920950100,3,False,1,0,0.0,0,0,323290.0,1,1,False,0.0,0.00039172837020751925,0.0,2,0.0,0.0,0.8640264636114814,0.0,0.15226203327980256,0.0,0.0,0.0,terminal,0.566,"1 входящих связей от 1 отправителей; 0 исходящих связей к 0 получателям; вход 323,290 KZT, выход 0 KZT",0.1936
100000000733451100,3,False,1,1,300000.0,1,1,70000.0,2,1,False,4.285714285714286,0.0005412616148555019,2.4570209571998837e-05,12,0.0,0.3868528072345416,0.5395001308391884,0.9325324780945845,0.3697303614032103,0.1826315433999989,0.0,0.3868528072345416,peripheral,0.35,"1 входящих связей от 1 отправителей; 1 исходящих связей к 1 получателям; вход 70,000 KZT, выход 300,000 KZT",0.4633
100000005182219100,3,False,2,0,0.0,0,0,55000.0,2,2,False,0.0,0.0003541294978841431,0.0,10,0.5849625007211564,0.0,0.4883498316449107,0.0,0.09757634333751641,0.0,0.5849625007211564,0.0,consolidator,0.5608,"2 входящих связей от 2 отправителей; 0 исходящих связей к 0 получателям; вход 55,000 KZT, выход 0 KZT",0.2117
100000008633099100,3,False,1,1,13500.0,1,1,19468.0,1,1,False,0.6934456544072324,0.00029196202177266705,1.922024458454748e-05,2,0.0,0.3868528072345416,0.26807524860188336,0.7032342695649065,0.007152332047758793,0.1428653798145826,0.0,0.3868528072345416,peripheral,0.35,"1 входящих связей от 1 отправителей; 1 исходящих связей к 1 получателям; вход 19,468 KZT, выход 13,500 KZT",0.2738
100000001380107100,3,False,1,0,0.0,0,0,6000.0,1,1,False,0.0,0.00029094848350339516,0.0,31,0.0,0.0,0.018452135654394897,0.0,0.005678070971455481,0.0,0.0,0.0,terminal,0.3546,"1 входящих связей от 1 отправителей; 0 исходящих связей к 0 получателям; вход 6,000 KZT, выход 0 KZT",0.0047
100000008755168100,3,False,1,0,0.0,0,0,17600.0,1,1,False,0.0,0.00028831626313090844,0.0,22,0.0,0.0,0.24668092804133215,0.0,0.001849318541633271,0.0,0.0,0.0,terminal,0.4117,"1 входящих связей от 1 отправителей; 0 исходящих связей к 0 получателям; вход 17,600 KZT, выход 0 KZT",0.0449
100000002628576100,3,False,2,2,539000.0,2,2,727882.0,3,2,False,0.7405046422359668,0.0003113901539132382,3.844048916909496e-05,10,0.5849625007211564,0.6131471927654585,1.0,0.975857894089054,0.03541159685410932,0.28572801380078566,0.5849625007211564,0.6131471927654585,peripheral,0.35,"2 входящих связей от 2 отправителей; 2 исходящих связей к 2 получателям; вход 727,882 KZT, выход 539,000 KZT",0.5316
100000001611488100,3,False,2,0,0.0,0,0,779300.0,3,2,False,0.0,0.0008775368508533145,0.0,10,0.5849625007211564,0.0,1.0,0.0,0.8586615237151675,0.0,0.5849625007211564,0.0,consolidator,0.6887,"2 входящих связей от 2 отправителей; 0 исходящих связей к 0 получателям; вход 779,300 KZT, выход 0 KZT",0.4941
100000005375968100,3,False,1,2,86000.0,4,2,170082.0,1,1,False,0.5056384567443939,0.00029514830685360255,3.844048916909496e-05,0,0.0,0.6131471927654585,0.7278000429289979,0.8401463739540597,0.011786992971754473,0.28572801380078566,0.0,0.6131471927654585,peripheral,0.35,"1 входящих связей от 1 отправителей; 2 исходящих связей к 2 получателям; вход 170,082 KZT, выход 86,000 KZT",0.4523
100000003581109100,3,False,1,0,0.0,0,0,42750.0,1,1,False,0.0,0.000287976972808807,0.0,0,0.0,0.0,0.4349086918623478,0.0,0.0013557958152437132,0.0,0.0,0.0,terminal,0.4587,"1 входящих связей от 1 отправителей; 0 исходящих связей к 0 получателям; вход 42,750 KZT, выход 0 KZT",0.0786
100000002933386100,3,False,1,1,58000.0,1,1,15000.0,1,1,False,3.8666666666666667,0.0006527823249129193,2.0012831990095827e-05,3,0.0,0.3868528072345416,0.21277867430530759,0.8110204088971463,0.5318953617272075,0.14875667673284296,0.0,0.3868528072345416,peripheral,0.35,"1 входящих связей от 1 отправителей; 1 исходящих связей к 1 получателям; вход 15,000 KZT, выход 58,000 KZT",0.4157
100000002284426100,3,False,1,0,0.0,0,0,90000.0,2,1,False,0.0,0.00028848611988395765,0.0,10,0.0,0.0,0.5928039285509907,0.0,0.0020963876180720878,0.0,0.0,0.0,terminal,0.4982,"1 входящих связей от 1 отправителей; 0 исходящих связей к 0 получателям; вход 90,000 KZT, выход 0 KZT",0.1072
100000008579978100,3,False,1,1,77000.0,6,1,34000.0,1,1,False,2.264705882352941,0.00028667120613580906,1.922024458454748e-05,10,0.0,0.3868528072345416,0.3863366092262719,0.8319727003354623,0.0,0.1428653798145826,0.0,0.3868528072345416,peripheral,0.35,"1 входящих связей от 1 отправителей; 1 исходящих связей к 1 получателям; вход 34,000 KZT, выход 77,000 KZT",0.3165
100000001549194100,3,False,1,0,0.0,0,0,46500.0,1,1,False,0.0,0.0002987125955300949,0.0,40,0.0,0.0,0.45274254869322145,0.0,0.016971467458642104,0.0,0.0,0.0,terminal,0.4632,"1 входящих связей от 1 отправителей; 0 исходящих связей к 0 получателям; вход 46,500 KZT, выход 0 KZT",0.0857
100000001427082100,3,False,1,5,124900.0,6,5,5000.0,1,1,False,24.98,0.0004392450523980493,7.846615314928662e-05,32,0.0,1.0,0.0,0.8677390486247248,0.2213697444759932,0.5832269545375084,0.0,1.0,distributor,0.9537,"1 входящих связей от 1 отправителей; 5 исходящих связей к 5 получателям; вход 5,000 KZT, выход 124,900 KZT",0.5098
100000004657034100,3,False,1,0,0.0,0,0,141250.0,1,1,False,0.0,0.0002901470900552544,0.0,10,0.0,0.0,0.6884023669776274,0.0,0.0045123880613536504,0.0,0.0,0.0,terminal,0.5221,"1 входящих связей от 1 отправителей; 0 исходящих связей к 0 получателям; вход 141,250 KZT, выход 0 KZT",0.125
100000003796063100,3,False,1,15,959150.0,23,15,35000.0,1,1,False,27.404285714285713,0.0006852648705720556,0.001324017260968518,10,0.0,1.0,0.39248476609146365,1.0,0.5791256295611112,1.0,0.0,1.0,distributor,1.0,"1 входящих связей от 1 отправителей; 15 исходящих связей к 15 получателям; вход 35,000 KZT, выход 959,150 KZT",0.7854
100000005268319100,3,False,1,5,91000.0,10,5,19712.8,2,1,False,4.6162899232985675,0.0002936395632308336,3.923307657464331e-05,0,0.0,1.0,0.2707255655134821,0.8443249969575101,0.009592428119030568,0.29161919749127574,0.0,1.0,distributor,0.9455,"1 входящих связей от 1 отправителей; 5 исходящих связей к 5 получателям; вход 19,713 KZT, выход 91,000 KZT",0.4373
100000008744799100,3,False,1,0,0.0,0,0,12600.0,1,1,False,0.0,0.0002875358742349942,0.0,22,0.0,0.0,0.17580054174242546,0.0,0.0007141852490356123,0.0,0.0,0.0,terminal,0.394,"1 входящих связей от 1 отправителей; 0 исходящих связей к 0 получателям; вход 12,600 KZT, выход 0 KZT",0.0318
100000008677215100,3,False,1,0,0.0,0,0,9000.0,1,1,False,0.0,0.00030437671563686035,0.0,29,0.0,0.0,0.10444060163522356,0.0,0.025210236366560498,0.0,0.0,0.0,terminal,0.3761,"1 входящих связей от 1 отправителей; 0 исходящих связей к 0 получателям; вход 9,000 KZT, выход 0 KZT",0.0251
100000007593823100,3,False,3,13,162900.0,21,13,25000.0,3,3,False,6.516,0.00029059209456347635,1.9022097733160393e-05,0,1.0,1.0,0.3211205171539985,0.8873798223337429,0.005159678407643301,0.14139255485544286,1.0,1.0,distributor,0.9606,"3 входящих связей от 3 отправителей; 13 исходящих связей к 13 получателям; вход 25,000 KZT, выход 162,900 KZT",0.4199
100000001282143100,3,False,5,0,0.0,0,0,1700000.0,6,5,False,0.0,0.0004017630614327044,0.0,24,1.0,0.0,1.0,0.0,0.16685664515688667,0.0,1.0,0.0,consolidator,1.0,"5 входящих связей от 5 отправителей; 0 исходящих связей к 0 получателям; вход 1,700,000 KZT, выход 0 KZT",0.3917
100000008029279100,3,False,1,0,0.0,0,0,17000.0,1,1,False,0.0,0.00028902809718424723,0.0,1,0.0,0.0,0.23932445254453824,0.0,0.0028847329795835775,0.0,0.0,0.0,terminal,0.4098,"1 входящих связей от 1 отправителей; 0 исходящих связей к 0 получателям; вход 17,000 KZT, выход 0 KZT",0.0438
100000000594783100,3,False,1,2,152500.0,2,2,2635000.0,10,1,False,0.05787476280834915,0.0013815888060884824,0.0,21,0.0,0.6131471927654585,1.0,0.8825017057884473,1.0,0.0,0.0,0.6131471927654585,peripheral,0.35,"1 входящих связей от 1 отправителей; 2 исходящих связей к 2 получателям; вход 2,635,000 KZT, выход 152,500 KZT",0.6931
100000002705460100,3,False,1,0,0.0,0,0,95000.0,1,1,False,0.0,0.0005577272422551425,0.0,16,0.0,0.0,0.6042716086143322,0.0,0.3936745714464843,0.0,0.0,0.0,terminal,0.5011,"1 входящих связей от 1 отправителей; 0 исходящих связей к 0 получателям; вход 95,000 KZT, выход 0 KZT",0.2072
100000002952756100,3,False,1,0,0.0,0,0,47000.0,1,1,False,0.0,0.0003677090010006233,0.0,11,0.0,0.0,0.4550109999643056,0.0,0.11732729240224522,0.0,0.0,0.0,terminal,0.4638,"1 входящих связей от 1 отправителей; 0 исходящих связей к 0 получателям; вход 47,000 KZT, выход 0 KZT",0.1112
100000004634420100,3,False,1,0,0.0,0,0,26150.0,1,1,False,0.0,0.00028965072814292185,0.0,22,0.0,0.0,0.3306591167474486,0.0,0.003790394420020418,0.0,0.0,0.0,terminal,0.4327,"1 входящих связей от 1 отправителей; 0 исходящих связей к 0 получателям; вход 26,150 KZT, выход 0 KZT",0.0605
100000000583220100,3,False,1,1,761255.0,4,1,5000.0,1,1,False,152.251,0.0002981132552282107,1.9616538287321655e-05,25,0.0,0.3868528072345416,0.0,1.0,0.016099691858784765,0.14581102885737232,0.0,0.3868528072345416,peripheral,0.35,"1 входящих связей от 1 отправителей; 1 исходящих связей к 1 получателям; вход 5,000 KZT, выход 761,255 KZT",0.2819
100000003286537100,3,False,2,0,0.0,0,0,153000.0,2,2,False,0.0,0.0003010947151858357,0.0,5,0.5849625007211564,0.0,0.7053506476688148,0.0,0.020436394963860613,0.0,0.5849625007211564,0.0,consolidator,0.6151,"2 входящих связей от 2 отправителей; 0 исходящих связей к 0 получателям; вход 153,000 KZT, выход 0 KZT",0.2315
100000002958345100,3,False,1,0,0.0,0,0,307000.0,1,1,False,0.0,0.0003001922715970447,0.0,24,0.0,0.0,0.8530603629674037,0.0,0.01912374079366899,0.0,0.0,0.0,terminal,0.5633,"1 входящих связей от 1 отправителей; 0 исходящих связей к 0 получателям; вход 307,000 KZT, выход 0 KZT",0.1583
100000005055454100,3,False,1,0,0.0,0,0,6500.0,1,1,False,0.0,0.0005059810158324249,0.0,27,0.0,0.0,0.03542669195658912,0.0,0.3184242132489289,0.0,0.0,0.0,terminal,0.3589,"1 входящих связей от 1 отправителей; 0 исходящих связей к 0 получателям; вход 6,500 KZT, выход 0 KZT",0.086
100000008738526100,3,False,1,1,140000.0,1,1,15000.0,1,1,False,9.333333333333334,0.0002874522211122586,2.139985994980544e-05,35,0.0,0.3868528072345416,0.21277867430530759,0.8761780013495596,0.0005925055504187672,0.15906643510436616,0.0,0.3868528072345416,peripheral,0.35,"1 входящих связей от 1 отправителей; 1 исходящих связей к 1 получателям; вход 15,000 KZT, выход 140,000 KZT",0.2969
100000001298099100,3,False,1,0,0.0,0,0,19000.0,1,1,False,0.0,0.00029264835692975865,0.0,18,0.0,0.0,0.2629143978036176,0.0,0.008150652859442747,0.0,0.0,0.0,terminal,0.4157,"1 входящих связей от 1 отправителей; 0 исходящих связей к 0 получателям; вход 19,000 KZT, выход 0 KZT",0.0494
100000006491272100,3,False,1,0,0.0,0,0,26200.0,1,1,False,0.0,0.000289658532031881,0.0,22,0.0,0.0,0.3310642641601074,0.0,0.0038017457333305803,0.0,0.0,0.0,terminal,0.4328,"1 входящих связей от 1 отправителей; 0 исходящих связей к 0 получателям; вход 26,200 KZT, выход 0 KZT",0.0605
100000000552584100,3,False,1,1,57500.0,1,1,2500000.0,3,1,False,0.023,0.0013254360037725011,0.0,21,0.0,0.3868528072345416,1.0,0.810380218706105,1.0,0.0,0.0,0.3868528072345416,peripheral,0.35,"1 входящих связей от 1 отправителей; 1 исходящих связей к 1 получателям; вход 2,500,000 KZT, выход 57,500 KZT",0.6416
100000005187208100,3,False,1,0,0.0,0,0,14160.0,1,1,False,0.0,0.00031197078423773135,0.0,10,0.0,0.0,0.20055622212299992,0.0,0.03625614649339595,0.0,0.0,0.0,terminal,0.4001,"1 входящих связей от 1 отправителей; 0 исходящих связей к 0 получателям; вход 14,160 KZT, выход 0 KZT",0.0452
100000003528285100,3,False,4,4,548000.0,6,4,118870.0,5,4,False,4.6100782367292,0.0004042756455484536,8.876978942141516e-05,3,1.0,0.8982444017039272,0.6518147391557563,0.9770823633679201,0.17051096387899728,0.6598089132166146,1.0,0.8982444017039272,coordinator,0.4886,"4 входящих связей от 4 отправителей; 4 исходящих связей к 4 получателям; вход 118,870 KZT, выход 548,000 KZT",0.651
100000001484381100,3,False,2,0,0.0,0,0,95585.0,4,2,False,0.0,0.0003213079861341866,0.0,18,0.5849625007211564,0.0,0.6055736961065118,0.0,0.049837406494310545,0.0,0.5849625007211564,0.0,consolidator,0.5901,"2 входящих связей от 2 отправителей; 0 исходящих связей к 0 получателям; вход 95,585 KZT, выход 0 KZT",0.2209
100000002508637100,3,False,1,1,8000.0,1,1,306410.0,1,1,False,0.02610880845925394,0.0003073926335674684,7.925874055483496e-07,1,0.0,0.3868528072345416,0.8526523480055482,0.6645476095092199,0.029597033009585036,0.00589141015038315,0.0,0.3868528072345416,peripheral,0.35,"1 входящих связей от 1 отправителей; 1 исходящих связей к 1 получателям; вход 306,410 KZT, выход 8,000 KZT",0.3476
100000003149149100,3,False,1,0,0.0,0,0,245000.0,1,1,False,0.0,0.00029350954186544055,0.0,10,0.0,0.0,0.8052123858786119,0.0,0.009403303506987275,0.0,0.0,0.0,terminal,0.5513,"1 входящих связей от 1 отправителей; 0 исходящих связей к 0 получателям; вход 245,000 KZT, выход 0 KZT",0.1473
100000001538095100,3,False,2,0,0.0,0,0,280000.0,2,2,False,0.0,0.000330135226662397,0.0,24,0.5849625007211564,0.0,0.8335346477734468,0.0,0.06267679473562741,0.0,0.5849625007211564,0.0,consolidator,0.6471,"2 входящих связей от 2 отправителей; 0 исходящих связей к 0 получателям; вход 280,000 KZT, выход 0 KZT",0.2651
100000008695133100,3,False,1,0,0.0,0,0,36610.0,1,1,False,0.0,0.0002912833017131745,0.0,22,0.0,0.0,0.40202347227950913,0.0,0.006165087235905304,0.0,0.0,0.0,terminal,0.4505,"1 входящих связей от 1 отправителей; 0 исходящих связей к 0 получателям; вход 36,610 KZT, выход 0 KZT",0.0739
100000008749405100,3,False,1,0,0.0,0,0,37150.0,1,1,False,0.0,0.00029136758371393326,0.0,22,0.0,0.0,0.405129068903334,0.0,0.006287681214883029,0.0,0.0,0.0,terminal,0.4513,"1 входящих связей от 1 отправителей; 0 исходящих связей к 0 получателям; вход 37,150 KZT, выход 0 KZT",0.0745
100000005815602100,3,False,1,1,165000.0,1,1,20000.0,1,1,False,8.25,0.0005521710322392142,1.9418391435934565e-05,16,0.0,0.3868528072345416,0.2737932863595569,0.8883269466128696,0.38559481042994653,0.1443382044818924,0.0,0.3868528072345416,peripheral,0.35,"1 входящих связей от 1 отправителей; 1 исходящих связей к 1 получателям; вход 20,000 KZT, выход 165,000 KZT",0.4031
100000006641671100,3,False,2,1,25000.0,3,1,22000.0,2,2,False,1.1363636363636365,0.00043999110799823783,1.9418391435934565e-05,1,0.5849625007211564,0.3868528072345416,0.29400786963261044,0.7487942697451995,0.22245477291115645,0.1443382044818924,0.5849625007211564,0.3868528072345416,consolidator,0.5122,"2 входящих связей от 2 отправителей; 1 исходящих связей к 1 получателям; вход 22,000 KZT, выход 25,000 KZT",0.3745
100000002945031100,3,False,1,0,0.0,0,0,15000.0,1,1,False,0.0,0.0002911219506169233,0.0,12,0.0,0.0,0.21277867430530759,0.0,0.005930390916970534,0.0,0.0,0.0,terminal,0.4032,"1 входящих связей от 1 отправителей; 0 исходящих связей к 0 получателям; вход 15,000 KZT, выход 0 KZT",0.0398
100000003497735100,3,False,1,0,0.0,0,0,125000.0,1,1,False,0.0,0.0003069462106171267,0.0,43,0.0,0.0,0.6624798711992838,0.0,0.0289476903451786,0.0,0.0,0.0,terminal,0.5156,"1 входящих связей от 1 отправителей; 0 исходящих связей к 0 получателям; вход 125,000 KZT, выход 0 KZT",0.1265
100000004644615100,3,False,1,2,379665.0,14,2,50810.0,1,1,False,7.472249557173785,0.00037436756021008076,1.1888811083225246e-06,11,0.0,0.6131471927654585,0.4715431310736842,0.9499464559470197,0.12701185393381992,0.008837113474529788,0.0,0.6131471927654585,peripheral,0.35,"1 входящих связей от 1 отправителей; 2 исходящих связей к 2 получателям; вход 50,810 KZT, выход 379,665 KZT",0.3938
100000002755292100,3,False,1,0,0.0,0,0,203400.0,1,1,False,0.0,0.0002921613202239587,0.0,10,0.0,0.0,0.7657437003588742,0.0,0.007442225167821469,0.0,0.0,0.0,terminal,0.5414,"1 входящих связей от 1 отправителей; 0 исходящих связей к 0 получателям; вход 203,400 KZT, выход 0 KZT",0.1397
100000005142492100,3,False,1,1,57000.0,1,1,10000.0,1,1,False,5.7,0.0019077900971988563,0.0,2,0.0,0.3868528072345416,0.1267854959781863,0.8097344373612482,1.0,0.0,0.0,0.3868528072345416,peripheral,0.35,"1 входящих связей от 1 отправителей; 1 исходящих связей к 1 получателям; вход 10,000 KZT, выход 57,000 KZT",0.4843
100000002893020100,3,False,1,0,0.0,0,0,18340.0,1,1,False,0.0,0.00029240245264606243,0.0,18,0.0,0.0,0.25541601167309735,0.0,0.007792968559703195,0.0,0.0,0.0,terminal,0.4139,"1 входящих связей от 1 отправителей; 0 исходящих связей к 0 получателям; вход 18,340 KZT, выход 0 KZT",0.0479
100000004500444100,3,False,2,1,74000.0,5,1,180000.0,7,2,False,0.4111111111111111,0.0004643947559108723,1.9418391435934565e-05,40,0.5849625007211564,0.3868528072345416,0.7398211449339235,0.8290342286666994,0.2579458530490353,0.1443382044818924,0.5849625007211564,0.3868528072345416,consolidator,0.6237,"2 входящих связей от 2 отправителей; 1 исходящих связей к 1 получателям; вход 180,000 KZT, выход 74,000 KZT",0.4781
100000008454065100,3,False,1,0,0.0,0,0,24050.0,1,1,False,0.0,0.000292367066186601,0.0,40,0.0,0.0,0.3129038176372234,0.0,0.007741496570024439,0.0,0.0,0.0,terminal,0.4282,"1 входящих связей от 1 отправителей; 0 исходящих связей к 0 получателям; вход 24,050 KZT, выход 0 KZT",0.0583
100000008416433100,3,False,1,0,0.0,0,0,20000.0,1,1,False,0.0,0.0002912223270400019,0.0,40,0.0,0.0,0.2737932863595569,0.0,0.006076395364846886,0.0,0.0,0.0,terminal,0.4184,"1 входящих связей от 1 отправителей; 0 исходящих связей к 0 получателям; вход 20,000 KZT, выход 0 KZT",0.0508
100000005265073100,3,False,1,1,9000.0,1,1,5000.0,1,1,False,1.8,0.0002991258827616197,2.1003566247031264e-05,49,0.0,0.3868528072345416,0.0,0.6732557883947118,0.017572617657746092,0.15612079131450488,0.0,0.3868528072345416,peripheral,0.35,"1 входящих связей от 1 отправителей; 1 исходящих связей к 1 получателям; вход 5,000 KZT, выход 9,000 KZT",0.2257
100000006734214100,3,False,5,3,36000.0,4,3,610000.0,10,5,False,0.05901639344262295,0.0006063901366273065,5.9444055416126226e-05,10,1.0,0.7737056144690831,0.9986921173601424,0.7757560935823146,0.4644375381077124,0.4418428040494083,1.0,0.7737056144690831,coordinator,0.4498,"5 входящих связей от 5 отправителей; 3 исходящих связей к 3 получателям; вход 610,000 KZT, выход 36,000 KZT",0.7027
100000002611334100,3,False,1,1,15500.0,1,1,48288.0,1,1,False,0.3209907223326706,0.00030533803078063905,1.922024458454748e-05,0,0.0,0.3868528072345416,0.4607451783273215,0.7134487837252476,0.02660851658291581,0.1428653798145826,0.0,0.3868528072345416,peripheral,0.35,"1 входящих связей от 1 отправителей; 1 исходящих связей к 1 получателям; вход 48,288 KZT, выход 15,500 KZT",0.3152
100000006225798100,3,False,3,2,26300.0,2,2,722000.0,4,3,False,0.03642659279778394,0.00035996892038230765,3.844048916909496e-05,28,1.0,0.6131471927654585,1.0,0.7525425136331182,0.10606962777704132,0.28572801380078566,1.0,0.6131471927654585,peripheral,0.35,"3 входящих связей от 3 отправителей; 2 исходящих связей к 2 получателям; вход 722,000 KZT, выход 26,300 KZT",0.5748
100000002849158100,3,False,3,1,1313000.0,3,1,723000.0,3,3,False,1.8160442600276625,0.0003362455684917419,2.2786887909515052e-05,5,1.0,0.3868528072345416,1.0,1.0,0.07156433609454288,0.16937617917628223,1.0,0.3868528072345416,consolidator,1.0,"3 входящих связей от 3 отправителей; 1 исходящих связей к 1 получателям; вход 723,000 KZT, выход 1,313,000 KZT",0.5852
100000008686214100,3,False,1,0,0.0,0,0,25000.0,1,1,False,0.0,0.00029772792993778484,0.0,1,0.0,0.0,0.3211205171539985,0.0,0.015539213361879163,0.0,0.0,0.0,terminal,0.4303,"1 входящих связей от 1 отправителей; 0 исходящих связей к 0 получателям; вход 25,000 KZT, выход 0 KZT",0.0617
100000004931931100,3,False,1,1,45000.0,1,1,23938.0,1,1,False,1.8798562954298605,0.0002918140366848613,1.922024458454748e-05,0,0.0,0.3868528072345416,0.311913796943905,0.7922555385618377,0.0069370776591984595,0.1428653798145826,0.0,0.3868528072345416,peripheral,0.35,"1 входящих связей от 1 отправителей; 1 исходящих связей к 1 получателям; вход 23,938 KZT, выход 45,000 KZT",0.2977
100000007510875100,3,False,1,0,0.0,0,0,5000.0,1,1,False,0.0,0.0003562462601707578,0.0,5,0.0,0.0,0.0,0.0,0.10065512341350641,0.0,0.0,0.0,terminal,0.35,"1 входящих связей от 1 отправителей; 0 исходящих связей к 0 получателям; вход 5,000 KZT, выход 0 KZT",0.0252
100000005233755100,3,False,1,1,5000.0,1,1,25000.0,1,1,False,0.2,0.0002916076698087035,1.922024458454748e-05,28,0.0,0.3868528072345416,0.3211205171539985,0.6297997767503529,0.006636902930290241,0.1428653798145826,0.0,0.3868528072345416,peripheral,0.35,"1 входящих связей от 1 отправителей; 1 исходящих связей к 1 получателям; вход 25,000 KZT, выход 5,000 KZT",0.27
100000008042075100,3,False,1,0,0.0,0,0,5000.0,1,1,False,0.0,0.0002919566745724343,0.0,21,0.0,0.0,0.0,0.0,0.007144554181410148,0.0,0.0,0.0,terminal,0.35,"1 входящих связей от 1 отправителей; 0 исходящих связей к 0 получателям; вход 5,000 KZT, выход 0 KZT",0.0018
100000001680944100,3,False,1,0,0.0,0,0,393000.0,1,1,False,0.0,0.0003455898843992659,0.0,35,0.0,0.0,0.9054414922110932,0.0,0.08515561378377887,0.0,0.0,0.0,terminal,0.5764,"1 входящих связей от 1 отправителей; 0 исходящих связей к 0 получателям; вход 393,000 KZT, выход 0 KZT",0.1843
100000008417029100,3,False,1,0,0.0,0,0,100000.0,1,1,False,0.0,0.00030663007931043616,0.0,5,0.0,0.0,0.6151509436747945,0.0,0.02848786267934002,0.0,0.0,0.0,terminal,0.5038,"1 входящих связей от 1 отправителей; 0 исходящих связей к 0 получателям; вход 100,000 KZT, выход 0 KZT",0.1178
100000004975919100,3,False,1,2,15000.0,2,2,22351.0,1,1,False,0.6711109122634334,0.00029011680628284646,3.844048916909496e-05,1,0.0,0.6131471927654585,0.2973650091761923,0.7110243718942185,0.004468338174613746,0.28572801380078566,0.0,0.6131471927654585,peripheral,0.35,"1 входящих связей от 1 отправителей; 2 исходящих связей к 2 получателям; вход 22,351 KZT, выход 15,000 KZT",0.3497
100000003087877100,3,False,1,0,0.0,0,0,91486.0,1,1,False,0.0,0.0002920851717140769,0.0,1,0.0,0.0,0.5962773446367463,0.0,0.007331462000241292,0.0,0.0,0.0,terminal,0.4991,"1 входящих связей от 1 отправителей; 0 исходящих связей к 0 получателям; вход 91,486 KZT, выход 0 KZT",0.1092
100000008295429100,3,False,1,0,0.0,0,0,352000.0,1,1,False,0.0,0.00029697732349136745,0.0,10,0.0,0.0,0.8820724102691361,0.0,0.014447411130932479,0.0,0.0,0.0,terminal,0.5705,"1 входящих связей от 1 отправителей; 0 исходящих связей к 0 получателям; вход 352,000 KZT, выход 0 KZT",0.1624
100000003254277100,3,False,1,1,44997.0,1,1,49200.0,1,1,False,0.9145731707317073,0.00028834023659629897,1.922024458454748e-05,0,0.0,0.3868528072345416,0.4647136533221045,0.7922506089880259,0.0018841897038252902,0.1428653798145826,0.0,0.3868528072345416,transit,0.9554,"1 входящих связей от 1 отправителей; 1 исходящих связей к 1 получателям; вход 49,200 KZT, выход 44,997 KZT",0.3239
100000005314565100,3,False,1,0,0.0,0,0,218500.0,3,1,False,0.0,0.00037502151711100556,0.0,0,0.0,0.0,0.7809326279977027,0.0,0.12796300004505845,0.0,0.0,0.0,terminal,0.5452,"1 входящих связей от 1 отправителей; 0 исходящих связей к 0 получателям; вход 218,500 KZT, выход 0 KZT",0.1726
100000002951898100,3,False,1,0,0.0,0,0,39990.0,1,1,False,0.0,0.00029687253334630224,0.0,40,0.0,0.0,0.4207533477315468,0.0,0.014294987495846427,0.0,0.0,0.0,terminal,0.4552,"1 входящих связей от 1 отправителей; 0 исходящих связей к 0 получателям; вход 39,990 KZT, выход 0 KZT",0.0793
100000001009583100,3,False,1,0,0.0,0,0,393740.0,1,1,False,0.0,0.0002983300824172197,0.0,10,0.0,0.0,0.9058404948089838,0.0,0.016415079774983413,0.0,0.0,0.0,terminal,0.5765,"1 входящих связей от 1 отправителей; 0 исходящих связей к 0 получателям; вход 393,740 KZT, выход 0 KZT",0.1672
100000004064431100,3,False,1,1,10000.0,1,1,26000.0,1,1,False,0.38461538461538464,0.00029105344694629973,9.90734256935437e-07,34,0.0,0.3868528072345416,0.32943901036304085,0.6810456169100282,0.005830747582963988,0.007364261958376784,0.0,0.3868528072345416,peripheral,0.35,"1 входящих связей от 1 отправителей; 1 исходящих связей к 1 получателям; вход 26,000 KZT, выход 10,000 KZT",0.2507
100000001927599100,3,False,2,0,0.0,0,0,188000.0,2,2,False,0.0,0.0003272554677154647,0.0,18,0.5849625007211564,0.0,0.7490444048346098,0.0,0.05848814335281901,0.0,0.5849625007211564,0.0,consolidator,0.626,"2 входящих связей от 2 отправителей; 0 исходящих связей к 0 получателям; вход 188,000 KZT, выход 0 KZT",0.2489
100000007737775100,3,False,1,0,0.0,0,0,6000.0,1,1,False,0.0,0.0003031296267653485,0.0,53,0.0,0.0,0.018452135654394897,0.0,0.0233962821879986,0.0,0.0,0.0,terminal,0.3546,"1 входящих связей от 1 отправителей; 0 исходящих связей к 0 получателям; вход 6,000 KZT, выход 0 KZT",0.0092
100000003157679100,3,False,4,0,0.0,0,0,541000.0,4,4,False,0.0,0.0003728530959036685,0.0,5,1.0,0.0,0.9732314207500246,0.0,0.12480914241748957,0.0,1.0,0.0,consolidator,0.9933,"4 входящих связей от 4 отправителей; 0 исходящих связей к 0 получателям; вход 541,000 KZT, выход 0 KZT",0.3764
100000001229743100,3,False,1,1,9000.0,1,1,7000.0,1,1,False,1.2857142857142858,0.0002884350404884847,1.922024458454748e-05,0,0.0,0.3868528072345416,0.05114286315444276,0.6732557883947118,0.0020220889040750297,0.1428653798145826,0.0,0.3868528072345416,peripheral,0.35,"1 входящих связей от 1 отправителей; 1 исходящих связей к 1 получателям; вход 7,000 KZT, выход 9,000 KZT",0.2281
100000003795588100,3,False,1,0,0.0,0,0,400000.0,2,1,False,0.0,0.00032104219550652103,0.0,0,0.0,0.0,0.9091861423574124,0.0,0.04945080724407142,0.0,0.0,0.0,terminal,0.5773,"1 входящих связей от 1 отправителей; 0 исходящих связей к 0 получателям; вход 400,000 KZT, выход 0 KZT",0.176
100000002301828100,3,False,1,0,0.0,0,0,46977.0,1,1,False,0.0,0.0002929634292491543,0.0,28,0.0,0.0,0.4549071818261253,0.0,0.00860894658509757,0.0,0.0,0.0,terminal,0.4637,"1 входящих связей от 1 отправителей; 0 исходящих связей к 0 получателям; вход 46,977 KZT, выход 0 KZT",0.084
100000005409156100,3,False,2,0,0.0,0,0,260080.0,2,2,False,0.0,0.00042393100512820077,0.0,10,0.5849625007211564,0.0,0.8178814564748369,0.0,0.19909753029713603,0.0,0.5849625007211564,0.0,consolidator,0.6432,"2 входящих связей от 2 отправителей; 0 исходящих связей к 0 получателям; вход 260,080 KZT, выход 0 KZT",0.2964
100000002513028100,3,False,1,3,332709.0,24,3,9500.0,1,1,False,35.022,0.0003055978968624257,6.063293652444875e-05,56,0.0,0.7737056144690831,0.11590716550135315,0.9401844791785015,0.02698650436519073,0.45067939224161213,0.0,0.7737056144690831,distributor,0.832,"1 входящих связей от 1 отправителей; 3 исходящих связей к 3 получателям; вход 9,500 KZT, выход 332,709 KZT",0.4275
100000003218308100,3,False,1,0,0.0,0,0,11165.0,1,1,False,0.0,0.0002861981066494372,0.0,0,0.0,0.0,0.1501567453980776,0.0,0.0,0.0,0.0,0.0,terminal,0.3875,"1 входящих связей от 1 отправителей; 0 исходящих связей к 0 получателям; вход 11,165 KZT, выход 0 KZT",0.027
100000008489604100,3,False,1,0,0.0,0,0,11000.0,1,1,False,0.0,0.0002872861497883016,0.0,22,0.0,0.0,0.14699911528604376,0.0,0.00035094240836749756,0.0,0.0,0.0,terminal,0.3867,"1 входящих связей от 1 отправителей; 0 исходящих связей к 0 получателям; вход 11,000 KZT, выход 0 KZT",0.0265
100000004450649100,3,False,2,2,46527.0,2,2,192528.0,2,2,False,0.24166355023684866,0.00029895522393245586,6.677548891744846e-05,10,0.5849625007211564,0.6131471927654585,0.7540923453287439,0.794722977532597,0.01732438454318765,0.4963349305512461,0.5849625007211564,0.6131471927654585,coordinator,0.3287,"2 входящих связей от 2 отправителей; 2 исходящих связей к 2 получателям; вход 192,528 KZT, выход 46,527 KZT",0.4965
100000008767065100,3,False,1,0,0.0,0,0,10000.0,1,1,False,0.0,0.0002870965356977476,0.0,35,0.0,0.0,0.1267854959781863,0.0,7.513450521128317e-05,0.0,0.0,0.0,terminal,0.3817,"1 входящих связей от 1 отправителей; 0 исходящих связей к 0 получателям; вход 10,000 KZT, выход 0 KZT",0.0228
100000003035737100,3,False,2,1,6544.53,1,1,809170.0,3,2,False,0.008087954323566123,0.00037881127846399476,1.922024458454748e-05,10,0.5849625007211564,0.3868528072345416,1.0,0.6497010694282829,0.13347499749074823,0.1428653798145826,0.5849625007211564,0.3868528072345416,consolidator,0.6887,"2 входящих связей от 2 отправителей; 1 исходящих связей к 1 получателям; вход 809,170 KZT, выход 6,545 KZT",0.4612
100000002748761100,3,False,1,0,0.0,0,0,796800.0,3,1,False,0.0,0.00032352235081725233,0.0,24,0.0,0.0,1.0,0.0,0.053058252437959176,0.0,0.0,0.0,terminal,0.6,"1 входящих связей от 1 отправителей; 0 исходящих связей к 0 получателям; вход 796,800 KZT, выход 0 KZT",0.1933
100000008432942100,3,False,1,0,0.0,0,0,44542.0,2,1,False,0.0,0.00028807789818976597,0.0,0,0.0,0.0,0.4436181440415523,0.0,0.0015025992218334777,0.0,0.0,0.0,terminal,0.4609,"1 входящих связей от 1 отправителей; 0 исходящих связей к 0 получателям; вход 44,542 KZT, выход 0 KZT",0.0802
100000004278574100,3,False,1,1,12500.0,1,1,25000.0,1,1,False,0.5,0.00028637952356914227,1.922024458454748e-05,10,0.0,0.3868528072345416,0.3211205171539985,0.6975439939499086,0.0,0.1428653798145826,0.0,0.3868528072345416,peripheral,0.35,"1 входящих связей от 1 отправителей; 1 исходящих связей к 1 получателям; вход 25,000 KZT, выход 12,500 KZT",0.2806
100000000926766100,3,False,1,1,6000.0,1,1,18750.0,1,1,False,0.32,0.00031794441854413795,0.0,13,0.0,0.3868528072345416,0.2601051981649496,0.6432786762184471,0.0449450040295523,0.0,0.0,0.3868528072345416,peripheral,0.35,"1 входящих связей от 1 отправителей; 1 исходящих связей к 1 получателям; вход 18,750 KZT, выход 6,000 KZT",0.2396
100000008661550100,3,False,1,0,0.0,0,0,22800.0,1,1,False,0.0,0.0002891278675826593,0.0,22,0.0,0.0,0.3015834334455049,0.0,0.0030298562265012605,0.0,0.0,0.0,terminal,0.4254,"1 входящих связей от 1 отправителей; 0 исходящих связей к 0 получателям; вход 22,800 KZT, выход 0 KZT",0.055
100000000783406100,3,False,1,0,0.0,0,0,6066.0,1,1,False,0.0,0.0002901959794883705,0.0,38,0.0,0.0,0.020772142012292973,0.0,0.00458350119340684,0.0,0.0,0.0,terminal,0.3552,"1 входящих связей от 1 отправителей; 0 исходящих связей к 0 получателям; вход 6,066 KZT, выход 0 KZT",0.0049
100000008730371100,3,False,2,0,0.0,0,0,520000.0,3,2,False,0.0,0.0008583627263123951,0.0,0,0.5849625007211564,0.0,0.9648341912249268,0.0,0.8307875062088432,0.0,0.5849625007211564,0.0,consolidator,0.6799,"2 входящих связей от 2 отправителей; 0 исходящих связей к 0 получателям; вход 520,000 KZT, выход 0 KZT",0.4808
100000002878467100,3,False,2,0,0.0,0,0,200000.0,2,2,False,0.0,0.0003144036421217601,0.0,42,0.5849625007211564,0.0,0.7621682778906999,0.0,0.03979482862353633,0.0,0.5849625007211564,0.0,consolidator,0.6293,"2 входящих связей от 2 отправителей; 0 исходящих связей к 0 получателям; вход 200,000 KZT, выход 0 KZT",0.2466
100000003171587100,3,False,2,2,431300.0,7,2,700000.0,2,2,False,0.6161428571428571,0.0003160184159302093,3.883678287186913e-05,10,0.5849625007211564,0.6131471927654585,1.0,0.9593752187362481,0.04214357233639475,0.28867360622966776,0.5849625007211564,0.6131471927654585,peripheral,0.35,"2 входящих связей от 2 отправителей; 2 исходящих связей к 2 получателям; вход 700,000 KZT, выход 431,300 KZT",0.531
100000002696152100,3,False,1,2,69000.0,8,2,21800.0,3,1,False,3.165137614678899,0.0012050605596790795,2.139985994980544e-05,53,0.0,0.6131471927654585,0.2920709335748853,0.8238613681584301,1.0,0.15906643510436616,0.0,0.6131471927654585,peripheral,0.35,"1 входящих связей от 1 отправителей; 2 исходящих связей к 2 получателям; вход 21,800 KZT, выход 69,000 KZT",0.5901
100000002109656100,3,False,1,0,0.0,0,0,500000.0,1,1,False,0.0,0.00030938521828855153,0.0,24,0.0,0.0,0.956515388032386,0.0,0.03249533537836044,0.0,0.0,0.0,terminal,0.5891,"1 входящих связей от 1 отправителей; 0 исходящих связей к 0 получателям; вход 500,000 KZT, выход 0 KZT",0.1803
100000001317336100,3,False,1,2,1752000.0,3,2,131196.0,1,1,False,13.354065672733924,0.0003438491368028848,4.0025663980191654e-05,36,0.0,0.6131471927654585,0.6727410339849873,1.0,0.08262371157842703,0.2975103765126727,0.0,0.6131471927654585,peripheral,0.35,"1 входящих связей от 1 отправителей; 2 исходящих связей к 2 получателям; вход 131,196 KZT, выход 1,752,000 KZT",0.4914
100000005222360100,3,False,1,1,27000.0,1,1,5000.0,1,1,False,5.4,0.0006008605701429409,0.0009467456559275036,40,0.0,0.3868528072345416,0.0,0.7544847644246175,0.4563969129032551,1.0,0.0,0.3868528072345416,coordinator,0.8097,"1 входящих связей от 1 отправителей; 1 исходящих связей к 1 получателям; вход 5,000 KZT, выход 27,000 KZT",0.5357
100000001445848100,3,False,1,1,351850.0,14,1,546000.0,13,1,False,0.6444139194139195,0.0007020167320692274,0.0,38,0.0,0.3868528072345416,0.9751826977937565,0.9443205835624296,0.6034825703616851,0.0,0.0,0.3868528072345416,peripheral,0.35,"1 входящих связей от 1 отправителей; 1 исходящих связей к 1 получателям; вход 546,000 KZT, выход 351,850 KZT",0.5621
100000008720856100,3,False,1,1,46000.0,2,1,18105.0,1,1,False,2.5407346037006353,0.0003193262841057144,1.9616538287321655e-05,10,0.0,0.3868528072345416,0.2526808166033696,0.7938806844276806,0.04695496785369951,0.14581102885737232,0.0,0.3868528072345416,peripheral,0.35,"1 входящих связей от 1 отправителей; 1 исходящих связей к 1 получателям; вход 18,105 KZT, выход 46,000 KZT",0.298
100000002448088100,3,False,3,1,25000.0,1,1,20000.0,3,3,False,1.25,0.0005086560796474189,2.0805419395644178e-05,32,1.0,0.3868528072345416,0.2737932863595569,0.7487942697451995,0.32231443792128506,0.15464796898183086,1.0,0.3868528072345416,consolidator,0.8184,"3 входящих связей от 3 отправителей; 1 исходящих связей к 1 получателям; вход 20,000 KZT, выход 25,000 KZT",0.4687
100000003109805100,3,False,1,0,0.0,0,0,36929.0,1,1,False,0.0,0.00029138188362469615,0.0,28,0.0,0.0,0.40386356660877193,0.0,0.006308481419639469,0.0,0.0,0.0,terminal,0.451,"1 входящих связей от 1 отправителей; 0 исходящих связей к 0 получателям; вход 36,929 KZT, выход 0 KZT",0.0743
100000008223661100,3,False,2,5,262580.0,5,5,202000.0,2,2,False,1.29990099009901,0.0003146691750223816,0.00035171066121208013,42,0.5849625007211564,1.0,0.7642787595198637,0.9226813616009427,0.040181055566428044,1.0,0.5849625007211564,1.0,distributor,0.9729,"2 входящих связей от 2 отправителей; 5 исходящих связей к 5 получателям; вход 202,000 KZT, выход 262,580 KZT",0.7037
100000004096559100,3,False,1,0,0.0,0,0,46200.0,1,1,False,0.0,0.0009765877187482832,0.0,2,0.0,0.0,0.4513697404511485,0.0,1.0,0.0,0.0,0.0,terminal,0.4628,"1 входящих связей от 1 отправителей; 0 исходящих связей к 0 получателям; вход 46,200 KZT, выход 0 KZT",0.3312
100000002257794100,3,False,1,0,0.0,0,0,154000.0,1,1,False,0.0,0.0008606341011324336,0.0,34,0.0,0.0,0.7067324201597388,0.0,0.8340895018737289,0.0,0.0,0.0,terminal,0.5267,"1 входящих связей от 1 отправителей; 0 исходящих связей к 0 получателям; вход 154,000 KZT, выход 0 KZT",0.3357
100000003112578100,3,False,1,0,0.0,0,0,101080.0,1,1,False,0.0,0.0002903839214275364,0.0,24,0.0,0.0,0.6174293487872665,0.0,0.004856875980230868,0.0,0.0,0.0,terminal,0.5044,"1 входящих связей от 1 отправителей; 0 исходящих связей к 0 получателям; вход 101,080 KZT, выход 0 KZT",0.1124
100000007020162100,3,False,1,0,0.0,0,0,86395.0,1,1,False,0.0,0.00030998898275319905,0.0,40,0.0,0.0,0.5841332964462621,0.0,0.03337353628424535,0.0,0.0,0.0,terminal,0.496,"1 входящих связей от 1 отправителей; 0 исходящих связей к 0 получателям; вход 86,395 KZT, выход 0 KZT",0.1135
100000001934935100,3,False,1,0,0.0,0,0,118935.0,1,1,False,0.0,0.0002922677094987416,0.0,0,0.0,0.0,0.651930687604938,0.0,0.007596975562998077,0.0,0.0,0.0,terminal,0.513,"1 входящих связей от 1 отправителей; 0 исходящих связей к 0 получателям; вход 118,935 KZT, выход 0 KZT",0.1192
100000002663511100,3,False,1,0,0.0,0,0,268940.0,1,1,False,0.0,0.00030941949939910455,0.0,0,0.0,0.0,0.8249866647042357,0.0,0.03254519871526562,0.0,0.0,0.0,terminal,0.5562,"1 входящих связей от 1 отправителей; 0 исходящих связей к 0 получателям; вход 268,940 KZT, выход 0 KZT",0.1566
100000003338583100,3,False,1,0,0.0,0,0,21765.0,1,1,False,0.0,0.00029016016283832456,0.0,34,0.0,0.0,0.2917301436921082,0.0,0.0045314033476059135,0.0,0.0,0.0,terminal,0.4229,"1 входящих связей от 1 отправителей; 0 исходящих связей к 0 получателям; вход 21,765 KZT, выход 0 KZT",0.0536
100000002904919100,3,False,1,1,5500.0,1,1,60325.0,1,1,False,0.09117281392457521,0.00029091905114297234,1.922024458454748e-05,0,0.0,0.3868528072345416,0.5079506292982893,0.6368459327790331,0.005635259557923464,0.1428653798145826,0.0,0.3868528072345416,peripheral,0.35,"1 входящих связей от 1 отправителей; 1 исходящих связей к 1 получателям; вход 60,325 KZT, выход 5,500 KZT",0.3047
100000005127767100,3,False,1,0,0.0,0,0,7000.0,1,1,False,0.0,0.00042253166627963126,0.0,19,0.0,0.0,0.05114286315444276,0.0,0.19706236386908543,0.0,0.0,0.0,terminal,0.3628,"1 входящих связей от 1 отправителей; 0 исходящих связей к 0 получателям; вход 7,000 KZT, выход 0 KZT",0.0585
100000004066647100,3,False,1,0,0.0,0,0,51000.0,1,1,False,0.0,0.0002942910761084235,0.0,43,0.0,0.0,0.4723347776672105,0.0,0.010540096001980968,0.0,0.0,0.0,terminal,0.4681,"1 входящих связей от 1 отправителей; 0 исходящих связей к 0 получателям; вход 51,000 KZT, выход 0 KZT",0.0877
100000002394199100,3,False,1,1,76777.0,1,1,277398.0,3,1,False,0.2767756076107254,0.0029678523915121755,0.0,2,0.0,0.3868528072345416,0.8315543992710587,0.8317582464407588,1.0,0.0,0.0,0.3868528072345416,peripheral,0.35,"1 входящих связей от 1 отправителей; 1 исходящих связей к 1 получателям; вход 277,398 KZT, выход 76,777 KZT",0.6152
100000003968044100,3,False,1,3,311000.0,4,3,40000.0,1,1,False,7.775,0.00029600415505373623,1.9022097733160393e-05,1,0.0,0.7737056144690831,0.4208063787121672,0.9351951814362729,0.01303187787531693,0.14139255485544286,0.0,0.7737056144690831,distributor,0.8302,"1 входящих связей от 1 отправителей; 3 исходящих связей к 3 получателям; вход 40,000 KZT, выход 311,000 KZT",0.41
100000001808684100,3,False,1,1,37700.0,2,1,48400.0,3,1,False,0.7789256198347108,0.001169095718365901,0.0,2,0.0,0.3868528072345416,0.4612365531133576,0.7791678065688077,1.0,0.0,0.0,0.3868528072345416,peripheral,0.35,"1 входящих связей от 1 отправителей; 1 исходящих связей к 1 получателям; вход 48,400 KZT, выход 37,700 KZT",0.539
100000008097580100,3,False,2,0,0.0,0,0,32000.0,4,2,False,0.0,0.0006747919200885498,0.0,1,0.5849625007211564,0.0,0.37347835259072604,0.0,0.5638979185995965,0.0,0.5849625007211564,0.0,consolidator,0.5321,"2 входящих связей от 2 отправителей; 0 исходящих связей к 0 получателям; вход 32,000 KZT, выход 0 KZT",0.3076
100000008687617100,3,False,1,0,0.0,0,0,43350.0,2,1,False,0.0,0.00029233526594486694,0.0,22,0.0,0.0,0.43786480636327524,0.0,0.007695240974121369,0.0,0.0,0.0,terminal,0.4595,"1 входящих связей от 1 отправителей; 0 исходящих связей к 0 получателям; вход 43,350 KZT, выход 0 KZT",0.0807
100000005667841100,3,False,2,0,0.0,0,0,186000.0,2,2,False,0.0,0.00031222556371948457,0.0,42,0.5849625007211564,0.0,0.7467759171707601,0.0,0.03662673311363308,0.0,0.5849625007211564,0.0,consolidator,0.6254,"2 входящих связей от 2 отправителей; 0 исходящих связей к 0 получателям; вход 186,000 KZT, выход 0 KZT",0.243
100000001329153100,3,False,1,0,0.0,0,0,150687.0,1,1,False,0.0,0.0002940559810926092,0.0,0,0.0,0.0,0.7021196906539583,0.0,0.010198135071938471,0.0,0.0,0.0,terminal,0.5255,"1 входящих связей от 1 отправителей; 0 исходящих связей к 0 получателям; вход 150,687 KZT, выход 0 KZT",0.1289
100000007689942100,3,False,1,2,25000.0,2,2,5000.0,1,1,False,5.0,0.0008925911171850267,1.981468513870874e-05,43,0.0,0.6131471927654585,0.0,0.7487942697451995,0.8805460017896182,0.14728385294102248,0.0,0.6131471927654585,peripheral,0.35,"1 входящих связей от 1 отправителей; 2 исходящих связей к 2 получателям; вход 5,000 KZT, выход 25,000 KZT",0.4916
100000006476758100,3,False,1,0,0.0,0,0,5200.0,1,1,False,0.0,0.0005168074362570555,0.0,11,0.0,0.0,0.0,0.0,0.3341685241117444,0.0,0.0,0.0,terminal,0.35,"1 входящих связей от 1 отправителей; 0 исходящих связей к 0 получателям; вход 5,200 KZT, выход 0 KZT",0.0835
100000002184107100,3,False,1,0,0.0,0,0,6066.0,1,1,False,0.0,0.0002901959794883705,0.0,38,0.0,0.0,0.020772142012292973,0.0,0.00458350119340684,0.0,0.0,0.0,terminal,0.3552,"1 входящих связей от 1 отправителей; 0 исходящих связей к 0 получателям; вход 6,066 KZT, выход 0 KZT",0.0049
100000008663723100,3,False,1,0,0.0,0,0,15600.0,1,1,False,0.0,0.00028800410757254274,0.0,22,0.0,0.0,0.2210969499958668,0.0,0.0013952653308650278,0.0,0.0,0.0,terminal,0.4053,"1 входящих связей от 1 отправителей; 0 исходящих связей к 0 получателям; вход 15,600 KZT, выход 0 KZT",0.0401
100000000254336100,3,False,2,1,60000.0,1,1,97177.0,2,2,False,0.6174300503205491,0.00029193514276874746,1.922024458454748e-05,0,0.5849625007211564,0.3868528072345416,0.6090772049588604,0.8135271415675038,0.007113234708362178,0.1428653798145826,0.5849625007211564,0.3868528072345416,consolidator,0.591,"2 входящих связей от 2 отправителей; 1 исходящих связей к 1 получателям; вход 97,177 KZT, выход 60,000 KZT",0.3887
100000008750464100,3,False,1,0,0.0,0,0,8500.0,1,1,False,0.0,0.0002868959553403445,0.0,22,0.0,0.0,0.09231853335220387,0.0,0.0,0.0,0.0,0.0,terminal,0.3731,"1 входящих связей от 1 отправителей; 0 исходящих связей к 0 получателям; вход 8,500 KZT, выход 0 KZT",0.0166
100000001530709100,3,False,1,0,0.0,0,0,53961.0,1,1,False,0.0,0.00028860837595943837,0.0,0,0.0,0.0,0.484304763244985,0.0,0.00227421799988122,0.0,0.0,0.0,terminal,0.4711,"1 входящих связей от 1 отправителей; 0 исходящих связей к 0 получателям; вход 53,961 KZT, выход 0 KZT",0.0877
100000000656682100,3,False,1,2,80000.0,3,2,71000.0,1,1,False,1.1267605633802817,0.0002895680118780549,3.844048916909496e-05,0,0.0,0.6131471927654585,0.5425086876709375,0.8347988472679887,0.003670077705398608,0.28572801380078566,0.0,0.6131471927654585,transit,0.9403,"1 входящих связей от 1 отправителей; 2 исходящих связей к 2 получателям; вход 71,000 KZT, выход 80,000 KZT",0.4159
100000008755754100,3,False,1,0,0.0,0,0,7000.0,1,1,False,0.0,0.00029589900207032836,0.0,24,0.0,0.0,0.05114286315444276,0.0,0.01287892632097722,0.0,0.0,0.0,terminal,0.3628,"1 входящих связей от 1 отправителей; 0 исходящих связей к 0 получателям; вход 7,000 KZT, выход 0 KZT",0.0124
100000002691583100,3,False,1,0,0.0,0,0,285200.0,1,1,False,0.0,0.00035708956201916146,0.0,14,0.0,0.0,0.8374375540173737,0.0,0.1018816839508089,0.0,0.0,0.0,terminal,0.5594,"1 входящих связей от 1 отправителей; 0 исходящих связей к 0 получателям; вход 285,200 KZT, выход 0 KZT",0.1762
100000005241556100,3,False,1,0,0.0,0,0,100000.0,1,1,False,0.0,0.0005490718879795881,0.0,35,0.0,0.0,0.6151509436747945,0.0,0.38108805974762583,0.0,0.0,0.0,terminal,0.5038,"1 входящих связей от 1 отправителей; 0 исходящих связей к 0 получателям; вход 100,000 KZT, выход 0 KZT",0.206
100000004713684100,3,False,1,0,0.0,0,0,37500.0,1,1,False,0.0,0.00028768129298177857,0.0,0,0.0,0.0,0.40711793704043997,0.0,0.0009257076247371246,0.0,0.0,0.0,terminal,0.4518,"1 входящих связей от 1 отправителей; 0 исходящих связей к 0 получателям; вход 37,500 KZT, выход 0 KZT",0.0735
100000006919124100,3,False,1,0,0.0,0,0,25000.0,1,1,False,0.0,0.00028697729339361577,0.0,0,0.0,0.0,0.3211205171539985,0.0,0.0,0.0,0.0,0.0,terminal,0.4303,"1 входящих связей от 1 отправителей; 0 исходящих связей к 0 получателям; вход 25,000 KZT, выход 0 KZT",0.0578
100000003006633100,3,False,1,0,0.0,0,0,10000.0,1,1,False,0.0,0.00029319653666879086,0.0,38,0.0,0.0,0.1267854959781863,0.0,0.008948016798421984,0.0,0.0,0.0,terminal,0.3817,"1 входящих связей от 1 отправителей; 0 исходящих связей к 0 получателям; вход 10,000 KZT, выход 0 KZT",0.0251
100000008306857100,3,False,1,0,0.0,0,0,125000.0,1,1,False,0.0,0.00029152327523510556,0.0,24,0.0,0.0,0.6624798711992838,0.0,0.006514145235816056,0.0,0.0,0.0,terminal,0.5156,"1 входящих связей от 1 отправителей; 0 исходящих связей к 0 получателям; вход 125,000 KZT, выход 0 KZT",0.1209
100000003671721100,3,False,1,0,0.0,0,0,5000.0,1,1,False,0.0,0.0005587421555235828,0.0,18,0.0,0.0,0.0,0.0,0.39515043893719587,0.0,0.0,0.0,terminal,0.35,"1 входящих связей от 1 отправителей; 0 исходящих связей к 0 получателям; вход 5,000 KZT, выход 0 KZT",0.0988
100000002613929100,3,False,1,0,0.0,0,0,28560.0,1,1,False,0.0,0.0007809340979896397,0.0,5,0.0,0.0,0.3493569717044955,0.0,0.718221683519719,0.0,0.0,0.0,terminal,0.4373,"1 входящих связей от 1 отправителей; 0 исходящих связей к 0 получателям; вход 28,560 KZT, выход 0 KZT",0.2424
100000008669310100,3,False,1,0,0.0,0,0,59567.0,2,1,False,0.0,0.00028892410569473766,0.0,0,0.0,0.0,0.5052686602998206,0.0,0.002733469835537548,0.0,0.0,0.0,terminal,0.4763,"1 входящих связей от 1 отправителей; 0 исходящих связей к 0 получателям; вход 59,567 KZT, выход 0 KZT",0.0916
100000006573438100,3,False,1,0,0.0,0,0,5000.0,1,1,False,0.0,0.00029908687990621625,0.0,66,0.0,0.0,0.0,0.0,0.01751588575771045,0.0,0.0,0.0,terminal,0.35,"1 входящих связей от 1 отправителей; 0 исходящих связей к 0 получателям; вход 5,000 KZT, выход 0 KZT",0.0044
100000006165886100,3,False,2,1,75000.0,1,1,184481.0,2,2,False,0.4065459315593476,0.00029856163893927776,3.962937027741748e-07,0,0.5849625007211564,0.3868528072345416,0.7450366426544317,0.8300267508577557,0.016751892298080683,0.00294570565887353,0.5849625007211564,0.3868528072345416,consolidator,0.625,"2 входящих связей от 2 отправителей; 1 исходящих связей к 1 получателям; вход 184,481 KZT, выход 75,000 KZT",0.3878
100000008491390100,3,False,1,0,0.0,0,0,36000.0,1,1,False,0.0,0.00028759681303119905,0.0,0,0.0,0.0,0.39845971707981853,0.0,0.0008028252612416647,0.0,0.0,0.0,terminal,0.4496,"1 входящих связей от 1 отправителей; 0 исходящих связей к 0 получателям; вход 36,000 KZT, выход 0 KZT",0.0719
100000005186131100,3,False,1,1,10000.0,1,1,10000.0,1,1,False,1.0,0.00028613249388782043,1.922024458454748e-05,0,0.0,0.3868528072345416,0.1267854959781863,0.6810456169100282,0.0,0.1428653798145826,0.0,0.3868528072345416,transit,1.0,"1 входящих связей от 1 отправителей; 1 исходящих связей к 1 получателям; вход 10,000 KZT, выход 10,000 KZT",0.2426
100000001550419100,3,False,1,0,0.0,0,0,23000.0,1,1,False,0.0,0.00029207028196340864,0.0,40,0.0,0.0,0.3034357897363291,0.0,0.007309803847953003,0.0,0.0,0.0,terminal,0.4259,"1 входящих связей от 1 отправителей; 0 исходящих связей к 0 получателям; вход 23,000 KZT, выход 0 KZT",0.0564
100000004979283100,3,False,1,0,0.0,0,0,40132.0,1,1,False,0.0,0.00030052176499501573,0.0,18,0.0,0.0,0.4215051478465877,0.0,0.019603007323051844,0.0,0.0,0.0,terminal,0.4554,"1 входящих связей от 1 отправителей; 0 исходящих связей к 0 получателям; вход 40,132 KZT, выход 0 KZT",0.0808
100000002537811100,3,False,1,1,15000.0,1,1,52000.0,1,1,False,0.28846153846153844,0.001231377724947645,2.6353531234482626e-05,11,0.0,0.3868528072345416,0.476453326303945,0.7110243718942185,1.0,0.1958868839857394,0.0,0.3868528072345416,peripheral,0.35,"1 входящих связей от 1 отправителей; 1 исходящих связей к 1 получателям; вход 52,000 KZT, выход 15,000 KZT",0.5726
100000002990675100,3,False,1,0,0.0,0,0,51143.0,1,1,False,0.0,0.000287226796606961,0.0,10,0.0,0.0,0.47292865318142996,0.0,0.0002646087641879903,0.0,0.0,0.0,terminal,0.4682,"1 входящих связей от 1 отправителей; 0 исходящих связей к 0 получателям; вход 51,143 KZT, выход 0 KZT",0.0852
100000008763688100,3,False,1,0,0.0,0,0,21000.0,1,1,False,0.0,0.00028884692758013016,0.0,22,0.0,0.0,0.28414130736987286,0.0,0.00262120867475078,0.0,0.0,0.0,terminal,0.421,"1 входящих связей от 1 отправителей; 0 исходящих связей к 0 получателям; вход 21,000 KZT, выход 0 KZT",0.0518
100000002809896100,3,False,1,0,0.0,0,0,38000.0,1,1,False,0.0,0.0002997274196422272,0.0,18,0.0,0.0,0.40992721109519714,0.0,0.018447587423395556,0.0,0.0,0.0,terminal,0.4525,"1 входящих связей от 1 отправителей; 0 исходящих связей к 0 получателям; вход 38,000 KZT, выход 0 KZT",0.0784
100000008716072100,3,False,1,0,0.0,0,0,12100.0,1,1,False,0.0,0.00028745783534540274,0.0,22,0.0,0.0,0.16721290985345766,0.0,0.0006006718710682675,0.0,0.0,0.0,terminal,0.3918,"1 входящих связей от 1 отправителей; 0 исходящих связей к 0 получателям; вход 12,100 KZT, выход 0 KZT",0.0302
100000001279272100,3,False,1,2,136758.0,2,2,250000.0,1,1,False,0.547032,0.00030773985752305947,0.00047951538035675154,0,0.0,0.6131471927654585,0.8094974175150348,0.8744455726992852,0.03010208598424398,1.0,0.0,0.6131471927654585,coordinator,0.6605,"1 входящих связей от 1 отправителей; 2 исходящих связей к 2 получателям; вход 250,000 KZT, выход 136,758 KZT",0.6349
100000001714173100,3,False,1,0,0.0,0,0,638905.0,6,1,False,0.0,0.0005706777097822553,0.0,35,0.0,0.0,1.0,0.0,0.4125067816545279,0.0,0.0,0.0,terminal,0.6,"1 входящих связей от 1 отправителей; 0 исходящих связей к 0 получателям; вход 638,905 KZT, выход 0 KZT",0.2831
100000008729597100,3,False,1,0,0.0,0,0,83090.0,1,1,False,0.0,0.0003024747023657878,0.0,1,0.0,0.0,0.5758602333164805,0.0,0.02244366044000592,0.0,0.0,0.0,terminal,0.494,"1 входящих связей от 1 отправителей; 0 исходящих связей к 0 получателям; вход 83,090 KZT, выход 0 KZT",0.1093
100000002255058100,3,False,1,0,0.0,0,0,491500.0,2,1,False,0.0,0.00042612867221805017,0.0,3,0.0,0.0,0.9528786486310091,0.0,0.2022937613209988,0.0,0.0,0.0,terminal,0.5882,"1 входящих связей от 1 отправителей; 0 исходящих связей к 0 получателям; вход 491,500 KZT, выход 0 KZT",0.2221
100000006111442100,3,False,1,0,0.0,0,0,64000.0,1,1,False,0.0,0.00029552622405626405,0.0,42,0.0,0.0,0.520493433285067,0.0,0.012336697385116186,0.0,0.0,0.0,terminal,0.4801,"1 входящих связей от 1 отправителей; 0 исходящих связей к 0 получателям; вход 64,000 KZT, выход 0 KZT",0.0968
100000008686247100,3,False,1,1,5000.0,1,1,22000.0,2,1,False,0.22727272727272727,0.00031367376777992426,0.0,21,0.0,0.3868528072345416,0.29400786963261044,0.6297997767503529,0.03873320019504491,0.0,0.0,0.3868528072345416,peripheral,0.35,"1 входящих связей от 1 отправителей; 1 исходящих связей к 1 получателям; вход 22,000 KZT, выход 5,000 KZT",0.2417
100000001893287100,3,False,1,1,152700.0,14,1,18000.0,3,1,False,8.483333333333333,0.0006184515295005443,0.0,2,0.0,0.3868528072345416,0.25144721385475965,0.8825986157643162,0.48197603544542955,0.0,0.0,0.3868528072345416,peripheral,0.35,"1 входящих связей от 1 отправителей; 1 исходящих связей к 1 получателям; вход 18,000 KZT, выход 152,700 KZT",0.3904
100000005172860100,3,False,1,0,0.0,0,0,15209.2,1,1,False,0.0,0.00029179582395841194,0.0,0,0.0,0.0,0.21571616741704008,0.0,0.006910586006021245,0.0,0.0,0.0,terminal,0.4039,"1 входящих связей от 1 отправителей; 0 исходящих связей к 0 получателям; вход 15,209 KZT, выход 0 KZT",0.0406
100000001788284100,3,False,1,5,296700.0,8,5,8000.0,1,1,False,37.0875,0.00029938268059674525,5.9444055416126226e-05,13,0.0,1.0,0.07946144622334977,0.931714603577348,0.0179461448471519,0.4418428040494083,0.0,1.0,distributor,0.9761,"1 входящих связей от 1 отправителей; 5 исходящих связей к 5 получателям; вход 8,000 KZT, выход 296,700 KZT",0.4537
100000008755580100,3,False,1,0,0.0,0,0,16000.0,1,1,False,0.0,0.00028806653868421585,0.0,22,0.0,0.0,0.22646658576820314,0.0,0.0014860759843542102,0.0,0.0,0.0,terminal,0.4066,"1 входящих связей от 1 отправителей; 0 исходящих связей к 0 получателям; вход 16,000 KZT, выход 0 KZT",0.0411
100000003896956100,3,False,1,1,27000.0,2,1,10000.0,1,1,False,2.7,0.0002885646095495058,1.922024458454748e-05,16,0.0,0.3868528072345416,0.1267854959781863,0.7544847644246175,0.002210556565856175,0.1428653798145826,0.0,0.3868528072345416,peripheral,0.35,"1 входящих связей от 1 отправителей; 1 исходящих связей к 1 получателям; вход 10,000 KZT, выход 27,000 KZT",0.2564
100000002475601100,3,False,1,0,0.0,0,0,232301.0,1,1,False,0.0,0.00030211439246599533,0.0,1,0.0,0.0,0.7939234222021295,0.0,0.02191957060464326,0.0,0.0,0.0,terminal,0.5485,"1 входящих связей от 1 отправителей; 0 исходящих связей к 0 получателям; вход 232,301 KZT, выход 0 KZT",0.1484
100000008619857100,3,False,1,2,13000.0,2,2,29000.0,1,1,False,0.4482758620689655,0.0002872025732618279,0.0,0,0.0,0.6131471927654585,0.3525996321287633,0.7004438552334495,0.00022937409437428274,0.0,0.0,0.6131471927654585,peripheral,0.35,"1 входящих связей от 1 отправителей; 2 исходящих связей к 2 получателям; вход 29,000 KZT, выход 13,000 KZT",0.2938
100000001373265100,3,False,1,1,5000.0,1,1,142482.0,1,1,False,0.0350921519911287,0.00031455853917834725,1.922024458454748e-05,1,0.0,0.3868528072345416,0.6902443188037627,0.6297997767503529,0.04002013185261617,0.1428653798145826,0.0,0.3868528072345416,peripheral,0.35,"1 входящих связей от 1 отправителей; 1 исходящих связей к 1 получателям; вход 142,482 KZT, выход 5,000 KZT",0.3448
100000004185681100,3,False,1,0,0.0,0,0,10000.0,1,1,False,0.0,0.000535296205282201,0.0,3,0.0,0.0,0.1267854959781863,0.0,0.3610554037185139,0.0,0.0,0.0,terminal,0.3817,"1 входящих связей от 1 отправителей; 0 исходящих связей к 0 получателям; вход 10,000 KZT, выход 0 KZT",0.1131
100000003031633100,3,False,1,0,0.0,0,0,414000.0,2,1,False,0.0,0.0003146261273194669,0.0,5,0.0,0.0,0.9164827602257344,0.0,0.04011844117549056,0.0,0.0,0.0,terminal,0.5791,"1 входящих связей от 1 отправителей; 0 исходящих связей к 0 получателям; вход 414,000 KZT, выход 0 KZT",0.175
100000002632742100,3,False,2,0,0.0,0,0,235500.0,2,2,False,0.0,0.0003175643151957884,0.0,42,0.5849625007211564,0.0,0.7968243319561494,0.0,0.044392132119493964,0.0,0.5849625007211564,0.0,consolidator,0.6379,"2 входящих связей от 2 отправителей; 0 исходящих связей к 0 получателям; вход 235,500 KZT, выход 0 KZT",0.254
100000005847078100,3,False,1,0,0.0,0,0,16300.0,1,1,False,0.0,0.0002881133620179708,0.0,22,0.0,0.0,0.23040644350328726,0.0,0.0015541839707516726,0.0,0.0,0.0,terminal,0.4076,"1 входящих связей от 1 отправителей; 0 исходящих связей к 0 получателям; вход 16,300 KZT, выход 0 KZT",0.0419
100000002807334100,3,False,1,0,0.0,0,0,54715.0,1,1,False,0.0,0.00028734256217675366,0.0,10,0.0,0.0,0.48724791657211064,0.0,0.0004329984444569909,0.0,0.0,0.0,terminal,0.4718,"1 входящих связей от 1 отправителей; 0 исходящих связей к 0 получателям; вход 54,715 KZT, выход 0 KZT",0.0878
100000008748795100,3,False,1,0,0.0,0,0,47057.0,1,1,False,0.0,0.0002882195429069043,0.0,0,0.0,0.0,0.4552680695885215,0.0,0.0017086318796495868,0.0,0.0,0.0,terminal,0.4638,"1 входящих связей от 1 отправителей; 0 исходящих связей к 0 получателям; вход 47,057 KZT, выход 0 KZT",0.0824
100000003899899100,3,False,2,1,10000.0,1,1,218500.0,5,2,False,0.04576659038901602,0.0006539846029635851,1.9418391435934565e-05,16,0.5849625007211564,0.3868528072345416,0.7809326279977027,0.6810456169100282,0.5336435252628736,0.1443382044818924,0.5849625007211564,0.3868528072345416,consolidator,0.634,"2 входящих связей от 2 отправителей; 1 исходящих связей к 1 получателям; вход 218,500 KZT, выход 10,000 KZT",0.5278
100000002308091100,3,False,1,0,0.0,0,0,186720.0,1,1,False,0.0,0.000561106872834332,0.0,24,0.0,0.0,0.747595370492135,0.0,0.3985891598781988,0.0,0.0,0.0,terminal,0.5369,"1 входящих связей от 1 отправителей; 0 исходящих связей к 0 получателям; вход 186,720 KZT, выход 0 KZT",0.2342
100000008680912100,3,False,1,1,5990.85,1,1,45112.0,2,1,False,0.13279947685759888,0.000535175712479058,0.0,0,0.0,0.3868528072345416,0.4463151230066394,0.6431658462207244,0.360880181357881,0.0,0.0,0.3868528072345416,peripheral,0.35,"1 входящих связей от 1 отправителей; 1 исходящих связей к 1 получателям; вход 45,112 KZT, выход 5,991 KZT",0.3521
100000008742053100,3,False,1,12,2789000.0,12,12,10000.0,1,1,False,278.9,0.00028627115008932345,8.777905516447973e-05,24,0.0,1.0,0.1267854959781863,1.0,0.0,0.6524452976291366,0.0,1.0,distributor,1.0,"1 входящих связей от 1 отправителей; 12 исходящих связей к 12 получателям; вход 10,000 KZT, выход 2,789,000 KZT",0.5164
100000008473765100,3,False,1,0,0.0,0,0,30000.0,1,1,False,0.0,0.00029167306415897907,0.0,1,0.0,0.0,0.3597899992899909,0.0,0.00673202348992075,0.0,0.0,0.0,terminal,0.4399,"1 входящих связей от 1 отправителей; 0 исходящих связей к 0 получателям; вход 30,000 KZT, выход 0 KZT",0.0664
100000007472293100,3,False,1,3,345900.0,3,3,5000.0,1,1,False,69.18,0.0002863329149575189,4.4583041562094664e-05,60,0.0,0.7737056144690831,0.0,0.943059475780334,0.0,0.3313845652764917,0.0,0.7737056144690831,distributor,0.833,"1 входящих связей от 1 отправителей; 3 исходящих связей к 3 получателям; вход 5,000 KZT, выход 345,900 KZT",0.3742
100000008753061100,3,False,1,0,0.0,0,0,28400.0,2,1,False,0.0,0.0002900019031460833,0.0,22,0.0,0.0,0.3481654221560539,0.0,0.0043012034313055295,0.0,0.0,0.0,terminal,0.437,"1 входящих связей от 1 отправителей; 0 исходящих связей к 0 получателям; вход 28,400 KZT, выход 0 KZT",0.0637
100000008501413100,3,False,1,1,5100.0,1,1,5000.0,1,1,False,1.02,0.00036664528360685694,2.1201713098418353e-05,53,0.0,0.3868528072345416,0.0,0.6312637482596196,0.11578015945809252,0.15759361335534994,0.0,0.3868528072345416,transit,0.9901,"1 входящих связей от 1 отправителей; 1 исходящих связей к 1 получателям; вход 5,000 KZT, выход 5,100 KZT",0.243
100000002748581100,3,False,1,0,0.0,0,0,41180.0,1,1,False,0.0,0.0002972088887992536,0.0,40,0.0,0.0,0.42697274132317947,0.0,0.01478423688903788,0.0,0.0,0.0,terminal,0.4567,"1 входящих связей от 1 отправителей; 0 исходящих связей к 0 получателям; вход 41,180 KZT, выход 0 KZT",0.0806
100000001384826100,3,False,1,1,10000.0,1,1,364260.0,1,1,False,0.027452918245209467,0.0002973746599655157,1.922024458454748e-05,10,0.0,0.3868528072345416,0.8893340916352559,0.6810456169100282,0.015025361037419239,0.1428653798145826,0.0,0.3868528072345416,peripheral,0.35,"1 входящих связей от 1 отправителей; 1 исходящих связей к 1 получателям; вход 364,260 KZT, выход 10,000 KZT",0.3836
100000004099450100,3,False,1,0,0.0,0,0,31000.0,1,1,False,0.0,0.0002961658639475312,0.0,0,0.0,0.0,0.3667445814779084,0.0,0.013267093487424659,0.0,0.0,0.0,terminal,0.4417,"1 входящих связей от 1 отправителей; 0 исходящих связей к 0 получателям; вход 31,000 KZT, выход 0 KZT",0.0693
100000002926970100,3,False,1,0,0.0,0,0,85000.0,1,1,False,0.0,0.0003172387852993861,0.0,18,0.0,0.0,0.5806806127619357,0.0,0.04391863879231054,0.0,0.0,0.0,terminal,0.4952,"1 входящих связей от 1 отправителей; 0 исходящих связей к 0 получателям; вход 85,000 KZT, выход 0 KZT",0.1155
100000002753146100,3,False,1,0,0.0,0,0,803540.0,3,1,False,0.0,0.0003238433894737329,0.0,24,0.0,0.0,1.0,0.0,0.05352521018524775,0.0,0.0,0.0,terminal,0.6,"1 входящих связей от 1 отправителей; 0 исходящих связей к 0 получателям; вход 803,540 KZT, выход 0 KZT",0.1934
100000003943247100,3,False,1,0,0.0,0,0,40000.0,1,1,False,0.0,0.0002878220928994111,0.0,0,0.0,0.0,0.4208063787121672,0.0,0.0011305115408337145,0.0,0.0,0.0,terminal,0.4552,"1 входящих связей от 1 отправителей; 0 исходящих связей к 0 получателям; вход 40,000 KZT, выход 0 KZT",0.076
100000002872399100,3,False,1,0,0.0,0,0,1090000.0,9,1,False,0.0,0.0007057669186571349,0.0,2,0.0,0.0,1.0,0.0,0.6089352262963561,0.0,0.0,0.0,terminal,0.6,"1 входящих связей от 1 отправителей; 0 исходящих связей к 0 получателям; вход 1,090,000 KZT, выход 0 KZT",0.3322
100000008417359100,3,False,1,2,110760.0,3,2,40810.0,2,1,False,2.714040676304827,0.0002919927493261812,0.0,28,0.0,0.6131471927654585,0.425058443951823,0.8588550671947371,0.007197027363015645,0.0,0.0,0.6131471927654585,peripheral,0.35,"1 входящих связей от 1 отправителей; 2 исходящих связей к 2 получателям; вход 40,810 KZT, выход 110,760 KZT",0.3371
100000002614095100,3,False,1,0,0.0,0,0,5300.0,1,1,False,0.0,0.00028639650644695936,0.0,22,0.0,0.0,0.0,0.0,0.0,0.0,0.0,0.0,terminal,0.35,"1 входящих связей от 1 отправителей; 0 исходящих связей к 0 получателям; вход 5,300 KZT, выход 0 KZT",0.0
100000004717647100,3,False,1,5,2240000.0,10,5,300000.0,2,1,False,7.466666666666667,0.0010233609552644468,7.767356574373826e-05,51,0.0,1.0,0.8481681722159543,1.0,1.0,0.5773360019582363,0.0,1.0,distributor,1.0,"1 входящих связей от 1 отправителей; 5 исходящих связей к 5 получателям; вход 300,000 KZT, выход 2,240,000 KZT",0.8797
100000008537380100,3,False,1,0,0.0,0,0,8000.0,1,1,False,0.0,0.00028681791645075304,0.0,22,0.0,0.0,0.07946144622334977,0.0,0.0,0.0,0.0,0.0,terminal,0.3699,"1 входящих связей от 1 отправителей; 0 исходящих связей к 0 получателям; вход 8,000 KZT, выход 0 KZT",0.0143
100000001534244100,3,False,2,1,45000.0,1,1,366000.0,2,2,False,0.12295081967213115,0.00034150708804052356,2.159800680119253e-05,5,0.5849625007211564,0.3868528072345416,0.8903448505465852,0.7922555385618377,0.07921721511690223,0.1605392565615537,0.5849625007211564,0.3868528072345416,consolidator,0.6613,"2 входящих связей от 2 отправителей; 1 исходящих связей к 1 получателям; вход 366,000 KZT, выход 45,000 KZT",0.4574
100000008767950100,3,False,1,0,0.0,0,0,17350.0,1,1,False,0.0,0.0002882772436861127,0.0,22,0.0,0.0,0.24364667640768434,0.0,0.0017925618980361878,0.0,0.0,0.0,terminal,0.4109,"1 входящих связей от 1 отправителей; 0 исходящих связей к 0 получателям; вход 17,350 KZT, выход 0 KZT",0.0443
100000004613582100,3,False,1,1,9500.0,1,1,5000.0,1,1,False,1.9,0.0005534434661680602,3.962937027741748e-07,2,0.0,0.3868528072345416,0.0,0.6772532369754075,0.38744516958365316,0.00294570565887353,0.0,0.3868528072345416,peripheral,0.35,"1 входящих связей от 1 отправителей; 1 исходящих связей к 1 получателям; вход 5,000 KZT, выход 9,500 KZT",0.2852
100000008121806100,3,False,1,4,248509.0,6,4,67000.0,1,1,False,3.709089552238806,0.00030036879713769664,0.00257154983730162,1,0.0,0.8982444017039272,0.5302096115841254,0.9186088503167471,0.01938050706032402,1.0,0.0,0.8982444017039272,distributor,0.9054,"1 входящих связей от 1 отправителей; 4 исходящих связей к 4 получателям; вход 67,000 KZT, выход 248,509 KZT",0.6383
100000002369443100,3,False,1,0,0.0,0,0,50000.0,1,1,False,0.0,0.000293373183176433,0.0,22,0.0,0.0,0.46813466994857295,0.0,0.009204960815283322,0.0,0.0,0.0,terminal,0.467,"1 входящих связей от 1 отправителей; 0 исходящих связей к 0 получателям; вход 50,000 KZT, выход 0 KZT",0.0866
100000008655779100,3,False,1,2,24704.0,2,2,47000.0,1,1,False,0.5256170212765957,0.00039705232861292724,2.6353531234482626e-05,15,0.0,0.6131471927654585,0.4550109999643056,0.7479135984680656,0.1600052998910971,0.1958868839857394,0.0,0.6131471927654585,peripheral,0.35,"1 входящих связей от 1 отправителей; 2 исходящих связей к 2 получателям; вход 47,000 KZT, выход 24,704 KZT",0.4039
100000008561016100,3,False,1,1,185000.0,4,1,180000.0,2,1,False,1.0277777777777777,0.00029484284060031247,2.2390594206740877e-05,5,0.0,0.3868528072345416,0.7398211449339235,0.8967867182280396,0.011342672883272883,0.1664305394720189,0.0,0.3868528072345416,transit,0.9863,"1 входящих связей от 1 отправителей; 1 исходящих связей к 1 получателям; вход 180,000 KZT, выход 185,000 KZT",0.3998
100000002727288100,3,False,1,0,0.0,0,0,16000.0,1,1,False,0.0,0.0003661692337362445,0.0,4,0.0,0.0,0.22646658576820314,0.0,0.11508776408219527,0.0,0.0,0.0,terminal,0.4066,"1 входящих связей от 1 отправителей; 0 исходящих связей к 0 получателям; вход 16,000 KZT, выход 0 KZT",0.0695
100000001270349100,3,False,1,0,0.0,0,0,200000.0,1,1,False,0.0,0.0003553003383239642,0.0,48,0.0,0.0,0.7621682778906999,0.0,0.09927930353544902,0.0,0.0,0.0,terminal,0.5405,"1 входящих связей от 1 отправителей; 0 исходящих связей к 0 получателям; вход 200,000 KZT, выход 0 KZT",0.162
100000004722765100,3,False,1,3,2284500.0,9,3,230000.0,1,1,False,9.932608695652174,0.0005815882668655397,5.8255174307803695e-05,57,0.0,0.7737056144690831,0.7918120261541519,1.0,0.4283724215705037,0.4330062053521699,0.0,0.7737056144690831,distributor,0.8529,"1 входящих связей от 1 отправителей; 3 исходящих связей к 3 получателям; вход 230,000 KZT, выход 2,284,500 KZT",0.6564
100000001677389100,3,False,1,1,5400.0,1,1,11000.0,1,1,False,0.4909090909090909,0.000288630969544677,1.922024458454748e-05,28,0.0,0.3868528072345416,0.14699911528604376,0.6354893952733272,0.0023070820156997724,0.1428653798145826,0.0,0.3868528072345416,peripheral,0.35,"1 входящих связей от 1 отправителей; 1 исходящих связей к 1 получателям; вход 11,000 KZT, выход 5,400 KZT",0.2386
100000005857058100,3,False,3,0,0.0,0,0,80222.0,3,3,False,0.0,0.0003899337552291787,0.0,0,1.0,0.0,0.568409884726057,0.0,0.1496519017526775,0.0,1.0,0.0,consolidator,0.8921,"3 входящих связей от 3 отправителей; 0 исходящих связей к 0 получателям; вход 80,222 KZT, выход 0 KZT",0.3097
100000008760098100,3,False,1,1,390000.0,1,1,7000.0,1,1,False,55.714285714285715,0.0002866383632536104,1.5851748110966993e-06,35,0.0,0.3868528072345416,0.05114286315444276,0.9519323657601474,0.0,0.011782815631314366,0.0,0.3868528072345416,peripheral,0.35,"1 входящих связей от 1 отправителей; 1 исходящих связей к 1 получателям; вход 7,000 KZT, выход 390,000 KZT",0.2489
100000002838519100,3,False,1,0,0.0,0,0,46900.0,1,1,False,0.0,0.0002988256561865491,0.0,40,0.0,0.0,0.45455924645710455,0.0,0.017135920752026246,0.0,0.0,0.0,terminal,0.4636,"1 входящих связей от 1 отправителей; 0 исходящих связей к 0 получателям; вход 46,900 KZT, выход 0 KZT",0.0861
100000002597623100,3,False,1,0,0.0,0,0,16418.0,1,1,False,0.0,0.0002864939554363667,0.0,0,0.0,0.0,0.23193628630063678,0.0,0.0,0.0,0.0,0.0,terminal,0.408,"1 входящих связей от 1 отправителей; 0 исходящих связей к 0 получателям; вход 16,418 KZT, выход 0 KZT",0.0417
100000003635660100,3,False,1,0,0.0,0,0,18985.0,1,1,False,0.0,0.00029052194004178835,0.0,0,0.0,0.0,0.26274689098285686,0.0,0.005057633742275611,0.0,0.0,0.0,terminal,0.4157,"1 входящих связей от 1 отправителей; 0 исходящих связей к 0 получателям; вход 18,985 KZT, выход 0 KZT",0.0486
100000008676812100,3,False,1,0,0.0,0,0,230800.0,1,1,False,0.0,0.00047313415798955915,0.0,43,0.0,0.0,0.792548491437136,0.0,0.2706556611495966,0.0,0.0,0.0,terminal,0.5481,"1 входящих связей от 1 отправителей; 0 исходящих связей к 0 получателям; вход 230,800 KZT, выход 0 KZT",0.2103
100000003213473100,3,False,1,11,240000.0,12,11,57500.0,2,1,False,4.173913043478261,0.00028880769232283906,9.550678236857614e-05,0,0.0,1.0,0.4977780032381616,0.9160326839508349,0.002564138146324836,0.7098813057558333,0.0,1.0,distributor,0.9706,"1 входящих связей от 1 отправителей; 11 исходящих связей к 11 получателям; вход 57,500 KZT, выход 240,000 KZT",0.5813
100000003071649100,3,False,1,0,0.0,0,0,189500.0,1,1,False,0.0,0.0002953322777705275,0.0,5,0.0,0.0,0.7507299892177176,0.0,0.012054590302745471,0.0,0.0,0.0,terminal,0.5377,"1 входящих связей от 1 отправителей; 0 исходящих связей к 0 получателям; вход 189,500 KZT, выход 0 KZT",0.1381
100000002433697100,3,False,1,1,110000.0,1,1,130000.0,1,1,False,0.8461538461538461,0.000289782486846921,1.922024458454748e-05,10,0.0,0.3868528072345416,0.6707986254455257,0.8583459511418895,0.003982046844292473,0.1428653798145826,0.0,0.3868528072345416,transit,0.9165,"1 входящих связей от 1 отправителей; 1 исходящих связей к 1 получателям; вход 130,000 KZT, выход 110,000 KZT",0.3734
100000008612257100,3,False,1,0,0.0,0,0,9500.0,1,1,False,0.0,0.00028786387694202726,0.0,28,0.0,0.0,0.11590716550135315,0.0,0.0011912895222489655,0.0,0.0,0.0,terminal,0.379,"1 входящих связей от 1 отправителей; 0 исходящих связей к 0 получателям; вход 9,500 KZT, выход 0 KZT",0.0212
100000002736033100,3,False,1,1,11000.0,1,1,34530.0,1,1,False,0.3185635679119606,0.0002951801714040782,1.922024458454748e-05,28,0.0,0.3868528072345416,0.38961731537713196,0.6880924449533968,0.011833341978713559,0.1428653798145826,0.0,0.3868528072345416,peripheral,0.35,"1 входящих связей от 1 отправителей; 1 исходящих связей к 1 получателям; вход 34,530 KZT, выход 11,000 KZT",0.2941
100000008687990100,3,False,1,0,0.0,0,0,17600.0,1,1,False,0.0,0.00028831626313090844,0.0,22,0.0,0.0,0.24668092804133215,0.0,0.001849318541633271,0.0,0.0,0.0,terminal,0.4117,"1 входящих связей от 1 отправителей; 0 исходящих связей к 0 получателям; вход 17,600 KZT, выход 0 KZT",0.0449
100000008776310100,3,False,1,0,0.0,0,0,19200.0,1,1,False,0.0,0.000288565987577601,0.0,22,0.0,0.0,0.2651352725937648,0.0,0.002212561008227888,0.0,0.0,0.0,terminal,0.4163,"1 входящих связей от 1 отправителей; 0 исходящих связей к 0 получателям; вход 19,200 KZT, выход 0 KZT",0.0483
100000007267915100,3,False,2,1,10000.0,1,1,21000.0,3,2,False,0.47619047619047616,0.0002913946069790751,0.0,28,0.5849625007211564,0.3868528072345416,0.28414130736987286,0.6810456169100282,0.0063269884143392725,0.0,0.5849625007211564,0.3868528072345416,consolidator,0.5098,"2 входящих связей от 2 отправителей; 1 исходящих связей к 1 получателям; вход 21,000 KZT, выход 10,000 KZT",0.2748
100000004217419100,3,False,2,1,7700.0,1,1,118200.0,3,2,False,0.06514382402707276,0.000584182953023545,1.9418391435934565e-05,1,0.5849625007211564,0.3868528072345416,0.6506158696699716,0.6617217866311392,0.43214547166724643,0.1443382044818924,0.5849625007211564,0.3868528072345416,consolidator,0.6014,"2 входящих связей от 2 отправителей; 1 исходящих связей к 1 получателям; вход 118,200 KZT, выход 7,700 KZT",0.4755
100000002773323100,3,False,2,1,1171644.0,2,1,285000.0,2,2,False,4.111031578947369,0.0003254977886002247,2.139985994980544e-05,42,0.5849625007211564,0.3868528072345416,0.8372887627345073,1.0,0.05593156752206391,0.15906643510436616,0.5849625007211564,0.3868528072345416,consolidator,0.648,"2 входящих связей от 2 отправителей; 1 исходящих связей к 1 получателям; вход 285,000 KZT, выход 1,171,644 KZT",0.4791
100000002528544100,3,False,1,0,0.0,0,0,192912.0,1,1,False,0.0,0.00029930900258425463,0.0,1,0.0,0.0,0.7545149638664034,0.0,0.01783897595924396,0.0,0.0,0.0,terminal,0.5386,"1 входящих связей от 1 отправителей; 0 исходящих связей к 0 получателям; вход 192,912 KZT, выход 0 KZT",0.1403
100000003760160100,3,False,1,0,0.0,0,0,104470.0,1,1,False,0.0,0.00028895508063280965,0.0,10,0.0,0.0,0.6244260540885634,0.0,0.002778525125278012,0.0,0.0,0.0,terminal,0.5061,"1 входящих связей от 1 отправителей; 0 исходящих связей к 0 получателям; вход 104,470 KZT, выход 0 KZT",0.1131
100000000640800100,3,False,1,4,518135.0,6,4,80000.0,1,1,False,6.4766875,0.0003032403424804621,0.00020528013803702255,1,0.0,0.8982444017039272,0.567822122199512,0.9729386573067119,0.02355732391704184,1.0,0.0,0.8982444017039272,distributor,0.9244,"1 входящих связей от 1 отправителей; 4 исходящих связей к 4 получателям; вход 80,000 KZT, выход 518,135 KZT",0.6559
100000008238112100,3,False,1,0,0.0,0,0,190000.0,1,1,False,0.0,0.000291727037291366,0.0,10,0.0,0.0,0.7512888870145943,0.0,0.006810531101506401,0.0,0.0,0.0,terminal,0.5378,"1 входящих связей от 1 отправителей; 0 исходящих связей к 0 получателям; вход 190,000 KZT, выход 0 KZT",0.1369
100000008751349100,3,False,1,0,0.0,0,0,11630.0,1,1,False,0.0,0.00028848577638606915,0.0,14,0.0,0.0,0.15881064207540554,0.0,0.002095887975300405,0.0,0.0,0.0,terminal,0.3897,"1 входящих связей от 1 отправителей; 0 исходящих связей к 0 получателям; вход 11,630 KZT, выход 0 KZT",0.0291
100000002963189100,3,False,1,7,5219000.0,15,7,490000.0,3,1,False,10.651020408163266,0.0004240685983737267,8.242909017702837e-05,40,0.0,1.0,0.952230347738762,1.0,0.19929764261389793,0.612681647403117,0.0,1.0,distributor,1.0,"1 входящих связей от 1 отправителей; 7 исходящих связей к 7 получателям; вход 490,000 KZT, выход 5,219,000 KZT",0.706
100000008548853100,3,False,1,0,0.0,0,0,14000.0,1,1,False,0.0,0.0002877543831258502,0.0,22,0.0,0.0,0.19814610930549503,0.0,0.0010320226602304717,0.0,0.0,0.0,terminal,0.3995,"1 входящих связей от 1 отправителей; 0 исходящих связей к 0 получателям; вход 14,000 KZT, выход 0 KZT",0.0359
100000003164661100,3,False,1,0,0.0,0,0,596200.0,3,1,False,0.0,0.0006007384807220591,0.0,27,0.0,0.0,0.9938386266459891,0.0,0.4562193803516721,0.0,0.0,0.0,terminal,0.5985,"1 входящих связей от 1 отправителей; 0 исходящих связей к 0 получателям; вход 596,200 KZT, выход 0 KZT",0.2929
100000000791285100,3,False,1,3,650000.0,3,3,1120000.0,2,1,False,0.5803571428571429,0.0005664343010128576,3.883678287186913e-05,14,0.0,0.7737056144690831,1.0,0.9897041594749867,0.4063361613220365,0.28867360622966776,0.0,0.7737056144690831,distributor,0.8493,"1 входящих связей от 1 отправителей; 3 исходящих связей к 3 получателям; вход 1,120,000 KZT, выход 650,000 KZT",0.6548
100000003192309100,3,False,1,1,213000.0,1,1,17200.0,1,1,False,12.383720930232558,0.00028825383201923533,1.387027959709612e-06,22,0.0,0.3868528072345416,0.2418050691940891,0.9072078912988017,0.0017585079108152193,0.010309964698842277,0.0,0.3868528072345416,peripheral,0.35,"1 входящих связей от 1 отправителей; 1 исходящих связей к 1 получателям; вход 17,200 KZT, выход 213,000 KZT",0.2753
100000002891765100,3,False,1,0,0.0,0,0,55576.0,1,1,False,0.0,0.0003012779418250415,0.0,40,0.0,0.0,0.49055953457631146,0.0,0.020702908111619952,0.0,0.0,0.0,terminal,0.4726,"1 входящих связей от 1 отправителей; 0 исходящих связей к 0 получателям; вход 55,576 KZT, выход 0 KZT",0.0935
100000001740277100,3,False,1,1,5000.0,1,1,8700.0,1,1,False,0.5747126436781609,0.00036969341532294166,0.0,2,0.0,0.3868528072345416,0.09725080324826131,0.6297997767503529,0.12021353654332013,0.0,0.0,0.3868528072345416,peripheral,0.35,"1 входящих связей от 1 отправителей; 1 исходящих связей к 1 получателям; вход 8,700 KZT, выход 5,000 KZT",0.2267
100000002232266100,3,False,1,0,0.0,0,0,45000.0,1,1,False,0.0,0.00029472494912982346,0.0,1,0.0,0.0,0.445787890486983,0.0,0.011171192207029649,0.0,0.0,0.0,terminal,0.4614,"1 входящих связей от 1 отправителей; 0 исходящих связей к 0 получателям; вход 45,000 KZT, выход 0 KZT",0.083
100000006701983100,3,False,1,0,0.0,0,0,27000.0,1,1,False,0.0,0.00028978339425522726,0.0,22,0.0,0.0,0.33744353403694743,0.0,0.0039833667342495495,0.0,0.0,0.0,terminal,0.4344,"1 входящих связей от 1 отправителей; 0 исходящих связей к 0 получателям; вход 27,000 KZT, выход 0 KZT",0.0617
100000002871199100,3,False,1,0,0.0,0,0,23186.0,1,1,False,0.0,0.00029212285516865986,0.0,40,0.0,0.0,0.3051440826752398,0.0,0.007386275139483333,0.0,0.0,0.0,terminal,0.4263,"1 входящих связей от 1 отправителей; 0 исходящих связей к 0 получателям; вход 23,186 KZT, выход 0 KZT",0.0568
100000002757791100,3,False,1,0,0.0,0,0,73050.0,1,1,False,0.0,0.00031103855807725284,0.0,48,0.0,0.0,0.5485459507381387,0.0,0.034900186646452704,0.0,0.0,0.0,terminal,0.4871,"1 входящих связей от 1 отправителей; 0 исходящих связей к 0 получателям; вход 73,050 KZT, выход 0 KZT",0.1075
100000000572276100,3,False,1,1,34547.0,1,1,13075.0,1,1,False,2.6422179732313578,0.00028761001118010604,1.387027959709612e-06,22,0.0,0.3868528072345416,0.18364883256297718,0.7727098686211512,0.0008220229499016601,0.010309964698842277,0.0,0.3868528072345416,peripheral,0.35,"1 входящих связей от 1 отправителей; 1 исходящих связей к 1 получателям; вход 13,075 KZT, выход 34,547 KZT",0.2404
100000001853812100,3,False,1,0,0.0,0,0,70000.0,1,1,False,0.0,0.0002998114240812309,0.0,1,0.0,0.0,0.5395001308391884,0.0,0.018569776638207865,0.0,0.0,0.0,terminal,0.4849,"1 входящих связей от 1 отправителей; 0 исходящих связей к 0 получателям; вход 70,000 KZT, выход 0 KZT",0.1018
100000004726132100,3,False,1,1,24000.0,2,1,349000.0,1,1,False,0.06876790830945559,0.00031651940059214406,1.922024458454748e-05,0,0.0,0.3868528072345416,0.8802569746166553,0.7457759009914599,0.04287227088501121,0.1428653798145826,0.0,0.3868528072345416,peripheral,0.35,"1 входящих связей от 1 отправителей; 1 исходящих связей к 1 получателям; вход 349,000 KZT, выход 24,000 KZT",0.4006
100000001785161100,3,False,2,0,0.0,0,0,30000.0,2,2,False,0.0,0.0003312208709043073,0.0,33,0.5849625007211564,0.0,0.3597899992899909,0.0,0.06425587698722683,0.0,0.5849625007211564,0.0,consolidator,0.5287,"2 входящих связей от 2 отправителей; 0 исходящих связей к 0 получателям; вход 30,000 KZT, выход 0 KZT",0.1803
100000002612809100,3,False,1,3,114000.0,4,3,30000.0,2,1,False,3.8,0.00042829267239375183,1.5851748110966993e-06,26,0.0,0.7737056144690831,0.3597899992899909,0.8609870220781178,0.20544102118194824,0.011782815631314366,0.0,0.7737056144690831,distributor,0.8043,"1 входящих связей от 1 отправителей; 3 исходящих связей к 3 получателям; вход 30,000 KZT, выход 114,000 KZT",0.4052
100000008769097100,3,False,1,0,0.0,0,0,31100.0,1,1,False,0.0,0.000290423313149877,0.0,22,0.0,0.0,0.3674276605810164,0.0,0.004914174008130298,0.0,0.0,0.0,terminal,0.4419,"1 входящих связей от 1 отправителей; 0 исходящих связей к 0 получателям; вход 31,100 KZT, выход 0 KZT",0.0674
100000004488265100,3,False,1,0,0.0,0,0,38740.0,1,1,False,0.0,0.0002934512958019911,0.0,1,0.0,0.0,0.4140178230051129,0.0,0.009318580775794083,0.0,0.0,0.0,terminal,0.4535,"1 входящих связей от 1 отправителей; 0 исходящих связей к 0 получателям; вход 38,740 KZT, выход 0 KZT",0.0769
100000002509598100,3,False,1,0,0.0,0,0,305550.0,1,1,False,0.0,0.00030012320541723803,0.0,24,0.0,0.0,0.8520562049450097,0.0,0.01902328016200881,0.0,0.0,0.0,terminal,0.563,"1 входящих связей от 1 отправителей; 0 исходящих связей к 0 получателям; вход 305,550 KZT, выход 0 KZT",0.1581
100000008706846100,3,False,1,0,0.0,0,0,14200.0,1,1,False,0.0,0.00028778559868168673,0.0,22,0.0,0.0,0.20115449544536662,0.0,0.0010774279990190467,0.0,0.0,0.0,terminal,0.4003,"1 входящих связей от 1 отправителей; 0 исходящих связей к 0 получателям; вход 14,200 KZT, выход 0 KZT",0.0365
100000001280798100,3,False,1,0,0.0,0,0,23785.0,1,1,False,0.0,0.00029443116298655665,0.0,18,0.0,0.0,0.3105538461570921,0.0,0.01074386140289121,0.0,0.0,0.0,terminal,0.4276,"1 входящих связей от 1 отправителей; 0 исходящих связей к 0 получателям; вход 23,785 KZT, выход 0 KZT",0.0586
100000006664478100,3,False,1,2,60000.0,2,2,55000.0,3,1,False,1.0909090909090908,0.0006168426303113105,1.1888811083225246e-06,48,0.0,0.6131471927654585,0.4883498316449107,0.8135271415675038,0.4796365438907015,0.008837113474529788,0.0,0.6131471927654585,transit,0.9565,"1 входящих связей от 1 отправителей; 2 исходящих связей к 2 получателям; вход 55,000 KZT, выход 60,000 KZT",0.4604
100000003781406100,3,False,1,0,0.0,0,0,45000.0,2,1,False,0.0,0.0007228806641155297,0.0,8,0.0,0.0,0.445787890486983,0.0,0.6338178263444096,0.0,0.0,0.0,terminal,0.4614,"1 входящих связей от 1 отправителей; 0 исходящих связей к 0 получателям; вход 45,000 KZT, выход 0 KZT",0.2387
100000008708595100,3,False,1,0,0.0,0,0,17200.0,1,1,False,0.0,0.00028825383201923533,0.0,22,0.0,0.0,0.2418050691940891,0.0,0.0017585079108152193,0.0,0.0,0.0,terminal,0.4105,"1 входящих связей от 1 отправителей; 0 исходящих связей к 0 получателям; вход 17,200 KZT, выход 0 KZT",0.044
100000004611571100,3,False,1,0,0.0,0,0,22550.0,1,1,False,0.0,0.0002868393094743359,0.0,0,0.0,0.0,0.2992450045183547,0.0,0.0,0.0,0.0,0.0,terminal,0.4248,"1 входящих связей от 1 отправителей; 0 исходящих связей к 0 получателям; вход 22,550 KZT, выход 0 KZT",0.0539
100000008576243100,3,False,2,0,0.0,0,0,82920.0,4,2,False,0.0,0.0016515737888683456,0.0,0,0.5849625007211564,0.0,0.5754258373314812,0.0,1.0,0.0,0.5849625007211564,0.0,consolidator,0.5826,"2 входящих связей от 2 отправителей; 0 исходящих связей к 0 получателям; вход 82,920 KZT, выход 0 KZT",0.453
100000008662216100,3,False,1,0,0.0,0,0,26200.0,1,1,False,0.0,0.000289658532031881,0.0,22,0.0,0.0,0.3310642641601074,0.0,0.0038017457333305803,0.0,0.0,0.0,terminal,0.4328,"1 входящих связей от 1 отправителей; 0 исходящих связей к 0 получателям; вход 26,200 KZT, выход 0 KZT",0.0605
100000002681544100,3,False,2,0,0.0,0,0,166072.0,2,2,False,0.0,0.00033571724351569586,0.0,2,0.5849625007211564,0.0,0.7227394626613317,0.0,0.07079588530964803,0.0,0.5849625007211564,0.0,consolidator,0.6194,"2 входящих связей от 2 отправителей; 0 исходящих связей к 0 получателям; вход 166,072 KZT, выход 0 KZT",0.2472
100000007864477100,3,False,2,6,203500.0,10,6,76000.0,2,2,False,2.6776315789473686,0.00030477469496319144,3.6459020655224084e-05,0,0.5849625007211564,1.0,0.5569428150466563,0.9038341820790569,0.025789117058106156,0.27100003414723023,0.5849625007211564,1.0,distributor,0.9663,"2 входящих связей от 2 отправителей; 6 исходящих связей к 6 получателям; вход 76,000 KZT, выход 203,500 KZT",0.499
100000004746397100,3,False,1,1,7500.0,1,1,219520.0,1,1,False,0.03416545189504373,0.00029268375611003295,0.0,10,0.0,0.3868528072345416,0.7819204557972943,0.6597760675910934,0.008202143337921184,0.0,0.0,0.3868528072345416,peripheral,0.35,"1 входящих связей от 1 отправителей; 1 исходящих связей к 1 получателям; вход 219,520 KZT, выход 7,500 KZT",0.3273
100000003814002100,3,False,1,0,0.0,0,0,30000.0,1,1,False,0.0,0.00028654156943951265,0.0,10,0.0,0.0,0.3597899992899909,0.0,0.0,0.0,0.0,0.0,terminal,0.4399,"1 входящих связей от 1 отправителей; 0 исходящих связей к 0 получателям; вход 30,000 KZT, выход 0 KZT",0.0648
100000003962994100,3,False,1,0,0.0,0,0,10000.0,1,1,False,0.0,0.00048122982573492034,0.0,19,0.0,0.0,0.1267854959781863,0.0,0.2824291803055941,0.0,0.0,0.0,terminal,0.3817,"1 входящих связей от 1 отправителей; 0 исходящих связей к 0 получателям; вход 10,000 KZT, выход 0 KZT",0.0934
100000003366471100,3,False,2,1,20000.0,1,1,329789.0,5,2,False,0.0606448365470043,0.00036049115115409467,1.922024458454748e-05,1,0.5849625007211564,0.3868528072345416,0.8682479951225511,0.7322951533772758,0.10682919610522966,0.1428653798145826,0.5849625007211564,0.3868528072345416,consolidator,0.6558,"2 входящих связей от 2 отправителей; 1 исходящих связей к 1 получателям; вход 329,789 KZT, выход 20,000 KZT",0.4457
100000003561031100,3,False,1,1,5000.0,1,1,13300.0,1,1,False,0.37593984962406013,0.00028827529889143894,1.922024458454748e-05,1,0.0,0.3868528072345416,0.1872674599333289,0.6297997767503529,0.0017897330515210617,0.1428653798145826,0.0,0.3868528072345416,peripheral,0.35,"1 входящих связей от 1 отправителей; 1 исходящих связей к 1 получателям; вход 13,300 KZT, выход 5,000 KZT",0.2447
100000001690439100,3,False,1,0,0.0,0,0,14200.0,1,1,False,0.0,0.00047706727238734246,0.0,10,0.0,0.0,0.20115449544536662,0.0,0.27637559624234376,0.0,0.0,0.0,terminal,0.4003,"1 входящих связей от 1 отправителей; 0 исходящих связей к 0 получателям; вход 14,200 KZT, выход 0 KZT",0.1053
100000002954780100,3,False,1,0,0.0,0,0,133400.0,1,1,False,0.0,0.0002924420224811522,0.0,5,0.0,0.0,0.6762745843713678,0.0,0.007850525548958893,0.0,0.0,0.0,terminal,0.5191,"1 входящих связей от 1 отправителей; 0 исходящих связей к 0 получателям; вход 133,400 KZT, выход 0 KZT",0.1237
100000008720668100,3,False,1,0,0.0,0,0,16000.0,1,1,False,0.0,0.00028806653868421585,0.0,22,0.0,0.0,0.22646658576820314,0.0,0.0014860759843542102,0.0,0.0,0.0,terminal,0.4066,"1 входящих связей от 1 отправителей; 0 исходящих связей к 0 получателям; вход 16,000 KZT, выход 0 KZT",0.0411
100000002459164100,3,False,1,0,0.0,0,0,20000.0,1,1,False,0.0,0.0005418286835835163,0.0,0,0.0,0.0,0.2737932863595569,0.0,0.37055499567190114,0.0,0.0,0.0,terminal,0.4184,"1 входящих связей от 1 отправителей; 0 исходящих связей к 0 получателям; вход 20,000 KZT, выход 0 KZT",0.1419
100000005082652100,3,False,1,0,0.0,0,0,30000.0,1,1,False,0.0,0.00040800365167801807,0.0,2,0.0,0.0,0.3597899992899909,0.0,0.175932983392094,0.0,0.0,0.0,terminal,0.4399,"1 входящих связей от 1 отправителей; 0 исходящих связей к 0 получателям; вход 30,000 KZT, выход 0 KZT",0.1087
100000005041905100,3,False,1,1,1080351.0,5,1,5000.0,1,1,False,216.0702,0.00028634968311320444,0.0,22,0.0,0.3868528072345416,0.0,1.0,0.0,0.0,0.0,0.3868528072345416,peripheral,0.35,"1 входящих связей от 1 отправителей; 1 исходящих связей к 1 получателям; вход 5,000 KZT, выход 1,080,351 KZT",0.2458
100000008653041100,3,False,1,0,0.0,0,0,28000.0,1,1,False,0.0,0.00028993947203441017,0.0,22,0.0,0.0,0.34515692933602854,0.0,0.004210392953517175,0.0,0.0,0.0,terminal,0.4363,"1 входящих связей от 1 отправителей; 0 исходящих связей к 0 получателям; вход 28,000 KZT, выход 0 KZT",0.0632
100000008722417100,3,False,1,3,720000.0,6,3,331900.0,1,1,False,2.16932811087677,0.0002963258990924784,5.7660733753642434e-05,10,0.0,0.7737056144690831,0.8696013468766167,0.9972669314223698,0.013499874490622657,0.42858790206415487,0.0,0.7737056144690831,distributor,0.852,"1 входящих связей от 1 отправителей; 3 исходящих связей к 3 получателям; вход 331,900 KZT, выход 720,000 KZT",0.5652
100000008625905100,3,False,1,2,635000.0,2,2,197800.0,1,1,False,3.210313447927199,0.0005453128171044582,3.962937027741748e-05,45,0.0,0.6131471927654585,0.7598222327871736,0.98797779303291,0.3756216303485492,0.2945647875856104,0.0,0.6131471927654585,peripheral,0.35,"1 входящих связей от 1 отправителей; 2 исходящих связей к 2 получателям; вход 197,800 KZT, выход 635,000 KZT",0.5775
100000007487729100,3,False,1,0,0.0,0,0,25000.0,1,1,False,0.0,0.0002941149149674846,0.0,0,0.0,0.0,0.3211205171539985,0.0,0.010283858218250883,0.0,0.0,0.0,terminal,0.4303,"1 входящих связей от 1 отправителей; 0 исходящих связей к 0 получателям; вход 25,000 KZT, выход 0 KZT",0.0604
100000000838385100,3,False,1,2,177500.0,6,2,436900.0,8,1,False,0.40627145799954223,0.0019211545642599033,2.1796153652579615e-05,15,0.0,0.6131471927654585,0.927901995827879,0.8937265969524658,1.0,0.16201207772691262,0.0,0.6131471927654585,peripheral,0.35,"1 входящих связей от 1 отправителей; 2 исходящих связей к 2 получателям; вход 436,900 KZT, выход 177,500 KZT",0.7178
100000004750321100,3,False,2,0,0.0,0,0,50185.0,2,2,False,0.0,0.0003125361003811254,0.0,18,0.5849625007211564,0.0,0.4689179860626469,0.0,0.03707842058307524,0.0,0.5849625007211564,0.0,consolidator,0.556,"2 входящих связей от 2 отправителей; 0 исходящих связей к 0 получателям; вход 50,185 KZT, выход 0 KZT",0.1931
100000008664774100,3,False,1,0,0.0,0,0,16300.0,1,1,False,0.0,0.0002881133620179708,0.0,22,0.0,0.0,0.23040644350328726,0.0,0.0015541839707516726,0.0,0.0,0.0,terminal,0.4076,"1 входящих связей от 1 отправителей; 0 исходящих связей к 0 получателям; вход 16,300 KZT, выход 0 KZT",0.0419
100000006274203100,3,False,2,3,72000.0,3,3,3417512.0,41,2,False,0.02106795821053445,0.0006321051467844558,4.4781188413481754e-05,43,0.5849625007211564,0.7737056144690831,1.0,0.8270082999498383,0.5018295346156204,0.3328573525905175,0.5849625007211564,0.7737056144690831,distributor,0.7924,"2 входящих связей от 2 отправителей; 3 исходящих связей к 3 получателям; вход 3,417,512 KZT, выход 72,000 KZT",0.6591
100000002185328100,3,False,1,4,55000.0,4,4,15000.0,1,1,False,3.6666666666666665,0.0003518471698066015,6.162367078138419e-05,32,0.0,0.8982444017039272,0.21277867430530759,0.8070933900106033,0.09425674448283079,0.45804320771045426,0.0,0.8982444017039272,distributor,0.8663,"1 входящих связей от 1 отправителей; 4 исходящих связей к 4 получателям; вход 15,000 KZT, выход 55,000 KZT",0.4606
100000008254576100,3,False,1,1,60000.0,1,1,8000.0,1,1,False,7.5,0.00029167108817849073,1.9616538287321655e-05,38,0.0,0.3868528072345416,0.07946144622334977,0.8135271415675038,0.006729149291108198,0.14581102885737232,0.0,0.3868528072345416,peripheral,0.35,"1 входящих связей от 1 отправителей; 1 исходящих связей к 1 получателям; вход 8,000 KZT, выход 60,000 KZT",0.2603
100000001689968100,3,False,3,0,0.0,0,0,344333.75,3,3,False,0.0,0.0003391431091830108,0.0,10,1.0,0.0,0.877401967617981,0.0,0.0757788133702101,0.0,1.0,0.0,consolidator,0.9694,"3 входящих связей от 3 отправителей; 0 исходящих связей к 0 получателям; вход 344,334 KZT, выход 0 KZT",0.3469
100000002236528100,3,False,1,0,0.0,0,0,66000.0,1,1,False,0.0,0.0003072417833612635,0.0,2,0.0,0.0,0.5270200850223479,0.0,0.029377614495647426,0.0,0.0,0.0,terminal,0.4818,"1 входящих связей от 1 отправителей; 0 исходящих связей к 0 получателям; вход 66,000 KZT, выход 0 KZT",0.1022
100000002670960100,3,False,1,0,0.0,0,0,480310.0,1,1,False,0.0,0.0003084473471986253,0.0,24,0.0,0.0,0.9479938885829914,0.0,0.03113116122820226,0.0,0.0,0.0,terminal,0.587,"1 входящих связей от 1 отправителей; 0 исходящих связей к 0 получателям; вход 480,310 KZT, выход 0 KZT",0.1784
100000003557488100,3,False,1,2,138000.0,4,2,664992.0,3,1,False,0.20752129348924497,0.0005809718147261454,1.981468513870874e-05,36,0.0,0.6131471927654585,1.0,0.875114065676229,0.42747600928987645,0.14728385294102248,0.0,0.6131471927654585,peripheral,0.35,"1 входящих связей от 1 отправителей; 2 исходящих связей к 2 получателям; вход 664,992 KZT, выход 138,000 KZT",0.581
100000003888197100,3,False,1,0,0.0,0,0,83167.0,1,1,False,0.0,0.0002882646679975095,0.0,10,0.0,0.0,0.576056696783234,0.0,0.001774269636365412,0.0,0.0,0.0,terminal,0.494,"1 входящих связей от 1 отправителей; 0 исходящих связей к 0 получателям; вход 83,167 KZT, выход 0 KZT",0.1041
100000002799941100,3,False,1,0,0.0,0,0,600000.0,1,1,False,0.0,0.0003881784929365055,0.0,43,0.0,0.0,0.9951862134338199,0.0,0.14709900119605004,0.0,0.0,0.0,terminal,0.5988,"1 входящих связей от 1 отправителей; 0 исходящих связей к 0 получателям; вход 600,000 KZT, выход 0 KZT",0.2159
100000001632325100,3,False,1,0,0.0,0,0,85600.0,3,1,False,0.0,0.0002989295521153426,0.0,22,0.0,0.0,0.5821725313806353,0.0,0.017287043400189106,0.0,0.0,0.0,terminal,0.4955,"1 входящих связей от 1 отправителей; 0 исходящих связей к 0 получателям; вход 85,600 KZT, выход 0 KZT",0.1091
100000008620570100,3,False,2,2,31800.0,2,2,145000.0,2,2,False,0.2193103448275862,0.00034853843958794993,1.922024458454748e-05,1,0.5849625007211564,0.6131471927654585,0.6939599223096873,0.7665835664548786,0.08944425155213874,0.1428653798145826,0.5849625007211564,0.6131471927654585,peripheral,0.35,"2 входящих связей от 2 отправителей; 2 исходящих связей к 2 получателям; вход 145,000 KZT, выход 31,800 KZT",0.4209
100000005308954100,3,False,1,1,30000.0,1,1,69020.0,1,1,False,0.43465662126919735,0.0003594505153223273,1.981468513870874e-05,16,0.0,0.3868528072345416,0.5365097538067759,0.762275140587193,0.10531562343487079,0.14728385294102248,0.0,0.3868528072345416,peripheral,0.35,"1 входящих связей от 1 отправителей; 1 исходящих связей к 1 получателям; вход 69,020 KZT, выход 30,000 KZT",0.3583
100000008468762100,3,False,2,0,0.0,0,0,170000.0,2,2,False,0.0,0.00031040507384099927,0.0,35,0.5849625007211564,0.0,0.7276977598314471,0.0,0.03397875803106414,0.0,0.5849625007211564,0.0,consolidator,0.6206,"2 входящих связей от 2 отправителей; 0 исходящих связей к 0 получателям; вход 170,000 KZT, выход 0 KZT",0.2389
100000002305007100,3,False,1,0,0.0,0,0,56000.0,1,1,False,0.0,0.0002943096498515301,0.0,22,0.0,0.0,0.4921715366105997,0.0,0.010567112711117689,0.0,0.0,0.0,terminal,0.473,"1 входящих связей от 1 отправителей; 0 исходящих связей к 0 получателям; вход 56,000 KZT, выход 0 KZT",0.0912
100000008314863100,3,False,1,0,0.0,0,0,12000.0,1,1,False,0.0,0.0005170968391841071,0.0,3,0.0,0.0,0.1654528573592594,0.0,0.3345893856853849,0.0,0.0,0.0,terminal,0.3914,"1 входящих связей от 1 отправителей; 0 исходящих связей к 0 получателям; вход 12,000 KZT, выход 0 KZT",0.1134
100000005709551100,3,False,1,0,0.0,0,0,24560.0,1,1,False,0.0,0.00029466084362895616,0.0,12,0.0,0.0,0.3173544203915315,0.0,0.01107794665165502,0.0,0.0,0.0,terminal,0.4293,"1 входящих связей от 1 отправителей; 0 исходящих связей к 0 получателям; вход 24,560 KZT, выход 0 KZT",0.0599
100000008297199100,3,False,1,0,0.0,0,0,42268.0,1,1,False,0.0,0.0002965958116631627,0.0,0,0.0,0.0,0.43250373770971884,0.0,0.013892478911966806,0.0,0.0,0.0,terminal,0.4581,"1 входящих связей от 1 отправителей; 0 исходящих связей к 0 получателям; вход 42,268 KZT, выход 0 KZT",0.0813
100000003271151100,3,False,1,0,0.0,0,0,127294.0,1,1,False,0.0,0.0003114684039158683,0.0,1,0.0,0.0,0.6663370629399917,0.0,0.03552541458856549,0.0,0.0,0.0,terminal,0.5166,"1 входящих связей от 1 отправителей; 0 исходящих связей к 0 получателям; вход 127,294 KZT, выход 0 KZT",0.1288
100000007005380100,3,False,1,0,0.0,0,0,9400.0,1,1,False,0.0,0.00030309570708396725,0.0,10,0.0,0.0,0.11366290893747885,0.0,0.023346944255009078,0.0,0.0,0.0,terminal,0.3784,"1 входящих связей от 1 отправителей; 0 исходящих связей к 0 получателям; вход 9,400 KZT, выход 0 KZT",0.0263
100000004451012100,3,False,1,3,65740.0,3,3,91245.0,1,1,False,0.7204778344018851,0.00030117358811251486,5.7660733753642434e-05,43,0.0,0.7737056144690831,0.5957178750006896,0.8202826691268598,0.020551119946809762,0.42858790206415487,0.0,0.7737056144690831,distributor,0.79,"1 входящих связей от 1 отправителей; 3 исходящих связей к 3 получателям; вход 91,245 KZT, выход 65,740 KZT",0.4858
100000004779204100,3,False,1,1,20000.0,2,1,30450.0,1,1,False,0.6568144499178982,0.0002872842372140548,1.922024458454748e-05,0,0.0,0.3868528072345416,0.3629478098522946,0.7322951533772758,0.00034816042607064304,0.1428653798145826,0.0,0.3868528072345416,peripheral,0.35,"1 входящих связей от 1 отправителей; 1 исходящих связей к 1 получателям; вход 30,450 KZT, выход 20,000 KZT",0.2944
100000002793881100,3,False,3,0,0.0,0,0,785600.0,3,3,False,0.0,0.0003750831470797373,0.0,5,1.0,0.0,1.0,0.0,0.1280526375793461,0.0,1.0,0.0,consolidator,1.0,"3 входящих связей от 3 отправителей; 0 исходящих связей к 0 получателям; вход 785,600 KZT, выход 0 KZT",0.382
100000008671129100,3,False,1,0,0.0,0,0,26200.0,1,1,False,0.0,0.000289658532031881,0.0,22,0.0,0.0,0.3310642641601074,0.0,0.0038017457333305803,0.0,0.0,0.0,terminal,0.4328,"1 входящих связей от 1 отправителей; 0 исходящих связей к 0 получателям; вход 26,200 KZT, выход 0 KZT",0.0605
100000002095257100,3,False,1,0,0.0,0,0,8500.0,1,1,False,0.0,0.00039673382024222074,0.0,8,0.0,0.0,0.09231853335220387,0.0,0.15954205640298344,0.0,0.0,0.0,terminal,0.3731,"1 входящих связей от 1 отправителей; 0 исходящих связей к 0 получателям; вход 8,500 KZT, выход 0 KZT",0.0565
100000002194329100,3,False,1,0,0.0,0,0,25170.0,1,1,False,0.0,0.00028698686778801477,0.0,0,0.0,0.0,0.3225578765783252,0.0,0.0,0.0,0.0,0.0,terminal,0.4306,"1 входящих связей от 1 отправителей; 0 исходящих связей к 0 получателям; вход 25,170 KZT, выход 0 KZT",0.0581
100000001884825100,3,False,3,0,0.0,0,0,495000.0,3,3,False,0.0,0.0003400964668098235,0.0,5,1.0,0.0,0.9543836888565526,0.0,0.07716547079740245,0.0,1.0,0.0,consolidator,0.9886,"3 входящих связей от 3 отправителей; 0 исходящих связей к 0 получателям; вход 495,000 KZT, выход 0 KZT",0.3611
100000008692291100,3,False,3,3,156000.0,3,3,160000.0,3,3,False,0.975,0.0003078529865771743,6.419957984941633e-05,42,1.0,0.7737056144690831,0.7148391912915051,0.8841795610624325,0.030266637280989703,0.47718909378826624,1.0,0.7737056144690831,transit,0.9873,"3 входящих связей от 3 отправителей; 3 исходящих связей к 3 получателям; вход 160,000 KZT, выход 156,000 KZT",0.5704
100000002697752100,3,False,2,0,0.0,0,0,190785.0,2,2,False,0.0,0.000329580043041525,0.0,1,0.5849625007211564,0.0,0.7521633961886027,0.0,0.06186927300128951,0.0,0.5849625007211564,0.0,consolidator,0.6268,"2 входящих связей от 2 отправителей; 0 исходящих связей к 0 получателям; вход 190,785 KZT, выход 0 KZT",0.2503
100000007170072100,3,False,1,2,99500.0,9,2,100000.0,1,1,False,0.995,0.0003076581045462551,3.844048916909496e-05,1,0.0,0.6131471927654585,0.6151509436747945,0.8509278805861547,0.029983172591378955,0.28572801380078566,0.0,0.6131471927654585,transit,0.9975,"1 входящих связей от 1 отправителей; 2 исходящих связей к 2 получателям; вход 100,000 KZT, выход 99,500 KZT",0.4385
100000002373144100,3,False,1,1,10764.0,1,1,46468.0,1,1,False,0.2316432813979513,0.00028969018116006015,1.922024458454748e-05,0,0.0,0.3868528072345416,0.4525965384328036,0.6864889182349343,0.003847781647571873,0.1428653798145826,0.0,0.3868528072345416,peripheral,0.35,"1 входящих связей от 1 отправителей; 1 исходящих связей к 1 получателям; вход 46,468 KZT, выход 10,764 KZT",0.3032
100000000287768100,3,False,1,0,0.0,0,0,35168.0,1,1,False,0.0,0.0002886880716986394,0.0,0,0.0,0.0,0.39350039451370467,0.0,0.0023901412555910077,0.0,0.0,0.0,terminal,0.4484,"1 входящих связей от 1 отправителей; 0 исходящих связей к 0 получателям; вход 35,168 KZT, выход 0 KZT",0.0714
100000004508696100,3,False,1,3,111000.0,4,3,7000.0,1,1,False,15.857142857142858,0.00042253166627963126,3.923307657464331e-05,19,0.0,0.7737056144690831,0.05114286315444276,0.8590151151331693,0.19706236386908543,0.29161919749127574,0.0,0.7737056144690831,distributor,0.8036,"1 входящих связей от 1 отправителей; 3 исходящих связей к 3 получателям; вход 7,000 KZT, выход 111,000 KZT",0.4088
100000008688109100,3,False,1,0,0.0,0,0,12800.0,1,1,False,0.0,0.0002875670897908307,0.0,22,0.0,0.0,0.17914054791393483,0.0,0.0007595905977427577,0.0,0.0,0.0,terminal,0.3948,"1 входящих связей от 1 отправителей; 0 исходящих связей к 0 получателям; вход 12,800 KZT, выход 0 KZT",0.0324
100000008724461100,3,False,1,1,130000.0,1,1,100111.0,1,1,False,1.298558599954051,0.00029072698311701655,2.2390594206740877e-05,5,0.0,0.3868528072345416,0.6153862447607991,0.870698292084384,0.005355883236156102,0.1664305394720189,0.0,0.3868528072345416,peripheral,0.35,"1 входящих связей от 1 отправителей; 1 исходящих связей к 1 получателям; вход 100,111 KZT, выход 130,000 KZT",0.3712
100000001714413100,3,False,1,0,0.0,0,0,250172.0,1,1,False,0.0,0.00029367716211375173,0.0,10,0.0,0.0,0.8096432934197534,0.0,0.009647118158070463,0.0,0.0,0.0,terminal,0.5524,"1 входящих связей от 1 отправителей; 0 исходящих связей к 0 получателям; вход 250,172 KZT, выход 0 KZT",0.1481
100000008672493100,3,False,1,0,0.0,0,0,14000.0,1,1,False,0.0,0.0002877543831258502,0.0,22,0.0,0.0,0.19814610930549503,0.0,0.0010320226602304717,0.0,0.0,0.0,terminal,0.3995,"1 входящих связей от 1 отправителей; 0 исходящих связей к 0 получателям; вход 14,000 KZT, выход 0 KZT",0.0359
100000003241965100,3,False,1,0,0.0,0,0,15000.0,1,1,False,0.0,0.00029115802793766007,0.0,18,0.0,0.0,0.21277867430530759,0.0,0.005982867876228201,0.0,0.0,0.0,terminal,0.4032,"1 входящих связей от 1 отправителей; 0 исходящих связей к 0 получателям; вход 15,000 KZT, выход 0 KZT",0.0398
100000002241986100,3,False,1,6,3077000.0,12,6,280000.0,1,1,False,10.989285714285714,0.00029464386295803346,0.00011532146750728487,30,0.0,1.0,0.8335346477734468,1.0,0.011053247177607136,0.8571510935726283,0.0,1.0,distributor,1.0,"1 входящих связей от 1 отправителей; 6 исходящих связей к 6 получателям; вход 280,000 KZT, выход 3,077,000 KZT",0.6914
100000004140994100,3,False,1,0,0.0,0,0,18650.0,1,1,False,0.0,0.00028848014479905044,0.0,22,0.0,0.0,0.25897101702818465,0.0,0.002087696420564539,0.0,0.0,0.0,terminal,0.4147,"1 входящих связей от 1 отправителей; 0 исходящих связей к 0 получателям; вход 18,650 KZT, выход 0 KZT",0.0471
100000008489922100,3,False,3,36,3789900.0,41,36,262010.0,5,3,False,14.464715087210411,0.0005858952858663079,0.0010622652702861756,5,1.0,1.0,0.8194496095705681,1.0,0.43463544667752857,1.0,1.0,1.0,distributor,1.0,"3 входящих связей от 3 отправителей; 36 исходящих связей к 36 получателям; вход 262,010 KZT, выход 3,789,900 KZT",0.8262
100000001252290100,3,False,1,1,5000.0,1,1,141005.0,1,1,False,0.03545973547037339,0.0002901391498076063,1.922024458454748e-05,10,0.0,0.3868528072345416,0.6880341551936727,0.6297997767503529,0.004500838410241198,0.1428653798145826,0.0,0.3868528072345416,peripheral,0.35,"1 входящих связей от 1 отправителей; 1 исходящих связей к 1 получателям; вход 141,005 KZT, выход 5,000 KZT",0.3355
100000008667799100,3,False,1,0,0.0,0,0,34000.0,1,1,False,0.0,0.00029087593870950727,0.0,22,0.0,0.0,0.3863366092262719,0.0,0.005572549525229761,0.0,0.0,0.0,terminal,0.4466,"1 входящих связей от 1 отправителей; 0 исходящих связей к 0 получателям; вход 34,000 KZT, выход 0 KZT",0.0709
100000008684951100,3,False,1,0,0.0,0,0,17200.0,1,1,False,0.0,0.00028825383201923533,0.0,22,0.0,0.0,0.2418050691940891,0.0,0.0017585079108152193,0.0,0.0,0.0,terminal,0.4105,"1 входящих связей от 1 отправителей; 0 исходящих связей к 0 получателям; вход 17,200 KZT, выход 0 KZT",0.044
100000006126743100,3,False,1,0,0.0,0,0,55000.0,1,1,False,0.0,0.0002873517987913648,0.0,10,0.0,0.0,0.4883498316449107,0.0,0.00044643379044756866,0.0,0.0,0.0,terminal,0.4721,"1 входящих связей от 1 отправителей; 0 исходящих связей к 0 получателям; вход 55,000 KZT, выход 0 KZT",0.088
100000003009900100,3,False,1,0,0.0,0,0,15998.0,1,1,False,0.0,0.0002915298650211887,0.0,18,0.0,0.0,0.2264400729295457,0.0,0.006523730531927136,0.0,0.0,0.0,terminal,0.4066,"1 входящих связей от 1 отправителей; 0 исходящих связей к 0 получателям; вход 15,998 KZT, выход 0 KZT",0.0424
100000001745217100,3,False,1,0,0.0,0,0,50000.0,1,1,False,0.0,0.000290003406878444,0.0,0,0.0,0.0,0.46813466994857295,0.0,0.004303390716556734,0.0,0.0,0.0,terminal,0.467,"1 входящих связей от 1 отправителей; 0 исходящих связей к 0 получателям; вход 50,000 KZT, выход 0 KZT",0.0853
100000002886166100,3,False,1,0,0.0,0,0,185000.0,3,1,False,0.0,0.00032459115017370436,0.0,34,0.0,0.0,0.7456325097355305,0.0,0.054612843896589984,0.0,0.0,0.0,terminal,0.5364,"1 входящих связей от 1 отправителей; 0 исходящих связей к 0 получателям; вход 185,000 KZT, выход 0 KZT",0.1479
100000002956779100,3,False,1,0,0.0,0,0,411000.0,1,1,False,0.0,0.00040310724815078425,0.0,3,0.0,0.0,0.9149401920098387,0.0,0.16881164022653647,0.0,0.0,0.0,terminal,0.5787,"1 входящих связей от 1 отправителей; 0 исходящих связей к 0 получателям; вход 411,000 KZT, выход 0 KZT",0.2069
100000008568512100,3,False,1,0,0.0,0,0,199640.0,1,1,False,0.0,0.0002920394617294402,0.0,10,0.0,0.0,0.7617861509076116,0.0,0.007264973726148239,0.0,0.0,0.0,terminal,0.5404,"1 входящих связей от 1 отправителей; 0 исходящих связей к 0 получателям; вход 199,640 KZT, выход 0 KZT",0.1389
100000008583360100,3,False,1,1,170000.0,1,1,112843.0,1,1,False,1.5065179054083992,0.0003276125928311366,1.922024458454748e-05,18,0.0,0.3868528072345416,0.6407784969795877,0.890534344684734,0.05900758769635998,0.1428653798145826,0.0,0.3868528072345416,peripheral,0.35,"1 входящих связей от 1 отправителей; 1 исходящих связей к 1 получателям; вход 112,843 KZT, выход 170,000 KZT",0.3876
100000001130176100,3,False,1,0,0.0,0,0,25000.0,2,1,False,0.0,0.0005580456003895453,0.0,0,0.0,0.0,0.3211205171539985,0.0,0.3941375219262226,0.0,0.0,0.0,terminal,0.4303,"1 входящих связей от 1 отправителей; 0 исходящих связей к 0 получателям; вход 25,000 KZT, выход 0 KZT",0.1563
100000001145749100,3,False,1,0,0.0,0,0,10000.0,1,1,False,0.0,0.0004785089150229709,0.0,3,0.0,0.0,0.1267854959781863,0.0,0.27847217399699914,0.0,0.0,0.0,terminal,0.3817,"1 входящих связей от 1 отправителей; 0 исходящих связей к 0 получателям; вход 10,000 KZT, выход 0 KZT",0.0924
100000005367445100,3,False,1,1,5000.0,1,1,5000.0,1,1,False,1.0,0.0018429964605732548,0.0,42,0.0,0.3868528072345416,0.0,0.6297997767503529,1.0,0.0,0.0,0.3868528072345416,transit,1.0,"1 входящих связей от 1 отправителей; 1 исходящих связей к 1 получателям; вход 5,000 KZT, выход 5,000 KZT",0.4291
100000003917461100,3,False,1,2,140000.0,5,2,10000.0,1,1,False,14.0,0.0003991316698685005,2.0210978841482916e-05,8,0.0,0.6131471927654585,0.1267854959781863,0.8761780013495596,0.16302952226767078,0.15022950023283396,0.0,0.6131471927654585,peripheral,0.35,"1 входящих связей от 1 отправителей; 2 исходящих связей к 2 получателям; вход 10,000 KZT, выход 140,000 KZT",0.3586
100000008200810100,3,False,1,0,0.0,0,0,475000.0,1,1,False,0.0,0.0003081944220849885,0.0,24,0.0,0.0,0.9456359636666197,0.0,0.030763270468987622,0.0,0.0,0.0,terminal,0.5864,"1 входящих связей от 1 отправителей; 0 исходящих связей к 0 получателям; вход 475,000 KZT, выход 0 KZT",0.1779
100000002554175100,3,False,1,0,0.0,0,0,24621.0,1,1,False,0.0,0.0002947426417459053,0.0,18,0.0,0.0,0.3178805481951296,0.0,0.011196927248840532,0.0,0.0,0.0,terminal,0.4295,"1 входящих связей от 1 отправителей; 0 исходящих связей к 0 получателям; вход 24,621 KZT, выход 0 KZT",0.06
100000008751380100,3,False,2,0,0.0,0,0,345780.0,2,2,False,0.0,0.0003127638118830448,0.0,5,0.5849625007211564,0.0,0.8782909604918185,0.0,0.03740963559598028,0.0,0.5849625007211564,0.0,consolidator,0.6583,"2 входящих связей от 2 отправителей; 0 исходящих связей к 0 получателям; вход 345,780 KZT, выход 0 KZT",0.2669
100000004071444100,3,False,1,1,100000.0,1,1,247350.0,1,1,False,0.40428542551041036,0.0003075048495520183,1.922024458454748e-05,0,0.0,0.3868528072345416,0.8072371370780083,0.8512985181756111,0.02976025626231897,0.1428653798145826,0.0,0.3868528072345416,peripheral,0.35,"1 входящих связей от 1 отправителей; 1 исходящих связей к 1 получателям; вход 247,350 KZT, выход 100,000 KZT",0.4032
100000001141268100,3,False,2,1,10000.0,1,1,480000.0,2,2,False,0.020833333333333332,0.0003648625677100086,2.2390594206740877e-05,35,0.5849625007211564,0.3868528072345416,0.9478569500836932,0.6810456169100282,0.1131872692466707,0.1664305394720189,0.5849625007211564,0.3868528072345416,consolidator,0.6757,"2 входящих связей от 2 отправителей; 1 исходящих связей к 1 получателям; вход 480,000 KZT, выход 10,000 KZT",0.4576
100000002645993100,3,False,2,5,86980.0,9,5,49650.0,4,2,False,1.7518630412890233,0.0002933085935851196,4.1808985642675445e-05,0,0.5849625007211564,1.0,0.4666447599939773,0.8409842033828313,0.0091110109923774,0.3107655122394834,0.5849625007211564,1.0,distributor,0.9443,"2 входящих связей от 2 отправителей; 5 исходящих связей к 5 получателям; вход 49,650 KZT, выход 86,980 KZT",0.476
100000002546921100,3,False,1,0,0.0,0,0,20000.0,1,1,False,0.0,0.0002912223270400019,0.0,40,0.0,0.0,0.2737932863595569,0.0,0.006076395364846886,0.0,0.0,0.0,terminal,0.4184,"1 входящих связей от 1 отправителей; 0 исходящих связей к 0 получателям; вход 20,000 KZT, выход 0 KZT",0.0508
100000008753897100,3,False,1,0,0.0,0,0,24050.0,1,1,False,0.0,0.0002893229648066379,0.0,22,0.0,0.0,0.3129038176372234,0.0,0.003313639181024287,0.0,0.0,0.0,terminal,0.4282,"1 входящих связей от 1 отправителей; 0 исходящих связей к 0 получателям; вход 24,050 KZT, выход 0 KZT",0.0572
100000000870121100,3,False,1,0,0.0,0,0,12000.0,1,1,False,0.0,0.00031567480064349947,0.0,12,0.0,0.0,0.1654528573592594,0.0,0.041643772471368815,0.0,0.0,0.0,terminal,0.3914,"1 входящих связей от 1 отправителей; 0 исходящих связей к 0 получателям; вход 12,000 KZT, выход 0 KZT",0.0402
100000003171006100,3,False,2,0,0.0,0,0,485000.0,2,2,False,0.0,0.00033496794429429064,0.0,5,0.5849625007211564,0.0,0.9500549207310972,0.0,0.06970602590753597,0.0,0.5849625007211564,0.0,consolidator,0.6762,"2 входящих связей от 2 отправителей; 0 исходящих связей к 0 получателям; вход 485,000 KZT, выход 0 KZT",0.2879
100000001690558100,3,False,1,0,0.0,0,0,740000.0,1,1,False,0.0,0.0004121206393043224,0.0,43,0.0,0.0,1.0,0.0,0.18192071488866476,0.0,0.0,0.0,terminal,0.6,"1 входящих связей от 1 отправителей; 0 исходящих связей к 0 получателям; вход 740,000 KZT, выход 0 KZT",0.2255
100000008667795100,3,False,1,0,0.0,0,0,34000.0,1,1,False,0.0,0.00029087593870950727,0.0,22,0.0,0.0,0.3863366092262719,0.0,0.005572549525229761,0.0,0.0,0.0,terminal,0.4466,"1 входящих связей от 1 отправителей; 0 исходящих связей к 0 получателям; вход 34,000 KZT, выход 0 KZT",0.0709
100000005674387100,3,False,1,0,0.0,0,0,26200.0,1,1,False,0.0,0.000289658532031881,0.0,22,0.0,0.0,0.3310642641601074,0.0,0.0038017457333305803,0.0,0.0,0.0,terminal,0.4328,"1 входящих связей от 1 отправителей; 0 исходящих связей к 0 получателям; вход 26,200 KZT, выход 0 KZT",0.0605
100000003636627100,3,False,1,1,10000.0,1,1,77000.0,8,1,False,0.12987012987012986,0.001976312410294793,0.0,2,0.0,0.3868528072345416,0.5597154027151454,0.6810456169100282,1.0,0.0,0.0,0.3868528072345416,peripheral,0.35,"1 входящих связей от 1 отправителей; 1 исходящих связей к 1 получателям; вход 77,000 KZT, выход 10,000 KZT",0.5391
100000001275752100,3,False,1,0,0.0,0,0,151500.0,1,1,False,0.0,0.00029337452908966726,0.0,5,0.0,0.0,0.7032609626291124,0.0,0.009206918534836454,0.0,0.0,0.0,terminal,0.5258,"1 входящих связей от 1 отправителей; 0 исходящих связей к 0 получателям; вход 151,500 KZT, выход 0 KZT",0.1289
100000002459240100,3,False,1,0,0.0,0,0,150000.0,1,1,False,0.0,0.00029043067032840264,0.0,10,0.0,0.0,0.7011504844999529,0.0,0.004924875540978468,0.0,0.0,0.0,terminal,0.5253,"1 входящих связей от 1 отправителей; 0 исходящих связей к 0 получателям; вход 150,000 KZT, выход 0 KZT",0.1274
100000002644285100,3,False,1,0,0.0,0,0,500000.0,1,1,False,0.0,0.00030938521828855153,0.0,24,0.0,0.0,0.956515388032386,0.0,0.03249533537836044,0.0,0.0,0.0,terminal,0.5891,"1 входящих связей от 1 отправителей; 0 исходящих связей к 0 получателям; вход 500,000 KZT, выход 0 KZT",0.1803
100000005186109100,3,False,1,0,0.0,0,0,5000.0,1,1,False,0.0,0.0006059178330672794,0.0,4,0.0,0.0,0.0,0.0,0.46375075618318307,0.0,0.0,0.0,terminal,0.35,"1 входящих связей от 1 отправителей; 0 исходящих связей к 0 получателям; вход 5,000 KZT, выход 0 KZT",0.1159
100000005317181100,3,False,1,1,14500.0,1,1,141250.0,1,1,False,0.10265486725663717,0.00032241739654599024,1.922024458454748e-05,0,0.0,0.3868528072345416,0.6884023669776274,0.708517766700616,0.051451071138405816,0.1428653798145826,0.0,0.3868528072345416,peripheral,0.35,"1 входящих связей от 1 отправителей; 1 исходящих связей к 1 получателям; вход 141,250 KZT, выход 14,500 KZT",0.3615
100000003001661100,3,False,1,5,439500.0,8,5,110000.0,1,1,False,3.9954545454545456,0.0005464870342921854,8.322167758257671e-05,15,0.0,1.0,0.6353662981862549,0.9607678401682473,0.37732917560650764,0.6185725719701403,0.0,1.0,distributor,0.9863,"1 входящих связей от 1 отправителей; 5 исходящих связей к 5 получателям; вход 110,000 KZT, выход 439,500 KZT",0.6877
100000000288317100,3,False,2,3,53500.0,3,3,100000.0,2,2,False,0.535,0.0003128334856204937,5.8255174307803695e-05,1,0.5849625007211564,0.7737056144690831,0.6151509436747945,0.8050487964523649,0.03751097867361783,0.4330062053521699,0.5849625007211564,0.7737056144690831,distributor,0.7847,"2 входящих связей от 2 отправителей; 3 исходящих связей к 3 получателям; вход 100,000 KZT, выход 53,500 KZT",0.4918
100000004368189100,3,False,1,2,28200.0,2,2,384600.0,1,1,False,0.07332293291731669,0.0003038885030129045,2.774055919419224e-06,24,0.0,0.6131471927654585,0.9008588598035411,0.7577000581986852,0.024500106548585955,0.020619915097505007,0.0,0.6131471927654585,peripheral,0.35,"1 входящих связей от 1 отправителей; 2 исходящих связей к 2 получателям; вход 384,600 KZT, выход 28,200 KZT",0.4134
100000004493586100,3,False,1,0,0.0,0,0,7500.0,1,1,False,0.0,0.0002886397366507129,0.0,0,0.0,0.0,0.06577441835053888,0.0,0.002319834409969538,0.0,0.0,0.0,terminal,0.3664,"1 входящих связей от 1 отправителей; 0 исходящих связей к 0 получателям; вход 7,500 KZT, выход 0 KZT",0.0124
100000004114962100,3,False,2,0,0.0,0,0,165000.0,2,2,False,0.0,0.0007112908662345276,0.0,10,0.5849625007211564,0.0,0.7213659032839392,0.0,0.6169668389279555,0.0,0.5849625007211564,0.0,consolidator,0.6191,"2 входящих связей от 2 отправителей; 0 исходящих связей к 0 получателям; вход 165,000 KZT, выход 0 KZT",0.3835
100000008088082100,3,False,1,1,50000.0,1,1,39138.0,1,1,False,1.2775307884920026,0.0003000572852952129,1.922024458454748e-05,12,0.0,0.3868528072345416,0.4161857124010332,0.800046024263114,0.018927395641348498,0.1428653798145826,0.0,0.3868528072345416,peripheral,0.35,"1 входящих связей от 1 отправителей; 1 исходящих связей к 1 получателям; вход 39,138 KZT, выход 50,000 KZT",0.3208
100000008595687100,3,False,1,1,10400.0,1,1,64395.0,1,1,False,0.161503222299868,0.00030485762729909273,0.0002823592632265996,16,0.0,0.3868528072345416,0.5217984611962477,0.6839454213245433,0.02590974622962699,1.0,0.0,0.3868528072345416,coordinator,0.6591,"1 входящих связей от 1 отправителей; 1 исходящих связей к 1 получателям; вход 64,395 KZT, выход 10,400 KZT",0.5093
100000001248999100,3,False,1,0,0.0,0,0,23425.0,1,1,False,0.0,0.00028925636689373647,0.0,28,0.0,0.0,0.30731914077837885,0.0,0.0032167677295044748,0.0,0.0,0.0,terminal,0.4268,"1 входящих связей от 1 отправителей; 0 исходящих связей к 0 получателям; вход 23,425 KZT, выход 0 KZT",0.0561
100000002736316100,3,False,3,0,0.0,0,0,266921.0,3,3,False,0.0,0.0003838232724141563,0.0,0,1.0,0.0,0.8233883554503334,0.0,0.1407646323107888,0.0,1.0,0.0,consolidator,0.9558,"3 входящих связей от 3 отправителей; 0 исходящих связей к 0 получателям; вход 266,921 KZT, выход 0 KZT",0.3534
100000008596924100,3,False,1,0,0.0,0,0,100000.0,1,1,False,0.0,0.0004160204242994214,0.0,2,0.0,0.0,0.6151509436747945,0.0,0.18759252496049073,0.0,0.0,0.0,terminal,0.5038,"1 входящих связей от 1 отправителей; 0 исходящих связей к 0 получателям; вход 100,000 KZT, выход 0 KZT",0.1576
100000008598972100,3,False,1,0,0.0,0,0,120000.0,1,1,False,0.0,0.0002941160150228167,0.0,1,0.0,0.0,0.653821486275727,0.0,0.01028545832008622,0.0,0.0,0.0,terminal,0.5135,"1 входящих связей от 1 отправителей; 0 исходящих связей к 0 получателям; вход 120,000 KZT, выход 0 KZT",0.1203
100000002769809100,3,False,1,0,0.0,0,0,113422.0,1,1,False,0.0,0.0003777442594632966,0.0,43,0.0,0.0,0.6418640086675879,0.0,0.1319230797168346,0.0,0.0,0.0,terminal,0.5105,"1 входящих связей от 1 отправителей; 0 исходящих связей к 0 получателям; вход 113,422 KZT, выход 0 KZT",0.1485
100000003089553100,3,False,1,0,0.0,0,0,150000.0,1,1,False,0.0,0.00030709199718265064,0.0,42,0.0,0.0,0.7011504844999529,0.0,0.029159743625694512,0.0,0.0,0.0,terminal,0.5253,"1 входящих связей от 1 отправителей; 0 исходящих связей к 0 получателям; вход 150,000 KZT, выход 0 KZT",0.1335
100000002343825100,3,False,3,2,89800.0,2,2,350000.0,4,3,False,0.25657142857142856,0.00033359725354762716,4.279971989961088e-05,42,1.0,0.6131471927654585,0.8808638479980881,0.8433434520011371,0.06771234736374544,0.31812946631856226,1.0,0.6131471927654585,coordinator,0.2305,"3 входящих связей от 3 отправителей; 2 исходящих связей к 2 получателям; вход 350,000 KZT, выход 89,800 KZT",0.5673
100000002015633100,3,False,1,0,0.0,0,0,94970.0,1,1,False,0.0,0.00028864719347910584,0.0,10,0.0,0.0,0.6042046189387754,0.0,0.0023306809098873307,0.0,0.0,0.0,terminal,0.5011,"1 входящих связей от 1 отправителей; 0 исходящих связей к 0 получателям; вход 94,970 KZT, выход 0 KZT",0.1093
100000002906470100,3,False,1,0,0.0,0,0,130000.0,1,1,False,0.0,0.0003078012872731202,0.0,43,0.0,0.0,0.6707986254455257,0.0,0.030191438320578492,0.0,0.0,0.0,terminal,0.5177,"1 входящих связей от 1 отправителей; 0 исходящих связей к 0 получателям; вход 130,000 KZT, выход 0 KZT",0.1283
100000005628518100,3,False,1,0,0.0,0,0,77000.0,3,1,False,0.0,0.0005329929869212501,0.0,43,0.0,0.0,0.5597154027151454,0.0,0.35770602692633796,0.0,0.0,0.0,terminal,0.4899,"1 входящих связей от 1 отправителей; 0 исходящих связей к 0 получателям; вход 77,000 KZT, выход 0 KZT",0.1902
100000002958139100,3,False,1,0,0.0,0,0,209500.0,2,1,False,0.0,0.0003002731747363869,0.0,5,0.0,0.0,0.772011147188833,0.0,0.019241418937952018,0.0,0.0,0.0,terminal,0.543,"1 входящих связей от 1 отправителей; 0 исходящих связей к 0 получателям; вход 209,500 KZT, выход 0 KZT",0.1438
100000008754747100,3,False,1,0,0.0,0,0,45500.0,1,1,False,0.0,0.00029267083317011014,0.0,22,0.0,0.0,0.4481315388816001,0.0,0.00818334605653387,0.0,0.0,0.0,terminal,0.462,"1 входящих связей от 1 отправителей; 0 исходящих связей к 0 получателям; вход 45,500 KZT, выход 0 KZT",0.0827
100000008776720100,3,False,1,0,0.0,0,0,26150.0,1,1,False,0.0,0.00028965072814292185,0.0,22,0.0,0.0,0.3306591167474486,0.0,0.003790394420020418,0.0,0.0,0.0,terminal,0.4327,"1 входящих связей от 1 отправителей; 0 исходящих связей к 0 получателям; вход 26,150 KZT, выход 0 KZT",0.0605
100000008576528100,3,False,1,0,0.0,0,0,28000.0,1,1,False,0.0,0.00028647675109136453,0.0,10,0.0,0.0,0.34515692933602854,0.0,0.0,0.0,0.0,0.0,terminal,0.4363,"1 входящих связей от 1 отправителей; 0 исходящих связей к 0 получателям; вход 28,000 KZT, выход 0 KZT",0.0621
100000004603109100,3,False,3,2,400000.0,2,2,2730000.0,8,3,False,0.14652014652014653,0.00317836527963168,1.1888811083225246e-06,21,1.0,0.6131471927654585,1.0,0.953804430266708,1.0,0.008837113474529788,1.0,0.6131471927654585,peripheral,0.35,"3 входящих связей от 3 отправителей; 2 исходящих связей к 2 получателям; вход 2,730,000 KZT, выход 400,000 KZT",0.7736
100000008721637100,3,False,1,2,127000.0,2,2,24041.0,1,1,False,5.282642152988644,0.0002904606519895616,0.00011472702695312361,2,0.0,0.6131471927654585,0.31282443292829926,0.8689719363910066,0.004968485971883151,0.8527330423918058,0.0,0.6131471927654585,coordinator,0.556,"1 входящих связей от 1 отправителей; 2 исходящих связей к 2 получателям; вход 24,041 KZT, выход 127,000 KZT",0.5058
100000004491749100,3,False,1,0,0.0,0,0,50000.0,1,1,False,0.0,0.0003507948592583558,0.0,2,0.0,0.0,0.46813466994857295,0.0,0.09272617806364736,0.0,0.0,0.0,terminal,0.467,"1 входящих связей от 1 отправителей; 0 исходящих связей к 0 получателям; вход 50,000 KZT, выход 0 KZT",0.1074
100000005171642100,3,False,2,1,683600.0,4,1,696800.0,5,2,False,0.9810562571756601,0.002767182224758268,3.962937027741748e-07,48,0.5849625007211564,0.3868528072345416,1.0,0.993430913779878,1.0,0.00294570565887353,0.5849625007211564,0.3868528072345416,consolidator,0.6887,"2 входящих связей от 2 отправителей; 1 исходящих связей к 1 получателям; вход 696,800 KZT, выход 683,600 KZT",0.7089
100000008682426100,3,False,1,0,0.0,0,0,20000.0,1,1,False,0.0,0.0002912223270400019,0.0,40,0.0,0.0,0.2737932863595569,0.0,0.006076395364846886,0.0,0.0,0.0,terminal,0.4184,"1 входящих связей от 1 отправителей; 0 исходящих связей к 0 получателям; вход 20,000 KZT, выход 0 KZT",0.0508
100000006209210100,3,False,1,0,0.0,0,0,229111.0,1,1,False,0.0,0.00036080271331221227,0.0,2,0.0,0.0,0.7909906181611295,0.0,0.10728235333327694,0.0,0.0,0.0,terminal,0.5477,"1 входящих связей от 1 отправителей; 0 исходящих связей к 0 получателям; вход 229,111 KZT, выход 0 KZT",0.1692
100000003888527100,3,False,1,0,0.0,0,0,30000.0,1,1,False,0.0,0.0003666748083508467,0.0,66,0.0,0.0,0.3597899992899909,0.0,0.11582310199900943,0.0,0.0,0.0,terminal,0.4399,"1 входящих связей от 1 отправителей; 0 исходящих связей к 0 получателям; вход 30,000 KZT, выход 0 KZT",0.0937
100000008490127100,3,False,1,6,923000.0,9,6,431755.0,2,1,False,2.137786476126507,0.00029956211716964596,0.00011532146750728487,10,0.0,1.0,0.9253894248154204,1.0,0.018207145583800106,0.8571510935726283,0.0,1.0,distributor,1.0,"1 входящих связей от 1 отправителей; 6 исходящих связей к 6 получателям; вход 431,755 KZT, выход 923,000 KZT",0.7097
100000004336228100,3,False,1,0,0.0,0,0,51407.0,2,1,False,0.0,0.00029602851093037016,0.0,1,0.0,0.0,0.4740206891995723,0.0,0.013067305010397379,0.0,0.0,0.0,terminal,0.4685,"1 входящих связей от 1 отправителей; 0 исходящих связей к 0 получателям; вход 51,407 KZT, выход 0 KZT",0.0886
100000006844004100,3,False,1,0,0.0,0,0,20600.0,1,1,False,0.0,0.000545441716485238,0.0,0,0.0,0.0,0.28006247951709373,0.0,0.3758090757748982,0.0,0.0,0.0,terminal,0.42,"1 входящих связей от 1 отправителей; 0 исходящих связей к 0 получателям; вход 20,600 KZT, выход 0 KZT",0.1444
100000001688676100,3,False,1,0,0.0,0,0,133700.0,1,1,False,0.0,0.00030843404399855535,0.0,43,0.0,0.0,0.6767510378569432,0.0,0.03111181113790408,0.0,0.0,0.0,terminal,0.5192,"1 входящих связей от 1 отправителей; 0 исходящих связей к 0 получателям; вход 133,700 KZT, выход 0 KZT",0.1296
100000008712036100,3,False,1,0,0.0,0,0,21000.0,1,1,False,0.0,0.00028884692758013016,0.0,22,0.0,0.0,0.28414130736987286,0.0,0.00262120867475078,0.0,0.0,0.0,terminal,0.421,"1 входящих связей от 1 отправителей; 0 исходящих связей к 0 получателям; вход 21,000 KZT, выход 0 KZT",0.0518
100000004697956100,3,False,1,1,10000.0,1,1,10000.0,1,1,False,1.0,0.0004681160760661767,0.0,2,0.0,0.3868528072345416,0.1267854959781863,0.6810456169100282,0.2633578232552397,0.0,0.0,0.3868528072345416,transit,1.0,"1 входящих связей от 1 отправителей; 1 исходящих связей к 1 получателям; вход 10,000 KZT, выход 10,000 KZT",0.277
100000004921657100,3,False,1,1,22190.0,1,1,8300.0,1,1,False,2.6734939759036145,0.00036129622421142584,0.0,3,0.0,0.3868528072345416,0.08726883147338335,0.7399781436809432,0.10800014891686101,0.0,0.0,0.3868528072345416,peripheral,0.35,"1 входящих связей от 1 отправителей; 1 исходящих связей к 1 получателям; вход 8,300 KZT, выход 22,190 KZT",0.2417
100000000408846100,3,False,1,0,0.0,0,0,40500.0,1,1,False,0.0,0.0002957255734808799,0.0,14,0.0,0.0,0.4234411633940983,0.0,0.012626663616133644,0.0,0.0,0.0,terminal,0.4559,"1 входящих связей от 1 отправителей; 0 исходящих связей к 0 получателям; вход 40,500 KZT, выход 0 KZT",0.0794
100000003406094100,3,False,1,3,47000.0,3,3,70000.0,4,1,False,0.6714285714285714,0.0007781507813786729,3.883678287186913e-05,16,0.0,0.7737056144690831,0.5395001308391884,0.7954708789480391,0.714175132697163,0.28867360622966776,0.0,0.7737056144690831,distributor,0.7813,"1 входящих связей от 1 отправителей; 3 исходящих связей к 3 получателям; вход 70,000 KZT, выход 47,000 KZT",0.6139
100000008695566100,3,False,1,0,0.0,0,0,33700.0,1,1,False,0.0,0.0002908291153757524,0.0,22,0.0,0.0,0.38445686478232405,0.0,0.005504441726931064,0.0,0.0,0.0,terminal,0.4461,"1 входящих связей от 1 отправителей; 0 исходящих связей к 0 получателям; вход 33,700 KZT, выход 0 KZT",0.0706
100000005974542100,3,False,1,0,0.0,0,0,94500.0,3,1,False,0.0,0.000483047219122777,0.0,29,0.0,0.0,0.6031523423206706,0.0,0.28507220007054357,0.0,0.0,0.0,terminal,0.5008,"1 входящих связей от 1 отправителей; 0 исходящих связей к 0 получателям; вход 94,500 KZT, выход 0 KZT",0.1798
100000001887715100,3,False,3,1,750000.0,1,1,1331500.0,4,3,False,0.5632745024408562,0.0007309294553868668,2.2588741058127966e-05,35,1.0,0.3868528072345416,1.0,1.0,0.645520252132885,0.16790335947006457,1.0,0.3868528072345416,consolidator,1.0,"3 входящих связей от 3 отправителей; 1 исходящих связей к 1 получателям; вход 1,331,500 KZT, выход 750,000 KZT",0.7283
100000002472632100,3,False,2,1,20000.0,1,1,502400.0,3,2,False,0.03980891719745223,0.000985619333290865,2.0012831990095827e-05,13,0.5849625007211564,0.3868528072345416,0.9575310433767614,0.7322951533772758,1.0,0.14875667673284296,0.5849625007211564,0.3868528072345416,consolidator,0.6781,"2 входящих связей от 2 отправителей; 1 исходящих связей к 1 получателям; вход 502,400 KZT, выход 20,000 KZT",0.6863
100000004629688100,3,False,1,1,15000.0,2,1,5000.0,1,1,False,3.0,0.00038797258449924186,0.0,4,0.0,0.3868528072345416,0.0,0.7110243718942185,0.14679952214864098,0.0,0.0,0.3868528072345416,peripheral,0.35,"1 входящих связей от 1 отправителей; 1 исходящих связей к 1 получателям; вход 5,000 KZT, выход 15,000 KZT",0.2304
100000002459832100,3,False,2,0,0.0,0,0,880606.0,2,2,False,0.0,0.00039318803670429763,0.0,1,0.5849625007211564,0.0,1.0,0.0,0.15438500416295295,0.0,0.5849625007211564,0.0,consolidator,0.6887,"2 входящих связей от 2 отправителей; 0 исходящих связей к 0 получателям; вход 880,606 KZT, выход 0 KZT",0.318
100000006100920100,3,False,1,0,0.0,0,0,100000.0,1,1,False,0.0,0.0003265085266629265,0.0,0,0.0,0.0,0.6151509436747945,0.0,0.05740170473008229,0.0,0.0,0.0,terminal,0.5038,"1 входящих связей от 1 отправителей; 0 исходящих связей к 0 получателям; вход 100,000 KZT, выход 0 KZT",0.1251
100000001439416100,3,False,1,2,165000.0,3,2,10000.0,1,1,False,16.5,0.0003408996759919328,1.981468513870874e-05,0,0.0,0.6131471927654585,0.1267854959781863,0.8883269466128696,0.07833373648150528,0.14728385294102248,0.0,0.6131471927654585,peripheral,0.35,"1 входящих связей от 1 отправителей; 2 исходящих связей к 2 получателям; вход 10,000 KZT, выход 165,000 KZT",0.3389
100000002121357100,3,False,2,1,113000.0,1,1,255300.0,2,2,False,0.4426165295730513,0.0003262737748092851,2.159800680119253e-05,42,0.5849625007211564,0.3868528072345416,0.8139469767266584,0.8603355453168953,0.057060253949147634,0.1605392565615537,0.5849625007211564,0.3868528072345416,consolidator,0.6422,"2 входящих связей от 2 отправителей; 1 исходящих связей к 1 получателям; вход 255,300 KZT, выход 113,000 KZT",0.4504
100000002970466100,3,False,1,2,93000.0,3,2,23317.0,1,1,False,3.9885062400823434,0.0002868825068890655,3.844048916909496e-05,0,0.0,0.6131471927654585,0.30633903067520474,0.8459324946531276,0.0,0.28572801380078566,0.0,0.6131471927654585,peripheral,0.35,"1 входящих связей от 1 отправителей; 2 исходящих связей к 2 получателям; вход 23,317 KZT, выход 93,000 KZT",0.3745
100000002581346100,3,False,1,0,0.0,0,0,166400.0,1,1,False,0.0,0.00029096218078321763,0.0,10,0.0,0.0,0.7231579598136911,0.0,0.0056979946163713555,0.0,0.0,0.0,terminal,0.5308,"1 входящих связей от 1 отправителей; 0 исходящих связей к 0 получателям; вход 166,400 KZT, выход 0 KZT",0.1316
100000008738658100,3,False,1,0,0.0,0,0,29920.0,1,1,False,0.0,0.00029023914137044126,0.0,22,0.0,0.0,0.35922365548303603,0.0,0.004646283195211758,0.0,0.0,0.0,terminal,0.4398,"1 входящих связей от 1 отправителей; 0 исходящих связей к 0 получателям; вход 29,920 KZT, выход 0 KZT",0.0658
100000005910114100,3,False,3,19,1469993.0,56,19,326144.0,3,3,False,4.507190075549451,0.0003616504127742248,0.013691352990293578,0,1.0,1.0,0.8658906812660001,1.0,0.10851530446625157,1.0,1.0,1.0,distributor,1.0,"3 входящих связей от 3 отправителей; 19 исходящих связей к 19 получателям; вход 326,144 KZT, выход 1,469,993 KZT",0.753
100000001046626100,3,False,1,0,0.0,0,0,150000.0,1,1,False,0.0,0.00029043067032840264,0.0,10,0.0,0.0,0.7011504844999529,0.0,0.004924875540978468,0.0,0.0,0.0,terminal,0.5253,"1 входящих связей от 1 отправителей; 0 исходящих связей к 0 получателям; вход 150,000 KZT, выход 0 KZT",0.1274
100000006492770100,3,False,1,1,20000.0,1,1,269000.0,1,1,False,0.07434944237918216,0.0003007193653545536,1.922024458454748e-05,0,0.0,0.3868528072345416,0.8250339789596454,0.7322951533772758,0.019890427994156117,0.1428653798145826,0.0,0.3868528072345416,peripheral,0.35,"1 входящих связей от 1 отправителей; 1 исходящих связей к 1 получателям; вход 269,000 KZT, выход 20,000 KZT",0.3825
100000001674850100,3,False,2,0,0.0,0,0,237000.0,2,2,False,0.0,0.00031409364237488564,0.0,42,0.5849625007211564,0.0,0.7981710146464676,0.0,0.039343922959131625,0.0,0.5849625007211564,0.0,consolidator,0.6383,"2 входящих связей от 2 отправителей; 0 исходящих связей к 0 получателям; вход 237,000 KZT, выход 0 KZT",0.253
100000000860514100,3,False,1,1,50000.0,1,1,12000.0,1,1,False,4.166666666666667,0.0003062893737864728,2.0012831990095827e-05,13,0.0,0.3868528072345416,0.1654528573592594,0.800046024263114,0.027992290510614814,0.14875667673284296,0.0,0.3868528072345416,peripheral,0.35,"1 входящих связей от 1 отправителей; 1 исходящих связей к 1 получателям; вход 12,000 KZT, выход 50,000 KZT",0.2793
100000003650146100,3,False,1,0,0.0,0,0,14400.0,1,1,False,0.0,0.0003001273511766368,0.0,16,0.0,0.0,0.20412080781552303,0.0,0.019029310401738102,0.0,0.0,0.0,terminal,0.401,"1 входящих связей от 1 отправителей; 0 исходящих связей к 0 получателям; вход 14,400 KZT, выход 0 KZT",0.0415
100000001227106100,3,False,1,0,0.0,0,0,164765.0,1,1,False,0.0,0.0002909091917836065,0.0,10,0.0,0.0,0.7210636041148363,0.0,0.005620918434303235,0.0,0.0,0.0,terminal,0.5303,"1 входящих связей от 1 отправителей; 0 исходящих связей к 0 получателям; вход 164,765 KZT, выход 0 KZT",0.1312
100000003647799100,3,False,1,0,0.0,0,0,100000.0,1,1,False,0.0,0.0002888102116246985,0.0,10,0.0,0.0,0.6151509436747945,0.0,0.00256780265373348,0.0,0.0,0.0,terminal,0.5038,"1 входящих связей от 1 отправителей; 0 исходящих связей к 0 получателям; вход 100,000 KZT, выход 0 KZT",0.1114
100000008293431100,3,False,1,5,297000.0,7,5,15000.0,1,1,False,19.8,0.0002868995280156364,3.6855314357998256e-05,0,0.0,1.0,0.21277867430530759,0.9317893307554748,0.0,0.27394563241249703,0.0,1.0,distributor,0.9761,"1 входящих связей от 1 отправителей; 5 исходящих связей к 5 получателям; вход 15,000 KZT, выход 297,000 KZT",0.4363
100000002975287100,3,False,1,0,0.0,0,0,15000.0,1,1,False,0.0,0.0002891923195721382,0.0,28,0.0,0.0,0.21277867430530759,0.0,0.0031236062902933203,0.0,0.0,0.0,terminal,0.4032,"1 входящих связей от 1 отправителей; 0 исходящих связей к 0 получателям; вход 15,000 KZT, выход 0 KZT",0.0391
100000008507703100,3,False,1,0,0.0,0,0,28500.0,1,1,False,0.0,0.00029001751092400156,0.0,22,0.0,0.0,0.34891092469495566,0.0,0.004323906049867084,0.0,0.0,0.0,terminal,0.4372,"1 входящих связей от 1 отправителей; 0 исходящих связей к 0 получателям; вход 28,500 KZT, выход 0 KZT",0.0639
100000001733687100,3,False,1,0,0.0,0,0,300000.0,1,1,False,0.0,0.00030662497037828784,0.0,5,0.0,0.0,0.8481681722159543,0.0,0.028480431499092487,0.0,0.0,0.0,terminal,0.562,"1 входящих связей от 1 отправителей; 0 исходящих связей к 0 получателям; вход 300,000 KZT, выход 0 KZT",0.1598
100000004552204100,3,False,1,2,10000.0,2,2,22500.0,2,1,False,0.4444444444444444,0.0008646978335399377,2.0210978841482916e-05,41,0.0,0.6131471927654585,0.298774209001912,0.6810456169100282,0.83999710646964,0.15022950023283396,0.0,0.6131471927654585,peripheral,0.35,"1 входящих связей от 1 отправителей; 2 исходящих связей к 2 получателям; вход 22,500 KZT, выход 10,000 KZT",0.5237
100000008223756100,3,False,2,0,0.0,0,0,331682.0,2,2,False,0.0,0.000356281121163305,0.0,1,0.5849625007211564,0.0,0.8694619873012744,0.0,0.10070582783815389,0.0,0.5849625007211564,0.0,consolidator,0.6561,"2 входящих связей от 2 отправителей; 0 исходящих связей к 0 получателям; вход 331,682 KZT, выход 0 KZT",0.2811
100000002956769100,3,False,3,0,0.0,0,0,840000.0,3,3,False,0.0,0.00038478275617857913,0.0,24,1.0,0.0,1.0,0.0,0.14216013786264015,0.0,1.0,0.0,consolidator,1.0,"3 входящих связей от 3 отправителей; 0 исходящих связей к 0 получателям; вход 840,000 KZT, выход 0 KZT",0.3855
100000008555233100,3,False,1,0,0.0,0,0,440600.0,1,1,False,0.0,0.00036340872056222037,0.0,35,0.0,0.0,0.9296906747691414,0.0,0.1110727022855369,0.0,0.0,0.0,terminal,0.5824,"1 входящих связей от 1 отправителей; 0 исходящих связей к 0 получателям; вход 440,600 KZT, выход 0 KZT",0.1951
100000002346166100,3,False,1,0,0.0,0,0,6000.0,1,1,False,0.0,0.00028650576089238734,0.0,22,0.0,0.0,0.018452135654394897,0.0,0.0,0.0,0.0,0.0,terminal,0.3546,"1 входящих связей от 1 отправителей; 0 исходящих связей к 0 получателям; вход 6,000 KZT, выход 0 KZT",0.0033
100000000878006100,3,False,1,0,0.0,0,0,47003.0,1,1,False,0.0,0.0002870926226262943,0.0,10,0.0,0.0,0.45502453771500345,0.0,6.944264901177656e-05,0.0,0.0,0.0,terminal,0.4638,"1 входящих связей от 1 отправителей; 0 исходящих связей к 0 получателям; вход 47,003 KZT, выход 0 KZT",0.0819
100000004997515100,3,False,4,4,54500.0,4,4,395000.0,4,4,False,0.1379746835443038,0.00035661588331946755,8.956237682696351e-05,5,1.0,0.8982444017039272,0.90651815528771,0.8064181210707627,0.10119273076735666,0.6656998004343873,1.0,0.8982444017039272,coordinator,0.4681,"4 входящих связей от 4 отправителей; 4 исходящих связей к 4 получателям; вход 395,000 KZT, выход 54,500 KZT",0.6501
100000007653003100,3,False,1,0,0.0,0,0,100000.0,1,1,False,0.0,0.000301309198919302,0.0,28,0.0,0.0,0.6151509436747945,0.0,0.02074837325644925,0.0,0.0,0.0,terminal,0.5038,"1 входящих связей от 1 отправителей; 0 исходящих связей к 0 получателям; вход 100,000 KZT, выход 0 KZT",0.1159
100000000661131100,3,False,1,0,0.0,0,0,15600.0,1,1,False,0.0,0.00028800410757254274,0.0,22,0.0,0.0,0.2210969499958668,0.0,0.0013952653308650278,0.0,0.0,0.0,terminal,0.4053,"1 входящих связей от 1 отправителей; 0 исходящих связей к 0 получателям; вход 15,600 KZT, выход 0 KZT",0.0401
100000003880331100,3,False,1,16,3904908.0,31,16,100000.0,1,1,False,39.04908,0.0003076581045462551,0.002835679590200608,1,0.0,1.0,0.6151509436747945,1.0,0.029983172591378955,1.0,0.0,1.0,distributor,1.0,"1 входящих связей от 1 отправителей; 16 исходящих связей к 16 получателям; вход 100,000 KZT, выход 3,904,908 KZT",0.6882
100000003204491100,3,False,1,1,100000.0,2,1,140000.0,1,1,False,0.7142857142857143,0.000297984809668521,1.922024458454748e-05,0,0.0,0.3868528072345416,0.686517010557567,0.8512985181756111,0.015912860195319987,0.1428653798145826,0.0,0.3868528072345416,peripheral,0.35,"1 входящих связей от 1 отправителей; 1 исходящих связей к 1 получателям; вход 140,000 KZT, выход 100,000 KZT",0.378
100000008463968100,3,False,1,0,0.0,0,0,10000.0,1,1,False,0.0,0.00028713007200911874,0.0,22,0.0,0.0,0.1267854959781863,0.0,0.00012391558689917696,0.0,0.0,0.0,terminal,0.3817,"1 входящих связей от 1 отправителей; 0 исходящих связей к 0 получателям; вход 10,000 KZT, выход 0 KZT",0.0229
100000002712416100,3,False,2,0,0.0,0,0,116800.0,2,2,False,0.0,0.0003026575194807794,0.0,24,0.5849625007211564,0.0,0.648088680066871,0.0,0.022709577545645447,0.0,0.5849625007211564,0.0,consolidator,0.6007,"2 входящих связей от 2 отправителей; 0 исходящих связей к 0 получателям; вход 116,800 KZT, выход 0 KZT",0.2218
100000008754997100,3,False,1,0,0.0,0,0,18000.0,1,1,False,0.0,0.0002883786942425816,0.0,22,0.0,0.0,0.25144721385475965,0.0,0.0019401291667835796,0.0,0.0,0.0,terminal,0.4129,"1 входящих связей от 1 отправителей; 0 исходящих связей к 0 получателям; вход 18,000 KZT, выход 0 KZT",0.0457
100000008011573100,3,False,1,0,0.0,0,0,15000.0,1,1,False,0.0,0.0002891923195721382,0.0,28,0.0,0.0,0.21277867430530759,0.0,0.0031236062902933203,0.0,0.0,0.0,terminal,0.4032,"1 входящих связей от 1 отправителей; 0 исходящих связей к 0 получателям; вход 15,000 KZT, выход 0 KZT",0.0391
100000003178549100,3,False,2,4,89080.0,4,4,250000.0,2,2,False,0.35632,0.0003521578194805638,1.9022097733160393e-05,28,0.5849625007211564,0.8982444017039272,0.8094974175150348,0.8427482094043189,0.09470857843620158,0.14139255485544286,0.5849625007211564,0.8982444017039272,distributor,0.8788,"2 входящих связей от 2 отправителей; 4 исходящих связей к 4 получателям; вход 250,000 KZT, выход 89,080 KZT",0.5049
100000000534581100,3,False,2,1,40000.0,1,1,55960.0,2,2,False,0.7147962830593281,0.00029845332198865065,1.922024458454748e-05,1,0.5849625007211564,0.3868528072345416,0.49201998324927465,0.7835465382062168,0.016594338959210014,0.1428653798145826,0.5849625007211564,0.3868528072345416,consolidator,0.5617,"2 входящих связей от 2 отправителей; 1 исходящих связей к 1 получателям; вход 55,960 KZT, выход 40,000 KZT",0.3646
100000007138613100,3,False,3,2,179000.0,2,2,1002000.0,3,3,False,0.17864271457085829,0.0003541752272666075,3.883678287186913e-05,0,1.0,0.6131471927654585,1.0,0.8943488365632373,0.09764285569851619,0.28867360622966776,1.0,0.6131471927654585,peripheral,0.35,"3 входящих связей от 3 отправителей; 2 исходящих связей к 2 получателям; вход 1,002,000 KZT, выход 179,000 KZT",0.5989
100000002380341100,3,False,1,0,0.0,0,0,57566.4,1,1,False,0.0,0.00030913653652387497,0.0,0,0.0,0.0,0.4980227901899183,0.0,0.032133617097708206,0.0,0.0,0.0,terminal,0.4745,"1 входящих связей от 1 отправителей; 0 исходящих связей к 0 получателям; вход 57,566 KZT, выход 0 KZT",0.0977
100000008309514100,3,False,1,0,0.0,0,0,17200.0,1,1,False,0.0,0.00028825383201923533,0.0,22,0.0,0.0,0.2418050691940891,0.0,0.0017585079108152193,0.0,0.0,0.0,terminal,0.4105,"1 входящих связей от 1 отправителей; 0 исходящих связей к 0 получателям; вход 17,200 KZT, выход 0 KZT",0.044
100000003134474100,3,False,1,0,0.0,0,0,116000.0,1,1,False,0.0,0.0002893287584098838,0.0,10,0.0,0.0,0.6466309362750863,0.0,0.003322066393097557,0.0,0.0,0.0,terminal,0.5117,"1 входящих связей от 1 отправителей; 0 исходящих связей к 0 получателям; вход 116,000 KZT, выход 0 KZT",0.1172
100000002373386100,3,False,1,0,0.0,0,0,24000.0,1,1,False,0.0,0.00028931516091767876,0.0,22,0.0,0.0,0.3124624150201965,0.0,0.0033022878639060245,0.0,0.0,0.0,terminal,0.4281,"1 входящих связей от 1 отправителей; 0 исходящих связей к 0 получателям; вход 24,000 KZT, выход 0 KZT",0.0571
100000008684767100,3,False,1,0,0.0,0,0,31100.0,1,1,False,0.0,0.000290423313149877,0.0,22,0.0,0.0,0.3674276605810164,0.0,0.004914174008130298,0.0,0.0,0.0,terminal,0.4419,"1 входящих связей от 1 отправителей; 0 исходящих связей к 0 получателям; вход 31,100 KZT, выход 0 KZT",0.0674
100000008332511100,3,False,1,0,0.0,0,0,100000.0,1,1,False,0.0,0.0011127776746800695,0.0,2,0.0,0.0,0.6151509436747945,0.0,1.0,0.0,0.0,0.0,terminal,0.5038,"1 входящих связей от 1 отправителей; 0 исходящих связей к 0 получателям; вход 100,000 KZT, выход 0 KZT",0.3607
100000005754335100,3,False,1,0,0.0,0,0,44037.0,1,1,False,0.0,0.00040462407841393785,0.0,66,0.0,0.0,0.44119972409851854,0.0,0.17101772618599734,0.0,0.0,0.0,terminal,0.4603,"1 входящих связей от 1 отправителей; 0 исходящих связей к 0 получателям; вход 44,037 KZT, выход 0 KZT",0.1222
100000008547295100,3,False,1,0,0.0,0,0,15000.0,1,1,False,0.0,0.0005629711569533353,0.0,2,0.0,0.0,0.21277867430530759,0.0,0.4013001559295777,0.0,0.0,0.0,terminal,0.4032,"1 входящих связей от 1 отправителей; 0 исходящих связей к 0 получателям; вход 15,000 KZT, выход 0 KZT",0.1386
100000001875167100,3,False,1,0,0.0,0,0,1000000.0,2,1,False,0.0,0.0003179784682913733,0.0,10,0.0,0.0,1.0,0.0,0.0449945304148782,0.0,0.0,0.0,terminal,0.6,"1 входящих связей от 1 отправителей; 0 исходящих связей к 0 получателям; вход 1,000,000 KZT, выход 0 KZT",0.1912
100000004670388100,3,False,1,2,720000.0,4,2,160354.0,1,1,False,4.490065729573319,0.0005140172616899964,1.9616538287321655e-05,7,0.0,0.6131471927654585,0.7153079472351525,0.9972669314223698,0.33011093188834806,0.14581102885737232,0.0,0.6131471927654585,peripheral,0.35,"1 входящих связей от 1 отправителей; 2 исходящих связей к 2 получателям; вход 160,354 KZT, выход 720,000 KZT",0.5271
100000004097972100,3,False,1,2,10000.0,2,2,118878.0,1,1,False,0.0841198539679335,0.0003165811788801659,3.844048916909496e-05,0,0.0,0.6131471927654585,0.6518290131551043,0.6810456169100282,0.042962129396807755,0.28572801380078566,0.0,0.6131471927654585,peripheral,0.35,"1 входящих связей от 1 отправителей; 2 исходящих связей к 2 получателям; вход 118,878 KZT, выход 10,000 KZT",0.4178
100000000481716100,3,False,1,0,0.0,0,0,8000.0,1,1,False,0.0,0.0003771539261882786,0.0,18,0.0,0.0,0.07946144622334977,0.0,0.13106447320623085,0.0,0.0,0.0,terminal,0.3699,"1 входящих связей от 1 отправителей; 0 исходящих связей к 0 получателям; вход 8,000 KZT, выход 0 KZT",0.0471
100000005089460100,3,False,1,0,0.0,0,0,12300.0,1,1,False,0.0,0.0002874890509012393,0.0,22,0.0,0.0,0.1706897963139908,0.0,0.000646077223317861,0.0,0.0,0.0,terminal,0.3927,"1 входящих связей от 1 отправителей; 0 исходящих связей к 0 получателям; вход 12,300 KZT, выход 0 KZT",0.0309
100000003105929100,3,False,1,1,156354.0,1,1,429567.0,2,1,False,0.3639804733603838,0.0002994912058967719,1.922024458454748e-05,10,0.0,0.3868528072345416,0.9243118239927369,0.8843471631401443,0.018104001095730436,0.1428653798145826,0.0,0.3868528072345416,peripheral,0.35,"1 входящих связей от 1 отправителей; 1 исходящих связей к 1 получателям; вход 429,567 KZT, выход 156,354 KZT",0.4273
100000008379273100,3,False,2,4,38000.0,4,4,36000.0,2,2,False,1.0555555555555556,0.00029901719044964846,2.1201713098418353e-05,18,0.5849625007211564,0.8982444017039272,0.39845971707981853,0.7797538664296205,0.017414518423000024,0.15759361335534994,0.5849625007211564,0.8982444017039272,distributor,0.8568,"2 входящих связей от 2 отправителей; 4 исходящих связей к 4 получателям; вход 36,000 KZT, выход 38,000 KZT",0.4038
100000005357705100,3,False,1,4,387080.0,5,4,52595.0,1,1,False,7.35963494628767,0.00029627022022006105,7.688097833818992e-05,1,0.0,0.8982444017039272,0.47886644471308587,0.9513766613427264,0.013418886135805672,0.5714450447102303,0.0,0.8982444017039272,distributor,0.9168,"1 входящих связей от 1 отправителей; 4 исходящих связей к 4 получателям; вход 52,595 KZT, выход 387,080 KZT",0.5392
100000003111305100,3,False,4,0,0.0,0,0,509338.0,4,4,False,0.0,0.0004036018095361793,0.0,48,1.0,0.0,0.9604400746743752,0.0,0.1695309332894193,0.0,1.0,0.0,consolidator,0.9901,"4 входящих связей от 4 отправителей; 0 исходящих связей к 0 получателям; вход 509,338 KZT, выход 0 KZT",0.3853
100000008503177100,3,False,1,0,0.0,0,0,33951.0,1,1,False,0.0,0.0002924769306602995,0.0,1,0.0,0.0,0.38603072031653834,0.0,0.00790130184390079,0.0,0.0,0.0,terminal,0.4465,"1 входящих связей от 1 отправителей; 0 исходящих связей к 0 получателям; вход 33,951 KZT, выход 0 KZT",0.0715
100000000955529100,3,False,1,1,63500.0,1,1,27000.0,1,1,False,2.3518518518518516,0.0002956290149139559,2.1796153652579613e-06,3,0.0,0.3868528072345416,0.33744353403694743,0.8177192852815266,0.01248621313658618,0.016201366677689396,0.0,0.3868528072345416,peripheral,0.35,"1 входящих связей от 1 отправителей; 1 исходящих связей к 1 получателям; вход 27,000 KZT, выход 63,500 KZT",0.2804
100000008695689100,3,False,1,0,0.0,0,0,26200.0,1,1,False,0.0,0.000289658532031881,0.0,22,0.0,0.0,0.3310642641601074,0.0,0.0038017457333305803,0.0,0.0,0.0,terminal,0.4328,"1 входящих связей от 1 отправителей; 0 исходящих связей к 0 получателям; вход 26,200 KZT, выход 0 KZT",0.0605
100000004184158100,3,False,1,0,0.0,0,0,203805.0,1,1,False,0.0,0.0003036431808354194,0.0,0,0.0,0.0,0.7661656067871178,0.0,0.02414327297122695,0.0,0.0,0.0,terminal,0.5415,"1 входящих связей от 1 отправителей; 0 исходящих связей к 0 получателям; вход 203,805 KZT, выход 0 KZT",0.1439
100000005475379100,3,False,1,3,81000.0,3,3,108370.0,1,1,False,0.7474393282273692,0.0004216387717503724,6.538846095773885e-05,11,0.0,0.7737056144690831,0.6321998314530772,0.8357173915894961,0.1957637569923972,0.48602563996058157,0.0,0.7737056144690831,distributor,0.7954,"1 входящих связей от 1 отправителей; 3 исходящих связей к 3 получателям; вход 108,370 KZT, выход 81,000 KZT",0.5516
100000003093299100,3,False,1,0,0.0,0,0,15000.0,1,1,False,0.0,0.0002864140937230855,0.0,0,0.0,0.0,0.21277867430530759,0.0,0.0,0.0,0.0,0.0,terminal,0.4032,"1 входящих связей от 1 отправителей; 0 исходящих связей к 0 получателям; вход 15,000 KZT, выход 0 KZT",0.0383
100000008767027100,3,False,1,0,0.0,0,0,5000.0,1,1,False,0.0,0.0002863329149575189,0.0,35,0.0,0.0,0.0,0.0,0.0,0.0,0.0,0.0,terminal,0.35,"1 входящих связей от 1 отправителей; 0 исходящих связей к 0 получателям; вход 5,000 KZT, выход 0 KZT",0.0
100000004539443100,3,False,2,0,0.0,0,0,61990.0,2,2,False,0.0,0.0009561831780302773,0.0,3,0.5849625007211564,0.0,0.5137253429490607,0.0,0.9729865336875138,0.0,0.5849625007211564,0.0,consolidator,0.5672,"2 входящих связей от 2 отправителей; 0 исходящих связей к 0 получателям; вход 61,990 KZT, выход 0 KZT",0.4352
100000007863304100,3,False,1,0,0.0,0,0,25000.0,1,1,False,0.0,0.00028637952356914227,0.0,10,0.0,0.0,0.3211205171539985,0.0,0.0,0.0,0.0,0.0,terminal,0.4303,"1 входящих связей от 1 отправителей; 0 исходящих связей к 0 получателям; вход 25,000 KZT, выход 0 KZT",0.0578
100000004959752100,3,False,1,0,0.0,0,0,22200.0,1,1,False,0.0,0.0007848703238285015,0.0,3,0.0,0.0,0.29592727741003005,0.0,0.7239443829676468,0.0,0.0,0.0,terminal,0.424,"1 входящих связей от 1 отправителей; 0 исходящих связей к 0 получателям; вход 22,200 KZT, выход 0 KZT",0.2343
100000002214664100,3,False,1,1,76950.0,2,1,7950.0,1,1,False,9.679245283018869,0.0002868101125617939,1.387027959709612e-06,22,0.0,0.3868528072345416,0.07813181104539,0.8319246705676429,0.0,0.010309964698842277,0.0,0.3868528072345416,peripheral,0.35,"1 входящих связей от 1 отправителей; 1 исходящих связей к 1 получателям; вход 7,950 KZT, выход 76,950 KZT",0.2318
100000008192264100,3,False,1,1,187910.0,2,1,162810.0,1,1,False,1.1541674344327744,0.00029084583184829166,1.922024458454748e-05,10,0.0,0.3868528072345416,0.7185318896216526,0.897940759254877,0.005528757000231866,0.1428653798145826,0.0,0.3868528072345416,transit,0.9283,"1 входящих связей от 1 отправителей; 1 исходящих связей к 1 получателям; вход 162,810 KZT, выход 187,910 KZT",0.3895
100000000942301100,3,False,1,0,0.0,0,0,57580.0,2,1,False,0.0,0.00030059027639135424,0.0,0,0.0,0.0,0.4980728924380709,0.0,0.019702660951367926,0.0,0.0,0.0,terminal,0.4745,"1 входящих связей от 1 отправителей; 0 исходящих связей к 0 получателям; вход 57,580 KZT, выход 0 KZT",0.0946
100000002578653100,3,False,1,0,0.0,0,0,20000.0,1,1,False,0.0,0.00031131007444757275,0.0,57,0.0,0.0,0.2737932863595569,0.0,0.0352951180838411,0.0,0.0,0.0,terminal,0.4184,"1 входящих связей от 1 отправителей; 0 исходящих связей к 0 получателям; вход 20,000 KZT, выход 0 KZT",0.0581
100000002511581100,3,False,1,0,0.0,0,0,17600.0,1,1,False,0.0,0.00028831626313090844,0.0,22,0.0,0.0,0.24668092804133215,0.0,0.001849318541633271,0.0,0.0,0.0,terminal,0.4117,"1 входящих связей от 1 отправителей; 0 исходящих связей к 0 получателям; вход 17,600 KZT, выход 0 KZT",0.0449
100000005610717100,3,False,4,1,265200.0,7,1,484500.0,6,4,False,0.5473684210526316,0.00034454483671221336,1.922024458454748e-05,0,1.0,0.3868528072345416,0.9498361458056315,0.9234154968671594,0.08363560156088833,0.1428653798145826,1.0,0.3868528072345416,consolidator,0.9875,"4 входящих связей от 4 отправителей; 1 исходящих связей к 1 получателям; вход 484,500 KZT, выход 265,200 KZT",0.5595
100000005704413100,3,False,3,32,1363593.0,35,32,97834.67,4,3,False,13.9377278014021,0.0005996888032985903,0.003296371019675586,18,1.0,1.0,0.6105078135664999,1.0,0.45469302352979085,1.0,1.0,1.0,distributor,1.0,"3 входящих связей от 3 отправителей; 32 исходящих связей к 32 получателям; вход 97,835 KZT, выход 1,363,593 KZT",0.7936
100000000976943100,3,False,1,1,84000.0,3,1,70000.0,1,1,False,1.2,0.00037346136238482506,2.1796153652579615e-05,11,0.0,0.3868528072345416,0.5395001308391884,0.8384064839012707,0.12569383556226685,0.16201207772691262,0.0,0.3868528072345416,transit,0.9088,"1 входящих связей от 1 отправителей; 1 исходящих связей к 1 получателям; вход 70,000 KZT, выход 84,000 KZT",0.3809
100000008708061100,3,False,1,0,0.0,0,0,8650.0,1,1,False,0.0,0.0002869193670072219,0.0,22,0.0,0.0,0.09602844677047975,0.0,0.0,0.0,0.0,0.0,terminal,0.374,"1 входящих связей от 1 отправителей; 0 исходящих связей к 0 получателям; вход 8,650 KZT, выход 0 KZT",0.0173
100000003986141100,3,False,1,0,0.0,0,0,5286.32,1,1,False,0.0,0.0002868461256435462,0.0,28,0.0,0.0,0.0,0.0,0.0,0.0,0.0,0.0,terminal,0.35,"1 входящих связей от 1 отправителей; 0 исходящих связей к 0 получателям; вход 5,286 KZT, выход 0 KZT",0.0
100000005037490100,3,False,1,2,30000.0,3,2,15000.0,1,1,False,2.0,0.0003232011772500518,1.9418391435934565e-05,12,0.0,0.6131471927654585,0.21277867430530759,0.762275140587193,0.05259109831012026,0.1443382044818924,0.0,0.6131471927654585,peripheral,0.35,"1 входящих связей от 1 отправителей; 2 исходящих связей к 2 получателям; вход 15,000 KZT, выход 30,000 KZT",0.3246
100000004257714100,3,False,1,0,0.0,0,0,52220.0,1,1,False,0.0,0.0002937196758462189,0.0,22,0.0,0.0,0.4773487738156648,0.0,0.009708957165370699,0.0,0.0,0.0,terminal,0.4693,"1 входящих связей от 1 отправителей; 0 исходящих связей к 0 получателям; вход 52,220 KZT, выход 0 KZT",0.0884
100000000569479100,3,False,1,0,0.0,0,0,320000.0,1,1,False,0.0,0.0003949532398197781,0.0,0,0.0,0.0,0.8618569231951431,0.0,0.15695235004991012,0.0,0.0,0.0,terminal,0.5655,"1 входящих связей от 1 отправителей; 0 исходящих связей к 0 получателям; вход 320,000 KZT, выход 0 KZT",0.1944
100000007303047100,3,False,1,0,0.0,0,0,52250.0,1,1,False,0.0,0.0002937243581795944,0.0,22,0.0,0.0,0.4774705879179014,0.0,0.00971576792566287,0.0,0.0,0.0,terminal,0.4694,"1 входящих связей от 1 отправителей; 0 исходящих связей к 0 получателям; вход 52,250 KZT, выход 0 KZT",0.0884
100000008708743100,3,False,1,0,0.0,0,0,15550.0,1,1,False,0.0,0.0002879963036835836,0.0,22,0.0,0.0,0.22041608555339312,0.0,0.001383913998780333,0.0,0.0,0.0,terminal,0.4051,"1 входящих связей от 1 отправителей; 0 исходящих связей к 0 получателям; вход 15,550 KZT, выход 0 KZT",0.04
100000008745863100,3,False,1,0,0.0,0,0,22900.0,1,1,False,0.0,0.00028914347536057757,0.0,22,0.0,0.0,0.30251163373206535,0.0,0.003052558864900035,0.0,0.0,0.0,terminal,0.4256,"1 входящих связей от 1 отправителей; 0 исходящих связей к 0 получателям; вход 22,900 KZT, выход 0 KZT",0.0552
100000005048668100,3,False,2,8,159400.0,11,8,16668.0,2,2,False,9.563234941204703,0.00028854810674879304,3.8044195466320786e-05,1,0.5849625007211564,1.0,0.2351414776878653,0.8857738135392401,0.002186552038364238,0.2827824202046284,0.5849625007211564,1.0,distributor,0.96,"2 входящих связей от 2 отправителей; 8 исходящих связей к 8 получателям; вход 16,668 KZT, выход 159,400 KZT",0.4345
100000006522972100,3,False,1,0,0.0,0,0,9515.0,1,1,False,0.0,0.000303310125964783,0.0,10,0.0,0.0,0.11624176520630823,0.0,0.0236588275920011,0.0,0.0,0.0,terminal,0.3791,"1 входящих связей от 1 отправителей; 0 исходящих связей к 0 получателям; вход 9,515 KZT, выход 0 KZT",0.0268
100000008759857100,3,False,1,2,994000.0,3,2,5000.0,1,1,False,198.8,0.0002863329149575189,0.0,35,0.0,0.6131471927654585,0.0,1.0,0.0,0.0,0.0,0.6131471927654585,peripheral,0.35,"1 входящих связей от 1 отправителей; 2 исходящих связей к 2 получателям; вход 5,000 KZT, выход 994,000 KZT",0.2842
100000005342513100,3,False,1,1,30000.0,1,1,235000.0,2,1,False,0.1276595744680851,0.001081651299671485,0.0,22,0.0,0.3868528072345416,0.7963735309205997,0.762275140587193,1.0,0.0,0.0,0.3868528072345416,peripheral,0.35,"1 входящих связей от 1 отправителей; 1 исходящих связей к 1 получателям; вход 235,000 KZT, выход 30,000 KZT",0.5963
100000004750897100,3,False,1,0,0.0,0,0,10000.0,1,1,False,0.0,0.0004903758747811936,0.0,4,0.0,0.0,0.1267854959781863,0.0,0.29573015302107797,0.0,0.0,0.0,terminal,0.3817,"1 входящих связей от 1 отправителей; 0 исходящих связей к 0 получателям; вход 10,000 KZT, выход 0 KZT",0.0968
100000001140785100,3,False,2,0,0.0,0,0,215000.0,2,2,False,0.0,0.0003153466781884731,0.0,42,0.5849625007211564,0.0,0.7775076121383051,0.0,0.04116650728515417,0.0,0.5849625007211564,0.0,consolidator,0.6331,"2 входящих связей от 2 отправителей; 0 исходящих связей к 0 получателям; вход 215,000 KZT, выход 0 KZT",0.2497
100000002821425100,3,False,1,0,0.0,0,0,275000.0,1,1,False,0.0,0.00029866805245648396,0.0,24,0.0,0.0,0.8297128877173363,0.0,0.01690667696511775,0.0,0.0,0.0,terminal,0.5574,"1 входящих связей от 1 отправителей; 0 исходящих связей к 0 получателям; вход 275,000 KZT, выход 0 KZT",0.1536
100000003221510100,3,False,1,2,120000.0,3,2,24000.0,1,1,False,5.0,0.0002869209734265628,3.844048916909496e-05,0,0.0,0.6131471927654585,0.3124624150201965,0.8647797587145879,0.0,0.28572801380078566,0.0,0.6131471927654585,peripheral,0.35,"1 входящих связей от 1 отправителей; 2 исходящих связей к 2 получателям; вход 24,000 KZT, выход 120,000 KZT",0.379
100000003031003100,3,False,3,0,0.0,0,0,280090.0,3,3,False,0.0,0.00031149881059583704,0.0,24,1.0,0.0,0.8336028124462964,0.0,0.03556964230897566,0.0,1.0,0.0,consolidator,0.9584,"3 входящих связей от 3 отправителей; 0 исходящих связей к 0 получателям; вход 280,090 KZT, выход 0 KZT",0.3289
100000003060187100,3,False,1,0,0.0,0,0,93046.0,1,1,False,0.0,0.0003014815867240037,0.0,43,0.0,0.0,0.5998635467298707,0.0,0.020999120675401224,0.0,0.0,0.0,terminal,0.5,"1 входящих связей от 1 отправителей; 0 исходящих связей к 0 получателям; вход 93,046 KZT, выход 0 KZT",0.1132
100000008718811100,3,False,1,0,0.0,0,0,73300.0,1,1,False,0.0,0.0002970097954313935,0.0,22,0.0,0.0,0.549270583525147,0.0,0.014494643538086674,0.0,0.0,0.0,terminal,0.4873,"1 входящих связей от 1 отправителей; 0 исходящих связей к 0 получателям; вход 73,300 KZT, выход 0 KZT",0.1025
100000008043184100,3,False,1,0,0.0,0,0,50564.0,1,1,False,0.0,0.00029352801963081546,0.0,28,0.0,0.0,0.470513748008173,0.0,0.009430180631314086,0.0,0.0,0.0,terminal,0.4676,"1 входящих связей от 1 отправителей; 0 исходящих связей к 0 получателям; вход 50,564 KZT, выход 0 KZT",0.0871
100000002530224100,3,False,1,0,0.0,0,0,113000.0,1,1,False,0.0,0.00029139102055774306,0.0,5,0.0,0.0,0.6410733906515722,0.0,0.006321771717680262,0.0,0.0,0.0,terminal,0.5103,"1 входящих связей от 1 отправителей; 0 исходящих связей к 0 получателям; вход 113,000 KZT, выход 0 KZT",0.117
100000008754608100,3,False,1,0,0.0,0,0,12300.0,1,1,False,0.0,0.0002874890509012393,0.0,22,0.0,0.0,0.1706897963139908,0.0,0.000646077223317861,0.0,0.0,0.0,terminal,0.3927,"1 входящих связей от 1 отправителей; 0 исходящих связей к 0 получателям; вход 12,300 KZT, выход 0 KZT",0.0309
100000006989232100,3,False,1,0,0.0,0,0,22194.0,1,1,False,0.0,0.0002875375081453232,0.0,0,0.0,0.0,0.2958699471883138,0.0,0.0007165618932232775,0.0,0.0,0.0,terminal,0.424,"1 входящих связей от 1 отправителей; 0 исходящих связей к 0 получателям; вход 22,194 KZT, выход 0 KZT",0.0534
100000006532229100,3,False,1,0,0.0,0,0,105000.0,1,1,False,0.0,0.00030063518629304246,0.0,42,0.0,0.0,0.6254993686666087,0.0,0.019767984892142775,0.0,0.0,0.0,terminal,0.5064,"1 входящих связей от 1 отправителей; 0 исходящих связей к 0 получателям; вход 105,000 KZT, выход 0 KZT",0.1175
100000005661829100,3,False,1,2,40362.0,4,2,37790.0,1,1,False,1.0680603334215402,0.0002920319635832888,5.9047761713352047e-05,43,0.0,0.6131471927654585,0.4087518447539167,0.784212693933003,0.007254067163528989,0.4388972723175561,0.0,0.6131471927654585,transit,0.9671,"1 входящих связей от 1 отправителей; 2 исходящих связей к 2 получателям; вход 37,790 KZT, выход 40,362 KZT",0.4173
100000004553349100,3,False,1,0,0.0,0,0,7755.0,1,1,False,0.0,0.0003000285848322988,0.0,10,0.0,0.0,0.07286509513947743,0.0,0.018885649203768205,0.0,0.0,0.0,terminal,0.3682,"1 входящих связей от 1 отправителей; 0 исходящих связей к 0 получателям; вход 7,755 KZT, выход 0 KZT",0.0178
100000002945626100,3,False,3,0,0.0,0,0,584000.0,3,3,False,0.0,0.00033776443625034406,0.0,5,1.0,0.0,0.9894533684851353,0.0,0.07377353304690153,0.0,1.0,0.0,consolidator,0.9974,"3 входящих связей от 3 отправителей; 0 исходящих связей к 0 получателям; вход 584,000 KZT, выход 0 KZT",0.3665
100000008775471100,3,False,1,0,0.0,0,0,580000.0,2,1,False,0.0,0.0003583758008227347,0.0,35,0.0,0.0,0.9879956146744313,0.0,0.103752482742206,0.0,0.0,0.0,terminal,0.597,"1 входящих связей от 1 отправителей; 0 исходящих связей к 0 получателям; вход 580,000 KZT, выход 0 KZT",0.2038
100000000404740100,4,False,1,0,0.0,0,0,25000.0,1,1,True,0.0,0.0005579900727464822,0.0,13,0.0,0.0,0.3211205171539985,0.0,0.3940567746707246,0.0,0.0,0.0,transit,0.0,"1 входящих связей от 1 отправителей; 0 исходящих связей к 0 получателям; вход 25,000 KZT, выход 0 KZT. Depth=4: отсутствие исходящих связей может быть следствием границы выгрузки",0.1563
100000004268036100,4,False,1,0,0.0,0,0,5500.0,1,1,True,0.0,0.00028851261710781314,0.0,46,0.0,0.0,0.0,0.0,0.0021349297652996173,0.0,0.0,0.0,transit,0.0,"1 входящих связей от 1 отправителей; 0 исходящих связей к 0 получателям; вход 5,500 KZT, выход 0 KZT. Depth=4: отсутствие исходящих связей может быть следствием границы выгрузки",0.0005
100000001256409100,4,False,1,0,0.0,0,0,8000.0,1,1,True,0.0,0.0005471647850140182,0.0,1,0.0,0.0,0.07946144622334977,0.0,0.3783147589995912,0.0,0.0,0.0,transit,0.0,"1 входящих связей от 1 отправителей; 0 исходящих связей к 0 получателям; вход 8,000 KZT, выход 0 KZT. Depth=4: отсутствие исходящих связей может быть следствием границы выгрузки",0.1089
100000005360814100,4,False,1,0,0.0,0,0,144000.0,3,1,True,0.0,0.0004336887325641262,0.0,1,0.0,0.0,0.6924920877930885,0.0,0.2132888668542163,0.0,0.0,0.0,transit,0.0,"1 входящих связей от 1 отправителей; 0 исходящих связей к 0 получателям; вход 144,000 KZT, выход 0 KZT. Depth=4: отсутствие исходящих связей может быть следствием границы выгрузки",0.178
100000002369454100,4,False,1,0,0.0,0,0,25000.0,1,1,True,0.0,0.0004288818435522467,0.0,1,0.0,0.0,0.3211205171539985,0.0,0.20629789365714732,0.0,0.0,0.0,transit,0.0,"1 входящих связей от 1 отправителей; 0 исходящих связей к 0 получателям; вход 25,000 KZT, выход 0 KZT. Depth=4: отсутствие исходящих связей может быть следствием границы выгрузки",0.1094
100000004272302100,4,False,1,0,0.0,0,0,10000.0,1,1,True,0.0,0.0002877361499743463,0.0,57,0.0,0.0,0.1267854959781863,0.0,0.0010055011897809674,0.0,0.0,0.0,transit,0.0,"1 входящих связей от 1 отправителей; 0 исходящих связей к 0 получателям; вход 10,000 KZT, выход 0 KZT. Depth=4: отсутствие исходящих связей может быть следствием границы выгрузки",0.0231
100000008727982100,4,False,1,0,0.0,0,0,30000.0,2,1,True,0.0,0.0005138489258762199,0.0,48,0.0,0.0,0.3597899992899909,0.0,0.3298661303240193,0.0,0.0,0.0,transit,0.0,"1 входящих связей от 1 отправителей; 0 исходящих связей к 0 получателям; вход 30,000 KZT, выход 0 KZT. Depth=4: отсутствие исходящих связей может быть следствием границы выгрузки",0.1472
100000000600707100,4,False,1,0,0.0,0,0,89000.0,2,1,True,0.0,0.0005701602511841799,0.0,26,0.0,0.0,0.5904340677052772,0.0,0.41175431240754773,0.0,0.0,0.0,transit,0.0,"1 входящих связей от 1 отправителей; 0 исходящих связей к 0 получателям; вход 89,000 KZT, выход 0 KZT. Depth=4: отсутствие исходящих связей может быть следствием границы выгрузки",0.2092
100000004500781100,4,False,1,0,0.0,0,0,74000.0,5,1,True,0.0,0.000680750362585005,0.0,40,0.0,0.0,0.5512864830233709,0.0,0.5725615368348652,0.0,0.0,0.0,transit,0.0,"1 входящих связей от 1 отправителей; 0 исходящих связей к 0 получателям; вход 74,000 KZT, выход 0 KZT. Depth=4: отсутствие исходящих связей может быть следствием границы выгрузки",0.2424
100000008703533100,4,False,1,0,0.0,0,0,75000.0,1,1,True,0.0,0.0002955267779905951,0.0,42,0.0,0.0,0.5541335037823764,0.0,0.012337503117394975,0.0,0.0,0.0,transit,0.0,"1 входящих связей от 1 отправителей; 0 исходящих связей к 0 получателям; вход 75,000 KZT, выход 0 KZT. Depth=4: отсутствие исходящих связей может быть следствием границы выгрузки",0.1028
100000004549591100,4,False,1,0,0.0,0,0,49000.0,1,1,True,0.0,0.0004443211683334039,0.0,19,0.0,0.0,0.4638497075684982,0.0,0.22875219453672352,0.0,0.0,0.0,transit,0.0,"1 входящих связей от 1 отправителей; 0 исходящих связей к 0 получателям; вход 49,000 KZT, выход 0 KZT. Depth=4: отсутствие исходящих связей может быть следствием границы выгрузки",0.1407
100000002700161100,4,False,1,0,0.0,0,0,39000.0,1,1,True,0.0,0.000902664307815214,0.0,47,0.0,0.0,0.41543653901299094,0.0,0.8951892761598264,0.0,0.0,0.0,transit,0.0,"1 входящих связей от 1 отправителей; 0 исходящих связей к 0 получателям; вход 39,000 KZT, выход 0 KZT. Depth=4: отсутствие исходящих связей может быть следствием границы выгрузки",0.2986
100000003134550100,4,False,1,0,0.0,0,0,100000.0,1,1,True,0.0,0.00029884593924836344,0.0,42,0.0,0.0,0.6151509436747945,0.0,0.01716542364186941,0.0,0.0,0.0,transit,0.0,"1 входящих связей от 1 отправителей; 0 исходящих связей к 0 получателям; вход 100,000 KZT, выход 0 KZT. Depth=4: отсутствие исходящих связей может быть следствием границы выгрузки",0.115
100000001957974100,4,False,1,0,0.0,0,0,500000.0,1,1,True,0.0,0.00032013746769043446,0.0,40,0.0,0.0,0.956515388032386,0.0,0.04813485677929974,0.0,0.0,0.0,transit,0.0,"1 входящих связей от 1 отправителей; 0 исходящих связей к 0 получателям; вход 500,000 KZT, выход 0 KZT. Depth=4: отсутствие исходящих связей может быть следствием границы выгрузки",0.1842
100000001246806100,4,False,1,0,0.0,0,0,130000.0,1,1,True,0.0,0.0005329767614424794,0.0,5,0.0,0.0,0.6707986254455257,0.0,0.35768243154956003,0.0,0.0,0.0,transit,0.0,"1 входящих связей от 1 отправителей; 0 исходящих связей к 0 получателям; вход 130,000 KZT, выход 0 KZT. Depth=4: отсутствие исходящих связей может быть следствием границы выгрузки",0.2102
100000003622955100,4,False,1,0,0.0,0,0,15000.0,1,1,True,0.0,0.0013342637758280147,0.0,11,0.0,0.0,0.21277867430530759,0.0,1.0,0.0,0.0,0.0,transit,0.0,"1 входящих связей от 1 отправителей; 0 исходящих связей к 0 получателям; вход 15,000 KZT, выход 0 KZT. Depth=4: отсутствие исходящих связей может быть следствием границы выгрузки",0.2883
100000003692843100,4,False,1,0,0.0,0,0,510000.0,2,1,True,0.0,0.0005294957412060594,0.0,54,0.0,0.0,0.9607155706091726,0.0,0.3526202618127476,0.0,0.0,0.0,transit,0.0,"1 входящих связей от 1 отправителей; 0 исходящих связей к 0 получателям; вход 510,000 KZT, выход 0 KZT. Depth=4: отсутствие исходящих связей может быть следствием границы выгрузки",0.2611
100000008629504100,4,False,1,0,0.0,0,0,20000.0,1,1,True,0.0,0.00030201034173378425,0.0,0,0.0,0.0,0.2737932863595569,0.0,0.021768223267801576,0.0,0.0,0.0,transit,0.0,"1 входящих связей от 1 отправителей; 0 исходящих связей к 0 получателям; вход 20,000 KZT, выход 0 KZT. Depth=4: отсутствие исходящих связей может быть следствием границы выгрузки",0.0547
100000005621418100,4,False,1,0,0.0,0,0,30000.0,1,1,True,0.0,0.00030782638639647263,0.0,14,0.0,0.0,0.3597899992899909,0.0,0.030227946123593724,0.0,0.0,0.0,transit,0.0,"1 входящих связей от 1 отправителей; 0 исходящих связей к 0 получателям; вход 30,000 KZT, выход 0 KZT. Depth=4: отсутствие исходящих связей может быть следствием границы выгрузки",0.0723
100000004167082100,4,False,1,0,0.0,0,0,13300.0,1,1,True,0.0,0.0003849148092594282,0.0,12,0.0,0.0,0.1872674599333289,0.0,0.14235220021300096,0.0,0.0,0.0,transit,0.0,"1 входящих связей от 1 отправителей; 0 исходящих связей к 0 получателям; вход 13,300 KZT, выход 0 KZT. Depth=4: отсутствие исходящих связей может быть следствием границы выгрузки",0.0693
100000004379306100,4,False,1,0,0.0,0,0,15000.0,1,1,True,0.0,0.0005320511103436054,0.0,1,0.0,0.0,0.21277867430530759,0.0,0.35633633279760646,0.0,0.0,0.0,transit,0.0,"1 входящих связей от 1 отправителей; 0 исходящих связей к 0 получателям; вход 15,000 KZT, выход 0 KZT. Depth=4: отсутствие исходящих связей может быть следствием границы выгрузки",0.1274
100000004856746100,4,False,1,0,0.0,0,0,20000.0,1,1,True,0.0,0.0003000473060624511,0.0,62,0.0,0.0,0.2737932863595569,0.0,0.018912880286145406,0.0,0.0,0.0,transit,0.0,"1 входящих связей от 1 отправителей; 0 исходящих связей к 0 получателям; вход 20,000 KZT, выход 0 KZT. Depth=4: отсутствие исходящих связей может быть следствием границы выгрузки",0.054
100000004891562100,4,False,1,0,0.0,0,0,103400.0,1,1,True,0.0,0.0003409037645591215,0.0,46,0.0,0.0,0.6222424805140129,0.0,0.07833968328953819,0.0,0.0,0.0,transit,0.0,"1 входящих связей от 1 отправителей; 0 исходящих связей к 0 получателям; вход 103,400 KZT, выход 0 KZT. Depth=4: отсутствие исходящих связей может быть следствием границы выгрузки",0.1316
100000007042175100,4,False,1,0,0.0,0,0,60000.0,1,1,True,0.0,0.0005340058628254442,0.0,0,0.0,0.0,0.5068048590547116,0.0,0.35917896813415234,0.0,0.0,0.0,transit,0.0,"1 входящих связей от 1 отправителей; 0 исходящих связей к 0 получателям; вход 60,000 KZT, выход 0 KZT. Depth=4: отсутствие исходящих связей может быть следствием границы выгрузки",0.181
100000002670463100,4,False,1,0,0.0,0,0,31500.0,1,1,True,0.0,0.00030242650713573977,0.0,46,0.0,0.0,0.37013818862209746,0.0,0.022373557935869533,0.0,0.0,0.0,transit,0.0,"1 входящих связей от 1 отправителей; 0 исходящих связей к 0 получателям; вход 31,500 KZT, выход 0 KZT. Depth=4: отсутствие исходящих связей может быть следствием границы выгрузки",0.0722
100000005567828100,4,False,1,0,0.0,0,0,94000.0,1,1,True,0.0,0.00032075622145791993,0.0,18,0.0,0.0,0.6020271383100104,0.0,0.04903485057833365,0.0,0.0,0.0,transit,0.0,"1 входящих связей от 1 отправителей; 0 исходящих связей к 0 получателям; вход 94,000 KZT, выход 0 KZT. Depth=4: отсутствие исходящих связей может быть следствием границы выгрузки",0.1206
100000004200745100,4,False,1,0,0.0,0,0,130000.0,4,1,True,0.0,0.0006010148962169071,0.0,8,0.0,0.0,0.6707986254455257,0.0,0.45662132135490296,0.0,0.0,0.0,transit,0.0,"1 входящих связей от 1 отправителей; 0 исходящих связей к 0 получателям; вход 130,000 KZT, выход 0 KZT. Depth=4: отсутствие исходящих связей может быть следствием границы выгрузки",0.2349
100000003989033100,4,False,1,0,0.0,0,0,373400.0,13,1,True,0.0,0.0005989171063455096,0.0,11,0.0,0.0,0.894590477290796,0.0,0.45357088261824346,0.0,0.0,0.0,transit,0.0,"1 входящих связей от 1 отправителей; 0 исходящих связей к 0 получателям; вход 373,400 KZT, выход 0 KZT. Depth=4: отсутствие исходящих связей может быть следствием границы выгрузки",0.2744
100000005146665100,4,False,1,0,0.0,0,0,5500.0,1,1,True,0.0,0.0002864537524941113,0.0,44,0.0,0.0,0.0,0.0,0.0,0.0,0.0,0.0,transit,0.0,"1 входящих связей от 1 отправителей; 0 исходящих связей к 0 получателям; вход 5,500 KZT, выход 0 KZT. Depth=4: отсутствие исходящих связей может быть следствием границы выгрузки",0.0
100000003096787100,4,False,1,0,0.0,0,0,16400.0,1,1,True,0.0,0.00029170829003374047,0.0,18,0.0,0.0,0.2317036324831774,0.0,0.006783261933886134,0.0,0.0,0.0,transit,0.0,"1 входящих связей от 1 отправителей; 0 исходящих связей к 0 получателям; вход 16,400 KZT, выход 0 KZT. Depth=4: отсутствие исходящих связей может быть следствием границы выгрузки",0.0434
100000003074515100,4,False,1,0,0.0,0,0,105000.0,1,1,True,0.0,0.00029938285450538106,0.0,5,0.0,0.0,0.6254993686666087,0.0,0.01794639780721128,0.0,0.0,0.0,transit,0.0,"1 входящих связей от 1 отправителей; 0 исходящих связей к 0 получателям; вход 105,000 KZT, выход 0 KZT. Depth=4: отсутствие исходящих связей может быть следствием границы выгрузки",0.1171
100000004377043100,4,False,1,0,0.0,0,0,5700.0,1,1,True,0.0,0.0003635495256865634,0.0,15,0.0,0.0,0.0075745491939545,0.0,0.11127749827096753,0.0,0.0,0.0,transit,0.0,"1 входящих связей от 1 отправителей; 0 исходящих связей к 0 получателям; вход 5,700 KZT, выход 0 KZT. Depth=4: отсутствие исходящих связей может быть следствием границы выгрузки",0.0292
100000008680061100,4,False,1,0,0.0,0,0,41300.0,2,1,True,0.0,0.00031068559080704136,0.0,10,0.0,0.0,0.42758990247435935,0.0,0.034386781452048466,0.0,0.0,0.0,transit,0.0,"1 входящих связей от 1 отправителей; 0 исходящих связей к 0 получателям; вход 41,300 KZT, выход 0 KZT. Depth=4: отсутствие исходящих связей может быть следствием границы выгрузки",0.0856
100000008471634100,4,False,1,0,0.0,0,0,20000.0,1,1,True,0.0,0.0011246149928916304,0.0,13,0.0,0.0,0.2737932863595569,0.0,1.0,0.0,0.0,0.0,transit,0.0,"1 входящих связей от 1 отправителей; 0 исходящих связей к 0 получателям; вход 20,000 KZT, выход 0 KZT. Depth=4: отсутствие исходящих связей может быть следствием границы выгрузки",0.2993
100000002119762100,4,False,1,0,0.0,0,0,77000.0,6,1,True,0.0,0.0005295245957280105,0.0,10,0.0,0.0,0.5597154027151454,0.0,0.352662222712099,0.0,0.0,0.0,transit,0.0,"1 входящих связей от 1 отправителей; 0 исходящих связей к 0 получателям; вход 77,000 KZT, выход 0 KZT. Depth=4: отсутствие исходящих связей может быть следствием границы выгрузки",0.1889
100000008628818100,4,False,1,0,0.0,0,0,46310.0,1,1,True,0.0,0.0003029044708184983,0.0,18,0.0,0.0,0.4518741357508621,0.0,0.02306878117303092,0.0,0.0,0.0,transit,0.0,"1 входящих связей от 1 отправителей; 0 исходящих связей к 0 получателям; вход 46,310 KZT, выход 0 KZT. Depth=4: отсутствие исходящих связей может быть следствием границы выгрузки",0.0871
100000007510567100,4,False,1,0,0.0,0,0,52000.0,1,1,True,0.0,0.000305034402903596,0.0,18,0.0,0.0,0.476453326303945,0.0,0.026166875028862967,0.0,0.0,0.0,transit,0.0,"1 входящих связей от 1 отправителей; 0 исходящих связей к 0 получателям; вход 52,000 KZT, выход 0 KZT. Depth=4: отсутствие исходящих связей может быть следствием границы выгрузки",0.0923
100000004780327100,4,False,1,0,0.0,0,0,12000.0,1,1,True,0.0,0.00029199108961479477,0.0,46,0.0,0.0,0.1654528573592594,0.0,0.007194613200022123,0.0,0.0,0.0,transit,0.0,"1 входящих связей от 1 отправителей; 0 исходящих связей к 0 получателям; вход 12,000 KZT, выход 0 KZT. Depth=4: отсутствие исходящих связей может быть следствием границы выгрузки",0.0316
100000008376785100,4,False,1,0,0.0,0,0,234250.0,2,1,True,0.0,0.0005318070054641091,0.0,10,0.0,0.0,0.7956955277700805,0.0,0.35598135081128573,0.0,0.0,0.0,transit,0.0,"1 входящих связей от 1 отправителей; 0 исходящих связей к 0 получателям; вход 234,250 KZT, выход 0 KZT. Depth=4: отсутствие исходящих связей может быть следствием границы выгрузки",0.2322
100000005745873100,4,False,1,0,0.0,0,0,223000.0,1,1,True,0.0,0.0003163211975392898,0.0,65,0.0,0.0,0.785256482677609,0.0,0.042583978116665824,0.0,0.0,0.0,transit,0.0,"1 входящих связей от 1 отправителей; 0 исходящих связей к 0 получателям; вход 223,000 KZT, выход 0 KZT. Depth=4: отсутствие исходящих связей может быть следствием границы выгрузки",0.152
100000002594214100,4,False,1,0,0.0,0,0,1000000.0,1,1,True,0.0,0.000367059243362219,0.0,30,0.0,0.0,1.0,0.0,0.11638224699263859,0.0,0.0,0.0,transit,0.0,"1 входящих связей от 1 отправителей; 0 исходящих связей к 0 получателям; вход 1,000,000 KZT, выход 0 KZT. Depth=4: отсутствие исходящих связей может быть следствием границы выгрузки",0.2091
100000001299323100,4,False,1,0,0.0,0,0,109000.0,1,1,True,0.0,0.0002999090853734988,0.0,5,0.0,0.0,0.6334292913725376,0.0,0.018711830506761683,0.0,0.0,0.0,transit,0.0,"1 входящих связей от 1 отправителей; 0 исходящих связей к 0 получателям; вход 109,000 KZT, выход 0 KZT. Depth=4: отсутствие исходящих связей может быть следствием границы выгрузки",0.1187
100000003838587100,4,False,1,0,0.0,0,0,6000.0,1,1,True,0.0,0.0005550324069085211,0.0,40,0.0,0.0,0.018452135654394897,0.0,0.389755786090418,0.0,0.0,0.0,transit,0.0,"1 входящих связей от 1 отправителей; 0 исходящих связей к 0 получателям; вход 6,000 KZT, выход 0 KZT. Depth=4: отсутствие исходящих связей может быть следствием границы выгрузки",0.1008
100000000673915100,4,False,1,0,0.0,0,0,20200.0,1,1,True,0.0,0.00028757651330181647,0.0,20,0.0,0.0,0.275903673492685,0.0,0.0007732977953945667,0.0,0.0,0.0,transit,0.0,"1 входящих связей от 1 отправителей; 0 исходящих связей к 0 получателям; вход 20,200 KZT, выход 0 KZT. Depth=4: отсутствие исходящих связей может быть следствием границы выгрузки",0.0499
100000003061115100,4,False,1,0,0.0,0,0,45000.0,1,1,True,0.0,0.0005339039923107192,0.0,0,0.0,0.0,0.445787890486983,0.0,0.359030826382466,0.0,0.0,0.0,transit,0.0,"1 входящих связей от 1 отправителей; 0 исходящих связей к 0 получателям; вход 45,000 KZT, выход 0 KZT. Depth=4: отсутствие исходящих связей может быть следствием границы выгрузки",0.17
100000004326224100,4,False,1,0,0.0,0,0,60000.0,1,1,True,0.0,0.0005348779091078297,0.0,10,0.0,0.0,0.5068048590547116,0.0,0.36044711133827934,0.0,0.0,0.0,transit,0.0,"1 входящих связей от 1 отправителей; 0 исходящих связей к 0 получателям; вход 60,000 KZT, выход 0 KZT. Depth=4: отсутствие исходящих связей может быть следствием границы выгрузки",0.1813
100000004988240100,4,False,1,0,0.0,0,0,20000.0,1,1,True,0.0,0.0005299271891403055,0.0,0,0.0,0.0,0.2737932863595569,0.0,0.3532476830444209,0.0,0.0,0.0,transit,0.0,"1 входящих связей от 1 отправителей; 0 исходящих связей к 0 получателям; вход 20,000 KZT, выход 0 KZT. Depth=4: отсутствие исходящих связей может быть следствием границы выгрузки",0.1376
100000008525136100,4,False,1,0,0.0,0,0,14100.0,1,1,True,0.0,0.00028852165504843517,0.0,0,0.0,0.0,0.19965563605984482,0.0,0.002148076109754487,0.0,0.0,0.0,transit,0.0,"1 входящих связей от 1 отправителей; 0 исходящих связей к 0 получателям; вход 14,100 KZT, выход 0 KZT. Depth=4: отсутствие исходящих связей может быть следствием границы выгрузки",0.0365
100000001991973100,4,False,1,0,0.0,0,0,20800.0,1,1,True,0.0,0.0002967004062396315,0.0,46,0.0,0.0,0.28211169799783475,0.0,0.014044618122745385,0.0,0.0,0.0,transit,0.0,"1 входящих связей от 1 отправителей; 0 исходящих связей к 0 получателям; вход 20,800 KZT, выход 0 KZT. Depth=4: отсутствие исходящих связей может быть следствием границы выгрузки",0.0543
100000004569637100,4,False,1,0,0.0,0,0,5500.0,1,1,True,0.0,0.0005531603067223179,0.0,1,0.0,0.0,0.0,0.0,0.3870334024957991,0.0,0.0,0.0,transit,0.0,"1 входящих связей от 1 отправителей; 0 исходящих связей к 0 получателям; вход 5,500 KZT, выход 0 KZT. Depth=4: отсутствие исходящих связей может быть следствием границы выгрузки",0.0968
100000008675322100,4,False,1,0,0.0,0,0,340000.0,4,1,True,0.0,0.00031935416989743563,0.0,20,0.0,0.0,0.8747155307241986,0.0,0.04699552852373175,0.0,0.0,0.0,transit,0.0,"1 входящих связей от 1 отправителей; 0 исходящих связей к 0 получателям; вход 340,000 KZT, выход 0 KZT. Depth=4: отсутствие исходящих связей может быть следствием границы выгрузки",0.1692
100000004235471100,4,False,1,0,0.0,0,0,180000.0,1,1,True,0.0,0.0003486135302974605,0.0,10,0.0,0.0,0.7398211449339235,0.0,0.08955346991352553,0.0,0.0,0.0,transit,0.0,"1 входящих связей от 1 отправителей; 0 исходящих связей к 0 получателям; вход 180,000 KZT, выход 0 KZT. Depth=4: отсутствие исходящих связей может быть следствием границы выгрузки",0.1556
100000003194831100,4,False,1,0,0.0,0,0,6265.0,1,1,True,0.0,0.00029082672336293373,0.0,11,0.0,0.0,0.02761753287305774,0.0,0.005500962377693749,0.0,0.0,0.0,transit,0.0,"1 входящих связей от 1 отправителей; 0 исходящих связей к 0 получателям; вход 6,265 KZT, выход 0 KZT. Depth=4: отсутствие исходящих связей может быть следствием границы выгрузки",0.0063
100000008588665100,4,False,1,0,0.0,0,0,25000.0,1,1,True,0.0,0.00035249090665568923,0.0,0,0.0,0.0,0.3211205171539985,0.0,0.0951930471459551,0.0,0.0,0.0,transit,0.0,"1 входящих связей от 1 отправителей; 0 исходящих связей к 0 получателям; вход 25,000 KZT, выход 0 KZT. Depth=4: отсутствие исходящих связей может быть следствием границы выгрузки",0.0816
100000003230329100,4,False,1,0,0.0,0,0,110000.0,1,1,True,0.0,0.00030004064309052827,0.0,5,0.0,0.0,0.6353662981862549,0.0,0.018903188618731612,0.0,0.0,0.0,transit,0.0,"1 входящих связей от 1 отправителей; 0 исходящих связей к 0 получателям; вход 110,000 KZT, выход 0 KZT. Depth=4: отсутствие исходящих связей может быть следствием границы выгрузки",0.1191
100000002217806100,4,False,1,0,0.0,0,0,55000.0,2,1,True,0.0,0.00046376017332721377,0.0,19,0.0,0.0,0.4883498316449107,0.0,0.25702296832824684,0.0,0.0,0.0,transit,0.0,"1 входящих связей от 1 отправителей; 0 исходящих связей к 0 получателям; вход 55,000 KZT, выход 0 KZT. Depth=4: отсутствие исходящих связей может быть следствием границы выгрузки",0.1522
100000004041294100,4,False,1,0,0.0,0,0,17800.0,2,1,True,0.0,0.00030085428557357664,0.0,13,0.0,0.0,0.24907745892090158,0.0,0.020086676895435352,0.0,0.0,0.0,transit,0.0,"1 входящих связей от 1 отправителей; 0 исходящих связей к 0 получателям; вход 17,800 KZT, выход 0 KZT. Depth=4: отсутствие исходящих связей может быть следствием границы выгрузки",0.0499
100000008583971100,4,False,2,0,0.0,0,0,51000.0,2,2,True,0.0,0.00032971602313587844,0.0,0,0.5849625007211564,0.0,0.4723347776672105,0.0,0.062067057843110604,0.0,0.5849625007211564,0.0,transit,0.0,"2 входящих связей от 2 отправителей; 0 исходящих связей к 0 получателям; вход 51,000 KZT, выход 0 KZT. Depth=4: отсутствие исходящих связей может быть следствием границы выгрузки",0.2
100000008251939100,4,False,1,0,0.0,0,0,44360.0,1,1,True,0.0,0.00030217452924276186,0.0,18,0.0,0.0,0.4427497298653387,0.0,0.02200704274510294,0.0,0.0,0.0,transit,0.0,"1 входящих связей от 1 отправителей; 0 исходящих связей к 0 получателям; вход 44,360 KZT, выход 0 KZT. Depth=4: отсутствие исходящих связей может быть следствием границы выгрузки",0.0852
100000004049912100,4,False,1,0,0.0,0,0,10000.0,1,1,True,0.0,0.0003245564257590681,0.0,43,0.0,0.0,0.1267854959781863,0.0,0.05456233652102719,0.0,0.0,0.0,transit,0.0,"1 входящих связей от 1 отправителей; 0 исходящих связей к 0 получателям; вход 10,000 KZT, выход 0 KZT. Depth=4: отсутствие исходящих связей может быть следствием границы выгрузки",0.0365
100000002227960100,4,False,1,0,0.0,0,0,10000.0,1,1,True,0.0,0.0002994376832159761,0.0,32,0.0,0.0,0.1267854959781863,0.0,0.018026149301080478,0.0,0.0,0.0,transit,0.0,"1 входящих связей от 1 отправителей; 0 исходящих связей к 0 получателям; вход 10,000 KZT, выход 0 KZT. Depth=4: отсутствие исходящих связей может быть следствием границы выгрузки",0.0273
100000008677368100,4,False,1,0,0.0,0,0,13500.0,1,1,True,0.0,0.0005340288694748723,0.0,2,0.0,0.0,0.19043299453493928,0.0,0.35921242477411547,0.0,0.0,0.0,transit,0.0,"1 входящих связей от 1 отправителей; 0 исходящих связей к 0 получателям; вход 13,500 KZT, выход 0 KZT. Depth=4: отсутствие исходящих связей может быть следствием границы выгрузки",0.1241
100000008631800100,4,False,1,0,0.0,0,0,12850.0,1,1,True,0.0,0.00029244596678878467,0.0,46,0.0,0.0,0.1799673956357304,0.0,0.00785626280984394,0.0,0.0,0.0,transit,0.0,"1 входящих связей от 1 отправителей; 0 исходящих связей к 0 получателям; вход 12,850 KZT, выход 0 KZT. Depth=4: отсутствие исходящих связей может быть следствием границы выгрузки",0.0344
100000003220685100,4,False,1,0,0.0,0,0,1306000.0,2,1,True,0.0,0.0005375987236644594,0.0,10,0.0,0.0,1.0,0.0,0.3644037548838409,0.0,0.0,0.0,transit,0.0,"1 входящих связей от 1 отправителей; 0 исходящих связей к 0 получателям; вход 1,306,000 KZT, выход 0 KZT. Depth=4: отсутствие исходящих связей может быть следствием границы выгрузки",0.2711
100000003072205100,4,False,2,0,0.0,0,0,163000.0,2,2,True,0.0,0.00031897392558810547,0.0,5,0.5849625007211564,0.0,0.7187792685964921,0.0,0.04644245236104216,0.0,0.5849625007211564,0.0,transit,0.0,"2 входящих связей от 2 отправителей; 0 исходящих связей к 0 получателям; вход 163,000 KZT, выход 0 KZT. Depth=4: отсутствие исходящих связей может быть следствием границы выгрузки",0.2404
100000001202637100,4,False,1,0,0.0,0,0,10000.0,1,1,True,0.0,0.0005487659443752234,0.0,18,0.0,0.0,0.1267854959781863,0.0,0.3806431582592109,0.0,0.0,0.0,transit,0.0,"1 входящих связей от 1 отправителей; 0 исходящих связей к 0 получателям; вход 10,000 KZT, выход 0 KZT. Depth=4: отсутствие исходящих связей может быть следствием границы выгрузки",0.118
100000002835874100,4,False,1,0,0.0,0,0,58700.0,1,1,True,0.0,0.00029329173220691814,0.0,5,0.0,0.0,0.5021588624166393,0.0,0.009086485004083295,0.0,0.0,0.0,transit,0.0,"1 входящих связей от 1 отправителей; 0 исходящих связей к 0 получателям; вход 58,700 KZT, выход 0 KZT. Depth=4: отсутствие исходящих связей может быть следствием границы выгрузки",0.0927
100000002707106100,4,False,1,0,0.0,0,0,15000.0,2,1,True,0.0,0.00028660633942148453,0.0,40,0.0,0.0,0.21277867430530759,0.0,0.0,0.0,0.0,0.0,transit,0.0,"1 входящих связей от 1 отправителей; 0 исходящих связей к 0 получателям; вход 15,000 KZT, выход 0 KZT. Depth=4: отсутствие исходящих связей может быть следствием границы выгрузки",0.0383
100000008343415100,4,False,1,0,0.0,0,0,100000.0,3,1,True,0.0,0.00043399201964799375,0.0,1,0.0,0.0,0.6151509436747945,0.0,0.21372995597733918,0.0,0.0,0.0,transit,0.0,"1 входящих связей от 1 отправителей; 0 исходящих связей к 0 получателям; вход 100,000 KZT, выход 0 KZT. Depth=4: отсутствие исходящих связей может быть следствием границы выгрузки",0.1642
100000004981068100,4,False,1,0,0.0,0,0,10000.0,1,1,True,0.0,0.0003788472368268373,0.0,1,0.0,0.0,0.1267854959781863,0.0,0.1335272968327616,0.0,0.0,0.0,transit,0.0,"1 входящих связей от 1 отправителей; 0 исходящих связей к 0 получателям; вход 10,000 KZT, выход 0 KZT. Depth=4: отсутствие исходящих связей может быть следствием границы выгрузки",0.0562
100000004241142100,4,False,1,0,0.0,0,0,27102.0,1,1,True,0.0,0.0005301329725055725,0.0,0,0.0,0.0,0.3382432716514498,0.0,0.353546937719504,0.0,0.0,0.0,transit,0.0,"1 входящих связей от 1 отправителей; 0 исходящих связей к 0 получателям; вход 27,102 KZT, выход 0 KZT. Depth=4: отсутствие исходящих связей может быть следствием границы выгрузки",0.1493
100000008190411100,4,False,1,0,0.0,0,0,198450.0,12,1,True,0.0,0.0004241348636842555,0.0,50,0.0,0.0,0.7605180873670768,0.0,0.19939401728264802,0.0,0.0,0.0,transit,0.0,"1 входящих связей от 1 отправителей; 0 исходящих связей к 0 получателям; вход 198,450 KZT, выход 0 KZT. Depth=4: отсутствие исходящих связей может быть следствием границы выгрузки",0.1867
100000008699083100,4,False,1,0,0.0,0,0,238500.0,1,1,True,0.0,0.00030640170893457807,0.0,24,0.0,0.0,0.7995092008952173,0.0,0.028155687272363013,0.0,0.0,0.0,transit,0.0,"1 входящих связей от 1 отправителей; 0 исходящих связей к 0 получателям; вход 238,500 KZT, выход 0 KZT. Depth=4: отсутствие исходящих связей может быть следствием границы выгрузки",0.151
100000008136608100,4,False,1,0,0.0,0,0,170000.0,1,1,True,0.0,0.0005643778935793348,0.0,18,0.0,0.0,0.7276977598314471,0.0,0.4033457943415437,0.0,0.0,0.0,transit,0.0,"1 входящих связей от 1 отправителей; 0 исходящих связей к 0 получателям; вход 170,000 KZT, выход 0 KZT. Depth=4: отсутствие исходящих связей может быть следствием границы выгрузки",0.2318
100000008695157100,4,False,1,0,0.0,0,0,425546.0,3,1,True,0.0,0.0004975174254247265,0.0,1,0.0,0.0,0.9223170717571593,0.0,0.30611592687609496,0.0,0.0,0.0,transit,0.0,"1 входящих связей от 1 отправителей; 0 исходящих связей к 0 получателям; вход 425,546 KZT, выход 0 KZT. Depth=4: отсутствие исходящих связей может быть следствием границы выгрузки",0.2425
100000000369781100,4,False,1,0,0.0,0,0,5000.0,1,1,True,0.0,0.0005324777910582551,0.0,10,0.0,0.0,0.0,0.0,0.3569568198487081,0.0,0.0,0.0,transit,0.0,"1 входящих связей от 1 отправителей; 0 исходящих связей к 0 получателям; вход 5,000 KZT, выход 0 KZT. Depth=4: отсутствие исходящих связей может быть следствием границы выгрузки",0.0892
100000003133045100,4,False,1,0,0.0,0,0,68000.0,1,1,True,0.0,0.0003330495598950611,0.0,50,0.0,0.0,0.5333518848590867,0.0,0.06691572264488312,0.0,0.0,0.0,transit,0.0,"1 входящих связей от 1 отправителей; 0 исходящих связей к 0 получателям; вход 68,000 KZT, выход 0 KZT. Depth=4: отсутствие исходящих связей может быть следствием границы выгрузки",0.1127
100000002474570100,4,False,1,0,0.0,0,0,6750.0,1,1,True,0.0,0.0002891815541283865,0.0,46,0.0,0.0,0.04343030937971895,0.0,0.0031079471769045234,0.0,0.0,0.0,transit,0.0,"1 входящих связей от 1 отправителей; 0 исходящих связей к 0 получателям; вход 6,750 KZT, выход 0 KZT. Depth=4: отсутствие исходящих связей может быть следствием границы выгрузки",0.0086
100000002514975100,4,False,1,0,0.0,0,0,17920.0,1,1,True,0.0,0.0005310425183631411,0.0,14,0.0,0.0,0.25050248668080133,0.0,0.35486961848147347,0.0,0.0,0.0,transit,0.0,"1 входящих связей от 1 отправителей; 0 исходящих связей к 0 получателям; вход 17,920 KZT, выход 0 KZT. Depth=4: отсутствие исходящих связей может быть следствием границы выгрузки",0.1338
100000001089055100,4,False,1,0,0.0,0,0,13000.0,1,1,True,0.0,0.00032930768290613944,0.0,28,0.0,0.0,0.18242877296742985,0.0,0.061473121509069244,0.0,0.0,0.0,transit,0.0,"1 входящих связей от 1 отправителей; 0 исходящих связей к 0 получателям; вход 13,000 KZT, выход 0 KZT. Depth=4: отсутствие исходящих связей может быть следствием границы выгрузки",0.0482
100000000608031100,4,False,1,0,0.0,0,0,30000.0,1,1,True,0.0,0.0005386366709608561,0.0,28,0.0,0.0,0.3597899992899909,0.0,0.36591314836559996,0.0,0.0,0.0,transit,0.0,"1 входящих связей от 1 отправителей; 0 исходящих связей к 0 получателям; вход 30,000 KZT, выход 0 KZT. Depth=4: отсутствие исходящих связей может быть следствием границы выгрузки",0.1562
100000002659103100,4,False,1,0,0.0,0,0,165000.0,1,1,True,0.0,0.000349710524256835,0.0,51,0.0,0.0,0.7213659032839392,0.0,0.09114903097939801,0.0,0.0,0.0,transit,0.0,"1 входящих связей от 1 отправителей; 0 исходящих связей к 0 получателям; вход 165,000 KZT, выход 0 KZT. Depth=4: отсутствие исходящих связей может быть следствием границы выгрузки",0.1526
100000000733940100,4,False,1,0,0.0,0,0,752000.0,2,1,True,0.0,0.00041118521018324706,0.0,36,0.0,0.0,1.0,0.0,0.18056023241627808,0.0,0.0,0.0,transit,0.0,"1 входящих связей от 1 отправителей; 0 исходящих связей к 0 получателям; вход 752,000 KZT, выход 0 KZT. Depth=4: отсутствие исходящих связей может быть следствием границы выгрузки",0.2251
100000001537524100,4,False,1,0,0.0,0,0,150000.0,1,1,True,0.0,0.0002986714418382259,0.0,24,0.0,0.0,0.7011504844999529,0.0,0.016911607018266744,0.0,0.0,0.0,transit,0.0,"1 входящих связей от 1 отправителей; 0 исходящих связей к 0 получателям; вход 150,000 KZT, выход 0 KZT. Depth=4: отсутствие исходящих связей может быть следствием границы выгрузки",0.1304
100000002971593100,4,False,1,0,0.0,0,0,49050.0,1,1,True,0.0,0.0005303801543957137,0.0,10,0.0,0.0,0.4640660241427328,0.0,0.35390639495444887,0.0,0.0,0.0,transit,0.0,"1 входящих связей от 1 отправителей; 0 исходящих связей к 0 получателям; вход 49,050 KZT, выход 0 KZT. Depth=4: отсутствие исходящих связей может быть следствием границы выгрузки",0.172
100000006918814100,4,False,1,0,0.0,0,0,20000.0,2,1,True,0.0,0.0003043279710896778,0.0,3,0.0,0.0,0.2737932863595569,0.0,0.02513933498647385,0.0,0.0,0.0,transit,0.0,"1 входящих связей от 1 отправителей; 0 исходящих связей к 0 получателям; вход 20,000 KZT, выход 0 KZT. Depth=4: отсутствие исходящих связей может быть следствием границы выгрузки",0.0556
100000007381662100,4,False,1,0,0.0,0,0,11000.0,1,1,True,0.0,0.00029683392810289037,0.0,0,0.0,0.0,0.14699911528604376,0.0,0.01423883381887309,0.0,0.0,0.0,transit,0.0,"1 входящих связей от 1 отправителей; 0 исходящих связей к 0 получателям; вход 11,000 KZT, выход 0 KZT. Depth=4: отсутствие исходящих связей может быть следствием границы выгрузки",0.03
100000003199390100,4,False,1,0,0.0,0,0,260000.0,1,1,True,0.0,0.00037663319077753615,0.0,10,0.0,0.0,0.8178162043920784,0.0,0.13030709245001101,0.0,0.0,0.0,transit,0.0,"1 входящих связей от 1 отправителей; 0 исходящих связей к 0 получателям; вход 260,000 KZT, выход 0 KZT. Depth=4: отсутствие исходящих связей может быть следствием границы выгрузки",0.1798
100000007749747100,4,False,1,0,0.0,0,0,50000.0,1,1,True,0.0,0.0004436219671018509,0.0,42,0.0,0.0,0.46813466994857295,0.0,0.22773531333293287,0.0,0.0,0.0,transit,0.0,"1 входящих связей от 1 отправителей; 0 исходящих связей к 0 получателям; вход 50,000 KZT, выход 0 KZT. Depth=4: отсутствие исходящих связей может быть следствием границы выгрузки",0.1412
100000003447411100,4,False,1,0,0.0,0,0,302000.0,3,1,True,0.0,0.00030581844296807327,0.0,1,0.0,0.0,0.8495774930443816,0.0,0.027307299263746088,0.0,0.0,0.0,transit,0.0,"1 входящих связей от 1 отправителей; 0 исходящих связей к 0 получателям; вход 302,000 KZT, выход 0 KZT. Depth=4: отсутствие исходящих связей может быть следствием границы выгрузки",0.1598
100000000500040100,4,False,1,0,0.0,0,0,20000.0,1,1,True,0.0,0.0003060504467365633,0.0,0,0.0,0.0,0.2737932863595569,0.0,0.02764475980662526,0.0,0.0,0.0,transit,0.0,"1 входящих связей от 1 отправителей; 0 исходящих связей к 0 получателям; вход 20,000 KZT, выход 0 KZT. Depth=4: отсутствие исходящих связей может быть следствием границы выгрузки",0.0562
100000008551752100,4,False,1,0,0.0,0,0,406000.0,2,1,True,0.0,0.0003415570643909756,0.0,65,0.0,0.0,0.9123440495640647,0.0,0.07928990551462167,0.0,0.0,0.0,transit,0.0,"1 входящих связей от 1 отправителей; 0 исходящих связей к 0 получателям; вход 406,000 KZT, выход 0 KZT. Depth=4: отсутствие исходящих связей может быть следствием границы выгрузки",0.184
100000002876914100,4,False,1,0,0.0,0,0,12000.0,1,1,True,0.0,0.00029199108961479477,0.0,46,0.0,0.0,0.1654528573592594,0.0,0.007194613200022123,0.0,0.0,0.0,transit,0.0,"1 входящих связей от 1 отправителей; 0 исходящих связей к 0 получателям; вход 12,000 KZT, выход 0 KZT. Depth=4: отсутствие исходящих связей может быть следствием границы выгрузки",0.0316
100000004571634100,4,False,1,0,0.0,0,0,20000.0,1,1,True,0.0,0.00037417734894680267,0.0,11,0.0,0.0,0.2737932863595569,0.0,0.12673520148247466,0.0,0.0,0.0,transit,0.0,"1 входящих связей от 1 отправителей; 0 исходящих связей к 0 получателям; вход 20,000 KZT, выход 0 KZT. Depth=4: отсутствие исходящих связей может быть следствием границы выгрузки",0.081
100000004610802100,4,False,1,0,0.0,0,0,241000.0,18,1,True,0.0,0.0004739522248641112,0.0,56,0.0,0.0,0.8017209187909307,0.0,0.27184537907675643,0.0,0.0,0.0,transit,0.0,"1 входящих связей от 1 отправителей; 0 исходящих связей к 0 получателям; вход 241,000 KZT, выход 0 KZT. Depth=4: отсутствие исходящих связей может быть следствием границы выгрузки",0.2123
100000001311175100,4,False,1,0,0.0,0,0,300000.0,1,1,True,0.0,0.0005315144876960884,0.0,24,0.0,0.0,0.8481681722159543,0.0,0.3555559657620945,0.0,0.0,0.0,transit,0.0,"1 входящих связей от 1 отправителей; 0 исходящих связей к 0 получателям; вход 300,000 KZT, выход 0 KZT. Depth=4: отсутствие исходящих связей может быть следствием границы выгрузки",0.2416
100000008740295100,4,False,1,0,0.0,0,0,300000.0,1,1,True,0.0,0.00032503660932612125,0.0,5,0.0,0.0,0.8481681722159543,0.0,0.055260773243841814,0.0,0.0,0.0,transit,0.0,"1 входящих связей от 1 отправителей; 0 исходящих связей к 0 получателям; вход 300,000 KZT, выход 0 KZT. Depth=4: отсутствие исходящих связей может быть следствием границы выгрузки",0.1665
100000002596039100,4,False,1,0,0.0,0,0,280000.0,1,1,True,0.0,0.00030434333941669174,0.0,1,0.0,0.0,0.8335346477734468,0.0,0.02516168898658399,0.0,0.0,0.0,transit,0.0,"1 входящих связей от 1 отправителей; 0 исходящих связей к 0 получателям; вход 280,000 KZT, выход 0 KZT. Depth=4: отсутствие исходящих связей может быть следствием границы выгрузки",0.1563
100000002126791100,4,False,1,0,0.0,0,0,1313000.0,3,1,True,0.0,0.0005716806006060716,0.0,5,0.0,0.0,1.0,0.0,0.41396514746866836,0.0,0.0,0.0,transit,0.0,"1 входящих связей от 1 отправителей; 0 исходящих связей к 0 получателям; вход 1,313,000 KZT, выход 0 KZT. Depth=4: отсутствие исходящих связей может быть следствием границы выгрузки",0.2835
100000005783452100,4,False,2,0,0.0,0,0,286500.0,2,2,True,0.0,0.00031441856690158417,0.0,24,0.5849625007211564,0.0,0.8384021614419541,0.0,0.03981653724342251,0.0,0.5849625007211564,0.0,transit,0.0,"2 входящих связей от 2 отправителей; 0 исходящих связей к 0 получателям; вход 286,500 KZT, выход 0 KZT. Depth=4: отсутствие исходящих связей может быть следствием границы выгрузки",0.2603
100000006693788100,4,False,1,0,0.0,0,0,10764.0,1,1,True,0.0,0.0005320949120369095,0.0,0,0.0,0.0,0.14239944598270618,0.0,0.35640003004892007,0.0,0.0,0.0,transit,0.0,"1 входящих связей от 1 отправителей; 0 исходящих связей к 0 получателям; вход 10,764 KZT, выход 0 KZT. Depth=4: отсутствие исходящих связей может быть следствием границы выгрузки",0.1147
100000002832753100,4,False,1,0,0.0,0,0,12500.0,1,1,True,0.0,0.0007555331214190848,0.0,4,0.0,0.0,0.17411060603184644,0.0,0.6812918194371613,0.0,0.0,0.0,transit,0.0,"1 входящих связей от 1 отправителей; 0 исходящих связей к 0 получателям; вход 12,500 KZT, выход 0 KZT. Depth=4: отсутствие исходящих связей может быть следствием границы выгрузки",0.2017
100000002981489100,4,False,1,0,0.0,0,0,10000.0,1,1,True,0.0,0.0002883312964836393,0.0,10,0.0,0.0,0.1267854959781863,0.0,0.0018711856549258462,0.0,0.0,0.0,transit,0.0,"1 входящих связей от 1 отправителей; 0 исходящих связей к 0 получателям; вход 10,000 KZT, выход 0 KZT. Depth=4: отсутствие исходящих связей может быть следствием границы выгрузки",0.0233
100000003084870100,4,False,1,0,0.0,0,0,6500.0,1,1,True,0.0,0.0003451786560651282,0.0,24,0.0,0.0,0.03542669195658912,0.0,0.08455748615380618,0.0,0.0,0.0,transit,0.0,"1 входящих связей от 1 отправителей; 0 исходящих связей к 0 получателям; вход 6,500 KZT, выход 0 KZT. Depth=4: отсутствие исходящих связей может быть следствием границы выгрузки",0.0275
100000002791494100,4,False,1,0,0.0,0,0,85860.0,1,1,True,0.0,0.00031770918329048663,0.0,18,0.0,0.0,0.582815784656623,0.0,0.0446028472052398,0.0,0.0,0.0,transit,0.0,"1 входящих связей от 1 отправителей; 0 исходящих связей к 0 получателям; вход 85,860 KZT, выход 0 KZT. Depth=4: отсутствие исходящих связей может быть следствием границы выгрузки",0.1161
100000003345947100,4,False,1,0,0.0,0,0,79500.0,6,1,True,0.0,0.0004947659232077648,0.0,1,0.0,0.0,0.5664923369695783,0.0,0.30211449658199535,0.0,0.0,0.0,transit,0.0,"1 входящих связей от 1 отправителей; 0 исходящих связей к 0 получателям; вход 79,500 KZT, выход 0 KZT. Depth=4: отсутствие исходящих связей может быть следствием границы выгрузки",0.1775
100000002733083100,4,False,1,0,0.0,0,0,15200.0,1,1,True,0.0,0.00029125909521790267,0.0,18,0.0,0.0,0.21558783673740997,0.0,0.006129877218265811,0.0,0.0,0.0,transit,0.0,"1 входящих связей от 1 отправителей; 0 исходящих связей к 0 получателям; вход 15,200 KZT, выход 0 KZT. Depth=4: отсутствие исходящих связей может быть следствием границы выгрузки",0.0403
100000003247600100,4,False,1,0,0.0,0,0,58000.0,1,1,True,0.0,0.000841209095166374,0.0,3,0.0,0.0,0.49961437000157516,0.0,0.8058502898393771,0.0,0.0,0.0,transit,0.0,"1 входящих связей от 1 отправителей; 0 исходящих связей к 0 получателям; вход 58,000 KZT, выход 0 KZT. Depth=4: отсутствие исходящих связей может быть следствием границы выгрузки",0.2914
100000001378288100,4,False,1,0,0.0,0,0,268000.0,3,1,True,0.0,0.0005234508868762789,0.0,1,0.0,0.0,0.8242440267652102,0.0,0.34382967105400153,0.0,0.0,0.0,transit,0.0,"1 входящих связей от 1 отправителей; 0 исходящих связей к 0 получателям; вход 268,000 KZT, выход 0 KZT. Depth=4: отсутствие исходящих связей может быть следствием границы выгрузки",0.2343
100000002305477100,4,False,1,0,0.0,0,0,20000.0,1,1,True,0.0,0.00031330607221466205,0.0,32,0.0,0.0,0.2737932863595569,0.0,0.03819837350380219,0.0,0.0,0.0,transit,0.0,"1 входящих связей от 1 отправителей; 0 исходящих связей к 0 получателям; вход 20,000 KZT, выход 0 KZT. Depth=4: отсутствие исходящих связей может быть следствием границы выгрузки",0.0588
100000006638021100,4,False,2,0,0.0,0,0,388500.0,2,2,True,0.0,0.0005444856962899737,0.0,60,0.5849625007211564,0.0,0.9029988299033306,0.0,0.3744188310267417,0.0,0.5849625007211564,0.0,transit,0.0,"2 входящих связей от 2 отправителей; 0 исходящих связей к 0 получателям; вход 388,500 KZT, выход 0 KZT. Depth=4: отсутствие исходящих связей может быть следствием границы выгрузки",0.3556
100000008517061100,4,False,1,0,0.0,0,0,1844000.0,4,1,True,0.0,0.0004130567179862461,0.0,40,0.0,0.0,1.0,0.0,0.18328214080499658,0.0,0.0,0.0,transit,0.0,"1 входящих связей от 1 отправителей; 0 исходящих связей к 0 получателям; вход 1,844,000 KZT, выход 0 KZT. Depth=4: отсутствие исходящих связей может быть следствием границы выгрузки",0.2258
100000005910895100,4,False,1,0,0.0,0,0,5100.0,1,1,True,0.0,0.0005976000607837513,0.0,53,0.0,0.0,0.0,0.0,0.45165573672595316,0.0,0.0,0.0,transit,0.0,"1 входящих связей от 1 отправителей; 0 исходящих связей к 0 получателям; вход 5,100 KZT, выход 0 KZT. Depth=4: отсутствие исходящих связей может быть следствием границы выгрузки",0.1129
100000002723439100,4,False,1,0,0.0,0,0,18000.0,2,1,True,0.0,0.0005526233540248626,0.0,53,0.0,0.0,0.25144721385475965,0.0,0.3862525719690973,0.0,0.0,0.0,transit,0.0,"1 входящих связей от 1 отправителей; 0 исходящих связей к 0 получателям; вход 18,000 KZT, выход 0 KZT. Depth=4: отсутствие исходящих связей может быть следствием границы выгрузки",0.1418
100000002320495100,4,False,1,0,0.0,0,0,13526.27,1,1,True,0.0,0.0005354179344206204,0.0,28,0.0,0.0,0.19084529912709988,0.0,0.36123242395419125,0.0,0.0,0.0,transit,0.0,"1 входящих связей от 1 отправителей; 0 исходящих связей к 0 получателям; вход 13,526 KZT, выход 0 KZT. Depth=4: отсутствие исходящих связей может быть следствием границы выгрузки",0.1247
100000002229615100,4,False,1,0,0.0,0,0,25000.0,1,1,True,0.0,0.0007184983881728341,0.0,32,0.0,0.0,0.3211205171539985,0.0,0.6274462388850961,0.0,0.0,0.0,transit,0.0,"1 входящих связей от 1 отправителей; 0 исходящих связей к 0 получателям; вход 25,000 KZT, выход 0 KZT. Depth=4: отсутствие исходящих связей может быть следствием границы выгрузки",0.2147
100000008327791100,4,False,1,0,0.0,0,0,11000.0,1,1,True,0.0,0.0005367685704661624,0.0,28,0.0,0.0,0.14699911528604376,0.0,0.36319653655928485,0.0,0.0,0.0,transit,0.0,"1 входящих связей от 1 отправителей; 0 исходящих связей к 0 получателям; вход 11,000 KZT, выход 0 KZT. Depth=4: отсутствие исходящих связей может быть следствием границы выгрузки",0.1173
100000002208836100,4,False,1,0,0.0,0,0,90000.0,1,1,True,0.0,0.000329818544919523,0.0,10,0.0,0.0,0.5928039285509907,0.0,0.062216177112666096,0.0,0.0,0.0,transit,0.0,"1 входящих связей от 1 отправителей; 0 исходящих связей к 0 получателям; вход 90,000 KZT, выход 0 KZT. Depth=4: отсутствие исходящих связей может быть следствием границы выгрузки",0.1223
100000001724740100,4,False,1,0,0.0,0,0,185000.0,4,1,True,0.0,0.0005364804152149856,0.0,5,0.0,0.0,0.7456325097355305,0.0,0.36277749764615674,0.0,0.0,0.0,transit,0.0,"1 входящих связей от 1 отправителей; 0 исходящих связей к 0 получателям; вход 185,000 KZT, выход 0 KZT. Depth=4: отсутствие исходящих связей может быть следствием границы выгрузки",0.2249
100000004386286100,4,False,1,0,0.0,0,0,12500.0,1,1,True,0.0,0.0005972866869113208,0.0,8,0.0,0.0,0.17411060603184644,0.0,0.45120005228273885,0.0,0.0,0.0,transit,0.0,"1 входящих связей от 1 отправителей; 0 исходящих связей к 0 получателям; вход 12,500 KZT, выход 0 KZT. Depth=4: отсутствие исходящих связей может быть следствием границы выгрузки",0.1441
100000001714883100,4,False,1,0,0.0,0,0,6900.0,1,1,True,0.0,0.00028926182657085535,0.0,46,0.0,0.0,0.04809141203485501,0.0,0.003224709222570132,0.0,0.0,0.0,transit,0.0,"1 входящих связей от 1 отправителей; 0 исходящих связей к 0 получателям; вход 6,900 KZT, выход 0 KZT. Depth=4: отсутствие исходящих связей может быть следствием границы выгрузки",0.0095
100000008337304100,4,False,1,0,0.0,0,0,105465.0,2,1,True,0.0,0.0003542650469239118,0.0,1,0.0,0.0,0.6264365979724498,0.0,0.09777349636639332,0.0,0.0,0.0,transit,0.0,"1 входящих связей от 1 отправителей; 0 исходящих связей к 0 получателям; вход 105,465 KZT, выход 0 KZT. Depth=4: отсутствие исходящих связей может быть следствием границы выгрузки",0.1372
100000000655469100,4,False,1,0,0.0,0,0,20000.0,2,1,True,0.0,0.00034543115072670764,0.0,32,0.0,0.0,0.2737932863595569,0.0,0.08492473722323968,0.0,0.0,0.0,transit,0.0,"1 входящих связей от 1 отправителей; 0 исходящих связей к 0 получателям; вход 20,000 KZT, выход 0 KZT. Depth=4: отсутствие исходящих связей может быть следствием границы выгрузки",0.0705
100000008722541100,4,False,1,0,0.0,0,0,280000.0,4,1,True,0.0,0.0003836381058975551,0.0,10,0.0,0.0,0.8335346477734468,0.0,0.14049531972901516,0.0,0.0,0.0,transit,0.0,"1 входящих связей от 1 отправителей; 0 исходящих связей к 0 получателям; вход 280,000 KZT, выход 0 KZT. Depth=4: отсутствие исходящих связей может быть следствием границы выгрузки",0.1852
100000004222274100,4,False,1,0,0.0,0,0,15500.0,1,1,True,0.0,0.0005454170226679202,0.0,0,0.0,0.0,0.21973302844823334,0.0,0.37577316603781263,0.0,0.0,0.0,transit,0.0,"1 входящих связей от 1 отправителей; 0 исходящих связей к 0 получателям; вход 15,500 KZT, выход 0 KZT. Depth=4: отсутствие исходящих связей может быть следствием границы выгрузки",0.1335
100000006232642100,4,False,1,0,0.0,0,0,456000.0,4,1,True,0.0,0.0004278560911161392,0.0,66,0.0,0.0,0.9369775266481979,0.0,0.20480607042721125,0.0,0.0,0.0,transit,0.0,"1 входящих связей от 1 отправителей; 0 исходящих связей к 0 получателям; вход 456,000 KZT, выход 0 KZT. Depth=4: отсутствие исходящих связей может быть следствием границы выгрузки",0.2199
100000004066370100,4,False,1,0,0.0,0,0,65000.0,2,1,True,0.0,0.0005893461583954309,0.0,26,0.0,0.0,0.5237818622645034,0.0,0.43965349222158967,0.0,0.0,0.0,transit,0.0,"1 входящих связей от 1 отправителей; 0 исходящих связей к 0 получателям; вход 65,000 KZT, выход 0 KZT. Depth=4: отсутствие исходящих связей может быть следствием границы выгрузки",0.2042
100000005685783100,4,False,1,0,0.0,0,0,26150.0,1,1,True,0.0,0.0005320610913052164,0.0,22,0.0,0.0,0.3306591167474486,0.0,0.35635084730110805,0.0,0.0,0.0,transit,0.0,"1 входящих связей от 1 отправителей; 0 исходящих связей к 0 получателям; вход 26,150 KZT, выход 0 KZT. Depth=4: отсутствие исходящих связей может быть следствием границы выгрузки",0.1486
100000006171671100,4,False,1,0,0.0,0,0,10000.0,1,1,True,0.0,0.0005290656990407915,0.0,0,0.0,0.0,0.1267854959781863,0.0,0.35199488461251516,0.0,0.0,0.0,transit,0.0,"1 входящих связей от 1 отправителей; 0 исходящих связей к 0 получателям; вход 10,000 KZT, выход 0 KZT. Depth=4: отсутствие исходящих связей может быть следствием границы выгрузки",0.1108
100000003481025100,4,False,1,0,0.0,0,0,9000.0,1,1,True,0.0,0.0005310260909453542,0.0,0,0.0,0.0,0.10444060163522356,0.0,0.3548457293948519,0.0,0.0,0.0,transit,0.0,"1 входящих связей от 1 отправителей; 0 исходящих связей к 0 получателям; вход 9,000 KZT, выход 0 KZT. Depth=4: отсутствие исходящих связей может быть следствием границы выгрузки",0.1075
100000003646145100,4,False,1,0,0.0,0,0,5000.0,1,1,True,0.0,0.0006536813277109168,0.0,41,0.0,0.0,0.0,0.0,0.5332025503157453,0.0,0.0,0.0,transit,0.0,"1 входящих связей от 1 отправителей; 0 исходящих связей к 0 получателям; вход 5,000 KZT, выход 0 KZT. Depth=4: отсутствие исходящих связей может быть следствием границы выгрузки",0.1333
100000002659265100,4,False,1,0,0.0,0,0,141000.0,1,1,True,0.0,0.00031969973198944253,0.0,5,0.0,0.0,0.6880266340077089,0.0,0.04749815823255804,0.0,0.0,0.0,transit,0.0,"1 входящих связей от 1 отправителей; 0 исходящих связей к 0 получателям; вход 141,000 KZT, выход 0 KZT. Depth=4: отсутствие исходящих связей может быть следствием границы выгрузки",0.1357
100000003289281100,4,False,1,0,0.0,0,0,40000.0,1,1,True,0.0,0.0005967179150727075,0.0,0,0.0,0.0,0.4208063787121672,0.0,0.45037298718368113,0.0,0.0,0.0,transit,0.0,"1 входящих связей от 1 отправителей; 0 исходящих связей к 0 получателям; вход 40,000 KZT, выход 0 KZT. Depth=4: отсутствие исходящих связей может быть следствием границы выгрузки",0.1883
100000004840086100,4,False,1,0,0.0,0,0,100000.0,2,1,True,0.0,0.0005391572563123882,0.0,0,0.0,0.0,0.6151509436747945,0.0,0.36667018827218906,0.0,0.0,0.0,transit,0.0,"1 входящих связей от 1 отправителей; 0 исходящих связей к 0 получателям; вход 100,000 KZT, выход 0 KZT. Depth=4: отсутствие исходящих связей может быть следствием границы выгрузки",0.2024
100000008554390100,4,False,1,0,0.0,0,0,14000.0,1,1,True,0.0,0.0002930613888477122,0.0,46,0.0,0.0,0.19814610930549503,0.0,0.008751435332456276,0.0,0.0,0.0,transit,0.0,"1 входящих связей от 1 отправителей; 0 исходящих связей к 0 получателям; вход 14,000 KZT, выход 0 KZT. Depth=4: отсутствие исходящих связей может быть следствием границы выгрузки",0.0379
100000004691350100,4,False,1,0,0.0,0,0,13300.0,1,1,True,0.0,0.0008870591048616315,0.0,7,0.0,0.0,0.1872674599333289,0.0,0.872504120250192,0.0,0.0,0.0,transit,0.0,"1 входящих связей от 1 отправителей; 0 исходящих связей к 0 получателям; вход 13,300 KZT, выход 0 KZT. Depth=4: отсутствие исходящих связей может быть следствием границы выгрузки",0.2518
100000004652395100,4,False,3,0,0.0,0,0,101528.0,5,3,True,0.0,0.0003357067098927743,0.0,0,1.0,0.0,0.6183673298196403,0.0,0.07078056410896841,0.0,1.0,0.0,transit,0.0,"3 входящих связей от 3 отправителей; 0 исходящих связей к 0 получателям; вход 101,528 KZT, выход 0 KZT. Depth=4: отсутствие исходящих связей может быть следствием границы выгрузки",0.299
100000004979264100,4,False,1,0,0.0,0,0,39800.0,1,1,True,0.0,0.0004113792218334005,0.0,42,0.0,0.0,0.41974323165789823,0.0,0.1808424018947921,0.0,0.0,0.0,transit,0.0,"1 входящих связей от 1 отправителей; 0 исходящих связей к 0 получателям; вход 39,800 KZT, выход 0 KZT. Depth=4: отсутствие исходящих связей может быть следствием границы выгрузки",0.1208
100000008074304100,4,False,1,0,0.0,0,0,5500.0,1,1,True,0.0,0.000332421192783094,0.0,10,0.0,0.0,0.0,0.0,0.06600175720850822,0.0,0.0,0.0,transit,0.0,"1 входящих связей от 1 отправителей; 0 исходящих связей к 0 получателям; вход 5,500 KZT, выход 0 KZT. Depth=4: отсутствие исходящих связей может быть следствием границы выгрузки",0.0165
100000002227989100,4,False,1,0,0.0,0,0,20000.0,1,1,True,0.0,0.0003944604204613206,0.0,32,0.0,0.0,0.2737932863595569,0.0,0.15623558440564167,0.0,0.0,0.0,transit,0.0,"1 входящих связей от 1 отправителей; 0 исходящих связей к 0 получателям; вход 20,000 KZT, выход 0 KZT. Depth=4: отсутствие исходящих связей может быть следствием границы выгрузки",0.0883
100000003207060100,4,False,1,0,0.0,0,0,53000.0,1,1,True,0.0,0.0004274431125866961,0.0,0,0.0,0.0,0.48049342309960935,0.0,0.2042054465485773,0.0,0.0,0.0,transit,0.0,"1 входящих связей от 1 отправителей; 0 исходящих связей к 0 получателям; вход 53,000 KZT, выход 0 KZT. Depth=4: отсутствие исходящих связей может быть следствием границы выгрузки",0.1375
100000004601193100,4,False,1,0,0.0,0,0,84000.0,3,1,True,0.0,0.0006034150427286818,0.0,11,0.0,0.0,0.5781705219415585,0.0,0.4601114151612899,0.0,0.0,0.0,transit,0.0,"1 входящих связей от 1 отправителей; 0 исходящих связей к 0 получателям; вход 84,000 KZT, выход 0 KZT. Depth=4: отсутствие исходящих связей может быть следствием границы выгрузки",0.2191
100000004991593100,4,False,1,0,0.0,0,0,45000.0,2,1,True,0.0,0.00035489105110696575,0.0,1,0.0,0.0,0.445787890486983,0.0,0.09868400502075955,0.0,0.0,0.0,transit,0.0,"1 входящих связей от 1 отправителей; 0 исходящих связей к 0 получателям; вход 45,000 KZT, выход 0 KZT. Depth=4: отсутствие исходящих связей может быть следствием границы выгрузки",0.1049
100000003128638100,4,False,1,0,0.0,0,0,300000.0,1,1,True,0.0,0.00035818724692399735,0.0,5,0.0,0.0,0.8481681722159543,0.0,0.10347823645811152,0.0,0.0,0.0,transit,0.0,"1 входящих связей от 1 отправителей; 0 исходящих связей к 0 получателям; вход 300,000 KZT, выход 0 KZT. Depth=4: отсутствие исходящих связей может быть следствием границы выгрузки",0.1785
100000005878334100,4,False,1,0,0.0,0,0,76400.0,2,1,True,0.0,0.0003989642564463477,0.0,1,0.0,0.0,0.5580562030390713,0.0,0.1627860341282184,0.0,0.0,0.0,transit,0.0,"1 входящих связей от 1 отправителей; 0 исходящих связей к 0 получателям; вход 76,400 KZT, выход 0 KZT. Depth=4: отсутствие исходящих связей может быть следствием границы выгрузки",0.1411
100000002878483100,4,False,1,0,0.0,0,0,6000.0,1,1,True,0.0,0.0002887801919160425,0.0,46,0.0,0.0,0.018452135654394897,0.0,0.0025241368080255663,0.0,0.0,0.0,transit,0.0,"1 входящих связей от 1 отправителей; 0 исходящих связей к 0 получателям; вход 6,000 KZT, выход 0 KZT. Depth=4: отсутствие исходящих связей может быть следствием границы выгрузки",0.004
100000000981693100,4,False,1,0,0.0,0,0,16500.0,1,1,True,0.0,0.0005290815211541508,0.0,0,0.0,0.0,0.23299293624640618,0.0,0.35201789349815893,0.0,0.0,0.0,transit,0.0,"1 входящих связей от 1 отправителей; 0 исходящих связей к 0 получателям; вход 16,500 KZT, выход 0 KZT. Depth=4: отсутствие исходящих связей может быть следствием границы выгрузки",0.1299
100000006416061100,4,False,1,0,0.0,0,0,30000.0,1,1,True,0.0,0.0004348563786213122,0.0,1,0.0,0.0,0.3597899992899909,0.0,0.21498704584167266,0.0,0.0,0.0,transit,0.0,"1 входящих связей от 1 отправителей; 0 исходящих связей к 0 получателям; вход 30,000 KZT, выход 0 KZT. Depth=4: отсутствие исходящих связей может быть следствием границы выгрузки",0.1185
100000008168850100,4,False,1,0,0.0,0,0,187910.0,2,1,True,0.0,0.000533079579985651,0.0,10,0.0,0.0,0.7489428425318722,0.0,0.3578319520780565,0.0,0.0,0.0,transit,0.0,"1 входящих связей от 1 отправителей; 0 исходящих связей к 0 получателям; вход 187,910 KZT, выход 0 KZT. Depth=4: отсутствие исходящих связей может быть следствием границы выгрузки",0.2243
100000004747154100,4,False,1,0,0.0,0,0,67000.0,1,1,True,0.0,0.00033235132069391743,0.0,50,0.0,0.0,0.5302096115841254,0.0,0.0659001276108637,0.0,0.0,0.0,transit,0.0,"1 входящих связей от 1 отправителей; 0 исходящих связей к 0 получателям; вход 67,000 KZT, выход 0 KZT. Depth=4: отсутствие исходящих связей может быть следствием границы выгрузки",0.1119
100000008524903100,4,False,1,0,0.0,0,0,15000.0,1,1,True,0.0,0.00033177325018699015,0.0,0,0.0,0.0,0.21277867430530759,0.0,0.06505931845876523,0.0,0.0,0.0,transit,0.0,"1 входящих связей от 1 отправителей; 0 исходящих связей к 0 получателям; вход 15,000 KZT, выход 0 KZT. Depth=4: отсутствие исходящих связей может быть следствием границы выгрузки",0.0546
100000005049404100,4,False,1,0,0.0,0,0,98000.0,2,1,True,0.0,0.00031263691642751117,0.0,10,0.0,0.0,0.6108659380097644,0.0,0.0372250613541439,0.0,0.0,0.0,transit,0.0,"1 входящих связей от 1 отправителей; 0 исходящих связей к 0 получателям; вход 98,000 KZT, выход 0 KZT. Depth=4: отсутствие исходящих связей может быть следствием границы выгрузки",0.1193
100000002258492100,4,False,1,0,0.0,0,0,9000.0,1,1,True,0.0,0.0005401265380892341,0.0,49,0.0,0.0,0.10444060163522356,0.0,0.3680797255119838,0.0,0.0,0.0,transit,0.0,"1 входящих связей от 1 отправителей; 0 исходящих связей к 0 получателям; вход 9,000 KZT, выход 0 KZT. Depth=4: отсутствие исходящих связей может быть следствием границы выгрузки",0.1108
100000005497148100,4,False,1,0,0.0,0,0,24000.0,2,1,True,0.0,0.0004900139425044343,0.0,10,0.0,0.0,0.3124624150201965,0.0,0.2952038022240941,0.0,0.0,0.0,transit,0.0,"1 входящих связей от 1 отправителей; 0 исходящих связей к 0 получателям; вход 24,000 KZT, выход 0 KZT. Depth=4: отсутствие исходящих связей может быть следствием границы выгрузки",0.13
100000004596284100,4,False,1,0,0.0,0,0,30000.0,1,1,True,0.0,0.0005914888430857128,0.0,16,0.0,0.0,0.3597899992899909,0.0,0.4427692431565143,0.0,0.0,0.0,transit,0.0,"1 входящих связей от 1 отправителей; 0 исходящих связей к 0 получателям; вход 30,000 KZT, выход 0 KZT. Depth=4: отсутствие исходящих связей может быть следствием границы выгрузки",0.1755
100000007960337100,4,False,1,0,0.0,0,0,35500.0,1,1,True,0.0,0.00030276808937766117,0.0,1,0.0,0.0,0.3954932802484276,0.0,0.022870407250452692,0.0,0.0,0.0,transit,0.0,"1 входящих связей от 1 отправителей; 0 исходящих связей к 0 получателям; вход 35,500 KZT, выход 0 KZT. Depth=4: отсутствие исходящих связей может быть следствием границы выгрузки",0.0769
100000003180305100,4,False,1,0,0.0,0,0,144000.0,1,1,True,0.0,0.0005280565512084151,0.0,0,0.0,0.0,0.6924920877930885,0.0,0.3505273575863357,0.0,0.0,0.0,transit,0.0,"1 входящих связей от 1 отправителей; 0 исходящих связей к 0 получателям; вход 144,000 KZT, выход 0 KZT. Depth=4: отсутствие исходящих связей может быть следствием границы выгрузки",0.2123
100000007653094100,4,False,1,0,0.0,0,0,16000.0,1,1,True,0.0,0.0005754742432917488,0.0,12,0.0,0.0,0.22646658576820314,0.0,0.4194817056140107,0.0,0.0,0.0,transit,0.0,"1 входящих связей от 1 отправителей; 0 исходящих связей к 0 получателям; вход 16,000 KZT, выход 0 KZT. Depth=4: отсутствие исходящих связей может быть следствием границы выгрузки",0.1456
100000008175078100,4,False,1,0,0.0,0,0,1846711.0,15,1,True,0.0,0.00046907194584128176,0.0,20,0.0,0.0,1.0,0.0,0.26474795536851414,0.0,0.0,0.0,transit,0.0,"1 входящих связей от 1 отправителей; 0 исходящих связей к 0 получателям; вход 1,846,711 KZT, выход 0 KZT. Depth=4: отсутствие исходящих связей может быть следствием границы выгрузки",0.2462
100000004263867100,4,False,1,0,0.0,0,0,9000.0,1,1,True,0.0,0.00029038564076541864,0.0,46,0.0,0.0,0.10444060163522356,0.0,0.004859376878032414,0.0,0.0,0.0,transit,0.0,"1 входящих связей от 1 отправителей; 0 исходящих связей к 0 получателям; вход 9,000 KZT, выход 0 KZT. Depth=4: отсутствие исходящих связей может быть следствием границы выгрузки",0.02
100000002194320100,4,False,1,0,0.0,0,0,275000.0,1,1,True,0.0,0.0004865679346318247,0.0,45,0.0,0.0,0.8297128877173363,0.0,0.2901923330670576,0.0,0.0,0.0,transit,0.0,"1 входящих связей от 1 отправителей; 0 исходящих связей к 0 получателям; вход 275,000 KZT, выход 0 KZT. Depth=4: отсутствие исходящих связей может быть следствием границы выгрузки",0.2219
100000001222245100,4,False,1,0,0.0,0,0,420000.0,5,1,True,0.0,0.0005491629789918033,0.0,10,0.0,0.0,0.9195346430992699,0.0,0.3812205237648396,0.0,0.0,0.0,transit,0.0,"1 входящих связей от 1 отправителей; 0 исходящих связей к 0 получателям; вход 420,000 KZT, выход 0 KZT. Depth=4: отсутствие исходящих связей может быть следствием границы выгрузки",0.2608
100000008151098100,4,False,1,0,0.0,0,0,30000.0,1,1,True,0.0,0.0003093477246134623,0.0,14,0.0,0.0,0.3597899992899909,0.0,0.03244079922741019,0.0,0.0,0.0,transit,0.0,"1 входящих связей от 1 отправителей; 0 исходящих связей к 0 получателям; вход 30,000 KZT, выход 0 KZT. Depth=4: отсутствие исходящих связей может быть следствием границы выгрузки",0.0729
100000008735802100,4,False,1,0,0.0,0,0,85000.0,2,1,True,0.0,0.0005087033417052566,0.0,0,0.0,0.0,0.5806806127619357,0.0,0.3223831689071778,0.0,0.0,0.0,transit,0.0,"1 входящих связей от 1 отправителей; 0 исходящих связей к 0 получателям; вход 85,000 KZT, выход 0 KZT. Depth=4: отсутствие исходящих связей может быть следствием границы выгрузки",0.1851
100000004047887100,4,False,1,0,0.0,0,0,30000.0,1,1,True,0.0,0.00028801399269163803,0.0,30,0.0,0.0,0.3597899992899909,0.0,0.001409643965561491,0.0,0.0,0.0,transit,0.0,"1 входящих связей от 1 отправителей; 0 исходящих связей к 0 получателям; вход 30,000 KZT, выход 0 KZT. Depth=4: отсутствие исходящих связей может быть следствием границы выгрузки",0.0651
100000003146511100,4,False,1,0,0.0,0,0,10000.0,1,1,True,0.0,0.0003118136674871963,0.0,12,0.0,0.0,0.1267854959781863,0.0,0.03602761404976885,0.0,0.0,0.0,transit,0.0,"1 входящих связей от 1 отправителей; 0 исходящих связей к 0 получателям; вход 10,000 KZT, выход 0 KZT. Depth=4: отсутствие исходящих связей может быть следствием границы выгрузки",0.0318
100000007511780100,4,False,1,0,0.0,0,0,155000.0,2,1,True,0.0,0.0005577703986813184,0.0,0,0.0,0.0,0.7081052491346334,0.0,0.393737328727642,0.0,0.0,0.0,transit,0.0,"1 входящих связей от 1 отправителей; 0 исходящих связей к 0 получателям; вход 155,000 KZT, выход 0 KZT. Depth=4: отсутствие исходящих связей может быть следствием границы выгрузки",0.2259
100000007867364100,4,False,1,0,0.0,0,0,41852.0,1,1,True,0.0,0.0004487382371459393,0.0,43,0.0,0.0,0.43040594055302406,0.0,0.2351761288256685,0.0,0.0,0.0,transit,0.0,"1 входящих связей от 1 отправителей; 0 исходящих связей к 0 получателям; вход 41,852 KZT, выход 0 KZT. Depth=4: отсутствие исходящих связей может быть следствием границы выгрузки",0.1363
100000006288612100,4,False,1,0,0.0,0,0,30805.0,3,1,True,0.0,0.0002976242451746872,0.0,8,0.0,0.0,0.3654062163903251,0.0,0.015388397685302575,0.0,0.0,0.0,transit,0.0,"1 входящих связей от 1 отправителей; 0 исходящих связей к 0 получателям; вход 30,805 KZT, выход 0 KZT. Depth=4: отсутствие исходящих связей может быть следствием границы выгрузки",0.0696
100000006735545100,4,False,1,0,0.0,0,0,5000.0,1,1,True,0.0,0.0002932717116494764,0.0,1,0.0,0.0,0.0,0.0,0.009057363780382414,0.0,0.0,0.0,transit,0.0,"1 входящих связей от 1 отправителей; 0 исходящих связей к 0 получателям; вход 5,000 KZT, выход 0 KZT. Depth=4: отсутствие исходящих связей может быть следствием границы выгрузки",0.0023
100000004403641100,4,False,1,0,0.0,0,0,171500.0,1,1,True,0.0,0.0003005494163305601,0.0,24,0.0,0.0,0.7295610350657417,0.0,0.019643227726055177,0.0,0.0,0.0,transit,0.0,"1 входящих связей от 1 отправителей; 0 исходящих связей к 0 получателям; вход 171,500 KZT, выход 0 KZT. Depth=4: отсутствие исходящих связей может быть следствием границы выгрузки",0.1362
100000003370425100,4,False,1,0,0.0,0,0,20000.0,1,1,True,0.0,0.0006479504805603634,0.0,12,0.0,0.0,0.2737932863595569,0.0,0.5248696328863605,0.0,0.0,0.0,transit,0.0,"1 входящих связей от 1 отправителей; 0 исходящих связей к 0 получателям; вход 20,000 KZT, выход 0 KZT. Depth=4: отсутствие исходящих связей может быть следствием границы выгрузки",0.1805
100000004350094100,4,False,1,0,0.0,0,0,20000.0,1,1,True,0.0,0.0008939457051040829,0.0,43,0.0,0.0,0.2737932863595569,0.0,0.8825151583039303,0.0,0.0,0.0,transit,0.0,"1 входящих связей от 1 отправителей; 0 исходящих связей к 0 получателям; вход 20,000 KZT, выход 0 KZT. Depth=4: отсутствие исходящих связей может быть следствием границы выгрузки",0.2699
100000004911971100,4,False,1,0,0.0,0,0,35000.0,3,1,True,0.0,0.00028904714906671694,0.0,20,0.0,0.0,0.39248476609146365,0.0,0.0029124453191098115,0.0,0.0,0.0,transit,0.0,"1 входящих связей от 1 отправителей; 0 исходящих связей к 0 получателям; вход 35,000 KZT, выход 0 KZT. Depth=4: отсутствие исходящих связей может быть следствием границы выгрузки",0.0714
100000001202787100,4,False,2,0,0.0,0,0,14850.0,2,2,True,0.0,0.00035114494940795466,0.0,0,0.5849625007211564,0.0,0.21064711366511696,0.0,0.09323537795300293,0.0,0.5849625007211564,0.0,transit,0.0,"2 входящих связей от 2 отправителей; 0 исходящих связей к 0 получателям; вход 14,850 KZT, выход 0 KZT. Depth=4: отсутствие исходящих связей может быть следствием границы выгрузки",0.1607
100000008469048100,4,False,1,0,0.0,0,0,265200.0,7,1,True,0.0,0.0005788057669614698,0.0,0,0.0,0.0,0.8220163792909833,0.0,0.4243262521678169,0.0,0.0,0.0,transit,0.0,"1 входящих связей от 1 отправителей; 0 исходящих связей к 0 получателям; вход 265,200 KZT, выход 0 KZT. Depth=4: отсутствие исходящих связей может быть следствием границы выгрузки",0.254
100000002635746100,4,False,1,0,0.0,0,0,5300.0,1,1,True,0.0,0.0002884055871845214,0.0,46,0.0,0.0,0.0,0.0,0.00197924691905798,0.0,0.0,0.0,transit,0.0,"1 входящих связей от 1 отправителей; 0 исходящих связей к 0 получателям; вход 5,300 KZT, выход 0 KZT. Depth=4: отсутствие исходящих связей может быть следствием границы выгрузки",0.0005
100000008321975100,4,False,1,0,0.0,0,0,5900.0,1,1,True,0.0,0.00030322854188756835,0.0,32,0.0,0.0,0.014887899388778323,0.0,0.023540159345712106,0.0,0.0,0.0,transit,0.0,"1 входящих связей от 1 отправителей; 0 исходящих связей к 0 получателям; вход 5,900 KZT, выход 0 KZT. Depth=4: отсутствие исходящих связей может быть следствием границы выгрузки",0.0086
100000003078839100,4,False,1,0,0.0,0,0,14000.0,2,1,True,0.0,0.0003147926722848653,0.0,1,0.0,0.0,0.19814610930549503,0.0,0.0403606866432472,0.0,0.0,0.0,transit,0.0,"1 входящих связей от 1 отправителей; 0 исходящих связей к 0 получателям; вход 14,000 KZT, выход 0 KZT. Depth=4: отсутствие исходящих связей может быть следствием границы выгрузки",0.0458
100000004006327100,4,False,1,0,0.0,0,0,300000.0,3,1,True,0.0,0.0005549673062458651,0.0,42,0.0,0.0,0.8481681722159543,0.0,0.3896611176441019,0.0,0.0,0.0,transit,0.0,"1 входящих связей от 1 отправителей; 0 исходящих связей к 0 получателям; вход 300,000 KZT, выход 0 KZT. Depth=4: отсутствие исходящих связей может быть следствием границы выгрузки",0.2501
100000007865484100,4,False,1,0,0.0,0,0,584600.0,2,1,True,0.0,0.00036618616723092687,0.0,65,0.0,0.0,0.989671169989109,0.0,0.11511239317429281,0.0,0.0,0.0,transit,0.0,"1 входящих связей от 1 отправителей; 0 исходящих связей к 0 получателям; вход 584,600 KZT, выход 0 KZT. Depth=4: отсутствие исходящих связей может быть следствием границы выгрузки",0.2069
100000005367180100,4,False,1,0,0.0,0,0,7700.0,1,1,True,0.0,0.0007828047220453414,0.0,1,0.0,0.0,0.07135565627964452,0.0,0.7209413014320503,0.0,0.0,0.0,transit,0.0,"1 входящих связей от 1 отправителей; 0 исходящих связей к 0 получателям; вход 7,700 KZT, выход 0 KZT. Depth=4: отсутствие исходящих связей может быть следствием границы выгрузки",0.1931
100000001669260100,4,False,1,0,0.0,0,0,500000.0,1,1,True,0.0,0.0005601153780204297,0.0,1,0.0,0.0,0.956515388032386,0.0,0.3971473504812402,0.0,0.0,0.0,transit,0.0,"1 входящих связей от 1 отправителей; 0 исходящих связей к 0 получателям; вход 500,000 KZT, выход 0 KZT. Depth=4: отсутствие исходящих связей может быть следствием границы выгрузки",0.2715
100000001297206100,4,False,1,0,0.0,0,0,6758.0,1,1,True,0.0,0.0002985109724275793,0.0,0,0.0,0.0,0.043681504327195156,0.0,0.01667819489605108,0.0,0.0,0.0,transit,0.0,"1 входящих связей от 1 отправителей; 0 исходящих связей к 0 получателям; вход 6,758 KZT, выход 0 KZT. Depth=4: отсутствие исходящих связей может быть следствием границы выгрузки",0.012
100000002645046100,4,False,1,0,0.0,0,0,12000.0,1,1,True,0.0,0.00029199108961479477,0.0,46,0.0,0.0,0.1654528573592594,0.0,0.007194613200022123,0.0,0.0,0.0,transit,0.0,"1 входящих связей от 1 отправителей; 0 исходящих связей к 0 получателям; вход 12,000 KZT, выход 0 KZT. Depth=4: отсутствие исходящих связей может быть следствием границы выгрузки",0.0316
100000006308406100,4,False,1,0,0.0,0,0,183000.0,2,1,True,0.0,0.0005393608128932426,0.0,32,0.0,0.0,0.7433270353383122,0.0,0.36696620197817814,0.0,0.0,0.0,transit,0.0,"1 входящих связей от 1 отправителей; 0 исходящих связей к 0 получателям; вход 183,000 KZT, выход 0 KZT. Depth=4: отсутствие исходящих связей может быть следствием границы выгрузки",0.2255
100000002728246100,4,False,1,0,0.0,0,0,10000.0,1,1,True,0.0,0.0005386393313923868,0.0,10,0.0,0.0,0.1267854959781863,0.0,0.36591701719009295,0.0,0.0,0.0,transit,0.0,"1 входящих связей от 1 отправителей; 0 исходящих связей к 0 получателям; вход 10,000 KZT, выход 0 KZT. Depth=4: отсутствие исходящих связей может быть следствием границы выгрузки",0.1143
100000001590795100,4,False,1,0,0.0,0,0,5060.0,1,1,True,0.0,0.00028827715127657127,0.0,46,0.0,0.0,0.0,0.0,0.0017924274815793765,0.0,0.0,0.0,transit,0.0,"1 входящих связей от 1 отправителей; 0 исходящих связей к 0 получателям; вход 5,060 KZT, выход 0 KZT. Depth=4: отсутствие исходящих связей может быть следствием границы выгрузки",0.0004
100000006257675100,4,False,1,0,0.0,0,0,70000.0,2,1,True,0.0,0.00038264801720809164,0.0,32,0.0,0.0,0.5395001308391884,0.0,0.13905529967211946,0.0,0.0,0.0,transit,0.0,"1 входящих связей от 1 отправителей; 0 исходящих связей к 0 получателям; вход 70,000 KZT, выход 0 KZT. Depth=4: отсутствие исходящих связей может быть следствием границы выгрузки",0.1319
100000002130400100,4,False,1,0,0.0,0,0,10000.0,1,1,True,0.0,0.0003175458062360418,0.0,26,0.0,0.0,0.1267854959781863,0.0,0.044365210267814356,0.0,0.0,0.0,transit,0.0,"1 входящих связей от 1 отправителей; 0 исходящих связей к 0 получателям; вход 10,000 KZT, выход 0 KZT. Depth=4: отсутствие исходящих связей может быть следствием границы выгрузки",0.0339
100000000557536100,4,False,1,0,0.0,0,0,153000.0,7,1,True,0.0,0.00030077248827335565,0.0,20,0.0,0.0,0.7053506476688148,0.0,0.019967698213174383,0.0,0.0,0.0,transit,0.0,"1 входящих связей от 1 отправителей; 0 исходящих связей к 0 получателям; вход 153,000 KZT, выход 0 KZT. Depth=4: отсутствие исходящих связей может быть следствием границы выгрузки",0.132
100000002689717100,4,False,1,0,0.0,0,0,47500.0,1,1,True,0.0,0.00030334992234420417,0.0,18,0.0,0.0,0.45725544651767824,0.0,0.023716713474017225,0.0,0.0,0.0,transit,0.0,"1 входящих связей от 1 отправителей; 0 исходящих связей к 0 получателям; вход 47,500 KZT, выход 0 KZT. Depth=4: отсутствие исходящих связей может быть следствием границы выгрузки",0.0882
100000005189258100,4,False,1,0,0.0,0,0,50000.0,1,1,True,0.0,0.0003159764329458025,0.0,10,0.0,0.0,0.46813466994857295,0.0,0.042082506698200246,0.0,0.0,0.0,transit,0.0,"1 входящих связей от 1 отправителей; 0 исходящих связей к 0 получателям; вход 50,000 KZT, выход 0 KZT. Depth=4: отсутствие исходящих связей может быть следствием границы выгрузки",0.0948
100000002748511100,4,False,1,0,0.0,0,0,20000.0,1,1,True,0.0,0.0005674892808776459,0.0,16,0.0,0.0,0.2737932863595569,0.0,0.4078702795109874,0.0,0.0,0.0,transit,0.0,"1 входящих связей от 1 отправителей; 0 исходящих связей к 0 получателям; вход 20,000 KZT, выход 0 KZT. Depth=4: отсутствие исходящих связей может быть следствием границы выгрузки",0.1513
100000002371892100,4,False,1,0,0.0,0,0,43830.0,1,1,True,0.0,0.0003065326200437956,0.0,54,0.0,0.0,0.4402003877687483,0.0,0.02834610362096838,0.0,0.0,0.0,transit,0.0,"1 входящих связей от 1 отправителей; 0 исходящих связей к 0 получателям; вход 43,830 KZT, выход 0 KZT. Depth=4: отсутствие исходящих связей может быть следствием границы выгрузки",0.0863
100000008130868100,4,False,1,0,0.0,0,0,22782.0,1,1,True,0.0,0.0004516044976627316,0.0,24,0.0,0.0,0.30141592515487026,0.0,0.2393446403371951,0.0,0.0,0.0,transit,0.0,"1 входящих связей от 1 отправителей; 0 исходящих связей к 0 получателям; вход 22,782 KZT, выход 0 KZT. Depth=4: отсутствие исходящих связей может быть следствием границы выгрузки",0.1141
100000007153161100,4,False,1,0,0.0,0,0,44997.0,1,1,True,0.0,0.0005309451743246825,0.0,0,0.0,0.0,0.445773750149264,0.0,0.3547280587859062,0.0,0.0,0.0,transit,0.0,"1 входящих связей от 1 отправителей; 0 исходящих связей к 0 получателям; вход 44,997 KZT, выход 0 KZT. Depth=4: отсутствие исходящих связей может быть следствием границы выгрузки",0.1689
100000002994441100,4,False,1,0,0.0,0,0,5000.0,1,1,True,0.0,0.0005532703163220659,0.0,1,0.0,0.0,0.0,0.0,0.38719337715715996,0.0,0.0,0.0,transit,0.0,"1 входящих связей от 1 отправителей; 0 исходящих связей к 0 получателям; вход 5,000 KZT, выход 0 KZT. Depth=4: отсутствие исходящих связей может быть следствием границы выгрузки",0.0968
100000001065481100,4,False,1,0,0.0,0,0,16000.0,2,1,True,0.0,0.0004322656924987207,0.0,12,0.0,0.0,0.22646658576820314,0.0,0.21121925007998116,0.0,0.0,0.0,transit,0.0,"1 входящих связей от 1 отправителей; 0 исходящих связей к 0 получателям; вход 16,000 KZT, выход 0 KZT. Depth=4: отсутствие исходящих связей может быть следствием границы выгрузки",0.0936
100000007731977100,4,False,1,0,0.0,0,0,50000.0,1,1,True,0.0,0.00033677217551547297,0.0,0,0.0,0.0,0.46813466994857295,0.0,0.07233028770706587,0.0,0.0,0.0,transit,0.0,"1 входящих связей от 1 отправителей; 0 исходящих связей к 0 получателям; вход 50,000 KZT, выход 0 KZT. Depth=4: отсутствие исходящих связей может быть следствием границы выгрузки",0.1023
100000003252446100,4,False,1,0,0.0,0,0,108600.0,1,1,True,0.0,0.00029998773072103575,0.0,42,0.0,0.0,0.6326495082900794,0.0,0.018826224599010545,0.0,0.0,0.0,transit,0.0,"1 входящих связей от 1 отправителей; 0 исходящих связей к 0 получателям; вход 108,600 KZT, выход 0 KZT. Depth=4: отсутствие исходящих связей может быть следствием границы выгрузки",0.1186
100000002671326100,4,False,1,0,0.0,0,0,1050000.0,2,1,True,0.0,0.0006294451129335758,0.0,42,0.0,0.0,1.0,0.0,0.4979616446166381,0.0,0.0,0.0,transit,0.0,"1 входящих связей от 1 отправителей; 0 исходящих связей к 0 получателям; вход 1,050,000 KZT, выход 0 KZT. Depth=4: отсутствие исходящих связей может быть следствием границы выгрузки",0.3045
100000005087923100,4,False,1,0,0.0,0,0,20000.0,1,1,True,0.0,0.0004605791647030624,0.0,48,0.0,0.0,0.2737932863595569,0.0,0.25239676217373913,0.0,0.0,0.0,transit,0.0,"1 входящих связей от 1 отправителей; 0 исходящих связей к 0 получателям; вход 20,000 KZT, выход 0 KZT. Depth=4: отсутствие исходящих связей может быть следствием границы выгрузки",0.1124
100000008770483100,4,False,1,0,0.0,0,0,5000.0,1,1,True,0.0,0.00028889205365380943,0.0,60,0.0,0.0,0.0,0.0,0.0026868478202508646,0.0,0.0,0.0,transit,0.0,"1 входящих связей от 1 отправителей; 0 исходящих связей к 0 получателям; вход 5,000 KZT, выход 0 KZT. Depth=4: отсутствие исходящих связей может быть следствием границы выгрузки",0.0007
100000002748040100,4,False,1,0,0.0,0,0,18000.0,1,1,True,0.0,0.0002923072164548576,0.0,18,0.0,0.0,0.25144721385475965,0.0,0.00765444109829575,0.0,0.0,0.0,transit,0.0,"1 входящих связей от 1 отправителей; 0 исходящих связей к 0 получателям; вход 18,000 KZT, выход 0 KZT. Depth=4: отсутствие исходящих связей может быть следствием границы выгрузки",0.0472
100000004800648100,4,False,1,0,0.0,0,0,131000.0,1,1,True,0.0,0.0003368336531012053,0.0,8,0.0,0.0,0.6724239290589059,0.0,0.07241970702728417,0.0,0.0,0.0,transit,0.0,"1 входящих связей от 1 отправителей; 0 исходящих связей к 0 получателям; вход 131,000 KZT, выход 0 KZT. Depth=4: отсутствие исходящих связей может быть следствием границы выгрузки",0.1391
100000005025629100,4,False,1,0,0.0,0,0,5227.0,1,1,True,0.0,0.00031415101088485,0.0,10,0.0,0.0,0.0,0.0,0.039427367509098823,0.0,0.0,0.0,transit,0.0,"1 входящих связей от 1 отправителей; 0 исходящих связей к 0 получателям; вход 5,227 KZT, выход 0 KZT. Depth=4: отсутствие исходящих связей может быть следствием границы выгрузки",0.0099
100000000581682100,4,False,1,0,0.0,0,0,5000.0,1,1,True,0.0,0.000290862187223339,0.0,15,0.0,0.0,0.0,0.0,0.005552547031693632,0.0,0.0,0.0,transit,0.0,"1 входящих связей от 1 отправителей; 0 исходящих связей к 0 получателям; вход 5,000 KZT, выход 0 KZT. Depth=4: отсутствие исходящих связей может быть следствием границы выгрузки",0.0014
100000004976946100,4,False,1,0,0.0,0,0,246000.0,1,1,True,0.0,0.00031949291850972026,0.0,65,0.0,0.0,0.8060763457087089,0.0,0.0471973422741835,0.0,0.0,0.0,transit,0.0,"1 входящих связей от 1 отправителей; 0 исходящих связей к 0 получателям; вход 246,000 KZT, выход 0 KZT. Depth=4: отсутствие исходящих связей может быть следствием границы выгрузки",0.1569
100000000957746100,4,False,1,0,0.0,0,0,5300.0,1,1,True,0.0,0.0003473073598506199,0.0,28,0.0,0.0,0.0,0.0,0.08765366253912885,0.0,0.0,0.0,transit,0.0,"1 входящих связей от 1 отправителей; 0 исходящих связей к 0 получателям; вход 5,300 KZT, выход 0 KZT. Depth=4: отсутствие исходящих связей может быть следствием границы выгрузки",0.0219
100000003001138100,4,False,1,0,0.0,0,0,30000.0,1,1,True,0.0,0.00031732665225358317,0.0,15,0.0,0.0,0.3597899992899909,0.0,0.04404644401663681,0.0,0.0,0.0,transit,0.0,"1 входящих связей от 1 отправителей; 0 исходящих связей к 0 получателям; вход 30,000 KZT, выход 0 KZT. Depth=4: отсутствие исходящих связей может быть следствием границы выгрузки",0.0758
100000001325618100,4,False,1,0,0.0,0,0,9300.0,1,1,True,0.0,0.0002905461856503563,0.0,46,0.0,0.0,0.11139465174142521,0.0,0.005092900678891969,0.0,0.0,0.0,transit,0.0,"1 входящих связей от 1 отправителей; 0 исходящих связей к 0 получателям; вход 9,300 KZT, выход 0 KZT. Depth=4: отсутствие исходящих связей может быть следствием границы выгрузки",0.0213
100000003792647100,4,False,1,0,0.0,0,0,8000.0,1,1,True,0.0,0.00040027314211192583,0.0,10,0.0,0.0,0.07946144622334977,0.0,0.16468969244634732,0.0,0.0,0.0,transit,0.0,"1 входящих связей от 1 отправителей; 0 исходящих связей к 0 получателям; вход 8,000 KZT, выход 0 KZT. Depth=4: отсутствие исходящих связей может быть следствием границы выгрузки",0.0555
100000004107228100,4,False,1,0,0.0,0,0,5000.0,1,1,True,0.0,0.0002887085719064808,0.0,3,0.0,0.0,0.0,0.0,0.002419960299124604,0.0,0.0,0.0,transit,0.0,"1 входящих связей от 1 отправителей; 0 исходящих связей к 0 получателям; вход 5,000 KZT, выход 0 KZT. Depth=4: отсутствие исходящих связей может быть следствием границы выгрузки",0.0006
100000003500764100,4,False,1,0,0.0,0,0,21000.0,1,1,True,0.0,0.0005301918184248231,0.0,28,0.0,0.0,0.28414130736987286,0.0,0.3536325127323028,0.0,0.0,0.0,transit,0.0,"1 входящих связей от 1 отправителей; 0 исходящих связей к 0 получателям; вход 21,000 KZT, выход 0 KZT. Depth=4: отсутствие исходящих связей может быть следствием границы выгрузки",0.1396
100000004261340100,4,False,1,0,0.0,0,0,48500.0,4,1,True,0.0,0.0003473850492015357,0.0,0,0.0,0.0,0.461674320722443,0.0,0.08776666072613129,0.0,0.0,0.0,transit,0.0,"1 входящих связей от 1 отправителей; 0 исходящих связей к 0 получателям; вход 48,500 KZT, выход 0 KZT. Depth=4: отсутствие исходящих связей может быть следствием границы выгрузки",0.105
100000008172721100,4,False,1,0,0.0,0,0,168335.0,1,1,True,0.0,0.00039521609203523115,0.0,1,0.0,0.0,0.7256101734231456,0.0,0.157334647058268,0.0,0.0,0.0,transit,0.0,"1 входящих связей от 1 отправителей; 0 исходящих связей к 0 получателям; вход 168,335 KZT, выход 0 KZT. Depth=4: отсутствие исходящих связей может быть следствием границы выгрузки",0.1699
100000005079473100,4,False,1,0,0.0,0,0,39312.0,1,1,True,0.0,0.0003260059008859764,0.0,1,0.0,0.0,0.41712656621938465,0.0,0.05667062642601605,0.0,0.0,0.0,transit,0.0,"1 входящих связей от 1 отправителей; 0 исходящих связей к 0 получателям; вход 39,312 KZT, выход 0 KZT. Depth=4: отсутствие исходящих связей может быть следствием границы выгрузки",0.0893
100000004850609100,4,False,1,0,0.0,0,0,10000.0,1,1,True,0.0,0.0003130294967403098,0.0,0,0.0,0.0,0.1267854959781863,0.0,0.03779608419863586,0.0,0.0,0.0,transit,0.0,"1 входящих связей от 1 отправителей; 0 исходящих связей к 0 получателям; вход 10,000 KZT, выход 0 KZT. Depth=4: отсутствие исходящих связей может быть следствием границы выгрузки",0.0323
100000005042822100,4,False,1,0,0.0,0,0,1000000.0,1,1,True,0.0,0.00045261173566138175,0.0,36,0.0,0.0,1.0,0.0,0.24080950197119433,0.0,0.0,0.0,transit,0.0,"1 входящих связей от 1 отправителей; 0 исходящих связей к 0 получателям; вход 1,000,000 KZT, выход 0 KZT. Depth=4: отсутствие исходящих связей может быть следствием границы выгрузки",0.2402
100000002794374100,4,False,1,0,0.0,0,0,111000.0,1,1,True,0.0,0.0003637625168388316,0.0,60,0.0,0.0,0.6372857754448188,0.0,0.11158728618107981,0.0,0.0,0.0,transit,0.0,"1 входящих связей от 1 отправителей; 0 исходящих связей к 0 получателям; вход 111,000 KZT, выход 0 KZT. Depth=4: отсутствие исходящих связей может быть следствием границы выгрузки",0.1426
100000002860934100,4,False,1,0,0.0,0,0,279500.0,4,1,True,0.0,0.0005814420132554198,0.0,15,0.0,0.0,0.8331555557139958,0.0,0.42815974731241463,0.0,0.0,0.0,transit,0.0,"1 входящих связей от 1 отправителей; 0 исходящих связей к 0 получателям; вход 279,500 KZT, выход 0 KZT. Depth=4: отсутствие исходящих связей может быть следствием границы выгрузки",0.257
100000003097947100,4,False,1,0,0.0,0,0,52980.0,1,1,True,0.0,0.00032007838233559304,0.0,1,0.0,0.0,0.4804133707467562,0.0,0.04804891553129102,0.0,0.0,0.0,transit,0.0,"1 входящих связей от 1 отправителей; 0 исходящих связей к 0 получателям; вход 52,980 KZT, выход 0 KZT. Depth=4: отсутствие исходящих связей может быть следствием границы выгрузки",0.0985
100000004260869100,4,False,1,0,0.0,0,0,10000.0,1,1,True,0.0,0.0008422084803364126,0.0,16,0.0,0.0,0.1267854959781863,0.0,0.8073031650432777,0.0,0.0,0.0,transit,0.0,"1 входящих связей от 1 отправителей; 0 исходящих связей к 0 получателям; вход 10,000 KZT, выход 0 KZT. Depth=4: отсутствие исходящих связей может быть следствием границы выгрузки",0.2246
100000008762885100,4,False,1,0,0.0,0,0,7000.0,1,1,True,0.0,0.00028726371311378,0.0,5,0.0,0.0,0.05114286315444276,0.0,0.0003183065867447326,0.0,0.0,0.0,transit,0.0,"1 входящих связей от 1 отправителей; 0 исходящих связей к 0 получателям; вход 7,000 KZT, выход 0 KZT. Depth=4: отсутствие исходящих связей может быть следствием границы выгрузки",0.0093
100000002986245100,4,False,1,0,0.0,0,0,5750.0,1,1,True,0.0,0.0002886464045119278,0.0,46,0.0,0.0,0.009426662857312109,0.0,0.0023295332996765843,0.0,0.0,0.0,transit,0.0,"1 входящих связей от 1 отправителей; 0 исходящих связей к 0 получателям; вход 5,750 KZT, выход 0 KZT. Depth=4: отсутствие исходящих связей может быть следствием границы выгрузки",0.0023
100000001471706100,4,False,1,0,0.0,0,0,377000.0,8,1,True,0.0,0.0005401265380892341,0.0,49,0.0,0.0,0.8966255880990244,0.0,0.3680797255119838,0.0,0.0,0.0,transit,0.0,"1 входящих связей от 1 отправителей; 0 исходящих связей к 0 получателям; вход 377,000 KZT, выход 0 KZT. Depth=4: отсутствие исходящих связей может быть следствием границы выгрузки",0.2534
100000002304943100,4,False,1,0,0.0,0,0,15000.0,1,1,True,0.0,0.00030637187771531904,0.0,32,0.0,0.0,0.21277867430530759,0.0,0.02811229636126245,0.0,0.0,0.0,transit,0.0,"1 входящих связей от 1 отправителей; 0 исходящих связей к 0 получателям; вход 15,000 KZT, выход 0 KZT. Depth=4: отсутствие исходящих связей может быть следствием границы выгрузки",0.0453
100000002695812100,4,False,1,0,0.0,0,0,95000.0,1,1,True,0.0,0.0003211305504711181,0.0,18,0.0,0.0,0.6042716086143322,0.0,0.04957932180606923,0.0,0.0,0.0,transit,0.0,"1 входящих связей от 1 отправителей; 0 исходящих связей к 0 получателям; вход 95,000 KZT, выход 0 KZT. Depth=4: отсутствие исходящих связей может быть следствием границы выгрузки",0.1212
100000008761220100,4,False,1,0,0.0,0,0,10000.0,1,1,True,0.0,0.0002868848713875846,0.0,5,0.0,0.0,0.1267854959781863,0.0,0.0,0.0,0.0,0.0,transit,0.0,"1 входящих связей от 1 отправителей; 0 исходящих связей к 0 получателям; вход 10,000 KZT, выход 0 KZT. Depth=4: отсутствие исходящих связей может быть следствием границы выгрузки",0.0228
100000004890713100,4,False,1,0,0.0,0,0,40485.0,1,1,True,0.0,0.00030072400431661883,0.0,18,0.0,0.0,0.4233625942244502,0.0,0.019897175620822098,0.0,0.0,0.0,transit,0.0,"1 входящих связей от 1 отправителей; 0 исходящих связей к 0 получателям; вход 40,485 KZT, выход 0 KZT. Depth=4: отсутствие исходящих связей может быть следствием границы выгрузки",0.0812
100000003083865100,4,False,1,0,0.0,0,0,15000.0,1,1,True,0.0,0.000291184229415263,0.0,18,0.0,0.0,0.21277867430530759,0.0,0.006020979737136248,0.0,0.0,0.0,transit,0.0,"1 входящих связей от 1 отправителей; 0 исходящих связей к 0 получателям; вход 15,000 KZT, выход 0 KZT. Depth=4: отсутствие исходящих связей может быть следствием границы выгрузки",0.0398
100000004030553100,4,False,1,0,0.0,0,0,70000.0,1,1,True,0.0,0.000530829721053794,0.0,1,0.0,0.0,0.5395001308391884,0.0,0.3545601642555784,0.0,0.0,0.0,transit,0.0,"1 входящих связей от 1 отправителей; 0 исходящих связей к 0 получателям; вход 70,000 KZT, выход 0 KZT. Depth=4: отсутствие исходящих связей может быть следствием границы выгрузки",0.1858
100000002653187100,4,False,1,0,0.0,0,0,15000.0,1,1,True,0.0,0.00047327891401503287,0.0,8,0.0,0.0,0.21277867430530759,0.0,0.27086618048717,0.0,0.0,0.0,transit,0.0,"1 входящих связей от 1 отправителей; 0 исходящих связей к 0 получателям; вход 15,000 KZT, выход 0 KZT. Depth=4: отсутствие исходящих связей может быть следствием границы выгрузки",0.106
100000006412162100,4,False,1,0,0.0,0,0,15000.0,2,1,True,0.0,0.00029359653846417096,0.0,46,0.0,0.0,0.21277867430530759,0.0,0.009529845774006918,0.0,0.0,0.0,transit,0.0,"1 входящих связей от 1 отправителей; 0 исходящих связей к 0 получателям; вход 15,000 KZT, выход 0 KZT. Depth=4: отсутствие исходящих связей может быть следствием границы выгрузки",0.0407
100000004674178100,4,False,1,0,0.0,0,0,20000.0,1,1,True,0.0,0.00030274344180862333,0.0,13,0.0,0.0,0.2737932863595569,0.0,0.02283455607220155,0.0,0.0,0.0,transit,0.0,"1 входящих связей от 1 отправителей; 0 исходящих связей к 0 получателям; вход 20,000 KZT, выход 0 KZT. Depth=4: отсутствие исходящих связей может быть следствием границы выгрузки",0.055
100000004070530100,4,False,1,0,0.0,0,0,20000.0,1,1,True,0.0,0.00028719909320018875,0.0,30,0.0,0.0,0.2737932863595569,0.0,0.0002243120839950582,0.0,0.0,0.0,transit,0.0,"1 входящих связей от 1 отправителей; 0 исходящих связей к 0 получателям; вход 20,000 KZT, выход 0 KZT. Depth=4: отсутствие исходящих связей может быть следствием границы выгрузки",0.0493
100000006706519100,4,False,1,0,0.0,0,0,36000.0,3,1,True,0.0,0.0003907109210365758,0.0,0,0.0,0.0,0.39845971707981853,0.0,0.15078223111675856,0.0,0.0,0.0,transit,0.0,"1 входящих связей от 1 отправителей; 0 исходящих связей к 0 получателям; вход 36,000 KZT, выход 0 KZT. Depth=4: отсутствие исходящих связей может быть следствием границы выгрузки",0.1094
100000005636951100,4,False,1,0,0.0,0,0,40000.0,1,1,True,0.0,0.0006355890351888347,0.0,48,0.0,0.0,0.4208063787121672,0.0,0.5068953557678773,0.0,0.0,0.0,transit,0.0,"1 входящих связей от 1 отправителей; 0 исходящих связей к 0 получателям; вход 40,000 KZT, выход 0 KZT. Depth=4: отсутствие исходящих связей может быть следствием границы выгрузки",0.2025
100000003040087100,4,False,1,0,0.0,0,0,29000.0,1,1,True,0.0,0.00029642483560003767,0.0,18,0.0,0.0,0.3525996321287633,0.0,0.013643783733238699,0.0,0.0,0.0,transit,0.0,"1 входящих связей от 1 отправителей; 0 исходящих связей к 0 получателям; вход 29,000 KZT, выход 0 KZT. Depth=4: отсутствие исходящих связей может быть следствием границы выгрузки",0.0669
100000008766764100,4,False,1,0,0.0,0,0,5000.0,1,1,True,0.0,0.0002862270828024374,0.0,5,0.0,0.0,0.0,0.0,0.0,0.0,0.0,0.0,transit,0.0,"1 входящих связей от 1 отправителей; 0 исходящих связей к 0 получателям; вход 5,000 KZT, выход 0 KZT. Depth=4: отсутствие исходящих связей может быть следствием границы выгрузки",0.0
100000000299820100,4,False,1,0,0.0,0,0,10000.0,1,1,True,0.0,0.0004501620352243427,0.0,1,0.0,0.0,0.1267854959781863,0.0,0.23724681393046246,0.0,0.0,0.0,transit,0.0,"1 входящих связей от 1 отправителей; 0 исходящих связей к 0 получателям; вход 10,000 KZT, выход 0 KZT. Depth=4: отсутствие исходящих связей может быть следствием границы выгрузки",0.0821
100000008349740100,4,False,1,0,0.0,0,0,70000.0,2,1,True,0.0,0.0002925250039161437,0.0,20,0.0,0.0,0.5395001308391884,0.0,0.007971227625649923,0.0,0.0,0.0,transit,0.0,"1 входящих связей от 1 отправителей; 0 исходящих связей к 0 получателям; вход 70,000 KZT, выход 0 KZT. Depth=4: отсутствие исходящих связей может быть следствием границы выгрузки",0.0991
100000008761132100,4,False,1,0,0.0,0,0,10000.0,1,1,True,0.0,0.0002868848713875846,0.0,5,0.0,0.0,0.1267854959781863,0.0,0.0,0.0,0.0,0.0,transit,0.0,"1 входящих связей от 1 отправителей; 0 исходящих связей к 0 получателям; вход 10,000 KZT, выход 0 KZT. Depth=4: отсутствие исходящих связей может быть следствием границы выгрузки",0.0228
100000002540033100,4,False,1,0,0.0,0,0,10000.0,1,1,True,0.0,0.0005960851621180794,0.0,35,0.0,0.0,0.1267854959781863,0.0,0.44945288502007424,0.0,0.0,0.0,transit,0.0,"1 входящих связей от 1 отправителей; 0 исходящих связей к 0 получателям; вход 10,000 KZT, выход 0 KZT. Depth=4: отсутствие исходящих связей может быть следствием границы выгрузки",0.1352
100000001845505100,4,False,1,0,0.0,0,0,20000.0,1,1,True,0.0,0.0005923838494805264,0.0,1,0.0,0.0,0.2737932863595569,0.0,0.4440707005249634,0.0,0.0,0.0,transit,0.0,"1 входящих связей от 1 отправителей; 0 исходящих связей к 0 получателям; вход 20,000 KZT, выход 0 KZT. Depth=4: отсутствие исходящих связей может быть следствием границы выгрузки",0.1603
100000003782913100,4,False,1,0,0.0,0,0,200000.0,1,1,True,0.0,0.00029939656360654794,0.0,40,0.0,0.0,0.7621682778906999,0.0,0.017966338478955436,0.0,0.0,0.0,transit,0.0,"1 входящих связей от 1 отправителей; 0 исходящих связей к 0 получателям; вход 200,000 KZT, выход 0 KZT. Depth=4: отсутствие исходящих связей может быть следствием границы выгрузки",0.1417
100000008778753100,4,False,1,0,0.0,0,0,10000.0,1,1,True,0.0,0.00029415636801295676,0.0,13,0.0,0.0,0.1267854959781863,0.0,0.01034415436051724,0.0,0.0,0.0,transit,0.0,"1 входящих связей от 1 отправителей; 0 исходящих связей к 0 получателям; вход 10,000 KZT, выход 0 KZT. Depth=4: отсутствие исходящих связей может быть следствием границы выгрузки",0.0254
100000008710913100,4,False,1,0,0.0,0,0,14000.0,1,1,True,0.0,0.00028811097479962714,0.0,5,0.0,0.0,0.19814610930549503,0.0,0.0015507115859848836,0.0,0.0,0.0,transit,0.0,"1 входящих связей от 1 отправителей; 0 исходящих связей к 0 получателям; вход 14,000 KZT, выход 0 KZT. Depth=4: отсутствие исходящих связей может быть следствием границы выгрузки",0.0361
100000005495211100,4,False,1,0,0.0,0,0,14500.0,1,1,True,0.0,0.0005599644833584294,0.0,0,0.0,0.0,0.20558855091549938,0.0,0.39692792274165667,0.0,0.0,0.0,transit,0.0,"1 входящих связей от 1 отправителей; 0 исходящих связей к 0 получателям; вход 14,500 KZT, выход 0 KZT. Depth=4: отсутствие исходящих связей может быть следствием границы выгрузки",0.1362
100000004013952100,4,False,1,0,0.0,0,0,5500.0,1,1,True,0.0,0.0005331412160251201,0.0,0,0.0,0.0,0.0,0.0,0.3579215842801297,0.0,0.0,0.0,transit,0.0,"1 входящих связей от 1 отправителей; 0 исходящих связей к 0 получателям; вход 5,500 KZT, выход 0 KZT. Depth=4: отсутствие исходящих связей может быть следствием границы выгрузки",0.0895
100000007330432100,4,False,1,0,0.0,0,0,584900.0,1,1,True,0.0,0.0005381759930674287,0.0,84,0.0,0.0,0.9897799869284403,0.0,0.36524322609560506,0.0,0.0,0.0,transit,0.0,"1 входящих связей от 1 отправителей; 0 исходящих связей к 0 получателям; вход 584,900 KZT, выход 0 KZT. Depth=4: отсутствие исходящих связей может быть следствием границы выгрузки",0.2695
100000000737152100,4,False,1,0,0.0,0,0,35000.0,1,1,True,0.0,0.0003445071691804108,0.0,0,0.0,0.0,0.39248476609146365,0.0,0.08358081445362016,0.0,0.0,0.0,transit,0.0,"1 входящих связей от 1 отправителей; 0 исходящих связей к 0 получателям; вход 35,000 KZT, выход 0 KZT. Depth=4: отсутствие исходящих связей может быть следствием границы выгрузки",0.0915
100000004674389100,4,False,1,0,0.0,0,0,15000.0,1,1,True,0.0,0.0003520253352644245,0.0,11,0.0,0.0,0.21277867430530759,0.0,0.09451588271872916,0.0,0.0,0.0,transit,0.0,"1 входящих связей от 1 отправителей; 0 исходящих связей к 0 получателям; вход 15,000 KZT, выход 0 KZT. Depth=4: отсутствие исходящих связей может быть следствием границы выгрузки",0.0619
100000002529877100,4,False,1,0,0.0,0,0,232000.0,1,1,True,0.0,0.0003058339492043375,0.0,24,0.0,0.0,0.793648416766679,0.0,0.027329853826148463,0.0,0.0,0.0,transit,0.0,"1 входящих связей от 1 отправителей; 0 исходящих связей к 0 получателям; вход 232,000 KZT, выход 0 KZT. Depth=4: отсутствие исходящих связей может быть следствием границы выгрузки",0.1497
100000004035925100,4,False,1,0,0.0,0,0,1111588.0,2,1,True,0.0,0.0004624126239356524,0.0,70,0.0,0.0,1.0,0.0,0.25506320137599026,0.0,0.0,0.0,transit,0.0,"1 входящих связей от 1 отправителей; 0 исходящих связей к 0 получателям; вход 1,111,588 KZT, выход 0 KZT. Depth=4: отсутствие исходящих связей может быть следствием границы выгрузки",0.2438
100000002188586100,4,False,1,0,0.0,0,0,38310.0,1,1,True,0.0,0.00029990983871291276,0.0,18,0.0,0.0,0.41165045780524434,0.0,0.018712926281457456,0.0,0.0,0.0,transit,0.0,"1 входящих связей от 1 отправителей; 0 исходящих связей к 0 получателям; вход 38,310 KZT, выход 0 KZT. Depth=4: отсутствие исходящих связей может быть следствием границы выгрузки",0.0788
100000008050986100,4,False,1,0,0.0,0,0,95000.0,2,1,True,0.0,0.00031180831574760645,0.0,10,0.0,0.0,0.6042716086143322,0.0,0.036019829735102926,0.0,0.0,0.0,transit,0.0,"1 входящих связей от 1 отправителей; 0 исходящих связей к 0 получателям; вход 95,000 KZT, выход 0 KZT. Depth=4: отсутствие исходящих связей может быть следствием границы выгрузки",0.1178
100000004777215100,4,False,1,0,0.0,0,0,60000.0,1,1,True,0.0,0.0004651548637455426,0.0,32,0.0,0.0,0.5068048590547116,0.0,0.25905129060102394,0.0,0.0,0.0,transit,0.0,"1 входящих связей от 1 отправителей; 0 исходящих связей к 0 получателям; вход 60,000 KZT, выход 0 KZT. Depth=4: отсутствие исходящих связей может быть следствием границы выгрузки",0.156
100000000926078100,4,False,1,0,0.0,0,0,250000.0,1,1,True,0.0,0.0005165635899862588,0.0,1,0.0,0.0,0.8094974175150348,0.0,0.33381391279648315,0.0,0.0,0.0,transit,0.0,"1 входящих связей от 1 отправителей; 0 исходящих связей к 0 получателям; вход 250,000 KZT, выход 0 KZT. Depth=4: отсутствие исходящих связей может быть следствием границы выгрузки",0.2292
100000003486846100,4,False,1,0,0.0,0,0,27000.0,2,1,True,0.0,0.0005311359663531769,0.0,16,0.0,0.0,0.33744353403694743,0.0,0.35500551245062695,0.0,0.0,0.0,transit,0.0,"1 входящих связей от 1 отправителей; 0 исходящих связей к 0 получателям; вход 27,000 KZT, выход 0 KZT. Depth=4: отсутствие исходящих связей может быть следствием границы выгрузки",0.1495
100000002516862100,4,False,1,0,0.0,0,0,81710.0,5,1,True,0.0,0.0003494397060975879,0.0,56,0.0,0.0,0.5723079878344551,0.0,0.0907551302393825,0.0,0.0,0.0,transit,0.0,"1 входящих связей от 1 отправителей; 0 исходящих связей к 0 получателям; вход 81,710 KZT, выход 0 KZT. Depth=4: отсутствие исходящих связей может быть следствием границы выгрузки",0.1257
100000008730238100,4,False,1,0,0.0,0,0,113000.0,1,1,True,0.0,0.0005632359245676673,0.0,42,0.0,0.0,0.6410733906515722,0.0,0.40168517406388465,0.0,0.0,0.0,transit,0.0,"1 входящих связей от 1 отправителей; 0 исходящих связей к 0 получателям; вход 113,000 KZT, выход 0 KZT. Depth=4: отсутствие исходящих связей может быть следствием границы выгрузки",0.2158
100000000803368100,4,False,1,0,0.0,0,0,139503.0,1,1,True,0.0,0.0005481144591336156,0.0,40,0.0,0.0,0.6857627116543947,0.0,0.379695771589856,0.0,0.0,0.0,transit,0.0,"1 входящих связей от 1 отправителей; 0 исходящих связей к 0 получателям; вход 139,503 KZT, выход 0 KZT. Depth=4: отсутствие исходящих связей может быть следствием границы выгрузки",0.2184
100000002528978100,4,False,1,0,0.0,0,0,15900.0,1,1,True,0.0,0.0002915211255271414,0.0,18,0.0,0.0,0.22513686723221668,0.0,0.006511018338035367,0.0,0.0,0.0,transit,0.0,"1 входящих связей от 1 отправителей; 0 исходящих связей к 0 получателям; вход 15,900 KZT, выход 0 KZT. Depth=4: отсутствие исходящих связей может быть следствием границы выгрузки",0.0422
100000002597074100,4,False,1,0,0.0,0,0,8000.0,1,1,True,0.0,0.0003104283235888235,0.0,0,0.0,0.0,0.07946144622334977,0.0,0.034012575746256234,0.0,0.0,0.0,transit,0.0,"1 входящих связей от 1 отправителей; 0 исходящих связей к 0 получателям; вход 8,000 KZT, выход 0 KZT. Depth=4: отсутствие исходящих связей может быть следствием границы выгрузки",0.0228
100000003631015100,4,False,1,0,0.0,0,0,266000.0,1,1,True,0.0,0.0003222509367448772,0.0,65,0.0,0.0,0.8226552409499093,0.0,0.051208951390601935,0.0,0.0,0.0,transit,0.0,"1 входящих связей от 1 отправителей; 0 исходящих связей к 0 получателям; вход 266,000 KZT, выход 0 KZT. Depth=4: отсутствие исходящих связей может быть следствием границы выгрузки",0.1609
100000008255655100,4,False,1,0,0.0,0,0,5400.0,1,1,True,0.0,0.0005311928331095991,0.0,28,0.0,0.0,0.0,0.0,0.35508820923907186,0.0,0.0,0.0,transit,0.0,"1 входящих связей от 1 отправителей; 0 исходящих связей к 0 получателям; вход 5,400 KZT, выход 0 KZT. Depth=4: отсутствие исходящих связей может быть следствием границы выгрузки",0.0888
100000004265639100,4,False,1,0,0.0,0,0,10000.0,1,1,True,0.0,0.0005523205956514864,0.0,1,0.0,0.0,0.1267854959781863,0.0,0.3858123039893156,0.0,0.0,0.0,transit,0.0,"1 входящих связей от 1 отправителей; 0 исходящих связей к 0 получателям; вход 10,000 KZT, выход 0 KZT. Depth=4: отсутствие исходящих связей может быть следствием границы выгрузки",0.1193
100000002726055100,4,False,1,0,0.0,0,0,10000.0,1,1,True,0.0,0.00034001485733930537,0.0,32,0.0,0.0,0.1267854959781863,0.0,0.07704676998048769,0.0,0.0,0.0,transit,0.0,"1 входящих связей от 1 отправителей; 0 исходящих связей к 0 получателям; вход 10,000 KZT, выход 0 KZT. Depth=4: отсутствие исходящих связей может быть следствием границы выгрузки",0.0421
100000003696422100,4,False,1,0,0.0,0,0,118000.0,2,1,True,0.0,0.0007085171420194962,0.0,36,0.0,0.0,0.6502566809083633,0.0,0.6129339534746503,0.0,0.0,0.0,transit,0.0,"1 входящих связей от 1 отправителей; 0 исходящих связей к 0 получателям; вход 118,000 KZT, выход 0 KZT. Depth=4: отсутствие исходящих связей может быть следствием границы выгрузки",0.2703
100000007745062100,4,False,1,0,0.0,0,0,100000.0,1,1,True,0.0,0.00062527994252457,0.0,8,0.0,0.0,0.6151509436747945,0.0,0.4919051517988034,0.0,0.0,0.0,transit,0.0,"1 входящих связей от 1 отправителей; 0 исходящих связей к 0 получателям; вход 100,000 KZT, выход 0 KZT. Depth=4: отсутствие исходящих связей может быть следствием границы выгрузки",0.2337
100000005041147100,4,False,1,0,0.0,0,0,10000.0,1,1,True,0.0,0.0005337622626216128,0.0,0,0.0,0.0,0.1267854959781863,0.0,0.35882472074902694,0.0,0.0,0.0,transit,0.0,"1 входящих связей от 1 отправителей; 0 исходящих связей к 0 получателям; вход 10,000 KZT, выход 0 KZT. Depth=4: отсутствие исходящих связей может быть следствием границы выгрузки",0.1125
100000003819173100,4,False,1,0,0.0,0,0,143777.0,1,1,True,0.0,0.0002952095652766986,0.0,1,0.0,0.0,0.6921633708709317,0.0,0.011876097226930905,0.0,0.0,0.0,transit,0.0,"1 входящих связей от 1 отправителей; 0 исходящих связей к 0 получателям; вход 143,777 KZT, выход 0 KZT. Depth=4: отсутствие исходящих связей может быть следствием границы выгрузки",0.1276
100000001275557100,4,False,1,0,0.0,0,0,20000.0,1,1,True,0.0,0.0003475117995580216,0.0,29,0.0,0.0,0.2737932863595569,0.0,0.087951017511874,0.0,0.0,0.0,transit,0.0,"1 входящих связей от 1 отправителей; 0 исходящих связей к 0 получателям; вход 20,000 KZT, выход 0 KZT. Depth=4: отсутствие исходящих связей может быть следствием границы выгрузки",0.0713
100000002706810100,4,False,1,0,0.0,0,0,45000.0,1,1,True,0.0,0.00030965102695793245,0.0,46,0.0,0.0,0.445787890486983,0.0,0.03288196537622145,0.0,0.0,0.0,transit,0.0,"1 входящих связей от 1 отправителей; 0 исходящих связей к 0 получателям; вход 45,000 KZT, выход 0 KZT. Depth=4: отсутствие исходящих связей может быть следствием границы выгрузки",0.0885
100000002896506100,4,False,1,0,0.0,0,0,45000.0,1,1,True,0.0,0.00031362964480833634,0.0,10,0.0,0.0,0.445787890486983,0.0,0.038669021724280175,0.0,0.0,0.0,transit,0.0,"1 входящих связей от 1 отправителей; 0 исходящих связей к 0 получателям; вход 45,000 KZT, выход 0 KZT. Depth=4: отсутствие исходящих связей может быть следствием границы выгрузки",0.0899
100000008766031100,4,False,1,0,0.0,0,0,5000.0,1,1,True,0.0,0.00028647703728241055,0.0,5,0.0,0.0,0.0,0.0,0.0,0.0,0.0,0.0,transit,0.0,"1 входящих связей от 1 отправителей; 0 исходящих связей к 0 получателям; вход 5,000 KZT, выход 0 KZT. Depth=4: отсутствие исходящих связей может быть следствием границы выгрузки",0.0
100000008758607100,4,False,1,0,0.0,0,0,5000.0,1,1,True,0.0,0.0002862270828024374,0.0,5,0.0,0.0,0.0,0.0,0.0,0.0,0.0,0.0,transit,0.0,"1 входящих связей от 1 отправителей; 0 исходящих связей к 0 получателям; вход 5,000 KZT, выход 0 KZT. Depth=4: отсутствие исходящих связей может быть следствием границы выгрузки",0.0
100000008648783100,4,False,1,0,0.0,0,0,5200.0,1,1,True,0.0,0.0002883520722228755,0.0,46,0.0,0.0,0.0,0.0,0.0019014054896903548,0.0,0.0,0.0,transit,0.0,"1 входящих связей от 1 отправителей; 0 исходящих связей к 0 получателям; вход 5,200 KZT, выход 0 KZT. Depth=4: отсутствие исходящих связей может быть следствием границы выгрузки",0.0005
100000004291663100,4,False,1,0,0.0,0,0,25000.0,1,1,True,0.0,0.0003111707348663816,0.0,0,0.0,0.0,0.3211205171539985,0.0,0.03509244309454159,0.0,0.0,0.0,transit,0.0,"1 входящих связей от 1 отправителей; 0 исходящих связей к 0 получателям; вход 25,000 KZT, выход 0 KZT. Depth=4: отсутствие исходящих связей может быть следствием границы выгрузки",0.0666
100000003037476100,4,False,3,0,0.0,0,0,555000.0,3,3,True,0.0,0.00035935405632802974,0.0,5,1.0,0.0,0.9786503879539916,0.0,0.10517532672770494,0.0,1.0,0.0,transit,0.0,"3 входящих связей от 3 отправителей; 0 исходящих связей к 0 получателям; вход 555,000 KZT, выход 0 KZT. Depth=4: отсутствие исходящих связей может быть следствием границы выгрузки",0.3725
100000008715513100,4,False,1,0,0.0,0,0,32500.0,1,1,True,0.0,0.0003029616567521985,0.0,46,0.0,0.0,0.37676673058630566,0.0,0.023151961089720282,0.0,0.0,0.0,transit,0.0,"1 входящих связей от 1 отправителей; 0 исходящих связей к 0 получателям; вход 32,500 KZT, выход 0 KZT. Depth=4: отсутствие исходящих связей может быть следствием границы выгрузки",0.0736
100000001276409100,4,False,1,0,0.0,0,0,94760.0,1,1,True,0.0,0.0003210407115079505,0.0,18,0.0,0.0,0.6037350978556119,0.0,0.04944864872999434,0.0,0.0,0.0,transit,0.0,"1 входящих связей от 1 отправителей; 0 исходящих связей к 0 получателям; вход 94,760 KZT, выход 0 KZT. Depth=4: отсутствие исходящих связей может быть следствием границы выгрузки",0.121
100000003232675100,4,False,1,0,0.0,0,0,44000.0,2,1,True,0.0,0.000401044536604877,0.0,12,0.0,0.0,0.4410214440023235,0.0,0.16581161627428692,0.0,0.0,0.0,transit,0.0,"1 входящих связей от 1 отправителей; 0 исходящих связей к 0 получателям; вход 44,000 KZT, выход 0 KZT. Depth=4: отсутствие исходящих связей может быть следствием границы выгрузки",0.1208
100000007988344100,4,False,1,0,0.0,0,0,20000.0,3,1,True,0.0,0.00038745764148945754,0.0,0,0.0,0.0,0.2737932863595569,0.0,0.14605057421988718,0.0,0.0,0.0,transit,0.0,"1 входящих связей от 1 отправителей; 0 исходящих связей к 0 получателям; вход 20,000 KZT, выход 0 KZT. Depth=4: отсутствие исходящих связей может быть следствием границы выгрузки",0.0858
100000003047800100,4,False,1,0,0.0,0,0,12212.0,1,1,True,0.0,0.00037457034348757943,0.0,24,0.0,0.0,0.16916698334448205,0.0,0.1273067916721302,0.0,0.0,0.0,transit,0.0,"1 входящих связей от 1 отправителей; 0 исходящих связей к 0 получателям; вход 12,212 KZT, выход 0 KZT. Depth=4: отсутствие исходящих связей может быть следствием границы выгрузки",0.0623
100000003230328100,4,False,3,0,0.0,0,0,26572.0,3,3,True,0.0,0.0003516801374186606,0.0,0,1.0,0.0,0.3340545061199738,0.0,0.09401379904129575,0.0,1.0,0.0,transit,0.0,"3 входящих связей от 3 отправителей; 0 исходящих связей к 0 получателям; вход 26,572 KZT, выход 0 KZT. Depth=4: отсутствие исходящих связей может быть следствием границы выгрузки",0.2536
100000002702968100,4,False,1,0,0.0,0,0,31600.0,1,1,True,0.0,0.00029739809103435295,0.0,18,0.0,0.0,0.370810442707679,0.0,0.015059442935448433,0.0,0.0,0.0,transit,0.0,"1 входящих связей от 1 отправителей; 0 исходящих связей к 0 получателям; вход 31,600 KZT, выход 0 KZT. Depth=4: отсутствие исходящих связей может быть следствием границы выгрузки",0.0705
100000004788983100,4,False,1,0,0.0,0,0,27000.0,1,1,True,0.0,0.00036946851834621515,0.0,0,0.0,0.0,0.33744353403694743,0.0,0.11988643398047592,0.0,0.0,0.0,transit,0.0,"1 входящих связей от 1 отправителей; 0 исходящих связей к 0 получателям; вход 27,000 KZT, выход 0 KZT. Depth=4: отсутствие исходящих связей может быть следствием границы выгрузки",0.0907
100000006490615100,4,False,1,0,0.0,0,0,41600.0,6,1,True,0.0,0.0003947458870200995,0.0,12,0.0,0.0,0.4291249942803567,0.0,0.15665077232310864,0.0,0.0,0.0,transit,0.0,"1 входящих связей от 1 отправителей; 0 исходящих связей к 0 получателям; вход 41,600 KZT, выход 0 KZT. Depth=4: отсутствие исходящих связей может быть следствием границы выгрузки",0.1164
100000008745676100,4,False,1,0,0.0,0,0,34547.0,1,1,True,0.0,0.0005303236661827117,0.0,22,0.0,0.0,0.3897217102330367,0.0,0.3538242485848015,0.0,0.0,0.0,transit,0.0,"1 входящих связей от 1 отправителей; 0 исходящих связей к 0 получателям; вход 34,547 KZT, выход 0 KZT. Depth=4: отсутствие исходящих связей может быть следствием границы выгрузки",0.1586
100000001598625100,4,False,1,0,0.0,0,0,25000.0,1,1,True,0.0,0.0004288818435522467,0.0,1,0.0,0.0,0.3211205171539985,0.0,0.20629789365714732,0.0,0.0,0.0,transit,0.0,"1 входящих связей от 1 отправителей; 0 исходящих связей к 0 получателям; вход 25,000 KZT, выход 0 KZT. Depth=4: отсутствие исходящих связей может быть следствием границы выгрузки",0.1094
100000008461217100,4,False,1,0,0.0,0,0,18000.0,1,1,True,0.0,0.000545589789549071,0.0,47,0.0,0.0,0.25144721385475965,0.0,0.3760244035334285,0.0,0.0,0.0,transit,0.0,"1 входящих связей от 1 отправителей; 0 исходящих связей к 0 получателям; вход 18,000 KZT, выход 0 KZT. Depth=4: отсутствие исходящих связей может быть следствием границы выгрузки",0.1393
100000005711521100,4,False,1,0,0.0,0,0,238000.0,1,1,True,0.0,0.0005338432844113265,0.0,12,0.0,0.0,0.7990640762434215,0.0,0.3589425439652013,0.0,0.0,0.0,transit,0.0,"1 входящих связей от 1 отправителей; 0 исходящих связей к 0 получателям; вход 238,000 KZT, выход 0 KZT. Depth=4: отсутствие исходящих связей может быть следствием границы выгрузки",0.2336
100000002713974100,4,False,1,0,0.0,0,0,50000.0,1,1,True,0.0,0.0003299501883700866,0.0,1,0.0,0.0,0.46813466994857295,0.0,0.062407654203625026,0.0,0.0,0.0,transit,0.0,"1 входящих связей от 1 отправителей; 0 исходящих связей к 0 получателям; вход 50,000 KZT, выход 0 KZT. Depth=4: отсутствие исходящих связей может быть следствием границы выгрузки",0.0999
100000005272139100,4,False,1,0,0.0,0,0,165000.0,1,1,True,0.0,0.0007555290963517862,0.0,16,0.0,0.0,0.7213659032839392,0.0,0.6812859674151107,0.0,0.0,0.0,transit,0.0,"1 входящих связей от 1 отправителей; 0 исходящих связей к 0 получателям; вход 165,000 KZT, выход 0 KZT. Depth=4: отсутствие исходящих связей может быть следствием границы выгрузки",0.3002
100000002968096100,4,False,1,0,0.0,0,0,70000.0,1,1,True,0.0,0.00031948241143492313,0.0,1,0.0,0.0,0.5395001308391884,0.0,0.04718205943999689,0.0,0.0,0.0,transit,0.0,"1 входящих связей от 1 отправителей; 0 исходящих связей к 0 получателям; вход 70,000 KZT, выход 0 KZT. Depth=4: отсутствие исходящих связей может быть следствием границы выгрузки",0.1089
100000004449824100,4,False,1,0,0.0,0,0,9000.0,1,1,True,0.0,0.00029038564076541864,0.0,46,0.0,0.0,0.10444060163522356,0.0,0.004859376878032414,0.0,0.0,0.0,transit,0.0,"1 входящих связей от 1 отправителей; 0 исходящих связей к 0 получателям; вход 9,000 KZT, выход 0 KZT. Depth=4: отсутствие исходящих связей может быть следствием границы выгрузки",0.02
100000004502048100,4,False,1,0,0.0,0,0,13888.0,1,1,True,0.0,0.00033971462250251136,0.0,43,0.0,0.0,0.19644258609969775,0.0,0.07661007890812524,0.0,0.0,0.0,transit,0.0,"1 входящих связей от 1 отправителей; 0 исходящих связей к 0 получателям; вход 13,888 KZT, выход 0 KZT. Depth=4: отсутствие исходящих связей может быть следствием границы выгрузки",0.0545
100000002660298100,4,False,1,0,0.0,0,0,30900.0,1,1,True,0.0,0.0002971360607251142,0.0,18,0.0,0.0,0.3660592954015533,0.0,0.014678304054966465,0.0,0.0,0.0,transit,0.0,"1 входящих связей от 1 отправителей; 0 исходящих связей к 0 получателям; вход 30,900 KZT, выход 0 KZT. Depth=4: отсутствие исходящих связей может быть следствием границы выгрузки",0.0696
100000001299828100,4,False,1,0,0.0,0,0,100000.0,1,1,True,0.0,0.0005472629597932571,0.0,0,0.0,0.0,0.6151509436747945,0.0,0.3784575244609945,0.0,0.0,0.0,transit,0.0,"1 входящих связей от 1 отправителей; 0 исходящих связей к 0 получателям; вход 100,000 KZT, выход 0 KZT. Depth=4: отсутствие исходящих связей может быть следствием границы выгрузки",0.2053
100000000581662100,4,False,1,0,0.0,0,0,21160.0,1,1,True,0.0,0.0003029166285306614,0.0,24,0.0,0.0,0.28575112646512046,0.0,0.02308646519849296,0.0,0.0,0.0,transit,0.0,"1 входящих связей от 1 отправителей; 0 исходящих связей к 0 получателям; вход 21,160 KZT, выход 0 KZT. Depth=4: отсутствие исходящих связей может быть следствием границы выгрузки",0.0572
100000001249054100,4,False,1,0,0.0,0,0,17375.0,1,1,True,0.0,0.00029207326082160873,0.0,18,0.0,0.0,0.24395206234028033,0.0,0.0073141367992807065,0.0,0.0,0.0,transit,0.0,"1 входящих связей от 1 отправителей; 0 исходящих связей к 0 получателям; вход 17,375 KZT, выход 0 KZT. Depth=4: отсутствие исходящих связей может быть следствием границы выгрузки",0.0457
100000008759795100,4,False,1,0,0.0,0,0,17000.0,1,1,True,0.0,0.00029466683769708836,0.0,46,0.0,0.0,0.23932445254453824,0.0,0.011086665407777543,0.0,0.0,0.0,transit,0.0,"1 входящих связей от 1 отправителей; 0 исходящих связей к 0 получателям; вход 17,000 KZT, выход 0 KZT. Depth=4: отсутствие исходящих связей может быть следствием границы выгрузки",0.0459
100000001299443100,4,False,1,0,0.0,0,0,8000.0,1,1,True,0.0,0.00028985049114895996,0.0,46,0.0,0.0,0.07946144622334977,0.0,0.004080963937810436,0.0,0.0,0.0,transit,0.0,"1 входящих связей от 1 отправителей; 0 исходящих связей к 0 получателям; вход 8,000 KZT, выход 0 KZT. Depth=4: отсутствие исходящих связей может быть следствием границы выгрузки",0.0153
100000007997939100,4,False,1,0,0.0,0,0,13000.0,1,1,True,0.0,0.0003579630834798816,0.0,5,0.0,0.0,0.18242877296742985,0.0,0.10315219703558128,0.0,0.0,0.0,transit,0.0,"1 входящих связей от 1 отправителей; 0 исходящих связей к 0 получателям; вход 13,000 KZT, выход 0 KZT. Depth=4: отсутствие исходящих связей может быть следствием границы выгрузки",0.0586
100000003470579100,4,False,1,0,0.0,0,0,357000.0,2,1,True,0.0,0.0005685326159317385,0.0,14,0.0,0.0,0.8850640270101405,0.0,0.40938746259546965,0.0,0.0,0.0,transit,0.0,"1 входящих связей от 1 отправителей; 0 исходящих связей к 0 получателям; вход 357,000 KZT, выход 0 KZT. Depth=4: отсутствие исходящих связей может быть следствием границы выгрузки",0.2617
100000008649416100,4,False,1,0,0.0,0,0,5000.0,1,1,True,0.0,0.0005337267176293667,0.0,28,0.0,0.0,0.0,0.0,0.35877303063499594,0.0,0.0,0.0,transit,0.0,"1 входящих связей от 1 отправителей; 0 исходящих связей к 0 получателям; вход 5,000 KZT, выход 0 KZT. Depth=4: отсутствие исходящих связей может быть следствием границы выгрузки",0.0897
100000008183752100,4,False,1,0,0.0,0,0,140000.0,1,1,True,0.0,0.0005301890395310123,0.0,35,0.0,0.0,0.686517010557567,0.0,0.35362847160473104,0.0,0.0,0.0,transit,0.0,"1 входящих связей от 1 отправителей; 0 исходящих связей к 0 получателям; вход 140,000 KZT, выход 0 KZT. Depth=4: отсутствие исходящих связей может быть следствием границы выгрузки",0.212
100000003950749100,4,False,1,0,0.0,0,0,7000.0,1,1,True,0.0,0.00038424128954841466,0.0,16,0.0,0.0,0.05114286315444276,0.0,0.14137261069575688,0.0,0.0,0.0,transit,0.0,"1 входящих связей от 1 отправителей; 0 исходящих связей к 0 получателям; вход 7,000 KZT, выход 0 KZT. Depth=4: отсутствие исходящих связей может быть следствием границы выгрузки",0.0445
100000005979037100,4,False,1,0,0.0,0,0,60300.0,1,1,True,0.0,0.0003248463424153586,0.0,1,0.0,0.0,0.5078627125333771,0.0,0.05498402620901195,0.0,0.0,0.0,transit,0.0,"1 входящих связей от 1 отправителей; 0 исходящих связей к 0 получателям; вход 60,300 KZT, выход 0 KZT. Depth=4: отсутствие исходящих связей может быть следствием границы выгрузки",0.1052
100000008734279100,4,False,1,0,0.0,0,0,31650.0,1,1,True,0.0,0.00030133294456934464,0.0,1,0.0,0.0,0.3711457724255745,0.0,0.02078291259588926,0.0,0.0,0.0,transit,0.0,"1 входящих связей от 1 отправителей; 0 исходящих связей к 0 получателям; вход 31,650 KZT, выход 0 KZT. Depth=4: отсутствие исходящих связей может быть следствием границы выгрузки",0.072
100000005589319100,4,False,1,0,0.0,0,0,26000.0,1,1,True,0.0,0.00030995557415139407,0.0,3,0.0,0.0,0.32943901036304085,0.0,0.03332494207620054,0.0,0.0,0.0,transit,0.0,"1 входящих связей от 1 отправителей; 0 исходящих связей к 0 получателям; вход 26,000 KZT, выход 0 KZT. Depth=4: отсутствие исходящих связей может быть следствием границы выгрузки",0.0676
100000003626268100,4,False,1,0,0.0,0,0,5000.0,1,1,True,0.0,0.000530890379133667,0.0,1,0.0,0.0,0.0,0.0,0.35464837449017267,0.0,0.0,0.0,transit,0.0,"1 входящих связей от 1 отправителей; 0 исходящих связей к 0 получателям; вход 5,000 KZT, выход 0 KZT. Depth=4: отсутствие исходящих связей может быть следствием границы выгрузки",0.0887
100000001220124100,4,False,1,0,0.0,0,0,40000.0,1,1,True,0.0,0.000539556585195879,0.0,1,0.0,0.0,0.4208063787121672,0.0,0.3672508956639606,0.0,0.0,0.0,transit,0.0,"1 входящих связей от 1 отправителей; 0 исходящих связей к 0 получателям; вход 40,000 KZT, выход 0 KZT. Depth=4: отсутствие исходящих связей может быть следствием границы выгрузки",0.1676
100000003904497100,4,False,1,0,0.0,0,0,10000.0,1,1,True,0.0,0.00034125682441928356,0.0,5,0.0,0.0,0.1267854959781863,0.0,0.07885320764680705,0.0,0.0,0.0,transit,0.0,"1 входящих связей от 1 отправителей; 0 исходящих связей к 0 получателям; вход 10,000 KZT, выход 0 KZT. Depth=4: отсутствие исходящих связей может быть следствием границы выгрузки",0.0425
100000001270470100,4,False,1,0,0.0,0,0,28300.0,2,1,True,0.0,0.00042974130560740703,0.0,0,0.0,0.0,0.3474172900658769,0.0,0.20754786802322586,0.0,0.0,0.0,transit,0.0,"1 входящих связей от 1 отправителей; 0 исходящих связей к 0 получателям; вход 28,300 KZT, выход 0 KZT. Depth=4: отсутствие исходящих связей может быть следствием границы выгрузки",0.1144
100000003091142100,4,False,1,0,0.0,0,0,40000.0,1,1,True,0.0,0.00040986444107495674,0.0,0,0.0,0.0,0.4208063787121672,0.0,0.17863931162426358,0.0,0.0,0.0,transit,0.0,"1 входящих связей от 1 отправителей; 0 исходящих связей к 0 получателям; вход 40,000 KZT, выход 0 KZT. Depth=4: отсутствие исходящих связей может быть следствием границы выгрузки",0.1204
100000001053894100,4,False,1,0,0.0,0,0,2000000.0,7,1,True,0.0,0.0004485491925071477,0.0,30,0.0,0.0,1.0,0.0,0.23490119360897024,0.0,0.0,0.0,transit,0.0,"1 входящих связей от 1 отправителей; 0 исходящих связей к 0 получателям; вход 2,000,000 KZT, выход 0 KZT. Depth=4: отсутствие исходящих связей может быть следствием границы выгрузки",0.2387
100000004722630100,4,False,1,0,0.0,0,0,340000.0,2,1,True,0.0,0.0004921869960127052,0.0,7,0.0,0.0,0.8747155307241986,0.0,0.2983640271726603,0.0,0.0,0.0,transit,0.0,"1 входящих связей от 1 отправителей; 0 исходящих связей к 0 получателям; вход 340,000 KZT, выход 0 KZT. Depth=4: отсутствие исходящих связей может быть следствием границы выгрузки",0.232
100000004655046100,4,False,1,0,0.0,0,0,24000.0,1,1,True,0.0,0.0005575082914139765,0.0,18,0.0,0.0,0.3124624150201965,0.0,0.39335617711877663,0.0,0.0,0.0,transit,0.0,"1 входящих связей от 1 отправителей; 0 исходящих связей к 0 получателям; вход 24,000 KZT, выход 0 KZT. Depth=4: отсутствие исходящих связей может быть следствием границы выгрузки",0.1546
100000004019056100,4,False,1,0,0.0,0,0,50000.0,1,1,True,0.0,0.0005409213827074562,0.0,12,0.0,0.0,0.46813466994857295,0.0,0.36923559383459154,0.0,0.0,0.0,transit,0.0,"1 входящих связей от 1 отправителей; 0 исходящих связей к 0 получателям; вход 50,000 KZT, выход 0 KZT. Depth=4: отсутствие исходящих связей может быть следствием границы выгрузки",0.1766
100000008071749100,4,False,1,0,0.0,0,0,24943.0,1,1,True,0.0,0.00029490618279349263,0.0,18,0.0,0.0,0.32063639022794116,0.0,0.011434808142017505,0.0,0.0,0.0,transit,0.0,"1 входящих связей от 1 отправителей; 0 исходящих связей к 0 получателям; вход 24,943 KZT, выход 0 KZT. Depth=4: отсутствие исходящих связей может быть следствием границы выгрузки",0.0606
100000008221765100,4,False,1,0,0.0,0,0,156354.0,1,1,True,0.0,0.0005404417175185705,0.0,10,0.0,0.0,0.709950011261276,0.0,0.3685380616411857,0.0,0.0,0.0,transit,0.0,"1 входящих связей от 1 отправителей; 0 исходящих связей к 0 получателям; вход 156,354 KZT, выход 0 KZT. Depth=4: отсутствие исходящих связей может быть следствием границы выгрузки",0.2199
100000008778010100,4,False,1,0,0.0,0,0,76950.0,2,1,True,0.0,0.0005296426486872749,0.0,22,0.0,0.0,0.5595776307365796,0.0,0.3528338979866555,0.0,0.0,0.0,transit,0.0,"1 входящих связей от 1 отправителей; 0 исходящих связей к 0 получателям; вход 76,950 KZT, выход 0 KZT. Depth=4: отсутствие исходящих связей может быть следствием границы выгрузки",0.1889
100000004584730100,4,False,1,0,0.0,0,0,47000.0,1,1,True,0.0,0.00030383982641037267,0.0,51,0.0,0.0,0.4550109999643056,0.0,0.02442930396283568,0.0,0.0,0.0,transit,0.0,"1 входящих связей от 1 отправителей; 0 исходящих связей к 0 получателям; вход 47,000 KZT, выход 0 KZT. Depth=4: отсутствие исходящих связей может быть следствием границы выгрузки",0.088
100000004797167100,4,False,1,0,0.0,0,0,31000.0,1,1,True,0.0,0.000551624702702953,0.0,1,0.0,0.0,0.3667445814779084,0.0,0.38480034342129815,0.0,0.0,0.0,transit,0.0,"1 входящих связей от 1 отправителей; 0 исходящих связей к 0 получателям; вход 31,000 KZT, выход 0 KZT. Depth=4: отсутствие исходящих связей может быть следствием границы выгрузки",0.1622
100000005010159100,4,False,1,0,0.0,0,0,7092.0,1,1,True,0.0,0.0006143684568259235,0.0,1,0.0,0.0,0.05391194593957638,0.0,0.476038854350859,0.0,0.0,0.0,transit,0.0,"1 входящих связей от 1 отправителей; 0 исходящих связей к 0 получателям; вход 7,092 KZT, выход 0 KZT. Depth=4: отсутствие исходящих связей может быть следствием границы выгрузки",0.1287
100000003025903100,4,False,1,0,0.0,0,0,386300.0,6,1,True,0.0,0.0005264518149577599,0.0,10,0.0,0.0,0.9017943229097717,0.0,0.3481937085228487,0.0,0.0,0.0,transit,0.0,"1 входящих связей от 1 отправителей; 0 исходящих связей к 0 получателям; вход 386,300 KZT, выход 0 KZT. Depth=4: отсутствие исходящих связей может быть следствием границы выгрузки",0.2494
100000003005167100,4,False,1,0,0.0,0,0,7000.0,1,1,True,0.0,0.0002893153415325012,0.0,46,0.0,0.0,0.05114286315444276,0.0,0.0033025505811415654,0.0,0.0,0.0,transit,0.0,"1 входящих связей от 1 отправителей; 0 исходящих связей к 0 получателям; вход 7,000 KZT, выход 0 KZT. Depth=4: отсутствие исходящих связей может быть следствием границы выгрузки",0.01
100000002214383100,4,False,1,0,0.0,0,0,213000.0,1,1,True,0.0,0.0005308718022156244,0.0,22,0.0,0.0,0.7755253386646987,0.0,0.3546213595522197,0.0,0.0,0.0,transit,0.0,"1 входящих связей от 1 отправителей; 0 исходящих связей к 0 получателям; вход 213,000 KZT, выход 0 KZT. Depth=4: отсутствие исходящих связей может быть следствием границы выгрузки",0.2282
100000004800452100,4,False,1,0,0.0,0,0,6544.53,1,1,True,0.0,0.0006079797659745975,0.0,10,0.0,0.0,0.03687458197918571,0.0,0.46674903365838244,0.0,0.0,0.0,transit,0.0,"1 входящих связей от 1 отправителей; 0 исходящих связей к 0 получателям; вход 6,545 KZT, выход 0 KZT. Depth=4: отсутствие исходящих связей может быть следствием границы выгрузки",0.1233
100000006903193100,4,False,1,0,0.0,0,0,9000.0,1,1,True,0.0,0.00030160452688525306,0.0,0,0.0,0.0,0.10444060163522356,0.0,0.021177943786592286,0.0,0.0,0.0,transit,0.0,"1 входящих связей от 1 отправителей; 0 исходящих связей к 0 получателям; вход 9,000 KZT, выход 0 KZT. Depth=4: отсутствие исходящих связей может быть следствием границы выгрузки",0.0241
100000007811950100,4,False,1,0,0.0,0,0,50000.0,1,1,True,0.0,0.000546228540071972,0.0,13,0.0,0.0,0.46813466994857295,0.0,0.37695327378650106,0.0,0.0,0.0,transit,0.0,"1 входящих связей от 1 отправителей; 0 исходящих связей к 0 получателям; вход 50,000 KZT, выход 0 KZT. Depth=4: отсутствие исходящих связей может быть следствием границы выгрузки",0.1785
100000000375150100,4,False,1,0,0.0,0,0,300000.0,1,1,True,0.0,0.0007463802351751558,0.0,12,0.0,0.0,0.8481681722159543,0.0,0.6679844302714802,0.0,0.0,0.0,transit,0.0,"1 входящих связей от 1 отправителей; 0 исходящих связей к 0 получателям; вход 300,000 KZT, выход 0 KZT. Depth=4: отсутствие исходящих связей может быть следствием границы выгрузки",0.3197
100000008775747100,4,False,1,0,0.0,0,0,5000.0,1,1,True,0.0,0.0002862270828024374,0.0,5,0.0,0.0,0.0,0.0,0.0,0.0,0.0,0.0,transit,0.0,"1 входящих связей от 1 отправителей; 0 исходящих связей к 0 получателям; вход 5,000 KZT, выход 0 KZT. Depth=4: отсутствие исходящих связей может быть следствием границы выгрузки",0.0
100000006689603100,4,False,1,0,0.0,0,0,400000.0,2,1,True,0.0,0.00031238935878786383,0.0,1,0.0,0.0,0.9091861423574124,0.0,0.03686497933222449,0.0,0.0,0.0,transit,0.0,"1 входящих связей от 1 отправителей; 0 исходящих связей к 0 получателям; вход 400,000 KZT, выход 0 KZT. Depth=4: отсутствие исходящих связей может быть следствием границы выгрузки",0.1729
100000005075949100,4,False,1,0,0.0,0,0,2226000.0,7,1,True,0.0,0.0007679113857379692,0.0,57,0.0,0.0,1.0,0.0,0.699288394956259,0.0,0.0,0.0,transit,0.0,"1 входящих связей от 1 отправителей; 0 исходящих связей к 0 получателям; вход 2,226,000 KZT, выход 0 KZT. Depth=4: отсутствие исходящих связей может быть следствием границы выгрузки",0.3548
100000003985389100,4,False,1,0,0.0,0,0,422698.0,16,1,True,0.0,0.0004903551059552761,0.0,1,0.0,0.0,0.9208927896855108,0.0,0.2956999493423452,0.0,0.0,0.0,transit,0.0,"1 входящих связей от 1 отправителей; 0 исходящих связей к 0 получателям; вход 422,698 KZT, выход 0 KZT. Depth=4: отсутствие исходящих связей может быть следствием границы выгрузки",0.2397
100000002478829100,4,False,1,0,0.0,0,0,34000.0,1,1,True,0.0,0.0003873344502832999,0.0,32,0.0,0.0,0.3863366092262719,0.0,0.14587140132819573,0.0,0.0,0.0,transit,0.0,"1 входящих связей от 1 отправителей; 0 исходящих связей к 0 получателям; вход 34,000 KZT, выход 0 KZT. Depth=4: отсутствие исходящих связей может быть следствием границы выгрузки",0.106
100000003125997100,4,False,1,0,0.0,0,0,87750.0,1,1,True,0.0,0.0005483720399494504,0.0,42,0.0,0.0,0.587434013319424,0.0,0.3800703444330363,0.0,0.0,0.0,transit,0.0,"1 входящих связей от 1 отправителей; 0 исходящих связей к 0 получателям; вход 87,750 KZT, выход 0 KZT. Depth=4: отсутствие исходящих связей может быть следствием границы выгрузки",0.2008
100000003214786100,4,False,1,0,0.0,0,0,5000.0,1,1,True,0.0,0.00042028195414468866,0.0,0,0.0,0.0,0.0,0.0,0.19379042800834922,0.0,0.0,0.0,transit,0.0,"1 входящих связей от 1 отправителей; 0 исходящих связей к 0 получателям; вход 5,000 KZT, выход 0 KZT. Depth=4: отсутствие исходящих связей может быть следствием границы выгрузки",0.0484
100000008308418100,4,False,1,0,0.0,0,0,50000.0,1,1,True,0.0,0.000431599331466298,0.0,0,0.0,0.0,0.46813466994857295,0.0,0.2102501182585645,0.0,0.0,0.0,transit,0.0,"1 входящих связей от 1 отправителей; 0 исходящих связей к 0 получателям; вход 50,000 KZT, выход 0 KZT. Depth=4: отсутствие исходящих связей может быть следствием границы выгрузки",0.1368
100000008619159100,4,False,1,0,0.0,0,0,446400.0,2,1,True,0.0,0.00035658738939848764,0.0,70,0.0,0.0,0.9324645428003289,0.0,0.10115128709993369,0.0,0.0,0.0,transit,0.0,"1 входящих связей от 1 отправителей; 0 исходящих связей к 0 получателям; вход 446,400 KZT, выход 0 KZT. Depth=4: отсутствие исходящих связей может быть следствием границы выгрузки",0.1931
100000004418967100,4,False,1,0,0.0,0,0,100000.0,1,1,True,0.0,0.0004534748089525561,0.0,42,0.0,0.0,0.6151509436747945,0.0,0.24206469862928218,0.0,0.0,0.0,transit,0.0,"1 входящих связей от 1 отправителей; 0 исходящих связей к 0 получателям; вход 100,000 KZT, выход 0 KZT. Depth=4: отсутствие исходящих связей может быть следствием границы выгрузки",0.1712
100000003173783100,4,False,1,0,0.0,0,0,23500.0,2,1,True,0.0,0.0003468224290716622,0.0,33,0.0,0.0,0.3079971179223828,0.0,0.08694833660182387,0.0,0.0,0.0,transit,0.0,"1 входящих связей от 1 отправителей; 0 исходящих связей к 0 получателям; вход 23,500 KZT, выход 0 KZT. Depth=4: отсутствие исходящих связей может быть следствием границы выгрузки",0.0772
100000002242455100,4,False,1,0,0.0,0,0,110000.0,1,1,True,0.0,0.0005321740677312205,0.0,10,0.0,0.0,0.6353662981862549,0.0,0.3565151397504703,0.0,0.0,0.0,transit,0.0,"1 входящих связей от 1 отправителей; 0 исходящих связей к 0 получателям; вход 110,000 KZT, выход 0 KZT. Depth=4: отсутствие исходящих связей может быть следствием границы выгрузки",0.2035
100000004848236100,4,False,1,0,0.0,0,0,7500.0,1,1,True,0.0,0.00030887463425310267,0.0,0,0.0,0.0,0.06577441835053888,0.0,0.03175266892732888,0.0,0.0,0.0,transit,0.0,"1 входящих связей от 1 отправителей; 0 исходящих связей к 0 получателям; вход 7,500 KZT, выход 0 KZT. Depth=4: отсутствие исходящих связей может быть следствием границы выгрузки",0.0198
100000004674412100,4,False,1,0,0.0,0,0,46000.0,1,1,True,0.0,0.0004893678200951688,0.0,11,0.0,0.0,0.450449573679721,0.0,0.29426415898630254,0.0,0.0,0.0,transit,0.0,"1 входящих связей от 1 отправителей; 0 исходящих связей к 0 получателям; вход 46,000 KZT, выход 0 KZT. Depth=4: отсутствие исходящих связей может быть следствием границы выгрузки",0.1546
100000007071852100,4,False,1,0,0.0,0,0,195000.0,1,1,True,0.0,0.00044351479276962143,0.0,1,0.0,0.0,0.7567983294242085,0.0,0.22757944460305052,0.0,0.0,0.0,transit,0.0,"1 входящих связей от 1 отправителей; 0 исходящих связей к 0 получателям; вход 195,000 KZT, выход 0 KZT. Depth=4: отсутствие исходящих связей может быть следствием границы выгрузки",0.1931
100000001498732100,4,False,1,0,0.0,0,0,5500.0,1,1,True,0.0,0.0002894096098235805,0.0,50,0.0,0.0,0.0,0.0,0.0034396705767480652,0.0,0.0,0.0,transit,0.0,"1 входящих связей от 1 отправителей; 0 исходящих связей к 0 получателям; вход 5,500 KZT, выход 0 KZT. Depth=4: отсутствие исходящих связей может быть следствием границы выгрузки",0.0009
100000000627521100,4,False,1,0,0.0,0,0,6500.0,1,1,True,0.0,0.00028609897888673224,0.0,30,0.0,0.0,0.03542669195658912,0.0,0.0,0.0,0.0,0.0,transit,0.0,"1 входящих связей от 1 отправителей; 0 исходящих связей к 0 получателям; вход 6,500 KZT, выход 0 KZT. Depth=4: отсутствие исходящих связей может быть следствием границы выгрузки",0.0064
100000003105089100,4,False,1,0,0.0,0,0,10000.0,1,1,True,0.0,0.0002994376832159761,0.0,32,0.0,0.0,0.1267854959781863,0.0,0.018026149301080478,0.0,0.0,0.0,transit,0.0,"1 входящих связей от 1 отправителей; 0 исходящих связей к 0 получателям; вход 10,000 KZT, выход 0 KZT. Depth=4: отсутствие исходящих связей может быть следствием границы выгрузки",0.0273
100000003166017100,4,False,1,0,0.0,0,0,15000.0,1,1,True,0.0,0.000291184229415263,0.0,18,0.0,0.0,0.21277867430530759,0.0,0.006020979737136248,0.0,0.0,0.0,transit,0.0,"1 входящих связей от 1 отправителей; 0 исходящих связей к 0 получателям; вход 15,000 KZT, выход 0 KZT. Depth=4: отсутствие исходящих связей может быть следствием границы выгрузки",0.0398
100000002506987100,4,False,1,0,0.0,0,0,28200.0,1,1,True,0.0,0.0002961253723894791,0.0,18,0.0,0.0,0.3466665098087333,0.0,0.013208196009296977,0.0,0.0,0.0,transit,0.0,"1 входящих связей от 1 отправителей; 0 исходящих связей к 0 получателям; вход 28,200 KZT, выход 0 KZT. Depth=4: отсутствие исходящих связей может быть следствием границы выгрузки",0.0657
100000005767403100,4,False,1,0,0.0,0,0,1100000.0,2,1,True,0.0,0.0010818599457011395,0.0,62,0.0,0.0,1.0,0.0,1.0,0.0,0.0,0.0,transit,0.0,"1 входящих связей от 1 отправителей; 0 исходящих связей к 0 получателям; вход 1,100,000 KZT, выход 0 KZT. Depth=4: отсутствие исходящих связей может быть следствием границы выгрузки",0.43
100000005553088100,4,False,1,0,0.0,0,0,17500.0,1,1,True,0.0,0.0002942853726110012,0.0,1,0.0,0.0,0.2454724311876608,0.0,0.010531799896456815,0.0,0.0,0.0,transit,0.0,"1 входящих связей от 1 отправителей; 0 исходящих связей к 0 получателям; вход 17,500 KZT, выход 0 KZT. Depth=4: отсутствие исходящих связей может быть следствием границы выгрузки",0.0468
100000003632533100,4,False,1,0,0.0,0,0,10000.0,1,1,True,0.0,0.00042894910408558474,0.0,10,0.0,0.0,0.1267854959781863,0.0,0.20639571528324935,0.0,0.0,0.0,transit,0.0,"1 входящих связей от 1 отправителей; 0 исходящих связей к 0 получателям; вход 10,000 KZT, выход 0 KZT. Depth=4: отсутствие исходящих связей может быть следствием границы выгрузки",0.0744
100000008762005100,4,False,1,0,0.0,0,0,5000.0,1,1,True,0.0,0.0002867795934290686,0.0,5,0.0,0.0,0.0,0.0,0.0,0.0,0.0,0.0,transit,0.0,"1 входящих связей от 1 отправителей; 0 исходящих связей к 0 получателям; вход 5,000 KZT, выход 0 KZT. Depth=4: отсутствие исходящих связей может быть следствием границы выгрузки",0.0
100000002214207100,4,False,1,0,0.0,0,0,97000.0,1,1,True,0.0,0.0006906066279546765,0.0,26,0.0,0.0,0.608690528851887,0.0,0.5868925043126929,0.0,0.0,0.0,transit,0.0,"1 входящих связей от 1 отправителей; 0 исходящих связей к 0 получателям; вход 97,000 KZT, выход 0 KZT. Depth=4: отсутствие исходящих связей может быть следствием границы выгрузки",0.2563
100000003180820100,4,False,1,0,0.0,0,0,101000.0,1,1,True,0.0,0.0002988566236372633,0.0,5,0.0,0.0,0.6172614148039809,0.0,0.01718096470498695,0.0,0.0,0.0,transit,0.0,"1 входящих связей от 1 отправителей; 0 исходящих связей к 0 получателям; вход 101,000 KZT, выход 0 KZT. Depth=4: отсутствие исходящих связей может быть следствием границы выгрузки",0.1154
100000003786516100,4,False,1,0,0.0,0,0,5000.0,1,1,True,0.0,0.00029315964798120263,0.0,0,0.0,0.0,0.0,0.0,0.008894359759265873,0.0,0.0,0.0,transit,0.0,"1 входящих связей от 1 отправителей; 0 исходящих связей к 0 получателям; вход 5,000 KZT, выход 0 KZT. Depth=4: отсутствие исходящих связей может быть следствием границы выгрузки",0.0022
100000005226217100,4,False,1,0,0.0,0,0,17500.0,1,1,True,0.0,0.0003830224720707786,0.0,5,0.0,0.0,0.2454724311876608,0.0,0.1395999202544249,0.0,0.0,0.0,transit,0.0,"1 входящих связей от 1 отправителей; 0 исходящих связей к 0 получателям; вход 17,500 KZT, выход 0 KZT. Depth=4: отсутствие исходящих связей может быть следствием границы выгрузки",0.0791
100000001533161100,4,False,1,0,0.0,0,0,100000.0,1,1,True,0.0,0.00032444276696852947,0.0,51,0.0,0.0,0.6151509436747945,0.0,0.05439701745933362,0.0,0.0,0.0,transit,0.0,"1 входящих связей от 1 отправителей; 0 исходящих связей к 0 получателям; вход 100,000 KZT, выход 0 KZT. Depth=4: отсутствие исходящих связей может быть следствием границы выгрузки",0.1243
100000007034089100,4,False,2,0,0.0,0,0,198000.0,2,2,True,0.0,0.0003211159924280986,0.0,5,0.5849625007211564,0.0,0.7600365851421759,0.0,0.04955814675991625,0.0,0.5849625007211564,0.0,transit,0.0,"2 входящих связей от 2 отправителей; 0 исходящих связей к 0 получателям; вход 198,000 KZT, выход 0 KZT. Depth=4: отсутствие исходящих связей может быть следствием границы выгрузки",0.2486
100000008336318100,4,False,1,0,0.0,0,0,170000.0,1,1,True,0.0,0.0003267194674177576,0.0,5,0.0,0.0,0.7276977598314471,0.0,0.057708521772441464,0.0,0.0,0.0,transit,0.0,"1 входящих связей от 1 отправителей; 0 исходящих связей к 0 получателям; вход 170,000 KZT, выход 0 KZT. Depth=4: отсутствие исходящих связей может быть следствием границы выгрузки",0.1454
100000005370558100,4,False,1,0,0.0,0,0,5000.0,1,1,True,0.0,0.0002992993954788,0.0,0,0.0,0.0,0.0,0.0,0.01782500187368375,0.0,0.0,0.0,transit,0.0,"1 входящих связей от 1 отправителей; 0 исходящих связей к 0 получателям; вход 5,000 KZT, выход 0 KZT. Depth=4: отсутствие исходящих связей может быть следствием границы выгрузки",0.0045
100000002729875100,4,False,1,0,0.0,0,0,76000.0,1,1,True,0.0,0.0003140182992203525,0.0,18,0.0,0.0,0.5569428150466563,0.0,0.03923433363836883,0.0,0.0,0.0,transit,0.0,"1 входящих связей от 1 отправителей; 0 исходящих связей к 0 получателям; вход 76,000 KZT, выход 0 KZT. Depth=4: отсутствие исходящих связей может быть следствием границы выгрузки",0.1101
100000006512787100,4,False,1,0,0.0,0,0,20000.0,2,1,True,0.0,0.0005300461906110868,0.0,0,0.0,0.0,0.2737932863595569,0.0,0.3534207375960912,0.0,0.0,0.0,transit,0.0,"1 входящих связей от 1 отправителей; 0 исходящих связей к 0 получателям; вход 20,000 KZT, выход 0 KZT. Depth=4: отсутствие исходящих связей может быть следствием границы выгрузки",0.1376
100000003186579100,4,False,1,0,0.0,0,0,110000.0,2,1,True,0.0,0.0005151815504625234,0.0,1,0.0,0.0,0.6353662981862549,0.0,0.33180409222444385,0.0,0.0,0.0,transit,0.0,"1 входящих связей от 1 отправителей; 0 исходящих связей к 0 получателям; вход 110,000 KZT, выход 0 KZT. Depth=4: отсутствие исходящих связей может быть следствием границы выгрузки",0.1973
100000004472936100,4,False,1,0,0.0,0,0,5000.0,1,1,True,0.0,0.0005318955309395088,0.0,12,0.0,0.0,0.0,0.0,0.35611008626141455,0.0,0.0,0.0,transit,0.0,"1 входящих связей от 1 отправителей; 0 исходящих связей к 0 получателям; вход 5,000 KZT, выход 0 KZT. Depth=4: отсутствие исходящих связей может быть следствием границы выгрузки",0.089
100000002231144100,4,False,1,0,0.0,0,0,15000.0,1,1,True,0.0,0.000367237638900313,0.0,32,0.0,0.0,0.21277867430530759,0.0,0.1166417159301695,0.0,0.0,0.0,transit,0.0,"1 входящих связей от 1 отправителей; 0 исходящих связей к 0 получателям; вход 15,000 KZT, выход 0 KZT. Depth=4: отсутствие исходящих связей может быть следствием границы выгрузки",0.0675
100000002505277100,4,False,1,0,0.0,0,0,60000.0,1,1,True,0.0,0.0004076531172154499,0.0,0,0.0,0.0,0.5068048590547116,0.0,0.17542316623469406,0.0,0.0,0.0,transit,0.0,"1 входящих связей от 1 отправителей; 0 исходящих связей к 0 получателям; вход 60,000 KZT, выход 0 KZT. Depth=4: отсутствие исходящих связей может быть следствием границы выгрузки",0.1351
100000003177533100,4,False,1,0,0.0,0,0,20000.0,3,1,True,0.0,0.00033819737698218943,0.0,1,0.0,0.0,0.2737932863595569,0.0,0.07440324580947617,0.0,0.0,0.0,transit,0.0,"1 входящих связей от 1 отправителей; 0 исходящих связей к 0 получателям; вход 20,000 KZT, выход 0 KZT. Depth=4: отсутствие исходящих связей может быть следствием границы выгрузки",0.0679
100000005888829100,4,False,1,0,0.0,0,0,197000.0,1,1,True,0.0,0.0003114861644720892,0.0,5,0.0,0.0,0.7589626505184545,0.0,0.03555124802124021,0.0,0.0,0.0,transit,0.0,"1 входящих связей от 1 отправителей; 0 исходящих связей к 0 получателям; вход 197,000 KZT, выход 0 KZT. Depth=4: отсутствие исходящих связей может быть следствием границы выгрузки",0.1455
100000002242066100,4,False,1,0,0.0,0,0,60000.0,1,1,True,0.0,0.0005337841025658801,0.0,38,0.0,0.0,0.5068048590547116,0.0,0.3588564807553145,0.0,0.0,0.0,transit,0.0,"1 входящих связей от 1 отправителей; 0 исходящих связей к 0 получателям; вход 60,000 KZT, выход 0 KZT. Depth=4: отсутствие исходящих связей может быть следствием границы выгрузки",0.1809
100000008027922100,4,False,1,0,0.0,0,0,70000.0,1,1,True,0.0,0.0005023680629098503,0.0,29,0.0,0.0,0.5395001308391884,0.0,0.3131700422313697,0.0,0.0,0.0,transit,0.0,"1 входящих связей от 1 отправителей; 0 исходящих связей к 0 получателям; вход 70,000 KZT, выход 0 KZT. Depth=4: отсутствие исходящих связей может быть следствием границы выгрузки",0.1754
100000002686226100,4,False,1,0,0.0,0,0,430000.0,2,1,True,0.0,0.0006546162523072467,0.0,28,0.0,0.0,0.9245255135994085,0.0,0.5345619694925022,0.0,0.0,0.0,transit,0.0,"1 входящих связей от 1 отправителей; 0 исходящих связей к 0 получателям; вход 430,000 KZT, выход 0 KZT. Depth=4: отсутствие исходящих связей может быть следствием границы выгрузки",0.3001
100000001065234100,4,False,1,0,0.0,0,0,360000.0,1,1,True,0.0,0.00054869478712359,0.0,45,0.0,0.0,0.8868389504836832,0.0,0.38053968176002134,0.0,0.0,0.0,transit,0.0,"1 входящих связей от 1 отправителей; 0 исходящих связей к 0 получателям; вход 360,000 KZT, выход 0 KZT. Depth=4: отсутствие исходящих связей может быть следствием границы выгрузки",0.2548
100000000424935100,4,False,1,0,0.0,0,0,15000.0,1,1,True,0.0,0.0003014479732354367,0.0,15,0.0,0.0,0.21277867430530759,0.0,0.020950228035170115,0.0,0.0,0.0,transit,0.0,"1 входящих связей от 1 отправителей; 0 исходящих связей к 0 получателям; вход 15,000 KZT, выход 0 KZT. Depth=4: отсутствие исходящих связей может быть следствием границы выгрузки",0.0435
100000005723580100,4,False,1,0,0.0,0,0,35000.0,1,1,True,0.0,0.00034433622437463323,0.0,42,0.0,0.0,0.39248476609146365,0.0,0.08333217664967,0.0,0.0,0.0,transit,0.0,"1 входящих связей от 1 отправителей; 0 исходящих связей к 0 получателям; вход 35,000 KZT, выход 0 KZT. Depth=4: отсутствие исходящих связей может быть следствием границы выгрузки",0.0915
100000000704700100,4,False,1,0,0.0,0,0,10000.0,1,1,True,0.0,0.0005332551718567717,0.0,34,0.0,0.0,0.1267854959781863,0.0,0.3580873008206754,0.0,0.0,0.0,transit,0.0,"1 входящих связей от 1 отправителей; 0 исходящих связей к 0 получателям; вход 10,000 KZT, выход 0 KZT. Depth=4: отсутствие исходящих связей может быть следствием границы выгрузки",0.1123
100000005293969100,4,False,1,0,0.0,0,0,5466.97,1,1,True,0.0,0.0005304901604905825,0.0,0,0.0,0.0,0.0,0.0,0.35406636816125514,0.0,0.0,0.0,transit,0.0,"1 входящих связей от 1 отправителей; 0 исходящих связей к 0 получателям; вход 5,467 KZT, выход 0 KZT. Depth=4: отсутствие исходящих связей может быть следствием границы выгрузки",0.0885
100000002512742100,4,False,1,0,0.0,0,0,6000.0,1,1,True,0.0,0.0002887801919160425,0.0,46,0.0,0.0,0.018452135654394897,0.0,0.0025241368080255663,0.0,0.0,0.0,transit,0.0,"1 входящих связей от 1 отправителей; 0 исходящих связей к 0 получателям; вход 6,000 KZT, выход 0 KZT. Depth=4: отсутствие исходящих связей может быть следствием границы выгрузки",0.004
100000001816678100,4,False,1,0,0.0,0,0,60000.0,1,1,True,0.0,0.00030965522203982006,0.0,3,0.0,0.0,0.5068048590547116,0.0,0.03288806730015841,0.0,0.0,0.0,transit,0.0,"1 входящих связей от 1 отправителей; 0 исходящих связей к 0 получателям; вход 60,000 KZT, выход 0 KZT. Depth=4: отсутствие исходящих связей может быть следствием границы выгрузки",0.0994
100000004586598100,4,False,1,0,0.0,0,0,761255.0,4,1,True,0.0,0.0005392658410384621,0.0,25,0.0,0.0,1.0,0.0,0.3668280931091121,0.0,0.0,0.0,transit,0.0,"1 входящих связей от 1 отправителей; 0 исходящих связей к 0 получателям; вход 761,255 KZT, выход 0 KZT. Depth=4: отсутствие исходящих связей может быть следствием границы выгрузки",0.2717
100000005782886100,4,False,1,0,0.0,0,0,14000.0,1,1,True,0.0,0.0003635318365000809,0.0,5,0.0,0.0,0.19814610930549503,0.0,0.1112517699874897,0.0,0.0,0.0,transit,0.0,"1 входящих связей от 1 отправителей; 0 исходящих связей к 0 получателям; вход 14,000 KZT, выход 0 KZT. Depth=4: отсутствие исходящих связей может быть следствием границы выгрузки",0.0635
100000002622822100,4,False,1,0,0.0,0,0,750000.0,1,1,True,0.0,0.0009076861139921038,0.0,35,0.0,0.0,1.0,0.0,0.9024893595070852,0.0,0.0,0.0,transit,0.0,"1 входящих связей от 1 отправителей; 0 исходящих связей к 0 получателям; вход 750,000 KZT, выход 0 KZT. Depth=4: отсутствие исходящих связей может быть следствием границы выгрузки",0.4056
100000003718715100,4,False,1,0,0.0,0,0,915000.0,3,1,True,0.0,0.0005755764809645297,0.0,12,0.0,0.0,1.0,0.0,0.4196303751159283,0.0,0.0,0.0,transit,0.0,"1 входящих связей от 1 отправителей; 0 исходящих связей к 0 получателям; вход 915,000 KZT, выход 0 KZT. Depth=4: отсутствие исходящих связей может быть следствием границы выгрузки",0.2849
100000006491963100,4,False,1,0,0.0,0,0,16000.0,3,1,True,0.0,0.00029413168808062963,0.0,46,0.0,0.0,0.22646658576820314,0.0,0.010308255799113744,0.0,0.0,0.0,transit,0.0,"1 входящих связей от 1 отправителей; 0 исходящих связей к 0 получателям; вход 16,000 KZT, выход 0 KZT. Depth=4: отсутствие исходящих связей может быть следствием границы выгрузки",0.0433
100000004526651100,4,False,1,0,0.0,0,0,33000.0,1,1,True,0.0,0.0002899106988792616,0.0,5,0.0,0.0,0.38000490390522373,0.0,0.004168540357662027,0.0,0.0,0.0,transit,0.0,"1 входящих связей от 1 отправителей; 0 исходящих связей к 0 получателям; вход 33,000 KZT, выход 0 KZT. Depth=4: отсутствие исходящих связей может быть следствием границы выгрузки",0.0694
100000008331280100,4,False,1,0,0.0,0,0,41000.0,2,1,True,0.0,0.0003180664824253921,0.0,14,0.0,0.0,0.42604361940675495,0.0,0.04512254962217078,0.0,0.0,0.0,transit,0.0,"1 входящих связей от 1 отправителей; 0 исходящих связей к 0 получателям; вход 41,000 KZT, выход 0 KZT. Depth=4: отсутствие исходящих связей может быть следствием границы выгрузки",0.088
100000004177936100,4,False,1,0,0.0,0,0,10000.0,1,1,True,0.0,0.00033700711990315767,0.0,1,0.0,0.0,0.1267854959781863,0.0,0.07267201494576751,0.0,0.0,0.0,transit,0.0,"1 входящих связей от 1 отправителей; 0 исходящих связей к 0 получателям; вход 10,000 KZT, выход 0 KZT. Depth=4: отсутствие исходящих связей может быть следствием границы выгрузки",0.041
100000002922000100,4,False,1,0,0.0,0,0,448000.0,1,1,True,0.0,0.0004597224521428421,0.0,51,0.0,0.0,0.9332234067035499,0.0,0.25115082499319535,0.0,0.0,0.0,transit,0.0,"1 входящих связей от 1 отправителей; 0 исходящих связей к 0 получателям; вход 448,000 KZT, выход 0 KZT. Depth=4: отсутствие исходящих связей может быть следствием границы выгрузки",0.2308
100000002404112100,4,False,1,0,0.0,0,0,60000.0,1,1,True,0.0,0.00033008347857565497,0.0,14,0.0,0.0,0.5068048590547116,0.0,0.06260152649523204,0.0,0.0,0.0,transit,0.0,"1 входящих связей от 1 отправителей; 0 исходящих связей к 0 получателям; вход 60,000 KZT, выход 0 KZT. Depth=4: отсутствие исходящих связей может быть следствием границы выгрузки",0.1069
100000000634341100,4,False,1,0,0.0,0,0,24000.0,2,1,True,0.0,0.0005549382719388587,0.0,0,0.0,0.0,0.3124624150201965,0.0,0.3896188963709025,0.0,0.0,0.0,transit,0.0,"1 входящих связей от 1 отправителей; 0 исходящих связей к 0 получателям; вход 24,000 KZT, выход 0 KZT. Depth=4: отсутствие исходящих связей может быть следствием границы выгрузки",0.1536
100000001822650100,4,False,1,0,0.0,0,0,112000.0,1,1,True,0.0,0.00030590273887598577,0.0,5,0.0,0.0,0.6391880375832715,0.0,0.027429911689966696,0.0,0.0,0.0,transit,0.0,"1 входящих связей от 1 отправителей; 0 исходящих связей к 0 получателям; вход 112,000 KZT, выход 0 KZT. Depth=4: отсутствие исходящих связей может быть следствием границы выгрузки",0.1219
100000004791226100,4,False,1,0,0.0,0,0,20000.0,1,1,True,0.0,0.000541483660737929,0.0,0,0.0,0.0,0.2737932863595569,0.0,0.37005326172621533,0.0,0.0,0.0,transit,0.0,"1 входящих связей от 1 отправителей; 0 исходящих связей к 0 получателям; вход 20,000 KZT, выход 0 KZT. Depth=4: отсутствие исходящих связей может быть следствием границы выгрузки",0.1418
100000007841978100,4,False,1,0,0.0,0,0,449000.0,1,1,True,0.0,0.0005063238893873184,0.0,10,0.0,0.0,0.9336963215841269,0.0,0.31892283937884897,0.0,0.0,0.0,transit,0.0,"1 входящих связей от 1 отправителей; 0 исходящих связей к 0 получателям; вход 449,000 KZT, выход 0 KZT. Depth=4: отсутствие исходящих связей может быть следствием границы выгрузки",0.2478
100000006866831100,4,False,1,0,0.0,0,0,16500.0,1,1,True,0.0,0.0003676771906395023,0.0,1,0.0,0.0,0.23299293624640618,0.0,0.11728102557182495,0.0,0.0,0.0,transit,0.0,"1 входящих связей от 1 отправителей; 0 исходящих связей к 0 получателям; вход 16,500 KZT, выход 0 KZT. Depth=4: отсутствие исходящих связей может быть следствием границы выгрузки",0.0713
100000002999140100,4,False,1,0,0.0,0,0,10000.0,2,1,True,0.0,0.000289482604055757,0.0,8,0.0,0.0,0.1267854959781863,0.0,0.0035458459178296813,0.0,0.0,0.0,transit,0.0,"1 входящих связей от 1 отправителей; 0 исходящих связей к 0 получателям; вход 10,000 KZT, выход 0 KZT. Depth=4: отсутствие исходящих связей может быть следствием границы выгрузки",0.0237
100000002884708100,4,False,1,0,0.0,0,0,1171644.0,2,1,True,0.0,0.0005625754563953251,0.0,42,0.0,0.0,1.0,0.0,0.40072473834590794,0.0,0.0,0.0,transit,0.0,"1 входящих связей от 1 отправителей; 0 исходящих связей к 0 получателям; вход 1,171,644 KZT, выход 0 KZT. Depth=4: отсутствие исходящих связей может быть следствием границы выгрузки",0.2802
100000001130553100,4,False,1,0,0.0,0,0,18000.0,2,1,True,0.0,0.0005436529519802205,0.0,10,0.0,0.0,0.25144721385475965,0.0,0.37320785301204484,0.0,0.0,0.0,transit,0.0,"1 входящих связей от 1 отправителей; 0 исходящих связей к 0 получателям; вход 18,000 KZT, выход 0 KZT. Depth=4: отсутствие исходящих связей может быть следствием границы выгрузки",0.1386
100000006351075100,4,False,1,0,0.0,0,0,40000.0,2,1,True,0.0,0.00029108533068760405,0.0,65,0.0,0.0,0.4208063787121672,0.0,0.005877124694050032,0.0,0.0,0.0,transit,0.0,"1 входящих связей от 1 отправителей; 0 исходящих связей к 0 получателям; вход 40,000 KZT, выход 0 KZT. Depth=4: отсутствие исходящих связей может быть следствием границы выгрузки",0.0772
100000005616568100,4,False,1,0,0.0,0,0,530000.0,1,1,True,0.0,0.0004319554143337915,0.0,10,0.0,0.0,0.9688743572834498,0.0,0.210767992615966,0.0,0.0,0.0,transit,0.0,"1 входящих связей от 1 отправителей; 0 исходящих связей к 0 получателям; вход 530,000 KZT, выход 0 KZT. Depth=4: отсутствие исходящих связей может быть следствием границы выгрузки",0.2271
100000006381453100,4,False,1,0,0.0,0,0,45000.0,1,1,True,0.0,0.000576167770487525,0.0,5,0.0,0.0,0.445787890486983,0.0,0.42049020189031044,0.0,0.0,0.0,transit,0.0,"1 входящих связей от 1 отправителей; 0 исходящих связей к 0 получателям; вход 45,000 KZT, выход 0 KZT. Depth=4: отсутствие исходящих связей может быть следствием границы выгрузки",0.1854
100000004616845100,4,False,1,0,0.0,0,0,20200.0,2,1,True,0.0,0.0002888176682521603,0.0,44,0.0,0.0,0.275903673492685,0.0,0.0025786488595337565,0.0,0.0,0.0,transit,0.0,"1 входящих связей от 1 отправителей; 0 исходящих связей к 0 получателям; вход 20,200 KZT, выход 0 KZT. Depth=4: отсутствие исходящих связей может быть следствием границы выгрузки",0.0503
100000004908173100,4,False,1,0,0.0,0,0,21000.0,1,1,True,0.0,0.00032082945231169603,0.0,42,0.0,0.0,0.28414130736987286,0.0,0.04914136676451896,0.0,0.0,0.0,transit,0.0,"1 входящих связей от 1 отправителей; 0 исходящих связей к 0 получателям; вход 21,000 KZT, выход 0 KZT. Depth=4: отсутствие исходящих связей может быть следствием границы выгрузки",0.0634
100000004433250100,4,False,1,0,0.0,0,0,8000.0,1,1,True,0.0,0.0003065701457455694,0.0,0,0.0,0.0,0.07946144622334977,0.0,0.028400686509706567,0.0,0.0,0.0,transit,0.0,"1 входящих связей от 1 отправителей; 0 исходящих связей к 0 получателям; вход 8,000 KZT, выход 0 KZT. Depth=4: отсутствие исходящих связей может быть следствием границы выгрузки",0.0214
100000003664994100,4,False,1,0,0.0,0,0,338271.0,2,1,True,0.0,0.0003911208228878397,0.0,66,0.0,0.0,0.8736341774102189,0.0,0.15137840225498125,0.0,0.0,0.0,transit,0.0,"1 входящих связей от 1 отправителей; 0 исходящих связей к 0 получателям; вход 338,271 KZT, выход 0 KZT. Depth=4: отсутствие исходящих связей может быть следствием границы выгрузки",0.1951
100000004673335100,4,False,1,0,0.0,0,0,80000.0,1,1,True,0.0,0.0004940906043598334,0.0,33,0.0,0.0,0.567822122199512,0.0,0.3011323981822957,0.0,0.0,0.0,transit,0.0,"1 входящих связей от 1 отправителей; 0 исходящих связей к 0 получателям; вход 80,000 KZT, выход 0 KZT. Depth=4: отсутствие исходящих связей может быть следствием границы выгрузки",0.1775
100000002487222100,4,False,1,0,0.0,0,0,90000.0,2,1,True,0.0,0.0003104273146144319,0.0,10,0.0,0.0,0.5928039285509907,0.0,0.03401110815148958,0.0,0.0,0.0,transit,0.0,"1 входящих связей от 1 отправителей; 0 исходящих связей к 0 получателям; вход 90,000 KZT, выход 0 KZT. Depth=4: отсутствие исходящих связей может быть следствием границы выгрузки",0.1152
100000000018102100,4,False,1,0,0.0,0,0,7000.0,1,1,True,0.0,0.00032040294724489533,0.0,1,0.0,0.0,0.05114286315444276,0.0,0.04852100391493084,0.0,0.0,0.0,transit,0.0,"1 входящих связей от 1 отправителей; 0 исходящих связей к 0 получателям; вход 7,000 KZT, выход 0 KZT. Depth=4: отсутствие исходящих связей может быть следствием границы выгрузки",0.0213
100000008638859100,4,False,1,0,0.0,0,0,34000.0,1,1,True,0.0,0.000539648613146656,0.0,43,0.0,0.0,0.3863366092262719,0.0,0.3673847234444015,0.0,0.0,0.0,transit,0.0,"1 входящих связей от 1 отправителей; 0 исходящих связей к 0 получателям; вход 34,000 KZT, выход 0 KZT. Depth=4: отсутствие исходящих связей может быть следствием границы выгрузки",0.1614
100000001131403100,4,False,1,0,0.0,0,0,1570000.0,3,1,True,0.0,0.0005380419296007586,0.0,44,0.0,0.0,1.0,0.0,0.36504826964145426,0.0,0.0,0.0,transit,0.0,"1 входящих связей от 1 отправителей; 0 исходящих связей к 0 получателям; вход 1,570,000 KZT, выход 0 KZT. Depth=4: отсутствие исходящих связей может быть следствием границы выгрузки",0.2713
100000001733216100,4,False,1,0,0.0,0,0,60000.0,2,1,True,0.0,0.0004076531172154499,0.0,0,0.0,0.0,0.5068048590547116,0.0,0.17542316623469406,0.0,0.0,0.0,transit,0.0,"1 входящих связей от 1 отправителей; 0 исходящих связей к 0 получателям; вход 60,000 KZT, выход 0 KZT. Depth=4: отсутствие исходящих связей может быть следствием границы выгрузки",0.1351
100000004400480100,4,False,1,0,0.0,0,0,21700.0,1,1,True,0.0,0.00048457285607853413,0.0,24,0.0,0.0,0.29109579182239087,0.0,0.28729091722796984,0.0,0.0,0.0,transit,0.0,"1 входящих связей от 1 отправителей; 0 исходящих связей к 0 получателям; вход 21,700 KZT, выход 0 KZT. Depth=4: отсутствие исходящих связей может быть следствием границы выгрузки",0.1242
100000007539296100,4,False,1,0,0.0,0,0,46000.0,2,1,True,0.0,0.0005573238796527781,0.0,10,0.0,0.0,0.450449573679721,0.0,0.393088008838396,0.0,0.0,0.0,transit,0.0,"1 входящих связей от 1 отправителей; 0 исходящих связей к 0 получателям; вход 46,000 KZT, выход 0 KZT. Depth=4: отсутствие исходящих связей может быть следствием границы выгрузки",0.1794
100000008757301100,4,False,1,0,0.0,0,0,58398.0,3,1,True,0.0,0.0005305464848242204,0.0,0,0.0,0.0,0.5010648374784998,0.0,0.35414827620039663,0.0,0.0,0.0,transit,0.0,"1 входящих связей от 1 отправителей; 0 исходящих связей к 0 получателям; вход 58,398 KZT, выход 0 KZT. Depth=4: отсутствие исходящих связей может быть следствием границы выгрузки",0.1787
100000002752565100,4,False,1,0,0.0,0,0,57000.0,1,1,True,0.0,0.00033823599365261504,0.0,1,0.0,0.0,0.4959255984142157,0.0,0.07445941378512481,0.0,0.0,0.0,transit,0.0,"1 входящих связей от 1 отправителей; 0 исходящих связей к 0 получателям; вход 57,000 KZT, выход 0 KZT. Depth=4: отсутствие исходящих связей может быть следствием границы выгрузки",0.1079
100000002734815100,4,False,1,0,0.0,0,0,110000.0,1,1,True,0.0,0.0003121958768764161,0.0,5,0.0,0.0,0.6353662981862549,0.0,0.036583552455894335,0.0,0.0,0.0,transit,0.0,"1 входящих связей от 1 отправителей; 0 исходящих связей к 0 получателям; вход 110,000 KZT, выход 0 KZT. Depth=4: отсутствие исходящих связей может быть следствием границы выгрузки",0.1235
100000008333492100,4,False,1,0,0.0,0,0,216400.0,1,1,True,0.0,0.0004380108561569439,0.0,60,0.0,0.0,0.7788842623856813,0.0,0.2195747853051667,0.0,0.0,0.0,transit,0.0,"1 входящих связей от 1 отправителей; 0 исходящих связей к 0 получателям; вход 216,400 KZT, выход 0 KZT. Depth=4: отсутствие исходящих связей может быть следствием границы выгрузки",0.1951
100000006527156100,4,False,1,0,0.0,0,0,48500.0,1,1,True,0.0,0.00029607854463901213,0.0,57,0.0,0.0,0.461674320722443,0.0,0.013140082144038244,0.0,0.0,0.0,transit,0.0,"1 входящих связей от 1 отправителей; 0 исходящих связей к 0 получателям; вход 48,500 KZT, выход 0 KZT. Depth=4: отсутствие исходящих связей может быть следствием границы выгрузки",0.0864
100000003448713100,4,False,1,0,0.0,0,0,266750.0,1,1,True,0.0,0.0003034549247777915,0.0,1,0.0,0.0,0.8232524311503313,0.0,0.023869444906637966,0.0,0.0,0.0,transit,0.0,"1 входящих связей от 1 отправителей; 0 исходящих связей к 0 получателям; вход 266,750 KZT, выход 0 KZT. Depth=4: отсутствие исходящих связей может быть следствием границы выгрузки",0.1542
100000004780083100,4,False,1,0,0.0,0,0,9999.0,1,1,True,0.0,0.0002933852316593548,0.0,56,0.0,0.0,0.12676428676773074,0.0,0.009222486128114818,0.0,0.0,0.0,transit,0.0,"1 входящих связей от 1 отправителей; 0 исходящих связей к 0 получателям; вход 9,999 KZT, выход 0 KZT. Depth=4: отсутствие исходящих связей может быть следствием границы выгрузки",0.0251
100000004798515100,4,False,1,0,0.0,0,0,200000.0,2,1,True,0.0,0.0003638354909866263,0.0,8,0.0,0.0,0.7621682778906999,0.0,0.11169342441858715,0.0,0.0,0.0,transit,0.0,"1 входящих связей от 1 отправителей; 0 исходящих связей к 0 получателям; вход 200,000 KZT, выход 0 KZT. Depth=4: отсутствие исходящих связей может быть следствием границы выгрузки",0.1651
100000004232712100,4,False,1,0,0.0,0,0,12500.0,1,1,True,0.0,0.0005292762077277096,0.0,10,0.0,0.0,0.17411060603184644,0.0,0.3523010112166593,0.0,0.0,0.0,transit,0.0,"1 входящих связей от 1 отправителей; 0 исходящих связей к 0 получателям; вход 12,500 KZT, выход 0 KZT. Depth=4: отсутствие исходящих связей может быть следствием границы выгрузки",0.1194
100000005209352100,4,False,1,0,0.0,0,0,5000.0,1,1,True,0.0,0.00042028195414468866,0.0,0,0.0,0.0,0.0,0.0,0.19379042800834922,0.0,0.0,0.0,transit,0.0,"1 входящих связей от 1 отправителей; 0 исходящих связей к 0 получателям; вход 5,000 KZT, выход 0 KZT. Depth=4: отсутствие исходящих связей может быть следствием границы выгрузки",0.0484
100000000561160100,4,False,1,0,0.0,0,0,240000.0,1,1,True,0.0,0.00043625462329843924,0.0,3,0.0,0.0,0.8008389972414596,0.0,0.2170205958805892,0.0,0.0,0.0,transit,0.0,"1 входящих связей от 1 отправителей; 0 исходящих связей к 0 получателям; вход 240,000 KZT, выход 0 KZT. Depth=4: отсутствие исходящих связей может быть следствием границы выгрузки",0.1984
100000003568904100,4,False,1,0,0.0,0,0,49000.0,1,1,True,0.0,0.0005317310119569377,0.0,12,0.0,0.0,0.4638497075684982,0.0,0.3558708395814647,0.0,0.0,0.0,transit,0.0,"1 входящих связей от 1 отправителей; 0 исходящих связей к 0 получателям; вход 49,000 KZT, выход 0 KZT. Depth=4: отсутствие исходящих связей может быть следствием границы выгрузки",0.1725
100000000470237100,4,False,1,0,0.0,0,0,32500.0,1,1,True,0.0,0.000584633394176411,0.0,15,0.0,0.0,0.37676673058630566,0.0,0.432800477454367,0.0,0.0,0.0,transit,0.0,"1 входящих связей от 1 отправителей; 0 исходящих связей к 0 получателям; вход 32,500 KZT, выход 0 KZT. Depth=4: отсутствие исходящих связей может быть следствием границы выгрузки",0.176
100000008560263100,4,False,1,0,0.0,0,0,100000.0,1,1,True,0.0,0.000313189316880781,0.0,10,0.0,0.0,0.6151509436747945,0.0,0.03802854854553606,0.0,0.0,0.0,transit,0.0,"1 входящих связей от 1 отправителей; 0 исходящих связей к 0 получателям; вход 100,000 KZT, выход 0 KZT. Depth=4: отсутствие исходящих связей может быть следствием границы выгрузки",0.1202
100000000542087100,4,False,1,0,0.0,0,0,8506.91,1,1,True,0.0,0.00028641460273720837,0.0,20,0.0,0.0,0.09249087006275272,0.0,0.0,0.0,0.0,0.0,transit,0.0,"1 входящих связей от 1 отправителей; 0 исходящих связей к 0 получателям; вход 8,507 KZT, выход 0 KZT. Depth=4: отсутствие исходящих связей может быть следствием границы выгрузки",0.0166
100000004403548100,4,False,1,0,0.0,0,0,5000.0,1,1,True,0.0,0.0003678656647208164,0.0,1,0.0,0.0,0.0,0.0,0.11755515316323432,0.0,0.0,0.0,transit,0.0,"1 входящих связей от 1 отправителей; 0 исходящих связей к 0 получателям; вход 5,000 KZT, выход 0 KZT. Depth=4: отсутствие исходящих связей может быть следствием границы выгрузки",0.0294
100000003010908100,4,False,1,0,0.0,0,0,17000.0,1,1,True,0.0,0.0003994094269981735,0.0,18,0.0,0.0,0.23932445254453824,0.0,0.1634334955620845,0.0,0.0,0.0,transit,0.0,"1 входящих связей от 1 отправителей; 0 исходящих связей к 0 получателям; вход 17,000 KZT, выход 0 KZT. Depth=4: отсутствие исходящих связей может быть следствием границы выгрузки",0.0839
100000006756956100,4,False,1,0,0.0,0,0,121200.0,9,1,True,0.0,0.00031094703412755777,0.0,0,0.0,0.0,0.6559319609048943,0.0,0.0347670613710776,0.0,0.0,0.0,transit,0.0,"1 входящих связей от 1 отправителей; 0 исходящих связей к 0 получателям; вход 121,200 KZT, выход 0 KZT. Depth=4: отсутствие исходящих связей может быть следствием границы выгрузки",0.1268
100000007357489100,4,False,2,0,0.0,0,0,164500.0,2,2,True,0.0,0.00031295949170801515,0.0,5,0.5849625007211564,0.0,0.7207221958958739,0.0,0.03769425926009206,0.0,0.5849625007211564,0.0,transit,0.0,"2 входящих связей от 2 отправителей; 0 исходящих связей к 0 получателям; вход 164,500 KZT, выход 0 KZT. Depth=4: отсутствие исходящих связей может быть следствием границы выгрузки",0.2386
100000002599729100,4,False,1,0,0.0,0,0,65000.0,2,1,True,0.0,0.00048578643675265665,0.0,0,0.0,0.0,0.5237818622645034,0.0,0.28905581192813157,0.0,0.0,0.0,transit,0.0,"1 входящих связей от 1 отправителей; 0 исходящих связей к 0 получателям; вход 65,000 KZT, выход 0 KZT. Depth=4: отсутствие исходящих связей может быть следствием границы выгрузки",0.1665
100000005849862100,4,False,1,0,0.0,0,0,13000.0,2,1,True,0.0,0.000548435563920348,0.0,2,0.0,0.0,0.18242877296742985,0.0,0.38016272068587953,0.0,0.0,0.0,transit,0.0,"1 входящих связей от 1 отправителей; 0 исходящих связей к 0 получателям; вход 13,000 KZT, выход 0 KZT. Depth=4: отсутствие исходящих связей может быть следствием границы выгрузки",0.1279
100000008762843100,4,False,1,0,0.0,0,0,7000.0,1,1,True,0.0,0.00028726371311378,0.0,5,0.0,0.0,0.05114286315444276,0.0,0.0003183065867447326,0.0,0.0,0.0,transit,0.0,"1 входящих связей от 1 отправителей; 0 исходящих связей к 0 получателям; вход 7,000 KZT, выход 0 KZT. Depth=4: отсутствие исходящих связей может быть следствием границы выгрузки",0.0093
100000002723674100,4,False,1,0,0.0,0,0,30000.0,1,1,True,0.0,0.00032717446121334796,0.0,32,0.0,0.0,0.3597899992899909,0.0,0.058370318039832184,0.0,0.0,0.0,transit,0.0,"1 входящих связей от 1 отправителей; 0 исходящих связей к 0 получателям; вход 30,000 KZT, выход 0 KZT. Depth=4: отсутствие исходящих связей может быть следствием границы выгрузки",0.0794
100000008758106100,4,False,1,0,0.0,0,0,10000.0,1,1,True,0.0,0.0002868848713875846,0.0,5,0.0,0.0,0.1267854959781863,0.0,0.0,0.0,0.0,0.0,transit,0.0,"1 входящих связей от 1 отправителей; 0 исходящих связей к 0 получателям; вход 10,000 KZT, выход 0 KZT. Depth=4: отсутствие исходящих связей может быть следствием границы выгрузки",0.0228
100000001286703100,4,False,1,0,0.0,0,0,20500.0,1,1,True,0.0,0.00028723983817476127,0.0,30,0.0,0.0,0.27903039773280536,0.0,0.00028357870100757934,0.0,0.0,0.0,transit,0.0,"1 входящих связей от 1 отправителей; 0 исходящих связей к 0 получателям; вход 20,500 KZT, выход 0 KZT. Depth=4: отсутствие исходящих связей может быть следствием границы выгрузки",0.0503
