gid,role,role_score,cluster_id,priority_score,evidence,in_deg,out_deg,in_kzt,out_kzt,pagerank,pass_through,depth,is_seed,truncated_by_depth
100000000343175100,distributor,1.0,11,0.8579,"8 входящих связей от 8 отправителей; 31 исходящих связей к 31 получателям; вход 178,712 KZT, выход 4,000,039 KZT. Seed: входящие суммы неполны, pass-through не интерпретируется",8,31,178712.0,4000039.0,0.0007132581979384031,,0,True,False
100000000456947100,peripheral,0.35,17,0.0,"0 входящих связей от 0 отправителей; 0 исходящих связей к 0 получателям; вход 0 KZT, выход 0 KZT. Seed: входящие суммы неполны, pass-through не интерпретируется",0,0,0.0,0.0,0.0002855692942172902,,0,True,False
100000000580561100,distributor,0.8529,23,0.5748,"2 входящих связей от 2 отправителей; 3 исходящих связей к 3 получателям; вход 27,980 KZT, выход 1,488,077 KZT. Seed: входящие суммы неполны, pass-through не интерпретируется",2,3,27980.0,1488077.0,0.0008349888856684632,,0,True,False
100000001415126100,terminal,0.4344,49,0.1053,"1 входящих связей от 1 отправителей; 0 исходящих связей к 0 получателям; вход 27,000 KZT, выход 0 KZT. Seed: входящие суммы неполны, pass-through не интерпретируется",1,0,27000.0,0.0,0.0004096189054308039,,0,True,False
100000001429930100,terminal,0.4324,12,0.0825,"1 входящих связей от 1 отправителей; 0 исходящих связей к 0 получателям; вход 26,000 KZT, выход 0 KZT. Seed: входящие суммы неполны, pass-through не интерпретируется",1,0,26000.0,0.0,0.000350797891474077,,0,True,False
100000001616816100,coordinator,0.8411,2,0.8797,"5 входящих связей от 5 отправителей; 3 исходящих связей к 3 получателям; вход 176,195 KZT, выход 181,326 KZT. Seed: входящие суммы неполны, pass-through не интерпретируется",5,3,176195.0,181326.0,0.0024346571906844494,,0,True,False
100000001732159100,distributor,0.9339,42,0.8272,"2 входящих связей от 2 отправителей; 4 исходящих связей к 4 получателям; вход 2,378,100 KZT, выход 1,505,966 KZT. Seed: входящие суммы неполны, pass-through не интерпретируется",2,4,2378100.0,1505966.0,0.001095056787299681,,0,True,False
100000002527114100,distributor,1.0,22,0.881,"3 входящих связей от 3 отправителей; 111 исходящих связей к 111 получателям; вход 129,000 KZT, выход 3,289,249 KZT. Seed: входящие суммы неполны, pass-through не интерпретируется",3,111,129000.0,3289249.0,0.0008111056953132608,,0,True,False
100000002916006100,peripheral,0.35,49,0.2038,"0 входящих связей от 0 отправителей; 1 исходящих связей к 1 получателям; вход 0 KZT, выход 32,000 KZT. Seed: входящие суммы неполны, pass-through не интерпретируется",0,1,0.0,32000.0,0.0002855692942172902,,0,True,False
100000003016635100,distributor,1.0,16,0.9983,"8 входящих связей от 8 отправителей; 73 исходящих связей к 73 получателям; вход 586,981 KZT, выход 9,414,081 KZT. Seed: входящие суммы неполны, pass-through не интерпретируется",8,73,586981.0,9414081.0,0.001189636334387764,,0,True,False
100000003200071100,peripheral,0.35,61,0.203,"0 входящих связей от 0 отправителей; 1 исходящих связей к 1 получателям; вход 0 KZT, выход 30,000 KZT. Seed: входящие суммы неполны, pass-through не интерпретируется",0,1,0.0,30000.0,0.0002855692942172902,,0,True,False
100000003265658100,peripheral,0.35,63,0.0,"0 входящих связей от 0 отправителей; 0 исходящих связей к 0 получателям; вход 0 KZT, выход 0 KZT. Seed: входящие суммы неполны, pass-through не интерпретируется",0,0,0.0,0.0,0.0002855692942172902,,0,True,False
100000003349739100,peripheral,0.35,64,0.0,"0 входящих связей от 0 отправителей; 0 исходящих связей к 0 получателям; вход 0 KZT, выход 0 KZT. Seed: входящие суммы неполны, pass-through не интерпретируется",0,0,0.0,0.0,0.0002855692942172902,,0,True,False
100000003684369100,distributor,1.0,3,1.0,"24 входящих связей от 24 отправителей; 62 исходящих связей к 62 получателям; вход 3,848,436 KZT, выход 8,588,655 KZT. Seed: входящие суммы неполны, pass-through не интерпретируется",24,62,3848436.0,8588655.0,0.002020291208486861,,0,True,False
100000003770083100,peripheral,0.35,67,0.0,"0 входящих связей от 0 отправителей; 0 исходящих связей к 0 получателям; вход 0 KZT, выход 0 KZT. Seed: входящие суммы неполны, pass-through не интерпретируется",0,0,0.0,0.0,0.0002855692942172902,,0,True,False
100000003975102100,peripheral,0.35,16,0.3527,"1 входящих связей от 1 отправителей; 2 исходящих связей к 2 получателям; вход 25,650 KZT, выход 88,500 KZT. Seed: входящие суммы неполны, pass-through не интерпретируется",1,2,25650.0,88500.0,0.00034546521801697994,,0,True,False
100000003977183100,distributor,0.9339,2,0.4703,"2 входящих связей от 2 отправителей; 4 исходящих связей к 4 получателям; вход 123,800 KZT, выход 766,000 KZT. Seed: входящие суммы неполны, pass-through не интерпретируется",2,4,123800.0,766000.0,0.0003314603816994432,,0,True,False
100000004007116100,distributor,0.892,34,0.6336,"3 входящих связей от 3 отправителей; 4 исходящих связей к 4 получателям; вход 764,704 KZT, выход 148,000 KZT. Seed: входящие суммы неполны, pass-through не интерпретируется",3,4,764704.0,148000.0,0.0006277769573248414,,0,True,False
100000004019124100,terminal,0.7387,16,0.5558,"3 входящих связей от 3 отправителей; 0 исходящих связей к 0 получателям; вход 193,000 KZT, выход 0 KZT. Seed: входящие суммы неполны, pass-through не интерпретируется",3,0,193000.0,0.0,0.0012028680902033675,,0,True,False
100000004021459100,peripheral,0.35,69,0.0,"0 входящих связей от 0 отправителей; 0 исходящих связей к 0 получателям; вход 0 KZT, выход 0 KZT. Seed: входящие суммы неполны, pass-through не интерпретируется",0,0,0.0,0.0,0.0002855692942172902,,0,True,False
100000004041163100,peripheral,0.35,49,0.6567,"1 входящих связей от 1 отправителей; 2 исходящих связей к 2 получателям; вход 50,000 KZT, выход 866,000 KZT. Seed: входящие суммы неполны, pass-through не интерпретируется",1,2,50000.0,866000.0,0.002084748055672515,,0,True,False
100000004174835100,peripheral,0.35,72,0.0,"0 входящих связей от 0 отправителей; 0 исходящих связей к 0 получателям; вход 0 KZT, выход 0 KZT. Seed: входящие суммы неполны, pass-through не интерпретируется",0,0,0.0,0.0,0.0002855692942172902,,0,True,False
100000004193835100,peripheral,0.35,16,0.3285,"1 входящих связей от 1 отправителей; 1 исходящих связей к 1 получателям; вход 47,000 KZT, выход 5,000 KZT. Seed: входящие суммы неполны, pass-through не интерпретируется",1,1,47000.0,5000.0,0.000469930139695584,,0,True,False
100000004269433100,peripheral,0.35,4,0.2458,"0 входящих связей от 0 отправителей; 1 исходящих связей к 1 получателям; вход 0 KZT, выход 1,372,000 KZT. Seed: входящие суммы неполны, pass-through не интерпретируется",0,1,0.0,1372000.0,0.0002855692942172902,,0,True,False
100000004358004100,distributor,1.0,3,0.35,"0 входящих связей от 0 отправителей; 11 исходящих связей к 11 получателям; вход 0 KZT, выход 980,850 KZT. Seed: входящие суммы неполны, pass-through не интерпретируется",0,11,0.0,980850.0,0.0002855692942172902,,0,True,False
100000004388983100,peripheral,0.35,73,0.2775,"0 входящих связей от 0 отправителей; 2 исходящих связей к 2 получателям; вход 0 KZT, выход 450,816 KZT. Seed: входящие суммы неполны, pass-through не интерпретируется",0,2,0.0,450816.0,0.0002855692942172902,,0,True,False
100000004714705100,peripheral,0.35,49,0.2056,"0 входящих связей от 0 отправителей; 1 исходящих связей к 1 получателям; вход 0 KZT, выход 36,550 KZT. Seed: входящие суммы неполны, pass-through не интерпретируется",0,1,0.0,36550.0,0.0002855692942172902,,0,True,False
100000004723755100,peripheral,0.35,3,0.2183,"0 входящих связей от 0 отправителей; 1 исходящих связей к 1 получателям; вход 0 KZT, выход 95,000 KZT. Seed: входящие суммы неполны, pass-through не интерпретируется",0,1,0.0,95000.0,0.0002855692942172902,,0,True,False
100000004813068100,distributor,0.829,21,0.2993,"0 входящих связей от 0 отправителей; 3 исходящих связей к 3 получателям; вход 0 KZT, выход 297,000 KZT. Seed: входящие суммы неполны, pass-through не интерпретируется",0,3,0.0,297000.0,0.0002855692942172902,,0,True,False
100000004971871100,peripheral,0.35,52,0.4049,"1 входящих связей от 1 отправителей; 1 исходящих связей к 1 получателям; вход 25,400 KZT, выход 5,650 KZT. Seed: входящие суммы неполны, pass-through не интерпретируется",1,1,25400.0,5650.0,0.0007430293125206662,,0,True,False
100000005017150100,peripheral,0.35,75,0.0,"0 входящих связей от 0 отправителей; 0 исходящих связей к 0 получателям; вход 0 KZT, выход 0 KZT. Seed: входящие суммы неполны, pass-through не интерпретируется",0,0,0.0,0.0,0.0002855692942172902,,0,True,False
100000005087431100,peripheral,0.35,76,0.0,"0 входящих связей от 0 отправителей; 0 исходящих связей к 0 получателям; вход 0 KZT, выход 0 KZT. Seed: входящие суммы неполны, pass-through не интерпретируется",0,0,0.0,0.0,0.0002855692942172902,,0,True,False
100000005235389100,peripheral,0.35,77,0.0,"0 входящих связей от 0 отправителей; 0 исходящих связей к 0 получателям; вход 0 KZT, выход 0 KZT. Seed: входящие суммы неполны, pass-through не интерпретируется",0,0,0.0,0.0,0.0002855692942172902,,0,True,False
100000005264990100,coordinator,0.4527,49,0.4713,"1 входящих связей от 1 отправителей; 2 исходящих связей к 2 получателям; вход 17,070 KZT, выход 122,000 KZT. Seed: входящие суммы неполны, pass-through не интерпретируется",1,2,17070.0,122000.0,0.0003639962150845005,,0,True,False
100000005370580100,terminal,0.4283,12,0.0778,"1 входящих связей от 1 отправителей; 0 исходящих связей к 0 получателям; вход 24,075 KZT, выход 0 KZT. Seed: входящие суммы неполны, pass-through не интерпретируется",1,0,24075.0,0.0,0.0003459684664848726,,0,True,False
100000005382566100,coordinator,0.574,49,0.8028,"7 входящих связей от 7 отправителей; 1 исходящих связей к 1 получателям; вход 393,066 KZT, выход 50,000 KZT. Seed: входящие суммы неполны, pass-through не интерпретируется",7,1,393066.0,50000.0,0.0021132620521571092,,0,True,False
100000005386383100,peripheral,0.35,49,0.4327,"2 входящих связей от 2 отправителей; 1 исходящих связей к 1 получателям; вход 37,500 KZT, выход 29,000 KZT. Seed: входящие суммы неполны, pass-through не интерпретируется",2,1,37500.0,29000.0,0.0005243332756978205,,0,True,False
100000005392290100,peripheral,0.35,68,0.2163,"0 входящих связей от 0 отправителей; 1 исходящих связей к 1 получателям; вход 0 KZT, выход 81,465 KZT. Seed: входящие суммы неполны, pass-through не интерпретируется",0,1,0.0,81465.0,0.0002855692942172902,,0,True,False
100000005395727100,terminal,0.4098,4,0.0737,"1 входящих связей от 1 отправителей; 0 исходящих связей к 0 получателям; вход 17,000 KZT, выход 0 KZT. Seed: входящие суммы неполны, pass-through не интерпретируется",1,0,17000.0,0.0,0.0003712067299561792,,0,True,False
100000005409680100,terminal,0.5891,43,0.3134,"2 входящих связей от 2 отправителей; 0 исходящих связей к 0 получателям; вход 55,060 KZT, выход 0 KZT. Seed: входящие суммы неполны, pass-through не интерпретируется",2,0,55060.0,0.0,0.0006335288187931603,,0,True,False
100000005417257100,peripheral,0.35,49,0.2582,"0 входящих связей от 0 отправителей; 2 исходящих связей к 2 получателям; вход 0 KZT, выход 106,000 KZT. Seed: входящие суммы неполны, pass-through не интерпретируется",0,2,0.0,106000.0,0.0002855692942172902,,0,True,False
100000005454368100,terminal,0.5825,12,0.2216,"2 входящих связей от 2 отправителей; 0 исходящих связей к 0 получателям; вход 48,600 KZT, выход 0 KZT. Seed: входящие суммы неполны, pass-through не интерпретируется",2,0,48600.0,0.0,0.0003941929632081931,,0,True,False
100000005480435100,peripheral,0.35,78,0.0,"0 входящих связей от 0 отправителей; 0 исходящих связей к 0 получателям; вход 0 KZT, выход 0 KZT. Seed: входящие суммы неполны, pass-through не интерпретируется",0,0,0.0,0.0,0.0002855692942172902,,0,True,False
100000005485830100,distributor,0.9742,55,0.3367,"0 входящих связей от 0 отправителей; 5 исходящих связей к 5 получателям; вход 0 KZT, выход 275,885 KZT. Seed: входящие суммы неполны, pass-through не интерпретируется",0,5,0.0,275885.0,0.0002855692942172902,,0,True,False
100000005493505100,terminal,0.6785,3,0.3826,"3 входящих связей от 3 отправителей; 0 исходящих связей к 0 получателям; вход 62,020 KZT, выход 0 KZT. Seed: входящие суммы неполны, pass-through не интерпретируется",3,0,62020.0,0.0,0.0006174200765778767,,0,True,False
100000005495722100,peripheral,0.35,79,0.0,"0 входящих связей от 0 отправителей; 0 исходящих связей к 0 получателям; вход 0 KZT, выход 0 KZT. Seed: входящие суммы неполны, pass-through не интерпретируется",0,0,0.0,0.0,0.0002855692942172902,,0,True,False
100000005498992100,distributor,1.0,5,0.35,"0 входящих связей от 0 отправителей; 16 исходящих связей к 16 получателям; вход 0 KZT, выход 2,262,868 KZT. Seed: входящие суммы неполны, pass-through не интерпретируется",0,16,0.0,2262868.0,0.0002855692942172902,,0,True,False
100000005519347100,peripheral,0.35,16,0.4824,"2 входящих связей от 2 отправителей; 1 исходящих связей к 1 получателям; вход 73,100 KZT, выход 99,000 KZT. Seed: входящие суммы неполны, pass-through не интерпретируется",2,1,73100.0,99000.0,0.0005567200012967682,,0,True,False
100000005523088100,terminal,0.6,49,0.43,"1 входящих связей от 1 отправителей; 0 исходящих связей к 0 получателям; вход 700,000 KZT, выход 0 KZT. Seed: входящие суммы неполны, pass-through не интерпретируется",1,0,700000.0,0.0,0.0017206377268585364,,0,True,False
100000005543136100,peripheral,0.35,3,0.1884,"0 входящих связей от 0 отправителей; 1 исходящих связей к 1 получателям; вход 0 KZT, выход 10,000 KZT. Seed: входящие суммы неполны, pass-through не интерпретируется",0,1,0.0,10000.0,0.0002855692942172902,,0,True,False
100000005550592100,peripheral,0.35,80,0.0,"0 входящих связей от 0 отправителей; 0 исходящих связей к 0 получателям; вход 0 KZT, выход 0 KZT. Seed: входящие суммы неполны, pass-through не интерпретируется",0,0,0.0,0.0,0.0002855692942172902,,0,True,False
100000005560900100,peripheral,0.35,81,0.0,"0 входящих связей от 0 отправителей; 0 исходящих связей к 0 получателям; вход 0 KZT, выход 0 KZT. Seed: входящие суммы неполны, pass-through не интерпретируется",0,0,0.0,0.0,0.0002855692942172902,,0,True,False
100000005568407100,peripheral,0.35,82,0.0,"0 входящих связей от 0 отправителей; 0 исходящих связей к 0 получателям; вход 0 KZT, выход 0 KZT. Seed: входящие суммы неполны, pass-through не интерпретируется",0,0,0.0,0.0,0.0002855692942172902,,0,True,False
100000005668605100,terminal,0.7008,49,0.479,"3 входящих связей от 3 отправителей; 0 исходящих связей к 0 получателям; вход 94,500 KZT, выход 0 KZT. Seed: входящие суммы неполны, pass-through не интерпретируется",3,0,94500.0,0.0,0.0008383018688148909,,0,True,False
100000005744674100,peripheral,0.35,49,0.2098,"0 входящих связей от 0 отправителей; 1 исходящих связей к 1 получателям; вход 0 KZT, выход 50,066 KZT. Seed: входящие суммы неполны, pass-through не интерпретируется",0,1,0.0,50066.0,0.0002855692942172902,,0,True,False
100000006232815100,distributor,0.9761,27,0.5689,"1 входящих связей от 1 отправителей; 5 исходящих связей к 5 получателям; вход 160,000 KZT, выход 296,500 KZT. Seed: входящие суммы неполны, pass-through не интерпретируется",1,5,160000.0,296500.0,0.0005566536352336254,,0,True,False
100000006249740100,distributor,0.799,83,0.2838,"0 входящих связей от 0 отправителей; 3 исходящих связей к 3 получателям; вход 0 KZT, выход 93,007 KZT. Seed: входящие суммы неполны, pass-through не интерпретируется",0,3,0.0,93007.0,0.0002855692942172902,,0,True,False
100000006831291100,peripheral,0.35,83,0.1937,"0 входящих связей от 0 отправителей; 1 исходящих связей к 1 получателям; вход 0 KZT, выход 15,000 KZT. Seed: входящие суммы неполны, pass-through не интерпретируется",0,1,0.0,15000.0,0.0002855692942172902,,0,True,False
100000006866783100,distributor,1.0,0,0.9621,"13 входящих связей от 13 отправителей; 67 исходящих связей к 67 получателям; вход 838,812 KZT, выход 3,948,037 KZT. Seed: входящие суммы неполны, pass-through не интерпретируется",13,67,838812.0,3948037.0,0.0008703719471293999,,0,True,False
100000007018630100,peripheral,0.35,37,0.2282,"0 входящих связей от 0 отправителей; 1 исходящих связей к 1 получателям; вход 0 KZT, выход 200,000 KZT. Seed: входящие суммы неполны, pass-through не интерпретируется",0,1,0.0,200000.0,0.0002855692942172902,,0,True,False
100000007747786100,distributor,1.0,2,0.35,"0 входящих связей от 0 отправителей; 31 исходящих связей к 31 получателям; вход 0 KZT, выход 4,238,009 KZT. Seed: входящие суммы неполны, pass-through не интерпретируется",0,31,0.0,4238009.4,0.0002855692942172902,,0,True,False
100000007982728100,distributor,1.0,2,0.35,"0 входящих связей от 0 отправителей; 8 исходящих связей к 8 получателям; вход 0 KZT, выход 1,804,384 KZT. Seed: входящие суммы неполны, pass-through не интерпретируется",0,8,0.0,1804384.0,0.0002855692942172902,,0,True,False
100000008117324100,peripheral,0.35,86,0.0,"0 входящих связей от 0 отправителей; 0 исходящих связей к 0 получателям; вход 0 KZT, выход 0 KZT. Seed: входящие суммы неполны, pass-through не интерпретируется",0,0,0.0,0.0,0.0002855692942172902,,0,True,False
100000008205000100,peripheral,0.35,87,0.0,"0 входящих связей от 0 отправителей; 0 исходящих связей к 0 получателям; вход 0 KZT, выход 0 KZT. Seed: входящие суммы неполны, pass-through не интерпретируется",0,0,0.0,0.0,0.0002855692942172902,,0,True,False
100000008314203100,peripheral,0.35,42,0.5137,"2 входящих связей от 2 отправителей; 2 исходящих связей к 2 получателям; вход 382,076 KZT, выход 327,000 KZT. Seed: входящие суммы неполны, pass-through не интерпретируется",2,2,382076.0,327000.0,0.000502990862402695,,0,True,False
100000008418835100,distributor,0.8979,4,0.802,"1 входящих связей от 1 отправителей; 4 исходящих связей к 4 получателям; вход 1,372,000 KZT, выход 186,179 KZT. Seed: входящие суммы неполны, pass-through не интерпретируется",1,4,1372000.0,186179.0,0.0005285862410602071,,0,True,False
100000008513251100,peripheral,0.35,88,0.0,"0 входящих связей от 0 отправителей; 0 исходящих связей к 0 получателям; вход 0 KZT, выход 0 KZT. Seed: входящие суммы неполны, pass-through не интерпретируется",0,0,0.0,0.0,0.0002855692942172902,,0,True,False
100000008516839100,terminal,0.727,49,0.5475,"3 входящих связей от 3 отправителей; 0 исходящих связей к 0 получателям; вход 155,000 KZT, выход 0 KZT. Seed: входящие суммы неполны, pass-through не интерпретируется",3,0,155000.0,0.0,0.0010695838614429936,,0,True,False
100000008522127100,peripheral,0.35,59,0.2239,"0 входящих связей от 0 отправителей; 1 исходящих связей к 1 получателям; вход 0 KZT, выход 145,000 KZT. Seed: входящие суммы неполны, pass-through не интерпретируется",0,1,0.0,145000.0,0.0002855692942172902,,0,True,False
100000008571433100,peripheral,0.35,58,0.6944,"2 входящих связей от 2 отправителей; 2 исходящих связей к 2 получателям; вход 350,000 KZT, выход 1,434,000 KZT. Seed: входящие суммы неполны, pass-through не интерпретируется",2,2,350000.0,1434000.0,0.0016264807087207852,,0,True,False
100000008575624100,distributor,0.798,71,0.2833,"0 входящих связей от 0 отправителей; 3 исходящих связей к 3 получателям; вход 0 KZT, выход 89,500 KZT. Seed: входящие суммы неполны, pass-through не интерпретируется",0,3,0.0,89500.0,0.0002855692942172902,,0,True,False
100000008601794100,peripheral,0.35,39,0.7018,"2 входящих связей от 2 отправителей; 1 исходящих связей к 1 получателям; вход 494,400 KZT, выход 871,400 KZT. Seed: входящие суммы неполны, pass-through не интерпретируется",2,1,494400.0,871400.0,0.0023677797580180984,,0,True,False
100000008637537100,coordinator,0.6519,42,0.8543,"3 входящих связей от 3 отправителей; 3 исходящих связей к 3 получателям; вход 619,890 KZT, выход 2,351,495 KZT. Seed: входящие суммы неполны, pass-through не интерпретируется",3,3,619890.0,2351495.0,0.000828733153434527,,0,True,False
100000008650785100,peripheral,0.35,16,0.5256,"2 входящих связей от 2 отправителей; 2 исходящих связей к 2 получателям; вход 92,000 KZT, выход 120,120 KZT. Seed: входящие суммы неполны, pass-through не интерпретируется",2,2,92000.0,120120.0,0.0006125210138081797,,0,True,False
100000008654653100,peripheral,0.35,16,0.2108,"0 входящих связей от 0 отправителей; 1 исходящих связей к 1 получателям; вход 0 KZT, выход 54,000 KZT. Seed: входящие суммы неполны, pass-through не интерпретируется",0,1,0.0,54000.0,0.0002855692942172902,,0,True,False
100000008659445100,distributor,0.9339,9,0.7254,"3 входящих связей от 3 отправителей; 4 исходящих связей к 4 получателям; вход 138,490 KZT, выход 875,150 KZT. Seed: входящие суммы неполны, pass-through не интерпретируется",3,4,138490.0,875150.0,0.0024238038911821155,,0,True,False
100000008669037100,peripheral,0.35,89,0.0,"0 входящих связей от 0 отправителей; 0 исходящих связей к 0 получателям; вход 0 KZT, выход 0 KZT. Seed: входящие суммы неполны, pass-through не интерпретируется",0,0,0.0,0.0,0.0002855692942172902,,0,True,False
100000008673001100,terminal,0.492,49,0.1684,"1 входящих связей от 1 отправителей; 0 исходящих связей к 0 получателям; вход 80,000 KZT, выход 0 KZT. Seed: входящие суммы неполны, pass-through не интерпретируется",1,0,80000.0,0.0,0.0004689783107025104,,0,True,False
100000008680731100,distributor,1.0,8,0.35,"0 входящих связей от 0 отправителей; 27 исходящих связей к 27 получателям; вход 0 KZT, выход 1,464,354 KZT. Seed: входящие суммы неполны, pass-through не интерпретируется",0,27,0.0,1464354.0,0.0002855692942172902,,0,True,False
100000008701222100,peripheral,0.35,90,0.0,"0 входящих связей от 0 отправителей; 0 исходящих связей к 0 получателям; вход 0 KZT, выход 0 KZT. Seed: входящие суммы неполны, pass-through не интерпретируется",0,0,0.0,0.0,0.0002855692942172902,,0,True,False
100000008738325100,peripheral,0.35,49,0.3712,"1 входящих связей от 1 отправителей; 1 исходящих связей к 1 получателям; вход 36,550 KZT, выход 54,000 KZT. Seed: входящие суммы неполны, pass-through не интерпретируется",1,1,36550.0,54000.0,0.0005285862410602071,,0,True,False
100000003134937100,terminal,0.3832,16,0.0239,"1 входящих связей от 1 отправителей; 0 исходящих связей к 0 получателям; вход 10,286 KZT, выход 0 KZT",1,0,10286.0,0.0,0.00028667522491586535,0.0,1,False,False
100000005074393100,distributor,0.9978,12,0.9956,"4 входящих связей от 4 отправителей; 6 исходящих связей к 6 получателям; вход 563,026 KZT, выход 685,500 KZT",4,6,563026.0,685500.0,0.0010600834163353916,1.2175281425724567,1,False,False
100000001924185100,consolidator,0.6144,11,0.2343,"2 входящих связей от 2 отправителей; 0 исходящих связей к 0 получателям; вход 151,000 KZT, выход 0 KZT",2,0,151000.0,0.0,0.00031021987602786454,0.0,1,False,False
100000004070318100,distributor,0.9922,0,0.7144,"4 входящих связей от 4 отправителей; 19 исходящих связей к 19 получателям; вход 207,247 KZT, выход 551,860 KZT",4,19,207246.55,551860.0,0.0003141223476175547,2.662818753798314,1,False,False
100000005807278100,terminal,0.3724,55,0.0182,"1 входящих связей от 1 отправителей; 0 исходящих связей к 0 получателям; вход 8,385 KZT, выход 0 KZT",1,0,8385.0,0.0,0.00029295533223776195,0.0,1,False,False
100000003377795100,terminal,0.3628,2,0.0092,"1 входящих связей от 1 отправителей; 0 исходящих связей к 0 получателям; вход 7,000 KZT, выход 0 KZT",1,0,7000.0,0.0,0.0002859706898885458,0.0,1,False,False
100000004330371100,coordinator,1.0,16,0.874,"2 входящих связей от 2 отправителей; 2 исходящих связей к 2 получателям; вход 264,171 KZT, выход 90,681 KZT",2,2,264171.0,90681.0,0.0012542719301566058,0.3432662934235779,1,False,False
100000008165763100,distributor,1.0,3,0.9766,"15 входящих связей от 15 отправителей; 17 исходящих связей к 17 получателям; вход 1,165,815 KZT, выход 1,267,858 KZT",15,17,1165815.0,1267858.0,0.0009102399259160779,1.087529324978663,1,False,False
100000001684867100,terminal,0.4409,16,0.0661,"1 входящих связей от 1 отправителей; 0 исходящих связей к 0 получателям; вход 30,550 KZT, выход 0 KZT",1,0,30550.0,0.0,0.0002888539707525294,0.0,1,False,False
100000003900547100,terminal,0.4274,16,0.0562,"1 входящих связей от 1 отправителей; 0 исходящих связей к 0 получателям; вход 23,700 KZT, выход 0 KZT",1,0,23700.0,0.0,0.00028811747208587187,0.0,1,False,False
100000006656003100,peripheral,0.35,22,0.2372,"1 входящих связей от 1 отправителей; 1 исходящих связей к 1 получателям; вход 20,000 KZT, выход 9,000 KZT",1,1,20000.0,9000.0,0.00028976705994767336,0.45,1,False,False
100000008237827100,terminal,0.4552,3,0.0781,"1 входящих связей от 1 отправителей; 0 исходящих связей к 0 получателям; вход 40,001 KZT, выход 0 KZT",1,0,40001.0,0.0,0.0002935789518042098,0.0,1,False,False
100000003014659100,terminal,0.5584,11,0.1649,"1 входящих связей от 1 отправителей; 0 исходящих связей к 0 получателям; вход 280,000 KZT, выход 0 KZT",1,0,280000.0,0.0,0.0003280369433880586,0.0,1,False,False
100000007939160100,peripheral,0.35,23,0.5498,"1 входящих связей от 1 отправителей; 2 исходящих связей к 2 получателям; вход 795,000 KZT, выход 14,300 KZT",1,2,795000.0,14300.0,0.0006653456234025163,0.017987421383647798,1,False,False
100000007274584100,terminal,0.4525,3,0.076,"1 входящих связей от 1 отправителей; 0 исходящих связей к 0 получателям; вход 38,000 KZT, выход 0 KZT",1,0,38000.0,0.0,0.0002931782787002518,0.0,1,False,False
100000001524952100,terminal,0.5058,0,0.1187,"1 входящих связей от 1 отправителей; 0 исходящих связей к 0 получателям; вход 103,807 KZT, выход 0 KZT",1,0,103807.0,0.0,0.0003050489293103606,0.0,1,False,False
100000003131693100,terminal,0.5707,3,0.1841,"1 входящих связей от 1 отправителей; 0 исходящих связей к 0 получателям; вход 353,277 KZT, выход 0 KZT",1,0,353277.0,0.0,0.00035630822082748,0.0,1,False,False
100000008383405100,terminal,0.4303,21,0.0647,"1 входящих связей от 1 отправителей; 0 исходящих связей к 0 получателям; вход 25,000 KZT, выход 0 KZT",1,0,25000.0,0.0,0.0003060252661737647,0.0,1,False,False
100000008736173100,terminal,0.4418,22,0.0679,"1 входящих связей от 1 отправителей; 0 исходящих связей к 0 получателям; вход 31,060 KZT, выход 0 KZT",1,0,31060.0,0.0,0.00029208842439657525,0.0,1,False,False
100000002861485100,terminal,0.4387,16,0.0645,"1 входящих связей от 1 отправителей; 0 исходящих связей к 0 получателям; вход 29,323 KZT, выход 0 KZT",1,0,29323.0,0.0,0.00028872204610085224,0.0,1,False,False
100000008745474100,terminal,0.4559,22,0.0788,"1 входящих связей от 1 отправителей; 0 исходящих связей к 0 получателям; вход 40,559 KZT, выход 0 KZT",1,0,40559.0,0.0,0.00029408215323022076,0.0,1,False,False
100000008691330100,terminal,0.4221,22,0.053,"1 входящих связей от 1 отправителей; 0 исходящих связей к 0 получателям; вход 21,440 KZT, выход 0 KZT",1,0,21440.0,0.0,0.00029006929908026094,0.0,1,False,False
100000007639767100,distributor,1.0,0,0.5618,"4 входящих связей от 4 отправителей; 10 исходящих связей к 10 получателям; вход 90,913 KZT, выход 822,244 KZT",4,10,90913.0,822244.0,0.0003014400392272213,9.044295095310902,1,False,False
100000002921047100,consolidator,0.6571,2,0.4626,"2 входящих связей от 2 отправителей; 1 исходящих связей к 1 получателям; вход 338,000 KZT, выход 163,000 KZT",2,1,338000.0,163000.02,0.00031704809387447764,0.48224857988165676,1,False,False
100000004783447100,terminal,0.4328,22,0.0611,"1 входящих связей от 1 отправителей; 0 исходящих связей к 0 получателям; вход 26,200 KZT, выход 0 KZT",1,0,26200.0,0.0,0.00029106836732409216,0.0,1,False,False
100000008696919100,terminal,0.4433,22,0.0691,"1 входящих связей от 1 отправителей; 0 исходящих связей к 0 получателям; вход 31,945 KZT, выход 0 KZT",1,0,31945.0,0.0,0.0002922741755301447,0.0,1,False,False
100000008736940100,peripheral,0.35,9,0.7508,"3 входящих связей от 3 отправителей; 3 исходящих связей к 3 получателям; вход 451,090 KZT, выход 182,100 KZT",3,3,451090.0,182100.0,0.0024141567490764573,0.40368884258130305,1,False,False
100000005940652100,terminal,0.3724,42,0.0165,"1 входящих связей от 1 отправителей; 0 исходящих связей к 0 получателям; вход 8,395 KZT, выход 0 KZT",1,0,8395.0,0.0,0.00028808836221548334,0.0,1,False,False
100000004180097100,coordinator,0.9398,0,0.853,"3 входящих связей от 3 отправителей; 3 исходящих связей к 3 получателям; вход 104,854 KZT, выход 47,800 KZT",3,3,104854.0,47800.0,0.0008565318930578556,0.4558719743643542,1,False,False
100000005539201100,coordinator,0.2066,16,0.3518,"1 входящих связей от 1 отправителей; 1 исходящих связей к 1 получателям; вход 45,504 KZT, выход 25,000 KZT",1,1,45504.0,25000.0,0.000290461795724967,0.5494022503516175,1,False,False
100000005620225100,consolidator,0.5556,0,0.1869,"2 входящих связей от 2 отправителей; 0 исходящих связей к 0 получателям; вход 49,846 KZT, выход 0 KZT",2,0,49845.66,0.0,0.0002962362431450003,0.0,1,False,False
100000004388353100,consolidator,0.568,11,0.212,"2 входящих связей от 2 отправителей; 0 исходящих связей к 0 получателям; вход 62,960 KZT, выход 0 KZT",2,0,62960.0,0.0,0.000340759074079163,0.0,1,False,False
100000007442518100,distributor,1.0,33,0.8744,"5 входящих связей от 5 отправителей; 9 исходящих связей к 9 получателям; вход 510,000 KZT, выход 4,419,999 KZT",5,9,510000.0,4419999.0,0.000648773224650621,8.666664705882352,1,False,False
100000000267734100,distributor,0.9748,2,0.567,"2 входящих связей от 2 отправителей; 7 исходящих связей к 7 получателям; вход 180,000 KZT, выход 282,000 KZT",2,7,180000.0,282000.0,0.0005373190777888414,1.5666666666666667,1,False,False
100000001987030100,consolidator,0.5302,4,0.3922,"2 входящих связей от 2 отправителей; 1 исходящих связей к 1 получателям; вход 30,864 KZT, выход 19,000 KZT",2,1,30864.0,19000.0,0.0002938727535543698,0.6156039398652151,1,False,False
100000002603478100,terminal,0.427,8,0.0563,"1 входящих связей от 1 отправителей; 0 исходящих связей к 0 получателям; вход 23,500 KZT, выход 0 KZT",1,0,23500.0,0.0,0.00028946923798144053,0.0,1,False,False
100000001380054100,distributor,0.834,27,0.5823,"2 входящих связей от 2 отправителей; 3 исходящих связей к 3 получателям; вход 127,050 KZT, выход 360,000 KZT",2,3,127050.0,360000.0,0.0007164305424822346,2.833530106257379,1,False,False
100000002992171100,terminal,0.4019,22,0.0379,"1 входящих связей от 1 отправителей; 0 исходящих связей к 0 получателям; вход 14,627 KZT, выход 0 KZT",1,0,14627.0,0.0,0.0002886393301842059,0.0,1,False,False
100000002781227100,distributor,0.8204,59,0.8977,"2 входящих связей от 2 отправителей; 3 исходящих связей к 3 получателям; вход 191,168 KZT, выход 212,420 KZT",2,3,191167.62,212420.0,0.0023265921896669477,1.1111714421092862,1,False,False
100000008745643100,terminal,0.4193,22,0.0509,"1 входящих связей от 1 отправителей; 0 исходящих связей к 0 получателям; вход 20,313 KZT, выход 0 KZT",1,0,20313.0,0.0,0.0002898327549813539,0.0,1,False,False
100000002836736100,consolidator,0.6788,2,0.3322,"2 входящих связей от 2 отправителей; 0 исходящих связей к 0 получателям; вход 509,000 KZT, выход 0 KZT",2,0,509000.0,0.0,0.0004517900546889046,0.0,1,False,False
100000004188160100,distributor,0.9555,16,0.5298,"2 входящих связей от 2 отправителей; 5 исходящих связей к 5 получателям; вход 87,862 KZT, выход 133,846 KZT",2,5,87862.0,133846.0,0.0002968274021349173,1.5233661878855478,1,False,False
100000004841728100,terminal,0.4693,22,0.0894,"1 входящих связей от 1 отправителей; 0 исходящих связей к 0 получателям; вход 52,208 KZT, выход 0 KZT",1,0,52208.0,0.0,0.00029652714187988245,0.0,1,False,False
100000001554432100,terminal,0.471,3,0.0905,"1 входящих связей от 1 отправителей; 0 исходящих связей к 0 получателям; вход 53,920 KZT, выход 0 KZT",1,0,53920.0,0.0,0.00029636604272574514,0.0,1,False,False
100000008768896100,terminal,0.4638,22,0.085,"1 входящих связей от 1 отправителей; 0 исходящих связей к 0 получателям; вход 47,060 KZT, выход 0 KZT",1,0,47060.0,0.0,0.0002954466369808818,0.0,1,False,False
100000008232832100,peripheral,0.35,42,0.4557,"1 входящих связей от 1 отправителей; 1 исходящих связей к 1 получателям; вход 337,000 KZT, выход 138,000 KZT",1,1,337000.0,138000.0,0.0004942271899045263,0.4094955489614243,1,False,False
100000002864256100,terminal,0.52,3,0.1318,"1 входящих связей от 1 отправителей; 0 исходящих связей к 0 получателям; вход 135,780 KZT, выход 0 KZT",1,0,135780.0,0.0,0.00031275739719351445,0.0,1,False,False
100000001929088100,consolidator,0.6655,2,0.2738,"2 входящих связей от 2 отправителей; 0 исходящих связей к 0 получателям; вход 396,010 KZT, выход 0 KZT",2,0,396010.0,0.0,0.0003175873990634118,0.0,1,False,False
100000002794197100,terminal,0.4401,2,0.065,"1 входящих связей от 1 отправителей; 0 исходящих связей к 0 получателям; вход 30,100 KZT, выход 0 KZT",1,0,30100.0,0.0,0.00028729529560368917,0.0,1,False,False
100000005669845100,terminal,0.4184,27,0.0604,"1 входящих связей от 1 отправителей; 0 исходящих связей к 0 получателям; вход 20,000 KZT, выход 0 KZT",1,0,20000.0,0.0,0.00031753584489255785,0.0,1,False,False
100000002211413100,terminal,0.4511,22,0.0751,"1 входящих связей от 1 отправителей; 0 исходящих связей к 0 получателям; вход 37,000 KZT, выход 0 KZT",1,0,37000.0,0.0,0.00029333516081849907,0.0,1,False,False
100000002784085100,terminal,0.5405,5,0.1445,"1 входящих связей от 1 отправителей; 0 исходящих связей к 0 получателям; вход 200,000 KZT, выход 0 KZT",1,0,200000.0,0.0,0.0003070479617173757,0.0,1,False,False
100000008782421100,terminal,0.4667,22,0.0873,"1 входящих связей от 1 отправителей; 0 исходящих связей к 0 получателям; вход 49,680 KZT, выход 0 KZT",1,0,49680.0,0.0,0.00029599654429156205,0.0,1,False,False
100000003739818100,terminal,0.4743,3,0.0931,"1 входящих связей от 1 отправителей; 0 исходящих связей к 0 получателям; вход 57,293 KZT, выход 0 KZT",1,0,57293.0,0.0,0.00029704144021682486,0.0,1,False,False
100000002214570100,terminal,0.4333,22,0.0615,"1 входящих связей от 1 отправителей; 0 исходящих связей к 0 получателям; вход 26,471 KZT, выход 0 KZT",1,0,26471.0,0.0,0.00029112524704973884,0.0,1,False,False
100000006443391100,peripheral,0.35,5,0.6737,"3 входящих связей от 3 отправителей; 2 исходящих связей к 2 получателям; вход 86,776 KZT, выход 60,042 KZT",3,2,86775.93,60041.71000000001,0.0024195077535015346,0.6919166409394865,1,False,False
100000005473151100,distributor,0.9028,18,0.7999,"3 входящих связей от 3 отправителей; 4 исходящих связей к 4 получателям; вход 1,220,000 KZT, выход 225,000 KZT",3,4,1220000.0,225000.0,0.0004682674337196505,0.18442622950819673,1,False,False
100000005124479100,coordinator,0.238,0,0.4439,"2 входящих связей от 2 отправителей; 2 исходящих связей к 2 получателям; вход 137,753 KZT, выход 22,000 KZT",2,2,137753.0,22000.0,0.00030323005398091857,0.15970614070110994,1,False,False
100000005527892100,distributor,0.9922,35,0.716,"3 входящих связей от 3 отправителей; 8 исходящих связей к 8 получателям; вход 220,001 KZT, выход 552,419 KZT",3,8,220001.0,552419.0,0.00031243167214621,2.510984040981632,1,False,False
100000008028628100,terminal,0.4742,22,0.0932,"1 входящих связей от 1 отправителей; 0 исходящих связей к 0 получателям; вход 57,224 KZT, выход 0 KZT",1,0,57224.0,0.0,0.0002975799415250626,0.0,1,False,False
100000001953577100,terminal,0.4053,22,0.0405,"1 входящих связей от 1 отправителей; 0 исходящих связей к 0 получателям; вход 15,600 KZT, выход 0 KZT",1,0,15600.0,0.0,0.0002888435514869891,0.0,1,False,False
100000008193577100,distributor,0.9886,9,0.7227,"2 входящих связей от 2 отправителей; 5 исходящих связей к 5 получателям; вход 154,300 KZT, выход 480,180 KZT",2,5,154300.0,480180.0,0.0012389478209868744,3.1119896305897603,1,False,False
100000008753193100,terminal,0.4485,22,0.073,"1 входящих связей от 1 отправителей; 0 исходящих связей к 0 получателям; вход 35,225 KZT, выход 0 KZT",1,0,35225.0,0.0,0.00029296260910992755,0.0,1,False,False
100000008746025100,terminal,0.4235,22,0.0541,"1 входящих связей от 1 отправителей; 0 исходящих связей к 0 получателям; вход 22,000 KZT, выход 0 KZT",1,0,22000.0,0.0,0.0002901868365207117,0.0,1,False,False
100000002934441100,consolidator,0.5662,0,0.1968,"2 входящих связей от 2 отправителей; 0 исходящих связей к 0 получателям; вход 60,846 KZT, выход 0 KZT",2,0,60845.6,0.0,0.00030248130107500483,0.0,1,False,False
100000003701161100,coordinator,1.0,29,0.9899,"4 входящих связей от 4 отправителей; 3 исходящих связей к 3 получателям; вход 1,527,103 KZT, выход 349,000 KZT",4,3,1527103.0,349000.0,0.0016488161626324771,0.22853730232996727,1,False,False
100000006707582100,distributor,1.0,11,0.7366,"2 входящих связей от 2 отправителей; 14 исходящих связей к 14 получателям; вход 39,520 KZT, выход 961,138 KZT",2,14,39520.0,961138.0,0.0005380556485142938,24.320293522267207,1,False,False
100000003239379100,terminal,0.4997,8,0.1128,"1 входящих связей от 1 отправителей; 0 исходящих связей к 0 получателям; вход 92,500 KZT, выход 0 KZT",1,0,92500.0,0.0,0.00030092013669320096,0.0,1,False,False
100000000979923100,terminal,0.5027,11,0.1148,"1 входящих связей от 1 отправителей; 0 исходящих связей к 0 получателям; вход 97,900 KZT, выход 0 KZT",1,0,97900.0,0.0,0.00030041780440949814,0.0,1,False,False
100000001111763100,terminal,0.4103,22,0.0442,"1 входящих связей от 1 отправителей; 0 исходящих связей к 0 получателям; вход 17,144 KZT, выход 0 KZT",1,0,17144.0,0.0,0.0002891676190013747,0.0,1,False,False
100000003865939100,terminal,0.4929,68,0.1907,"1 входящих связей от 1 отправителей; 0 исходящих связей к 0 получателям; вход 81,465 KZT, выход 0 KZT",1,0,81465.0,0.0,0.0005285862410602071,0.0,1,False,False
100000002858835100,terminal,0.429,22,0.0582,"1 входящих связей от 1 отправителей; 0 исходящих связей к 0 получателям; вход 24,400 KZT, выход 0 KZT",1,0,24400.0,0.0,0.0002906905684083577,0.0,1,False,False
100000003404627100,consolidator,1.0,42,0.6,"4 входящих связей от 4 отправителей; 0 исходящих связей к 0 получателям; вход 877,700 KZT, выход 0 KZT",4,0,877700.0,0.0,0.001378577712565679,0.0,1,False,False
100000008691027100,terminal,0.4115,22,0.0451,"1 входящих связей от 1 отправителей; 0 исходящих связей к 0 получателям; вход 17,534 KZT, выход 0 KZT",1,0,17534.0,0.0,0.00028924947543311713,0.0,1,False,False
100000004071080100,peripheral,0.35,0,0.7702,"9 входящих связей от 9 отправителей; 2 исходящих связей к 2 получателям; вход 238,600 KZT, выход 46,500 KZT",9,2,238600.0,46500.0,0.0013690045738923406,0.19488683989941324,1,False,False
100000002864680100,terminal,0.473,8,0.0914,"1 входящих связей от 1 отправителей; 0 исходящих связей к 0 получателям; вход 55,932 KZT, выход 0 KZT",1,0,55932.0,0.0,0.0002948514922860755,0.0,1,False,False
100000001330685100,consolidator,1.0,10,0.5897,"3 входящих связей от 3 отправителей; 1 исходящих связей к 1 получателям; вход 2,435,923 KZT, выход 100,500 KZT",3,1,2435923.0,100500.0,0.00043821602588479746,0.04125746175063826,1,False,False
100000008745725100,terminal,0.4638,22,0.085,"1 входящих связей от 1 отправителей; 0 исходящих связей к 0 получателям; вход 47,060 KZT, выход 0 KZT",1,0,47060.0,0.0,0.0002954466369808818,0.0,1,False,False
100000002621949100,terminal,0.5302,3,0.1412,"1 входящих связей от 1 отправителей; 0 исходящих связей к 0 получателям; вход 164,612 KZT, выход 0 KZT",1,0,164612.0,0.0,0.00031853061405174465,0.0,1,False,False
100000007908818100,distributor,0.9766,3,0.8064,"4 входящих связей от 4 отправителей; 6 исходящих связей к 6 получателям; вход 727,475 KZT, выход 302,000 KZT",4,6,727475.0,302000.0,0.00047538119204737516,0.4151345407058662,1,False,False
100000008691495100,terminal,0.4344,22,0.0623,"1 входящих связей от 1 отправителей; 0 исходящих связей к 0 получателям; вход 27,000 KZT, выход 0 KZT",1,0,27000.0,0.0,0.0002912362779533075,0.0,1,False,False
100000003832231100,terminal,0.4481,3,0.0727,"1 входящих связей от 1 отправителей; 0 исходящих связей к 0 получателям; вход 35,000 KZT, выход 0 KZT",1,0,35000.0,0.0,0.00029257756939896534,0.0,1,False,False
100000002371751100,peripheral,0.35,37,0.4565,"1 входящих связей от 1 отправителей; 1 исходящих связей к 1 получателям; вход 200,000 KZT, выход 250,000 KZT",1,1,200000.0,250000.0,0.0005285862410602071,1.25,1,False,False
100000002894076100,consolidator,1.0,2,0.3848,"4 входящих связей от 4 отправителей; 0 исходящих связей к 0 получателям; вход 1,122,782 KZT, выход 0 KZT",4,0,1122782.0,0.0,0.00038267994337591447,0.0,1,False,False
100000001362940100,terminal,0.4926,3,0.108,"1 входящих связей от 1 отправителей; 0 исходящих связей к 0 получателям; вход 81,000 KZT, выход 0 KZT",1,0,81000.0,0.0,0.0003017884453520241,0.0,1,False,False
100000008741372100,terminal,0.4496,22,0.0739,"1 входящих связей от 1 отправителей; 0 исходящих связей к 0 получателям; вход 35,975 KZT, выход 0 KZT",1,0,35975.0,0.0,0.00029312002532481696,0.0,1,False,False
100000002618492100,consolidator,0.6501,11,0.2815,"2 входящих связей от 2 отправителей; 0 исходящих связей к 0 получателям; вход 296,500 KZT, выход 0 KZT",2,0,296500.0,0.0,0.00036902681066638786,0.0,1,False,False
100000002750332100,terminal,0.3885,5,0.0277,"1 входящих связей от 1 отправителей; 0 исходящих связей к 0 получателям; вход 11,360 KZT, выход 0 KZT",1,0,11360.0,0.0,0.00028678928253129504,0.0,1,False,False
100000004948177100,consolidator,0.982,16,0.3862,"3 входящих связей от 3 отправителей; 0 исходящих связей к 0 получателям; вход 437,163 KZT, выход 0 KZT",3,0,437163.0,0.0,0.0004221580715489715,0.0,1,False,False
100000002511825100,terminal,0.4809,0,0.0982,"1 входящих связей от 1 отправителей; 0 исходящих связей к 0 получателям; вход 65,000 KZT, выход 0 KZT",1,0,65000.0,0.0,0.0002977667017240053,0.0,1,False,False
100000008566737100,consolidator,0.6367,0,0.2647,"2 входящих связей от 2 отправителей; 0 исходящих связей к 0 получателям; вход 230,000 KZT, выход 0 KZT",2,0,230000.0,0.0,0.00034946381190953304,0.0,1,False,False
100000008661585100,terminal,0.4592,22,0.0814,"1 входящих связей от 1 отправителей; 0 исходящих связей к 0 получателям; вход 43,141 KZT, выход 0 KZT",1,0,43141.0,0.0,0.0002946240847860133,0.0,1,False,False
100000004759121100,coordinator,0.7224,0,0.8944,"6 входящих связей от 6 отправителей; 2 исходящих связей к 2 получателям; вход 710,000 KZT, выход 312,000 KZT",6,2,710000.0,312000.0,0.0014151796822407304,0.4394366197183099,1,False,False
100000004360785100,terminal,0.5009,16,0.1118,"1 входящих связей от 1 отправителей; 0 исходящих связей к 0 получателям; вход 94,705 KZT, выход 0 KZT",1,0,94705.0,0.0,0.0002957517914765318,0.0,1,False,False
100000005092518100,terminal,0.4327,22,0.061,"1 входящих связей от 1 отправителей; 0 исходящих связей к 0 получателям; вход 26,144 KZT, выход 0 KZT",1,0,26144.0,0.0,0.0002910566135800471,0.0,1,False,False
100000008737958100,consolidator,0.5592,22,0.1908,"2 входящих связей от 2 отправителей; 0 исходящих связей к 0 получателям; вход 53,373 KZT, выход 0 KZT",2,0,53373.0,0.0,0.0002996261402634527,0.0,1,False,False
100000003044518100,terminal,0.4472,2,0.0702,"1 входящих связей от 1 отправителей; 0 исходящих связей к 0 получателям; вход 34,423 KZT, выход 0 KZT",1,0,34423.0,0.0,0.00028754318610180884,0.0,1,False,False
100000004159526100,coordinator,0.7611,40,0.8333,"4 входящих связей от 4 отправителей; 4 исходящих связей к 4 получателям; вход 275,037 KZT, выход 68,000 KZT",4,4,275037.0,68000.0,0.0008532026216190913,0.24723946232688693,1,False,False
100000007544358100,consolidator,0.6546,16,0.4763,"2 входящих связей от 2 отправителей; 1 исходящих связей к 1 получателям; вход 322,500 KZT, выход 350,000 KZT",2,1,322500.0,350000.0,0.000340571674274265,1.0852713178294573,1,False,False
100000005901606100,terminal,0.4491,22,0.0735,"1 входящих связей от 1 отправителей; 0 исходящих связей к 0 получателям; вход 35,660 KZT, выход 0 KZT",1,0,35660.0,0.0,0.0002930539105145634,0.0,1,False,False
100000006658598100,terminal,0.3761,16,0.0188,"1 входящих связей от 1 отправителей; 0 исходящих связей к 0 получателям; вход 9,000 KZT, выход 0 KZT",1,0,9000.0,0.0,0.00028653695669903005,0.0,1,False,False
100000002793851100,terminal,0.387,16,0.0266,"1 входящих связей от 1 отправителей; 0 исходящих связей к 0 получателям; вход 11,052 KZT, выход 0 KZT",1,0,11052.0,0.0,0.0002867575837448668,0.0,1,False,False
100000005612411100,distributor,0.99,3,0.6957,"3 входящих связей от 3 отправителей; 8 исходящих связей к 8 получателям; вход 115,500 KZT, выход 506,997 KZT",3,8,115500.0,506997.0,0.0003272060826887592,4.389584415584416,1,False,False
100000007511163100,distributor,0.7957,16,0.4492,"2 входящих связей от 2 отправителей; 3 исходящих связей к 3 получателям; вход 63,666 KZT, выход 82,052 KZT",2,3,63666.0,82052.0,0.00033959732516021664,1.2887883642760658,1,False,False
100000002648315100,peripheral,0.35,2,0.378,"1 входящих связей от 1 отправителей; 2 исходящих связей к 2 получателям; вход 132,000 KZT, выход 76,000 KZT",1,2,132000.0,76000.0,0.00029313846973239526,0.5757575757575758,1,False,False
100000004739664100,transit,0.9088,22,0.2208,"1 входящих связей от 1 отправителей; 1 исходящих связей к 1 получателям; вход 12,000 KZT, выход 10,000 KZT",1,1,12000.0,10000.0,0.0002880879536555201,0.8333333333333334,1,False,False
100000003713616100,terminal,0.4063,16,0.0406,"1 входящих связей от 1 отправителей; 0 исходящих связей к 0 получателям; вход 15,893 KZT, выход 0 KZT",1,0,15893.0,0.0,0.0002872780786419893,0.0,1,False,False
100000003476560100,terminal,0.467,3,0.0874,"1 входящих связей от 1 отправителей; 0 исходящих связей к 0 получателям; вход 50,000 KZT, выход 0 KZT",1,0,50000.0,0.0,0.0002955811159053975,0.0,1,False,False
100000008782800100,terminal,0.4595,22,0.0816,"1 входящих связей от 1 отправителей; 0 исходящих связей к 0 получателям; вход 43,381 KZT, выход 0 KZT",1,0,43381.0,0.0,0.0002946744579747778,0.0,1,False,False
100000004218576100,terminal,0.4327,22,0.061,"1 входящих связей от 1 отправителей; 0 исходящих связей к 0 получателям; вход 26,144 KZT, выход 0 KZT",1,0,26144.0,0.0,0.0002910566135800471,0.0,1,False,False
100000003299365100,transit,1.0,3,0.3794,"1 входящих связей от 1 отправителей; 1 исходящих связей к 1 получателям; вход 200,000 KZT, выход 200,000 KZT",1,1,200000.0,200000.0,0.00032561658096971947,1.0,1,False,False
100000008730021100,terminal,0.4889,4,0.1659,"1 входящих связей от 1 отправителей; 0 исходящих связей к 0 получателям; вход 75,555 KZT, выход 0 KZT",1,0,75555.0,0.0,0.00046813825917664087,0.0,1,False,False
100000002757797100,terminal,0.5038,8,0.1162,"1 входящих связей от 1 отправителей; 0 исходящих связей к 0 получателям; вход 100,000 KZT, выход 0 KZT",1,0,100000.0,0.0,0.0003021647995966532,0.0,1,False,False
100000002845605100,terminal,0.4745,0,0.093,"1 входящих связей от 1 отправителей; 0 исходящих связей к 0 получателям; вход 57,567 KZT, выход 0 KZT",1,0,57567.0,0.0,0.0002963718812625067,0.0,1,False,False
100000000817146100,terminal,0.4849,16,0.2071,"1 входящих связей от 1 отправителей; 0 исходящих связей к 0 получателям; вход 70,020 KZT, выход 0 KZT",1,0,70020.0,0.0,0.0005894684786410244,0.0,1,False,False
100000002957306100,consolidator,0.6658,11,0.2877,"2 входящих связей от 2 отправителей; 0 исходящих связей к 0 получателям; вход 398,490 KZT, выход 0 KZT",2,0,398490.0,0.0,0.0003551868796242696,0.0,1,False,False
100000008188026100,distributor,0.9133,4,0.6518,"2 входящих связей от 2 отправителей; 4 исходящих связей к 4 получателям; вход 86,468 KZT, выход 337,983 KZT",2,4,86468.0,337983.17,0.0002993035967853822,3.9087659018365173,1,False,False
100000004790991100,terminal,0.5501,16,0.1529,"1 входящих связей от 1 отправителей; 0 исходящих связей к 0 получателям; вход 239,413 KZT, выход 0 KZT",1,0,239413.0,0.0,0.00031131051396626665,0.0,1,False,False
100000002973903100,consolidator,0.8999,8,0.2888,"3 входящих связей от 3 отправителей; 0 исходящих связей к 0 получателям; вход 92,880 KZT, выход 0 KZT",3,0,92880.0,0.0,0.00031686903979445224,0.0,1,False,False
100000004325327100,consolidator,0.5742,0,0.4115,"2 входящих связей от 2 отправителей; 1 исходящих связей к 1 получателям; вход 70,817 KZT, выход 70,000 KZT",2,1,70817.0,70000.0,0.000295792319681355,0.988463222107686,1,False,False
100000001477796100,terminal,0.5355,3,0.1495,"1 входящих связей от 1 отправителей; 0 исходящих связей к 0 получателям; вход 182,000 KZT, выход 0 KZT",1,0,182000.0,0.0,0.0003306619019813834,0.0,1,False,False
100000007536804100,peripheral,0.35,2,0.3631,"1 входящих связей от 1 отправителей; 2 исходящих связей к 2 получателям; вход 100,000 KZT, выход 55,000 KZT",1,2,100000.0,55000.0,0.0002913035180923698,0.55,1,False,False
100000008665380100,consolidator,0.5729,0,0.3594,"2 входящих связей от 2 отправителей; 1 исходящих связей к 1 получателям; вход 69,100 KZT, выход 18,200 KZT",2,1,69100.0,18200.0,0.00029077432850192623,0.2633863965267728,1,False,False
100000001870116100,terminal,0.4281,22,0.0575,"1 входящих связей от 1 отправителей; 0 исходящих связей к 0 получателям; вход 24,000 KZT, выход 0 KZT",1,0,24000.0,0.0,0.00029060661309375003,0.0,1,False,False
100000001074553100,consolidator,0.5268,5,0.1638,"2 входящих связей от 2 отправителей; 0 исходящих связей к 0 получателям; вход 28,971 KZT, выход 0 KZT",2,0,28971.0,0.0,0.0002894987523363474,0.0,1,False,False
100000000978041100,terminal,0.4608,22,0.0826,"1 входящих связей от 1 отправителей; 0 исходящих связей к 0 получателям; вход 44,445 KZT, выход 0 KZT",1,0,44445.0,0.0,0.0002948977791116342,0.0,1,False,False
100000002603769100,consolidator,1.0,0,0.4425,"3 входящих связей от 3 отправителей; 0 исходящих связей к 0 получателям; вход 1,185,368 KZT, выход 0 KZT",3,0,1185368.0,0.0,0.0005415388680707092,0.0,1,False,False
100000005034574100,terminal,0.5542,73,0.1972,"1 входящих связей от 1 отправителей; 0 исходящих связей к 0 получателям; вход 258,816 KZT, выход 0 KZT",1,0,258816.0,0.0,0.00042508668959388804,0.0,1,False,False
100000002958286100,terminal,0.5538,5,0.1563,"1 входящих связей от 1 отправителей; 0 исходящих связей к 0 получателям; вход 257,000 KZT, выход 0 KZT",1,0,257000.0,0.0,0.00031316938195489997,0.0,1,False,False
100000005634552100,distributor,0.8529,0,0.422,"1 входящих связей от 1 отправителей; 3 исходящих связей к 3 получателям; вход 25,850 KZT, выход 1,196,000 KZT",1,3,25850.0,1196000.0,0.0002883486359009542,46.2669245647969,1,False,False
100000008736760100,terminal,0.4719,22,0.0914,"1 входящих связей от 1 отправителей; 0 исходящих связей к 0 получателям; вход 54,757 KZT, выход 0 KZT",1,0,54757.0,0.0,0.0002970621471222198,0.0,1,False,False
100000008701944100,terminal,0.4692,4,0.1311,"1 входящих связей от 1 отправителей; 0 исходящих связей к 0 получателям; вход 52,124 KZT, выход 0 KZT",1,0,52124.0,0.0,0.00041152025351238905,0.0,1,False,False
100000008748408100,distributor,1.0,2,0.5387,"1 входящих связей от 1 отправителей; 21 исходящих связей к 21 получателям; вход 360,000 KZT, выход 1,499,960 KZT",1,21,360000.0,1499960.0,0.0003340545949423299,4.166555555555555,1,False,False
100000008486520100,peripheral,0.35,16,0.2965,"1 входящих связей от 1 отправителей; 1 исходящих связей к 1 получателям; вход 35,720 KZT, выход 14,000 KZT",1,1,35720.0,14000.0,0.00028940983908926223,0.3919372900335946,1,False,False
100000003163256100,transit,0.9468,16,0.2594,"1 входящих связей от 1 отправителей; 1 исходящих связей к 1 получателям; вход 13,485 KZT, выход 15,000 KZT",1,1,13485.0,15000.0,0.0002870191751690971,1.1123470522803114,1,False,False
100000003102157100,terminal,0.502,0,0.1155,"1 входящих связей от 1 отправителей; 0 исходящих связей к 0 получателям; вход 96,746 KZT, выход 0 KZT",1,0,96746.0,0.0,0.000303723915550285,0.0,1,False,False
100000004741837100,terminal,0.4315,16,0.0592,"1 входящих связей от 1 отправителей; 0 исходящих связей к 0 получателям; вход 25,596 KZT, выход 0 KZT",1,0,25596.0,0.0,0.0002883213263153584,0.0,1,False,False
100000008443341100,distributor,0.7829,8,0.7045,"2 входящих связей от 2 отправителей; 3 исходящих связей к 3 получателям; вход 34,500 KZT, выход 50,000 KZT",2,3,34500.0,50000.0,0.0006689699930486642,1.4492753623188406,1,False,False
100000004792397100,terminal,0.4875,22,0.1041,"1 входящих связей от 1 отправителей; 0 исходящих связей к 0 получателям; вход 73,520 KZT, выход 0 KZT",1,0,73520.0,0.0,0.0003010002810421788,0.0,1,False,False
100000003809101100,coordinator,0.6881,11,0.6269,"2 входящих связей от 2 отправителей; 2 исходящих связей к 2 получателям; вход 166,050 KZT, выход 55,200 KZT",2,2,166050.0,55200.0,0.0003619470775424321,0.3324299909665763,1,False,False
100000002838861100,consolidator,0.9946,5,0.7505,"5 входящих связей от 5 отправителей; 1 исходящих связей к 1 получателям; вход 554,524 KZT, выход 10,000 KZT",5,1,554523.95,10000.0,0.0021199186472606823,0.018033486200190272,1,False,False
100000008560717100,consolidator,0.9921,10,0.5265,"7 входящих связей от 7 отправителей; 1 исходящих связей к 1 получателям; вход 529,000 KZT, выход 25,000 KZT",7,1,529000.0,25000.0,0.000330834156555212,0.04725897920604915,1,False,False
100000008693069100,terminal,0.4184,22,0.0503,"1 входящих связей от 1 отправителей; 0 исходящих связей к 0 получателям; вход 20,000 KZT, выход 0 KZT",1,0,20000.0,0.0,0.00028976705994767336,0.0,1,False,False
100000008672162100,terminal,0.4051,22,0.0403,"1 входящих связей от 1 отправителей; 0 исходящих связей к 0 получателям; вход 15,550 KZT, выход 0 KZT",1,0,15550.0,0.0,0.0002888330570726631,0.0,1,False,False
100000007311010100,consolidator,0.5692,3,0.3726,"2 входящих связей от 2 отправителей; 1 исходящих связей к 1 получателям; вход 64,480 KZT, выход 20,000 KZT",2,1,64480.0,20000.0,0.0003093598362490267,0.31017369727047145,1,False,False
100000005505655100,consolidator,0.5338,13,0.5323,"2 входящих связей от 2 отправителей; 1 исходящих связей к 1 получателям; вход 33,070 KZT, выход 20,000 KZT",2,1,33070.0,20000.0,0.0003215080211255211,0.6047777441790142,1,False,False
100000004707703100,distributor,0.9697,16,0.8252,"2 входящих связей от 2 отправителей; 5 исходящих связей к 5 получателям; вход 239,300 KZT, выход 231,650 KZT",2,5,239300.0,231650.0,0.0006355624384346332,0.9680317592979524,1,False,False
100000004005964100,peripheral,0.35,34,0.4715,"3 входящих связей от 3 отправителей; 3 исходящих связей к 3 получателям; вход 97,900 KZT, выход 72,000 KZT",3,3,97900.0,72000.0,0.00040452469148817116,0.7354443309499489,1,False,False
100000008244300100,consolidator,0.8813,10,0.3345,"5 входящих связей от 5 отправителей; 0 исходящих связей к 0 получателям; вход 65,430 KZT, выход 0 KZT",5,0,65430.0,0.0,0.00047936591472866487,0.0,1,False,False
100000002692044100,terminal,0.5022,8,0.1149,"1 входящих связей от 1 отправителей; 0 исходящих связей к 0 получателям; вход 97,000 KZT, выход 0 KZT",1,0,97000.0,0.0,0.00030166693443527224,0.0,1,False,False
100000001103905100,terminal,0.4129,22,0.0461,"1 входящих связей от 1 отправителей; 0 исходящих связей к 0 получателям; вход 18,000 KZT, выход 0 KZT",1,0,18000.0,0.0,0.00028934728337463503,0.0,1,False,False
100000008755361100,terminal,0.4019,22,0.0379,"1 входящих связей от 1 отправителей; 0 исходящих связей к 0 получателям; вход 14,627 KZT, выход 0 KZT",1,0,14627.0,0.0,0.0002886393301842059,0.0,1,False,False
100000002810870100,terminal,0.4461,22,0.0712,"1 входящих связей от 1 отправителей; 0 исходящих связей к 0 получателям; вход 33,677 KZT, выход 0 KZT",1,0,33677.0,0.0,0.00029263770204239595,0.0,1,False,False
100000005897462100,terminal,0.5029,11,0.115,"1 входящих связей от 1 отправителей; 0 исходящих связей к 0 получателям; вход 98,400 KZT, выход 0 KZT",1,0,98400.0,0.0,0.0003004936394973031,0.0,1,False,False
100000000941942100,terminal,0.5177,3,0.1297,"1 входящих связей от 1 отправителей; 0 исходящих связей к 0 получателям; вход 130,000 KZT, выход 0 KZT",1,0,130000.0,0.0,0.0003116000306063692,0.0,1,False,False
100000008723830100,consolidator,0.6734,16,0.4932,"2 входящих связей от 2 отправителей; 1 исходящих связей к 1 получателям; вход 459,785 KZT, выход 455,000 KZT",2,1,459785.0,455000.0,0.00034023098770657236,0.9895929619278576,1,False,False
100000008776576100,terminal,0.4024,22,0.0383,"1 входящих связей от 1 отправителей; 0 исходящих связей к 0 получателям; вход 14,765 KZT, выход 0 KZT",1,0,14765.0,0.0,0.0002886682947677456,0.0,1,False,False
100000005432267100,consolidator,0.6589,3,0.2781,"2 входящих связей от 2 отправителей; 0 исходящих связей к 0 получателям; вход 350,001 KZT, выход 0 KZT",2,0,350001.0,0.0,0.00034233348585063165,0.0,1,False,False
100000006745291100,terminal,0.4936,11,0.1074,"1 входящих связей от 1 отправителей; 0 исходящих связей к 0 получателям; вход 82,534 KZT, выход 0 KZT",1,0,82534.0,0.0,0.00029808724049107665,0.0,1,False,False
100000008670667100,terminal,0.405,22,0.0403,"1 входящих связей от 1 отправителей; 0 исходящих связей к 0 получателям; вход 15,534 KZT, выход 0 KZT",1,0,15534.0,0.0,0.0002888296988600788,0.0,1,False,False
100000002480800100,consolidator,0.6847,3,0.4053,"2 входящих связей от 2 отправителей; 0 исходящих связей к 0 получателям; вход 569,251 KZT, выход 0 KZT",2,0,569251.0,0.0,0.0006410781031176412,0.0,1,False,False
100000002182176100,terminal,0.4584,0,0.0804,"1 входящих связей от 1 отправителей; 0 исходящих связей к 0 получателям; вход 42,465 KZT, выход 0 KZT",1,0,42465.0,0.0,0.00029353795436763876,0.0,1,False,False
100000008219168100,terminal,0.4703,2,0.0872,"1 входящих связей от 1 отправителей; 0 исходящих связей к 0 получателям; вход 53,200 KZT, выход 0 KZT",1,0,53200.0,0.0,0.00028861990131883255,0.0,1,False,False
100000004226848100,terminal,0.5624,3,0.1744,"1 входящих связей от 1 отправителей; 0 исходящих связей к 0 получателям; вход 301,866 KZT, выход 0 KZT",1,0,301866.0,0.0,0.0003460138655313343,0.0,1,False,False
100000006326645100,terminal,0.4308,22,0.0596,"1 входящих связей от 1 отправителей; 0 исходящих связей к 0 получателям; вход 25,264 KZT, выход 0 KZT",1,0,25264.0,0.0,0.00029087191188791023,0.0,1,False,False
100000003589877100,distributor,0.9849,42,0.6622,"2 входящих связей от 2 отправителей; 6 исходящих связей к 6 получателям; вход 176,000 KZT, выход 416,129 KZT",2,6,176000.0,416129.0,0.00030697515997142073,2.364369318181818,1,False,False
100000003942602100,transit,1.0,22,0.2695,"1 входящих связей от 1 отправителей; 1 исходящих связей к 1 получателям; вход 30,000 KZT, выход 30,000 KZT",1,1,30000.0,30000.0,0.000291865942812865,1.0,1,False,False
100000000922570100,transit,0.9701,8,0.2944,"1 входящих связей от 1 отправителей; 1 исходящих связей к 1 получателям; вход 47,101 KZT, выход 50,000 KZT",1,1,47101.0,50000.0,0.00029338594320602393,1.0615485870788306,1,False,False
100000005079754100,coordinator,0.4659,3,0.5173,"1 входящих связей от 1 отправителей; 2 исходящих связей к 2 получателям; вход 70,000 KZT, выход 122,000 KZT",1,2,70000.0,122000.0,0.00029958584458064045,1.7428571428571429,1,False,False
100000003187359100,terminal,0.4159,22,0.0484,"1 входящих связей от 1 отправителей; 0 исходящих связей к 0 получателям; вход 19,072 KZT, выход 0 KZT",1,0,19072.0,0.0,0.00028957228361778365,0.0,1,False,False
100000000998559100,terminal,0.5038,3,0.1175,"1 входящих связей от 1 отправителей; 0 исходящих связей к 0 получателям; вход 100,000 KZT, выход 0 KZT",1,0,100000.0,0.0,0.0003055929375935048,0.0,1,False,False
100000008690932100,terminal,0.4259,22,0.0558,"1 входящих связей от 1 отправителей; 0 исходящих связей к 0 получателям; вход 23,000 KZT, выход 0 KZT",1,0,23000.0,0.0,0.0002903967248072309,0.0,1,False,False
100000008773876100,terminal,0.4326,22,0.0609,"1 входящих связей от 1 отправителей; 0 исходящих связей к 0 получателям; вход 26,120 KZT, выход 0 KZT",1,0,26120.0,0.0,0.00029105157626117063,0.0,1,False,False
100000006789108100,terminal,0.4518,11,0.0748,"1 входящих связей от 1 отправителей; 0 исходящих связей к 0 получателям; вход 37,500 KZT, выход 0 KZT",1,0,37500.0,0.0,0.000291256925802661,0.0,1,False,False
100000004058740100,terminal,0.4399,22,0.0665,"1 входящих связей от 1 отправителей; 0 исходящих связей к 0 получателям; вход 30,000 KZT, выход 0 KZT",1,0,30000.0,0.0,0.000291865942812865,0.0,1,False,False
100000007641801100,terminal,0.5405,2,0.1408,"1 входящих связей от 1 отправителей; 0 исходящих связей к 0 получателям; вход 200,000 KZT, выход 0 KZT",1,0,200000.0,0.0,0.00029703774196744934,0.0,1,False,False
100000000555721100,consolidator,0.599,0,0.2225,"2 входящих связей от 2 отправителей; 0 исходящих связей к 0 получателям; вход 113,000 KZT, выход 0 KZT",2,0,113000.0,0.0,0.000308091961795813,0.0,1,False,False
100000008729801100,terminal,0.4115,22,0.0451,"1 входящих связей от 1 отправителей; 0 исходящих связей к 0 получателям; вход 17,534 KZT, выход 0 KZT",1,0,17534.0,0.0,0.00028924947543311713,0.0,1,False,False
100000004664905100,consolidator,0.6557,16,0.301,"2 входящих связей от 2 отправителей; 0 исходящих связей к 0 получателям; вход 329,020 KZT, выход 0 KZT",2,0,329020.0,0.0,0.0004118439668426317,0.0,1,False,False
100000003057225100,terminal,0.5493,16,0.1522,"1 входящих связей от 1 отправителей; 0 исходящих связей к 0 получателям; вход 236,000 KZT, выход 0 KZT",1,0,236000.0,0.0,0.0003109435548495802,0.0,1,False,False
100000000703902100,terminal,0.4313,22,0.06,"1 входящих связей от 1 отправителей; 0 исходящих связей к 0 получателям; вход 25,499 KZT, выход 0 KZT",1,0,25499.0,0.0,0.00029092123563524225,0.0,1,False,False
100000008720798100,terminal,0.405,22,0.0403,"1 входящих связей от 1 отправителей; 0 исходящих связей к 0 получателям; вход 15,534 KZT, выход 0 KZT",1,0,15534.0,0.0,0.0002888296988600788,0.0,1,False,False
100000001411870100,consolidator,0.6887,2,0.3489,"2 входящих связей от 2 отправителей; 0 исходящих связей к 0 получателям; вход 900,000 KZT, выход 0 KZT",2,0,900000.0,0.0,0.0004780448174649516,0.0,1,False,False
100000008556318100,consolidator,0.6237,3,0.3321,"2 входящих связей от 2 отправителей; 0 исходящих связей к 0 получателям; вход 180,132 KZT, выход 0 KZT",2,0,180132.0,0.0,0.0005605041030696594,0.0,1,False,False
100000002720627100,terminal,0.5404,11,0.1475,"1 входящих связей от 1 отправителей; 0 исходящих связей к 0 получателям; вход 199,300 KZT, выход 0 KZT",1,0,199300.0,0.0,0.0003157971602163407,0.0,1,False,False
100000003022835100,terminal,0.5156,3,0.1278,"1 входящих связей от 1 отправителей; 0 исходящих связей к 0 получателям; вход 125,000 KZT, выход 0 KZT",1,0,125000.0,0.0,0.0003105988484375585,0.0,1,False,False
100000008304115100,terminal,0.4681,8,0.0876,"1 входящих связей от 1 отправителей; 0 исходящих связей к 0 получателям; вход 51,000 KZT, выход 0 KZT",1,0,51000.0,0.0,0.0002940330019607653,0.0,1,False,False
100000003886323100,consolidator,0.5794,16,0.6012,"2 входящих связей от 2 отправителей; 1 исходящих связей к 1 получателям; вход 78,168 KZT, выход 7,650 KZT",2,1,78168.0,7650.0,0.0018048414724056996,0.09786613447958244,1,False,False
100000000607731100,peripheral,0.35,27,0.2749,"1 входящих связей от 1 отправителей; 1 исходящих связей к 1 получателям; вход 20,000 KZT, выход 66,666 KZT",1,1,20000.0,66666.0,0.00031753584489255785,3.3333,1,False,False
100000005961971100,terminal,0.4641,22,0.0853,"1 входящих связей от 1 отправителей; 0 исходящих связей к 0 получателям; вход 47,353 KZT, выход 0 KZT",1,0,47353.0,0.0,0.000295508134248832,0.0,1,False,False
100000000440392100,terminal,0.5067,16,0.1164,"1 входящих связей от 1 отправителей; 0 исходящих связей к 0 получателям; вход 105,705 KZT, выход 0 KZT",1,0,105705.0,0.0,0.000296934490065325,0.0,1,False,False
100000004105288100,consolidator,0.6331,3,0.3034,"2 входящих связей от 2 отправителей; 0 исходящих связей к 0 получателям; вход 215,000 KZT, выход 0 KZT",2,0,215000.0,0.0,0.00046304013809882774,0.0,1,False,False
100000008169544100,distributor,0.8599,16,0.4533,"1 входящих связей от 1 отправителей; 4 исходящих связей к 4 получателям; вход 137,104 KZT, выход 42,800 KZT",1,4,137104.0,42800.0,0.00030031044942800835,0.31217178200490137,1,False,False
100000004186824100,consolidator,0.6725,16,0.4201,"2 входящих связей от 2 отправителей; 1 исходящих связей к 1 получателям; вход 451,700 KZT, выход 7,000 KZT",2,1,451700.0,7000.0,0.00038192715477473974,0.015497011290679655,1,False,False
100000008672200100,terminal,0.3731,22,0.0168,"1 входящих связей от 1 отправителей; 0 исходящих связей к 0 получателям; вход 8,511 KZT, выход 0 KZT",1,0,8511.0,0.0,0.0002873556534238548,0.0,1,False,False
100000002188829100,terminal,0.5773,3,0.1922,"1 входящих связей от 1 отправителей; 0 исходящих связей к 0 получателям; вход 400,000 KZT, выход 0 KZT",1,0,400000.0,0.0,0.00036566386772214876,0.0,1,False,False
100000008717341100,terminal,0.4019,22,0.0379,"1 входящих связей от 1 отправителей; 0 исходящих связей к 0 получателям; вход 14,627 KZT, выход 0 KZT",1,0,14627.0,0.0,0.0002886393301842059,0.0,1,False,False
100000002214301100,coordinator,0.4656,0,0.3954,"1 входящих связей от 1 отправителей; 1 исходящих связей к 1 получателям; вход 21,438 KZT, выход 8,000 KZT",1,1,21438.0,8000.0,0.000289592186865428,0.373169138912212,1,False,False
100000002565277100,terminal,0.5873,3,0.2055,"1 входящих связей от 1 отправителей; 0 исходящих связей к 0 получателям; вход 483,319 KZT, выход 0 KZT",1,0,483319.0,0.0,0.00038234736714677707,0.0,1,False,False
100000005546031100,consolidator,0.8824,71,0.5406,"3 входящих связей от 3 отправителей; 1 исходящих связей к 1 получателям; вход 66,800 KZT, выход 8,000 KZT",3,1,66800.0,8000.0,0.0007125289535173731,0.11976047904191617,1,False,False
100000003449074100,terminal,0.3817,0,0.023,"1 входящих связей от 1 отправителей; 0 исходящих связей к 0 получателям; вход 10,000 KZT, выход 0 KZT",1,0,10000.0,0.0,0.0002874458184490925,0.0,1,False,False
100000008748914100,distributor,1.0,3,0.8863,"2 входящих связей от 2 отправителей; 13 исходящих связей к 13 получателям; вход 180,000 KZT, выход 4,471,847 KZT",2,13,180000.0,4471847.0,0.0007908267344260654,24.843594444444445,1,False,False
100000004744306100,peripheral,0.35,49,0.4802,"1 входящих связей от 1 отправителей; 2 исходящих связей к 2 получателям; вход 69,000 KZT, выход 92,000 KZT",1,2,69000.0,92000.0,0.0004607769966825409,1.3333333333333333,1,False,False
100000003158727100,consolidator,0.9729,2,0.3403,"3 входящих связей от 3 отправителей; 0 исходящих связей к 0 получателям; вход 367,940 KZT, выход 0 KZT",3,0,367940.0,0.0,0.0003141291273527455,0.0,1,False,False
100000001389255100,terminal,0.4071,22,0.0418,"1 входящих связей от 1 отправителей; 0 исходящих связей к 0 получателям; вход 16,136 KZT, выход 0 KZT",1,0,16136.0,0.0,0.00028895605160856333,0.0,1,False,False
100000008695495100,terminal,0.421,22,0.0522,"1 входящих связей от 1 отправителей; 0 исходящих связей к 0 получателям; вход 21,000 KZT, выход 0 KZT",1,0,21000.0,0.0,0.00028997694823419256,0.0,1,False,False
100000004015047100,consolidator,1.0,2,0.9388,"9 входящих связей от 9 отправителей; 1 исходящих связей к 1 получателям; вход 919,104 KZT, выход 69,195 KZT",9,1,919104.0,69195.0,0.002278597110650866,0.07528527783580531,1,False,False
100000005183943100,terminal,0.6,23,0.2977,"1 входящих связей от 1 отправителей; 0 исходящих связей к 0 получателям; вход 680,900 KZT, выход 0 KZT",1,0,680900.0,0.0,0.0006108393603081334,0.0,1,False,False
100000003004487100,coordinator,0.6825,36,0.7134,"4 входящих связей от 4 отправителей; 2 исходящих связей к 2 получателям; вход 183,703 KZT, выход 265,015 KZT",4,2,183702.8,265015.0,0.00035087248171634185,1.4426290726107605,1,False,False
100000003042994100,terminal,0.5595,16,0.1615,"1 входящих связей от 1 отправителей; 0 исходящих связей к 0 получателям; вход 286,086 KZT, выход 0 KZT",1,0,286086.0,0.0,0.0003163287040785161,0.0,1,False,False
100000001899164100,coordinator,0.9617,8,0.9283,"4 входящих связей от 4 отправителей; 3 исходящих связей к 3 получателям; вход 291,675 KZT, выход 76,500 KZT",4,3,291675.0,76500.0,0.0011765620095510463,0.2622782206222679,1,False,False
100000003946524100,transit,0.9605,3,0.5938,"2 входящих связей от 2 отправителей; 2 исходящих связей к 2 получателям; вход 133,757 KZT, выход 144,750 KZT",2,2,133757.0,144750.0,0.0003260605758889195,1.0821863528637754,1,False,False
100000008717340100,terminal,0.4572,22,0.0798,"1 входящих связей от 1 отправителей; 0 исходящих связей к 0 получателям; вход 41,500 KZT, выход 0 KZT",1,0,41500.0,0.0,0.0002942796581078353,0.0,1,False,False
100000003831324100,consolidator,0.6508,2,0.2623,"2 входящих связей от 2 отправителей; 0 исходящих связей к 0 получателям; вход 300,000 KZT, выход 0 KZT",2,0,300000.0,0.0,0.00031519260326985616,0.0,1,False,False
100000008129393100,terminal,0.3817,83,0.0318,"1 входящих связей от 1 отправителей; 0 исходящих связей к 0 получателям; вход 10,000 KZT, выход 0 KZT",1,0,10000.0,0.0,0.0003116981820260483,0.0,1,False,False
100000004388209100,terminal,0.3905,22,0.0295,"1 входящих связей от 1 отправителей; 0 исходящих связей к 0 получателям; вход 11,800 KZT, выход 0 KZT",1,0,11800.0,0.0,0.00028804597599821623,0.0,1,False,False
100000000706545100,consolidator,1.0,16,0.7816,"3 входящих связей от 3 отправителей; 1 исходящих связей к 1 получателям; вход 1,070,300 KZT, выход 75,800 KZT",3,1,1070300.0,75800.0,0.0032266260404967273,0.07082126506586939,1,False,False
100000004497606100,terminal,0.405,22,0.0403,"1 входящих связей от 1 отправителей; 0 исходящих связей к 0 получателям; вход 15,534 KZT, выход 0 KZT",1,0,15534.0,0.0,0.0002888296988600788,0.0,1,False,False
100000008470470100,terminal,0.4459,22,0.0711,"1 входящих связей от 1 отправителей; 0 исходящих связей к 0 получателям; вход 33,547 KZT, выход 0 KZT",1,0,33547.0,0.0,0.00029261041656514843,0.0,1,False,False
100000004318918100,terminal,0.489,11,0.1037,"1 входящих связей от 1 отправителей; 0 исходящих связей к 0 получателям; вход 75,600 KZT, выход 0 KZT",1,0,75600.0,0.0,0.0002970355594933977,0.0,1,False,False
100000005228059100,terminal,0.4324,22,0.0607,"1 входящих связей от 1 отправителей; 0 исходящих связей к 0 получателям; вход 26,000 KZT, выход 0 KZT",1,0,26000.0,0.0,0.0002910263896667883,0.0,1,False,False
100000001609499100,peripheral,0.35,0,0.4624,"3 входящих связей от 3 отправителей; 2 исходящих связей к 2 получателям; вход 263,113 KZT, выход 21,000 KZT",3,2,263113.0,21000.0,0.0003209139565492521,0.07981361620292422,1,False,False
100000002824176100,terminal,0.5231,2,0.1434,"1 входящих связей от 1 отправителей; 0 исходящих связей к 0 получателям; вход 144,000 KZT, выход 0 KZT",1,0,144000.0,0.0,0.0003385981575005855,0.0,1,False,False
100000001363952100,consolidator,0.6284,1,0.4267,"2 входящих связей от 2 отправителей; 1 исходящих связей к 1 получателям; вход 196,655 KZT, выход 91,000 KZT",2,1,196655.0,91000.0,0.00030709529312418954,0.4627393150441128,1,False,False
100000001049200100,distributor,0.8554,43,0.617,"2 входящих связей от 2 отправителей; 4 исходящих связей к 4 получателям; вход 76,624 KZT, выход 36,000 KZT",2,4,76624.0,36000.0,0.00029829130032713914,0.46982668615577367,1,False,False
100000002662768100,terminal,0.4947,3,0.1113,"1 входящих связей от 1 отправителей; 0 исходящих связей к 0 получателям; вход 84,300 KZT, выход 0 KZT",1,0,84300.0,0.0,0.0003064555955058235,0.0,1,False,False
100000004737477100,consolidator,0.5553,0,0.358,"2 входящих связей от 2 отправителей; 1 исходящих связей к 1 получателям; вход 49,598 KZT, выход 40,500 KZT",2,1,49598.0,40500.0,0.0002923193048489305,0.8165651840800032,1,False,False
100000008680451100,terminal,0.4271,22,0.0568,"1 входящих связей от 1 отправителей; 0 исходящих связей к 0 получателям; вход 23,534 KZT, выход 0 KZT",1,0,23534.0,0.0,0.0002905088051522321,0.0,1,False,False
100000001952325100,terminal,0.4905,22,0.1066,"1 входящих связей от 1 отправителей; 0 исходящих связей к 0 получателям; вход 77,888 KZT, выход 0 KZT",1,0,77888.0,0.0,0.00030191707307769447,0.0,1,False,False
100000008751429100,consolidator,0.9754,9,0.7313,"3 входящих связей от 3 отправителей; 1 исходящих связей к 1 получателям; вход 386,200 KZT, выход 72,600 KZT",3,1,386200.0,72600.0,0.0015043129924041077,0.1879854997410668,1,False,False
100000001960517100,terminal,0.5405,2,0.1634,"1 входящих связей от 1 отправителей; 0 исходящих связей к 0 получателям; вход 200,000 KZT, выход 0 KZT",1,0,200000.0,0.0,0.000359220493221867,0.0,1,False,False
100000008686234100,terminal,0.4549,0,0.0777,"1 входящих связей от 1 отправителей; 0 исходящих связей к 0 получателям; вход 39,778 KZT, выход 0 KZT",1,0,39778.0,0.0,0.0002930337323065535,0.0,1,False,False
100000004213658100,terminal,0.431,22,0.0597,"1 входящих связей от 1 отправителей; 0 исходящих связей к 0 получателям; вход 25,347 KZT, выход 0 KZT",1,0,25347.0,0.0,0.00029088933261569135,0.0,1,False,False
100000001194266100,terminal,0.467,3,0.0874,"1 входящих связей от 1 отправителей; 0 исходящих связей к 0 получателям; вход 50,000 KZT, выход 0 KZT",1,0,50000.0,0.0,0.0002955811159053975,0.0,1,False,False
100000002243354100,terminal,0.4207,22,0.052,"1 входящих связей от 1 отправителей; 0 исходящих связей к 0 получателям; вход 20,879 KZT, выход 0 KZT",1,0,20879.0,0.0,0.00028995155175152374,0.0,1,False,False
100000006069103100,transit,0.9173,6,0.8237,"3 входящих связей от 3 отправителей; 3 исходящих связей к 3 получателям; вход 228,818 KZT, выход 270,000 KZT",3,3,228818.0,270000.0,0.0011516310982681705,1.1799770997036947,1,False,False
100000002760175100,terminal,0.5371,11,0.1445,"1 входящих связей от 1 отправителей; 0 исходящих связей к 0 получателям; вход 187,410 KZT, выход 0 KZT",1,0,187410.0,0.0,0.00031399380182833917,0.0,1,False,False
100000003567087100,terminal,0.4785,22,0.0968,"1 входящих связей от 1 отправителей; 0 исходящих связей к 0 получателям; вход 62,115 KZT, выход 0 KZT",1,0,62115.0,0.0,0.0002986065051344278,0.0,1,False,False
100000008229700100,peripheral,0.35,8,0.2406,"1 входящих связей от 1 отправителей; 1 исходящих связей к 1 получателям; вход 23,500 KZT, выход 7,200 KZT",1,1,23500.0,7200.0,0.00028946923798144053,0.30638297872340425,1,False,False
100000004076740100,distributor,0.9537,62,0.8195,"3 входящих связей от 3 отправителей; 6 исходящих связей к 6 получателям; вход 93,250 KZT, выход 125,000 KZT",3,6,93250.0,125000.0,0.0007414546780411341,1.3404825737265416,1,False,False
100000003284932100,terminal,0.4848,3,0.1016,"1 входящих связей от 1 отправителей; 0 исходящих связей к 0 получателям; вход 69,925 KZT, выход 0 KZT",1,0,69925.0,0.0,0.0002995708268481083,0.0,1,False,False
100000008071620100,terminal,0.4637,0,0.0845,"1 входящих связей от 1 отправителей; 0 исходящих связей к 0 получателям; вход 46,968 KZT, выход 0 KZT",1,0,46968.0,0.0,0.00029438295322921934,0.0,1,False,False
100000003235780100,consolidator,0.5697,0,0.1952,"2 входящих связей от 2 отправителей; 0 исходящих связей к 0 получателям; вход 65,000 KZT, выход 0 KZT",2,0,65000.0,0.0,0.00029120007891764486,0.0,1,False,False
100000005363908100,transit,1.0,71,0.2643,"1 входящих связей от 1 отправителей; 1 исходящих связей к 1 получателям; вход 19,500 KZT, выход 19,500 KZT",1,1,19500.0,19500.0,0.0003385171206244062,1.0,1,False,False
100000001851289100,terminal,0.5086,16,0.1179,"1 входящих связей от 1 отправителей; 0 исходящих связей к 0 получателям; вход 109,510 KZT, выход 0 KZT",1,0,109510.0,0.0,0.00029734359625899394,0.0,1,False,False
100000002870937100,terminal,0.4944,2,0.1051,"1 входящих связей от 1 отправителей; 0 исходящих связей к 0 получателям; вход 83,700 KZT, выход 0 KZT",1,0,83700.0,0.0,0.0002903688396007318,0.0,1,False,False
100000002152857100,distributor,1.0,48,0.6872,"1 входящих связей от 1 отправителей; 5 исходящих связей к 5 получателям; вход 105,000 KZT, выход 1,230,000 KZT",1,5,105000.0,1230000.0,0.0002997108402620934,11.714285714285714,1,False,False
100000002600345100,consolidator,0.5582,16,0.1887,"2 входящих связей от 2 отправителей; 0 исходящих связей к 0 получателям; вход 52,400 KZT, выход 0 KZT",2,0,52400.0,0.0,0.0002957205308431155,0.0,1,False,False
100000002580377100,peripheral,0.35,16,0.285,"1 входящих связей от 1 отправителей; 1 исходящих связей к 1 получателям; вход 37,750 KZT, выход 5,000 KZT",1,1,37750.0,5000.0,0.00028962810073792137,0.13245033112582782,1,False,False
100000004094958100,transit,0.9873,71,0.3199,"1 входящих связей от 1 отправителей; 1 исходящих связей к 1 получателям; вход 39,000 KZT, выход 40,000 KZT",1,1,39000.0,40000.0,0.0003914649470315221,1.0256410256410255,1,False,False
100000002609774100,peripheral,0.35,18,0.2147,"1 входящих связей от 1 отправителей; 1 исходящих связей к 1 получателям; вход 7,700 KZT, выход 27,500 KZT",1,1,7700.0,27500.0,0.0002863971832294454,3.5714285714285716,1,False,False
100000002596035100,terminal,0.5483,11,0.155,"1 входящих связей от 1 отправителей; 0 исходящих связей к 0 получателям; вход 231,570 KZT, выход 0 KZT",1,0,231570.0,0.0,0.0003206915567832718,0.0,1,False,False
100000004664515100,terminal,0.452,0,0.0755,"1 входящих связей от 1 отправителей; 0 исходящих связей к 0 получателям; вход 37,691 KZT, выход 0 KZT",1,0,37691.0,0.0,0.0002926421016993763,0.0,1,False,False
100000000661912100,transit,0.9542,0,0.9757,"5 входящих связей от 5 отправителей; 2 исходящих связей к 2 получателям; вход 393,036 KZT, выход 430,700 KZT",5,2,393036.0,430700.0,0.0017491597591117558,1.0958283719557496,1,False,False
100000004144536100,consolidator,0.9313,34,0.5483,"4 входящих связей от 4 отправителей; 0 исходящих связей к 0 получателям; вход 168,000 KZT, выход 0 KZT",4,0,168000.0,0.0,0.0009685966718954024,0.0,1,False,False
100000006177176100,terminal,0.3756,16,0.0184,"1 входящих связей от 1 отправителей; 0 исходящих связей к 0 получателям; вход 8,911 KZT, выход 0 KZT",1,0,8911.0,0.0,0.0002865273875922662,0.0,1,False,False
100000002158488100,terminal,0.4429,22,0.0688,"1 входящих связей от 1 отправителей; 0 исходящих связей к 0 получателям; вход 31,723 KZT, выход 0 KZT",1,0,31723.0,0.0,0.00029222758033053747,0.0,1,False,False
100000000041368100,terminal,0.5287,3,0.1398,"1 входящих связей от 1 отправителей; 0 исходящих связей к 0 получателям; вход 160,000 KZT, выход 0 KZT",1,0,160000.0,0.0,0.00031760712361923363,0.0,1,False,False
100000008722328100,terminal,0.4274,22,0.057,"1 входящих связей от 1 отправителей; 0 исходящих связей к 0 получателям; вход 23,677 KZT, выход 0 KZT",1,0,23677.0,0.0,0.00029053881917720433,0.0,1,False,False
100000008735384100,terminal,0.4542,22,0.0775,"1 входящих связей от 1 отправителей; 0 исходящих связей к 0 получателям; вход 39,220 KZT, выход 0 KZT",1,0,39220.0,0.0,0.00029380111281457165,0.0,1,False,False
100000004480280100,peripheral,0.35,3,0.4735,"1 входящих связей от 1 отправителей; 2 исходящих связей к 2 получателям; вход 146,694 KZT, выход 295,850 KZT",1,2,146694.0,295850.0,0.0003149427776315945,2.0167832358515003,1,False,False
100000004286573100,terminal,0.4085,8,0.0426,"1 входящих связей от 1 отправителей; 0 исходящих связей к 0 получателям; вход 16,590 KZT, выход 0 KZT",1,0,16590.0,0.0,0.0002883224885597265,0.0,1,False,False
100000001746925100,coordinator,0.5803,3,0.4722,"1 входящих связей от 1 отправителей; 1 исходящих связей к 1 получателям; вход 65,250 KZT, выход 5,000 KZT",1,1,65250.0,5000.0,0.0002986347215202703,0.07662835249042145,1,False,False
100000001660397100,distributor,0.7824,0,0.5814,"2 входящих связей от 2 отправителей; 3 исходящих связей к 3 получателям; вход 48,600 KZT, выход 49,000 KZT",2,3,48600.0,49000.0,0.00029515233462771814,1.008230452674897,1,False,False
100000002591469100,terminal,0.5492,2,0.1478,"1 входящих связей от 1 отправителей; 0 исходящих связей к 0 получателям; вход 235,670 KZT, выход 0 KZT",1,0,235670.0,0.0,0.0002990831396236902,0.0,1,False,False
100000002731501100,distributor,1.0,34,0.6033,"3 входящих связей от 3 отправителей; 7 исходящих связей к 7 получателям; вход 570,370 KZT, выход 833,960 KZT",3,7,570370.0,833960.0,0.0004855839777590116,1.4621386117783193,1,False,False
100000000089154100,distributor,0.9854,0,0.4277,"1 входящих связей от 1 отправителей; 15 исходящих связей к 15 получателям; вход 10,000 KZT, выход 425,500 KZT",1,15,10000.0,425500.0,0.0002874458184490925,42.55,1,False,False
100000008732098100,terminal,0.4055,22,0.0406,"1 входящих связей от 1 отправителей; 0 исходящих связей к 0 получателям; вход 15,677 KZT, выход 0 KZT",1,0,15677.0,0.0,0.00028885971288505105,0.0,1,False,False
100000005456919100,consolidator,0.6757,9,0.6334,"2 входящих связей от 2 отправителей; 1 исходящих связей к 1 получателям; вход 479,950 KZT, выход 5,000 KZT",2,1,479950.0,5000.0,0.0013700274780428564,0.010417751849150954,1,False,False
100000000507799100,coordinator,0.5571,19,0.374,"1 входящих связей от 1 отправителей; 1 исходящих связей к 1 получателям; вход 5,132 KZT, выход 8,000 KZT",1,1,5132.0,8000.0,0.000286121076867989,1.558846453624318,1,False,False
100000008716439100,terminal,0.3925,22,0.031,"1 входящих связей от 1 отправителей; 0 исходящих связей к 0 получателям; вход 12,267 KZT, выход 0 KZT",1,0,12267.0,0.0,0.00028814399382802073,0.0,1,False,False
100000002981527100,terminal,0.5313,5,0.1366,"1 входящих связей от 1 отправителей; 0 исходящих связей к 0 получателям; вход 168,000 KZT, выход 0 KZT",1,0,168000.0,0.0,0.000303611374917362,0.0,1,False,False
100000002844652100,terminal,0.4779,2,0.0928,"1 входящих связей от 1 отправителей; 0 исходящих связей к 0 получателям; вход 61,360 KZT, выход 0 KZT",1,0,61360.0,0.0,0.000289087813987039,0.0,1,False,False
100000002605548100,consolidator,0.6007,11,0.226,"2 входящих связей от 2 отправителей; 0 исходящих связей к 0 получателям; вход 116,695 KZT, выход 0 KZT",2,0,116695.0,0.0,0.0003143213711267536,0.0,1,False,False
100000002750956100,terminal,0.4642,0,0.0849,"1 входящих связей от 1 отправителей; 0 исходящих связей к 0 получателям; вход 47,416 KZT, выход 0 KZT",1,0,47416.0,0.0,0.0002944670215148041,0.0,1,False,False
100000002982252100,terminal,0.4193,22,0.0509,"1 входящих связей от 1 отправителей; 0 исходящих связей к 0 получателям; вход 20,320 KZT, выход 0 KZT",1,0,20320.0,0.0,0.00028983422419935953,0.0,1,False,False
100000000961900100,consolidator,0.5383,0,0.1738,"2 входящих связей от 2 отправителей; 0 исходящих связей к 0 получателям; вход 36,000 KZT, выход 0 KZT",2,0,36000.0,0.0,0.00029432044056326376,0.0,1,False,False
100000007175718100,terminal,0.4184,55,0.0552,"1 входящих связей от 1 отправителей; 0 исходящих связей к 0 получателям; вход 20,000 KZT, выход 0 KZT",1,0,20000.0,0.0,0.0003031865584283141,0.0,1,False,False
100000002306369100,distributor,0.9728,3,0.6593,"1 входящих связей от 1 отправителей; 6 исходящих связей к 6 получателям; вход 73,166 KZT, выход 260,900 KZT",1,6,73166.0,260900.0,0.0002992990714116951,3.5658639258672062,1,False,False
100000000667713100,distributor,0.9419,16,0.5819,"2 входящих связей от 2 отправителей; 6 исходящих связей к 6 получателям; вход 119,495 KZT, выход 79,236 KZT",2,6,119495.0,79236.0,0.0003201059721320311,0.663090505878907,1,False,False
100000001072022100,consolidator,1.0,3,0.4282,"3 входящих связей от 3 отправителей; 0 исходящих связей к 0 получателям; вход 1,684,000 KZT, выход 0 KZT",3,0,1684000.0,0.0,0.0005021346766292344,0.0,1,False,False
100000008116374100,terminal,0.4422,16,0.067,"1 входящих связей от 1 отправителей; 0 исходящих связей к 0 получателям; вход 31,284 KZT, выход 0 KZT",1,0,31284.0,0.0,0.000288932889003818,0.0,1,False,False
100000000703894100,peripheral,0.35,27,0.3929,"1 входящих связей от 1 отправителей; 1 исходящих связей к 1 получателям; вход 120,000 KZT, выход 35,000 KZT",1,1,120000.0,35000.0,0.00047736859826889627,0.2916666666666667,1,False,False
100000008066326100,terminal,0.4166,0,0.0487,"1 входящих связей от 1 отправителей; 0 исходящих связей к 0 получателям; вход 19,320 KZT, выход 0 KZT",1,0,19320.0,0.0,0.0002891947390331323,0.0,1,False,False
100000004662806100,peripheral,0.35,8,0.434,"2 входящих связей от 2 отправителей; 2 исходящих связей к 2 получателям; вход 106,585 KZT, выход 59,900 KZT",2,2,106585.0,59900.0,0.00030544976624820216,0.5619927757189098,1,False,False
100000005778283100,consolidator,1.0,2,0.4047,"3 входящих связей от 3 отправителей; 0 исходящих связей к 0 получателям; вход 615,760 KZT, выход 0 KZT",3,0,615760.0,0.0,0.00043758405542756654,0.0,1,False,False
100000004408683100,consolidator,0.599,16,0.2505,"2 входящих связей от 2 отправителей; 0 исходящих связей к 0 получателям; вход 112,920 KZT, выход 0 KZT",2,0,112919.68,0.0,0.00038531432958818963,0.0,1,False,False
100000002704875100,consolidator,0.9513,1,0.3251,"3 входящих связей от 3 отправителей; 0 исходящих связей к 0 получателям; вход 244,891 KZT, выход 0 KZT",3,0,244891.0,0.0,0.0003150737954997622,0.0,1,False,False
100000008349675100,peripheral,0.35,2,0.2879,"1 входящих связей от 1 отправителей; 1 исходящих связей к 1 получателям; вход 46,520 KZT, выход 36,650 KZT",1,1,46520.0,36650.0,0.0002882368551639772,0.7878331900257953,1,False,False
100000006889963100,consolidator,1.0,10,0.6152,"4 входящих связей от 4 отправителей; 1 исходящих связей к 1 получателям; вход 1,431,000 KZT, выход 443,476 KZT",4,1,1431000.0,443475.8,0.00042726044416286594,0.30990621942697416,1,False,False
100000008771819100,terminal,0.4537,22,0.0771,"1 входящих связей от 1 отправителей; 0 исходящих связей к 0 получателям; вход 38,900 KZT, выход 0 KZT",1,0,38900.0,0.0,0.0002937339485628855,0.0,1,False,False
100000008586731100,terminal,0.3914,8,0.03,"1 входящих связей от 1 отправителей; 0 исходящих связей к 0 получателям; вход 12,000 KZT, выход 0 KZT",1,0,12000.0,0.0,0.00028756075486281377,0.0,1,False,False
100000005844459100,consolidator,0.6397,0,0.2627,"2 входящих связей от 2 отправителей; 0 исходящих связей к 0 получателям; вход 243,400 KZT, выход 0 KZT",2,0,243400.0,0.0,0.0003380825577474265,0.0,1,False,False
100000008172352100,distributor,0.9755,41,0.6963,"3 входящих связей от 3 отправителей; 7 исходящих связей к 7 получателям; вход 90,265 KZT, выход 289,510 KZT",3,7,90265.0,289510.0,0.00037526567278554305,3.207333961114496,1,False,False
100000001162560100,distributor,1.0,5,0.5234,"1 входящих связей от 1 отправителей; 12 исходящих связей к 12 получателям; вход 331,300 KZT, выход 2,904,398 KZT",1,12,331300.0,2904398.0,0.0003211487069311817,8.76667069121642,1,False,False
100000008779584100,terminal,0.4424,22,0.0684,"1 входящих связей от 1 отправителей; 0 исходящих связей к 0 получателям; вход 31,400 KZT, выход 0 KZT",1,0,31400.0,0.0,0.0002921597864139918,0.0,1,False,False
100000007631637100,terminal,0.4044,22,0.0398,"1 входящих связей от 1 отправителей; 0 исходящих связей к 0 получателям; вход 15,341 KZT, выход 0 KZT",1,0,15341.0,0.0,0.0002887891904207806,0.0,1,False,False
100000007347733100,terminal,0.4259,83,0.076,"1 входящих связей от 1 отправителей; 0 исходящих связей к 0 получателям; вход 23,007 KZT, выход 0 KZT",1,0,23007.0,0.0,0.0003456840263989,0.0,1,False,False
100000001463701100,consolidator,0.6887,11,0.3831,"2 входящих связей от 2 отправителей; 0 исходящих связей к 0 получателям; вход 621,000 KZT, выход 0 KZT",2,0,621000.0,0.0,0.0005722109368497123,0.0,1,False,False
100000008664469100,terminal,0.4303,3,0.0591,"1 входящих связей от 1 отправителей; 0 исходящих связей к 0 получателям; вход 25,000 KZT, выход 0 KZT",1,0,25000.0,0.0,0.00029057520506134383,0.0,1,False,False
100000003923946100,distributor,0.9312,2,0.5221,"1 входящих связей от 1 отправителей; 4 исходящих связей к 4 получателям; вход 282,000 KZT, выход 675,000 KZT",1,4,282000.0,675000.0,0.0003894174848137435,2.393617021276596,1,False,False
100000006562026100,consolidator,0.5773,83,0.344,"2 входящих связей от 2 отправителей; 0 исходящих связей к 0 получателям; вход 75,000 KZT, выход 0 KZT",2,0,75000.0,0.0,0.0006853595679127559,0.0,1,False,False
100000008776298100,terminal,0.4588,22,0.0811,"1 входящих связей от 1 отправителей; 0 исходящих связей к 0 получателям; вход 42,800 KZT, выход 0 KZT",1,0,42800.0,0.0,0.0002945525128803102,0.0,1,False,False
100000006446271100,consolidator,0.5807,3,0.2114,"2 входящих связей от 2 отправителей; 0 исходящих связей к 0 получателям; вход 80,000 KZT, выход 0 KZT",2,0,80000.0,0.0,0.00031391369620990085,0.0,1,False,False
100000004588479100,terminal,0.5343,16,0.1391,"1 входящих связей от 1 отправителей; 0 исходящих связей к 0 получателям; вход 177,633 KZT, выход 0 KZT",1,0,177633.0,0.0,0.0003046680486193901,0.0,1,False,False
100000002324543100,terminal,0.4403,5,0.0657,"1 входящих связей от 1 отправителей; 0 исходящих связей к 0 получателям; вход 30,202 KZT, выход 0 KZT",1,0,30202.0,0.0,0.00028881278779647806,0.0,1,False,False
100000007129492100,consolidator,0.5568,11,0.3683,"2 входящих связей от 2 отправителей; 1 исходящих связей к 1 получателям; вход 50,990 KZT, выход 37,000 KZT",2,1,50990.0,37000.0,0.0002945171129254449,0.725632476956266,1,False,False
100000003877908100,terminal,0.4552,3,0.0781,"1 входящих связей от 1 отправителей; 0 исходящих связей к 0 получателям; вход 40,000 KZT, выход 0 KZT",1,0,40000.0,0.0,0.00029357875156777607,0.0,1,False,False
100000002748180100,distributor,0.9976,24,0.3852,"1 входящих связей от 1 отправителей; 8 исходящих связей к 8 получателям; вход 9,900 KZT, выход 679,743 KZT",1,8,9900.0,679743.0,0.0002872122492498471,68.66090909090909,1,False,False
100000000945428100,terminal,0.498,0,0.1121,"1 входящих связей от 1 отправителей; 0 исходящих связей к 0 получателям; вход 89,629 KZT, выход 0 KZT",1,0,89629.0,0.0,0.00030238839325451126,0.0,1,False,False
100000003115284100,coordinator,0.9742,11,0.9864,"8 входящих связей от 8 отправителей; 2 исходящих связей к 2 получателям; вход 2,160,500 KZT, выход 517,000 KZT",8,2,2160500.0,517000.0,0.0015286375827955714,0.23929645915297384,1,False,False
100000005394708100,peripheral,0.35,49,0.294,"1 входящих связей от 1 отправителей; 1 исходящих связей к 1 получателям; вход 26,000 KZT, выход 65,000 KZT",1,1,26000.0,65000.0,0.00034517722457498676,2.5,1,False,False
100000008747113100,consolidator,0.6287,10,0.2437,"2 входящих связей от 2 отправителей; 0 исходящих связей к 0 получателям; вход 197,801 KZT, выход 0 KZT",2,0,197801.0,0.0,0.00030751915506009543,0.0,1,False,False
100000004491881100,terminal,0.4103,22,0.0442,"1 входящих связей от 1 отправителей; 0 исходящих связей к 0 получателям; вход 17,144 KZT, выход 0 KZT",1,0,17144.0,0.0,0.0002891676190013747,0.0,1,False,False
100000006008169100,terminal,0.4849,8,0.1008,"1 входящих связей от 1 отправителей; 0 исходящих связей к 0 получателям; вход 70,000 KZT, выход 0 KZT",1,0,70000.0,0.0,0.00029718614798284425,0.0,1,False,False
100000002681449100,peripheral,0.35,42,0.4039,"2 входящих связей от 2 отправителей; 2 исходящих связей к 2 получателям; вход 94,638 KZT, выход 133,000 KZT",2,2,94638.0,133000.0,0.0002951397503203059,1.4053551427544961,1,False,False
100000002645609100,consolidator,0.9939,0,0.3704,"4 входящих связей от 4 отправителей; 0 исходящих связей к 0 получателям; вход 546,821 KZT, выход 0 KZT",4,0,546820.6799999999,0.0,0.0003553578831259949,0.0,1,False,False
100000006369769100,terminal,0.4552,22,0.0783,"1 входящих связей от 1 отправителей; 0 исходящих связей к 0 получателям; вход 40,000 KZT, выход 0 KZT",1,0,40000.0,0.0,0.0002939648256780566,0.0,1,False,False
100000002173161100,consolidator,1.0,16,0.4039,"3 входящих связей от 3 отправителей; 0 исходящих связей к 0 получателям; вход 1,427,500 KZT, выход 0 KZT",3,0,1427500.0,0.0,0.0004354146921033421,0.0,1,False,False
100000008686313100,distributor,0.9791,0,0.8049,"6 входящих связей от 6 отправителей; 7 исходящих связей к 7 получателям; вход 1,912,716 KZT, выход 333,800 KZT",6,7,1912716.0,333800.0,0.00046763290222869583,0.17451623764322566,1,False,False
100000004692798100,consolidator,0.639,8,0.622,"2 входящих связей от 2 отправителей; 1 исходящих связей к 1 получателям; вход 240,305 KZT, выход 15,000 KZT",2,1,240305.0,15000.0,0.0019106511787003809,0.06242067372713843,1,False,False
100000002939838100,consolidator,0.9962,16,0.3883,"3 входящих связей от 3 отправителей; 0 исходящих связей к 0 получателям; вход 571,233 KZT, выход 0 KZT",3,0,571233.0,0.0,0.0004000333621032969,0.0,1,False,False
100000003119550100,terminal,0.421,22,0.0522,"1 входящих связей от 1 отправителей; 0 исходящих связей к 0 получателям; вход 21,000 KZT, выход 0 KZT",1,0,21000.0,0.0,0.00028997694823419256,0.0,1,False,False
100000004315838100,consolidator,0.5558,3,0.3546,"2 входящих связей от 2 отправителей; 1 исходящих связей к 1 получателям; вход 50,000 KZT, выход 18,000 KZT",2,1,50000.0,18000.0,0.0002913854344131959,0.36,1,False,False
100000002671806100,terminal,0.3933,8,0.0314,"1 входящих связей от 1 отправителей; 0 исходящих связей к 0 получателям; вход 12,440 KZT, выход 0 KZT",1,0,12440.0,0.0,0.0002876337750864829,0.0,1,False,False
100000008716222100,terminal,0.4129,22,0.0461,"1 входящих связей от 1 отправителей; 0 исходящих связей к 0 получателям; вход 18,000 KZT, выход 0 KZT",1,0,18000.0,0.0,0.00028934728337463503,0.0,1,False,False
100000005496254100,terminal,0.3944,0,0.0323,"1 входящих связей от 1 отправителей; 0 исходящих связей к 0 получателям; вход 12,700 KZT, выход 0 KZT",1,0,12700.0,0.0,0.00028795247999167917,0.0,1,False,False
100000004622227100,distributor,0.7579,0,0.3215,"1 входящих связей от 1 отправителей; 3 исходящих связей к 3 получателям; вход 24,931 KZT, выход 19,000 KZT",1,3,24931.0,19000.0,0.00029024765677959657,0.762103405398901,1,False,False
100000000274067100,distributor,0.8529,2,0.533,"2 входящих связей от 2 отправителей; 3 исходящих связей к 3 получателям; вход 517,704 KZT, выход 2,969,000 KZT",2,3,517704.0,2969000.0,0.00041370365128518645,5.734937338710924,1,False,False
100000008782056100,terminal,0.4383,22,0.0653,"1 входящих связей от 1 отправителей; 0 исходящих связей к 0 получателям; вход 29,082 KZT, выход 0 KZT",1,0,29082.0,0.0,0.00029167326536584036,0.0,1,False,False
100000006788200100,coordinator,0.4927,2,0.6427,"4 входящих связей от 4 отправителей; 3 исходящих связей к 3 получателям; вход 272,156 KZT, выход 64,500 KZT",4,3,272155.8,64500.0,0.00033716343435244173,0.23699660268125833,1,False,False
100000001164648100,consolidator,0.487,46,0.1353,"2 входящих связей от 2 отправителей; 0 исходящих связей к 0 получателям; вход 13,660 KZT, выход 0 KZT",2,0,13660.0,0.0,0.00029014259597535106,0.0,1,False,False
100000005133757100,consolidator,0.5697,1,0.1982,"2 входящих связей от 2 отправителей; 0 исходящих связей к 0 получателям; вход 65,000 KZT, выход 0 KZT",2,0,65000.0,0.0,0.00029941072919292984,0.0,1,False,False
100000006445501100,terminal,0.4988,11,0.1116,"1 входящих связей от 1 отправителей; 0 исходящих связей к 0 получателям; вход 91,000 KZT, выход 0 KZT",1,0,91000.0,0.0,0.00029937128019778993,0.0,1,False,False
100000004390333100,distributor,0.9899,0,0.6618,"2 входящих связей от 2 отправителей; 9 исходящих связей к 9 получателям; вход 64,558 KZT, выход 506,500 KZT",2,9,64558.0,506500.0,0.00029521378985057525,7.845658167849066,1,False,False
100000001641789100,terminal,0.4123,2,0.1185,"1 входящих связей от 1 отправителей; 0 исходящих связей к 0 получателям; вход 17,826 KZT, выход 0 KZT",1,0,17826.0,0.0,0.0004895828148678119,0.0,1,False,False
100000000968253100,terminal,0.4032,22,0.0389,"1 входящих связей от 1 отправителей; 0 исходящих связей к 0 получателям; вход 15,000 KZT, выход 0 KZT",1,0,15000.0,0.0,0.0002887176185150776,0.0,1,False,False
100000001527186100,terminal,0.6,3,0.2288,"1 входящих связей от 1 отправителей; 0 исходящих связей к 0 получателям; вход 678,000 KZT, выход 0 KZT",1,0,678000.0,0.0,0.0004213295963080255,0.0,1,False,False
100000005852946100,terminal,0.4276,3,0.057,"1 входящих связей от 1 отправителей; 0 исходящих связей к 0 получателям; вход 23,746 KZT, выход 0 KZT",1,0,23746.0,0.0,0.00029032410857340613,0.0,1,False,False
100000001530983100,distributor,1.0,16,0.7719,"4 входящих связей от 4 отправителей; 11 исходящих связей к 11 получателям; вход 564,158 KZT, выход 1,829,538 KZT",4,11,564158.0,1829538.0,0.000356090309991762,3.24295321523403,1,False,False
100000008221543100,consolidator,0.6821,28,0.3054,"2 входящих связей от 2 отправителей; 0 исходящих связей к 0 получателям; вход 542,000 KZT, выход 0 KZT",2,0,542000.0,0.0,0.00037148464522539644,0.0,1,False,False
100000001937767100,distributor,0.9339,40,0.7344,"1 входящих связей от 1 отправителей; 4 исходящих связей к 4 получателям; вход 53,000 KZT, выход 1,933,000 KZT",1,4,53000.0,1933000.0,0.0008921392815659748,36.471698113207545,1,False,False
100000002462183100,terminal,0.5076,55,0.1474,"1 входящих связей от 1 отправителей; 0 исходящих связей к 0 получателям; вход 107,500 KZT, выход 0 KZT",1,0,107500.0,0.0,0.0003802620893515438,0.0,1,False,False
100000001805543100,terminal,0.4758,16,0.0924,"1 входящих связей от 1 отправителей; 0 исходящих связей к 0 получателям; вход 59,000 KZT, выход 0 KZT",1,0,59000.0,0.0,0.0002919128593753627,0.0,1,False,False
100000002606567100,peripheral,0.35,0,0.2783,"1 входящих связей от 1 отправителей; 1 исходящих связей к 1 получателям; вход 14,095 KZT, выход 53,000 KZT",1,1,14095.0,53000.0,0.0002882142551220156,3.7601986520042567,1,False,False
100000007281639100,consolidator,0.6335,16,0.253,"2 входящих связей от 2 отправителей; 0 исходящих связей к 0 получателям; вход 216,770 KZT, выход 0 KZT",2,0,216770.0,0.0,0.0003235711404553899,0.0,1,False,False
100000002991079100,consolidator,0.6136,16,0.4209,"2 входящих связей от 2 отправителей; 1 исходящих связей к 1 получателям; вход 148,900 KZT, выход 11,000 KZT",2,1,148900.0,11000.0,0.0003951739742726738,0.07387508394895903,1,False,False
100000002847207100,terminal,0.4629,3,0.0841,"1 входящих связей от 1 отправителей; 0 исходящих связей к 0 получателям; вход 46,243 KZT, выход 0 KZT",1,0,46243.0,0.0,0.00029482882762375313,0.0,1,False,False
100000000011452100,consolidator,0.9088,0,0.4828,"3 входящих связей от 3 отправителей; 1 исходящих связей к 1 получателям; вход 110,000 KZT, выход 16,685 KZT",3,1,110000.0,16685.0,0.00047686402523264667,0.1516818181818182,1,False,False
100000003148220100,peripheral,0.35,52,0.4775,"1 входящих связей от 1 отправителей; 2 исходящих связей к 2 получателям; вход 5,650 KZT, выход 43,400 KZT",1,2,5650.0,43400.0,0.0009182428014100962,7.68141592920354,1,False,False
100000002479804100,peripheral,0.35,3,0.3312,"1 входящих связей от 1 отправителей; 2 исходящих связей к 2 получателям; вход 46,000 KZT, выход 35,300 KZT",1,2,46000.0,35300.0,0.0002969663269488742,0.7673913043478261,1,False,False
100000008745489100,terminal,0.4726,22,0.092,"1 входящих связей от 1 отправителей; 0 исходящих связей к 0 получателям; вход 55,539 KZT, выход 0 KZT",1,0,55539.0,0.0,0.0002972262797622778,0.0,1,False,False
100000002289937100,terminal,0.4184,22,0.0503,"1 входящих связей от 1 отправителей; 0 исходящих связей к 0 получателям; вход 20,000 KZT, выход 0 KZT",1,0,20000.0,0.0,0.00028976705994767336,0.0,1,False,False
100000004679953100,coordinator,0.674,1,0.7039,"3 входящих связей от 3 отправителей; 3 исходящих связей к 3 получателям; вход 343,538 KZT, выход 34,100 KZT",3,3,343538.0,34100.0,0.0003342675529915214,0.09926121709970949,1,False,False
100000003066385100,consolidator,0.5072,0,0.1504,"2 входящих связей от 2 отправителей; 0 исходящих связей к 0 получателям; вход 20,000 KZT, выход 0 KZT",2,0,20000.0,0.0,0.00029153974169365615,0.0,1,False,False
100000008744849100,terminal,0.4608,22,0.0826,"1 входящих связей от 1 отправителей; 0 исходящих связей к 0 получателям; вход 44,445 KZT, выход 0 KZT",1,0,44445.0,0.0,0.0002948977791116342,0.0,1,False,False
100000005093521100,terminal,0.4039,3,0.0394,"1 входящих связей от 1 отправителей; 0 исходящих связей к 0 получателям; вход 15,200 KZT, выход 0 KZT",1,0,15200.0,0.0,0.0002886128880104748,0.0,1,False,False
100000006518161100,transit,0.9986,16,0.8108,"3 входящих связей от 3 отправителей; 2 исходящих связей к 2 получателям; вход 594,200 KZT, выход 595,899 KZT",3,2,594200.0,595899.0,0.0008108053328700446,1.002859306630764,1,False,False
100000001126374100,peripheral,0.35,0,0.5143,"4 входящих связей от 4 отправителей; 2 исходящих связей к 2 получателям; вход 182,500 KZT, выход 29,200 KZT",4,2,182500.0,29200.0,0.00031350041044900305,0.16,1,False,False
100000004509286100,terminal,0.4552,3,0.0781,"1 входящих связей от 1 отправителей; 0 исходящих связей к 0 получателям; вход 40,000 KZT, выход 0 KZT",1,0,40000.0,0.0,0.00029357875156777607,0.0,1,False,False
100000005056870100,terminal,0.4184,55,0.0552,"1 входящих связей от 1 отправителей; 0 исходящих связей к 0 получателям; вход 20,000 KZT, выход 0 KZT",1,0,20000.0,0.0,0.0003031865584283141,0.0,1,False,False
100000008708368100,terminal,0.4274,22,0.057,"1 входящих связей от 1 отправителей; 0 исходящих связей к 0 получателям; вход 23,677 KZT, выход 0 KZT",1,0,23677.0,0.0,0.00029053881917720433,0.0,1,False,False
100000005895525100,terminal,0.5135,55,0.1556,"1 входящих связей от 1 отправителей; 0 исходящих связей к 0 получателям; вход 120,000 KZT, выход 0 KZT",1,0,120000.0,0.0,0.00039127287948343374,0.0,1,False,False
100000008716773100,terminal,0.4055,22,0.0406,"1 входящих связей от 1 отправителей; 0 исходящих связей к 0 получателям; вход 15,677 KZT, выход 0 KZT",1,0,15677.0,0.0,0.00028885971288505105,0.0,1,False,False
100000002778085100,terminal,0.4819,16,0.097,"1 входящих связей от 1 отправителей; 0 исходящих связей к 0 получателям; вход 66,208 KZT, выход 0 KZT",1,0,66208.0,0.0,0.0002926878495051828,0.0,1,False,False
100000007055802100,consolidator,1.0,0,0.7837,"6 входящих связей от 6 отправителей; 1 исходящих связей к 1 получателям; вход 2,024,999 KZT, выход 605,000 KZT",6,1,2024999.0,605000.0,0.0011819243661223104,0.29876557963732325,1,False,False
100000003071930100,consolidator,0.9867,5,0.5461,"3 входящих связей от 3 отправителей; 1 исходящих связей к 1 получателям; вход 477,610 KZT, выход 5,000 KZT",3,1,477610.0,5000.0,0.0003483674806474168,0.010468792529469651,1,False,False
100000002941114100,consolidator,0.6058,11,0.6314,"2 входящих связей от 2 отправителей; 1 исходящих связей к 1 получателям; вход 128,510 KZT, выход 15,000 KZT",2,1,128510.0,15000.0,0.0018146321453408225,0.11672243405182477,1,False,False
100000003888271100,peripheral,0.35,23,0.2719,"1 входящих связей от 1 отправителей; 2 исходящих связей к 2 получателям; вход 12,177 KZT, выход 25,590 KZT",1,2,12177.0,25590.0,0.0002913863210858292,2.10150283321015,1,False,False
100000007507343100,terminal,0.5732,58,0.2896,"1 входящих связей от 1 отправителей; 0 исходящих связей к 0 получателям; вход 370,000 KZT, выход 0 KZT",1,0,370000.0,0.0,0.0006416178761806914,0.0,1,False,False
100000008002020100,peripheral,0.35,8,0.3011,"1 входящих связей от 1 отправителей; 1 исходящих связей к 1 получателям; вход 73,860 KZT, выход 17,000 KZT",1,1,73860.0,17000.0,0.00029782673449048764,0.23016517736257786,1,False,False
100000001872484100,distributor,0.8433,39,0.7375,"1 входящих связей от 1 отправителей; 3 исходящих связей к 3 получателям; вход 871,400 KZT, выход 514,580 KZT",1,3,871400.0,514580.0,0.0022739787649245706,0.5905210006885472,1,False,False
100000008769636100,terminal,0.4261,22,0.056,"1 входящих связей от 1 отправителей; 0 исходящих связей к 0 получателям; вход 23,118 KZT, выход 0 KZT",1,0,23118.0,0.0,0.0002904214916250401,0.0,1,False,False
100000004135268100,distributor,0.8529,58,0.7435,"2 входящих связей от 2 отправителей; 3 исходящих связей к 3 получателям; вход 1,239,000 KZT, выход 1,000,200 KZT",2,3,1239000.0,1000200.0,0.0017405273422577722,0.8072639225181598,1,False,False
100000005316708100,peripheral,0.35,2,0.3816,"1 входящих связей от 1 отправителей; 2 исходящих связей к 2 получателям; вход 90,000 KZT, выход 257,500 KZT",1,2,90000.0,257500.0,0.0002976906193985501,2.861111111111111,1,False,False
100000008671929100,terminal,0.4885,3,0.1047,"1 входящих связей от 1 отправителей; 0 исходящих связей к 0 получателям; вход 75,000 KZT, выход 0 KZT",1,0,75000.0,0.0,0.0003005870267494512,0.0,1,False,False
100000005287097100,distributor,0.9982,16,0.6947,"2 входящих связей от 2 отправителей; 9 исходящих связей к 9 получателям; вход 127,173 KZT, выход 697,300 KZT",2,9,127173.0,697300.0,0.0003027074338818183,5.483082100760382,1,False,False
100000007283257100,terminal,0.5384,73,0.1727,"1 входящих связей от 1 отправителей; 0 исходящих связей к 0 получателям; вход 192,000 KZT, выход 0 KZT",1,0,192000.0,0.0,0.0003890688456836091,0.0,1,False,False
100000004847758100,distributor,0.989,3,0.6869,"4 входящих связей от 4 отправителей; 15 исходящих связей к 15 получателям; вход 115,171 KZT, выход 488,800 KZT",4,15,115171.0,488800.0,0.0003047422483467836,4.244123954815014,1,False,False
100000008737422100,terminal,0.4899,22,0.106,"1 входящих связей от 1 отправителей; 0 исходящих связей к 0 получателям; вход 76,903 KZT, выход 0 KZT",1,0,76903.0,0.0,0.0003017103331154731,0.0,1,False,False
100000008555918100,coordinator,0.2432,3,0.4571,"1 входящих связей от 1 отправителей; 2 исходящих связей к 2 получателям; вход 139,211 KZT, выход 43,300 KZT",1,2,139211.0,43300.0,0.0003134444083977524,0.3110386391879952,1,False,False
100000008094734100,consolidator,0.9494,0,0.3343,"4 входящих связей от 4 отправителей; 0 исходящих связей к 0 получателям; вход 236,249 KZT, выход 0 KZT",4,0,236249.0,0.0,0.00034413600318898276,0.0,1,False,False
100000006952718100,terminal,0.486,16,0.1002,"1 входящих связей от 1 отправителей; 0 исходящих связей к 0 получателям; вход 71,489 KZT, выход 0 KZT",1,0,71489.0,0.0,0.0002932556523458571,0.0,1,False,False
100000005339662100,coordinator,1.0,4,0.9454,"4 входящих связей от 4 отправителей; 4 исходящих связей к 4 получателям; вход 202,939 KZT, выход 295,160 KZT",4,4,202939.0,295160.0,0.0016567441326948023,1.4544271924075707,1,False,False
100000001716579100,terminal,0.3992,22,0.036,"1 входящих связей от 1 отправителей; 0 исходящих связей к 0 получателям; вход 13,916 KZT, выход 0 KZT",1,0,13916.0,0.0,0.0002884900996124908,0.0,1,False,False
100000002774456100,terminal,0.4674,11,0.0868,"1 входящих связей от 1 отправителей; 0 исходящих связей к 0 получателям; вход 50,363 KZT, выход 0 KZT",1,0,50363.0,0.0,0.00029320785927153096,0.0,1,False,False
100000004394765100,coordinator,0.3433,16,0.6341,"3 входящих связей от 3 отправителей; 2 исходящих связей к 2 получателям; вход 603,844 KZT, выход 82,500 KZT",3,2,603844.0,82500.0,0.00038027545911161945,0.13662469114539516,1,False,False
100000004004621100,consolidator,0.8888,12,0.2749,"3 входящих связей от 3 отправителей; 0 исходящих связей к 0 получателям; вход 75,389 KZT, выход 0 KZT",3,0,75389.0,0.0,0.0003007744031334764,0.0,1,False,False
100000000907277100,terminal,0.4115,22,0.0451,"1 входящих связей от 1 отправителей; 0 исходящих связей к 0 получателям; вход 17,534 KZT, выход 0 KZT",1,0,17534.0,0.0,0.00028924947543311713,0.0,1,False,False
100000003835149100,peripheral,0.35,21,0.506,"1 входящих связей от 1 отправителей; 2 исходящих связей к 2 получателям; вход 248,500 KZT, выход 4,600,440 KZT",1,2,248500.0,4600440.0,0.0004889016554646466,18.512837022132796,1,False,False
100000004254434100,terminal,0.4608,22,0.0826,"1 входящих связей от 1 отправителей; 0 исходящих связей к 0 получателям; вход 44,445 KZT, выход 0 KZT",1,0,44445.0,0.0,0.0002948977791116342,0.0,1,False,False
100000003635170100,distributor,0.9059,53,0.954,"3 входящих связей от 3 отправителей; 4 исходящих связей к 4 получателям; вход 268,500 KZT, выход 253,500 KZT",3,4,268500.0,253500.0,0.0011481911115018457,0.9441340782122905,1,False,False
100000006687202100,terminal,0.467,0,0.0871,"1 входящих связей от 1 отправителей; 0 исходящих связей к 0 получателям; вход 50,000 KZT, выход 0 KZT",1,0,50000.0,0.0,0.00029495191537630183,0.0,1,False,False
100000006030946100,terminal,0.4873,22,0.1039,"1 входящих связей от 1 отправителей; 0 исходящих связей к 0 получателям; вход 73,289 KZT, выход 0 KZT",1,0,73289.0,0.0,0.00030095179684799285,0.0,1,False,False
100000002615479100,terminal,0.5456,5,0.1489,"1 входящих связей от 1 отправителей; 0 исходящих связей к 0 получателям; вход 220,000 KZT, выход 0 KZT",1,0,220000.0,0.0,0.00030919582846738417,0.0,1,False,False
100000002952631100,terminal,0.4649,16,0.0841,"1 входящих связей от 1 отправителей; 0 исходящих связей к 0 получателям; вход 48,050 KZT, выход 0 KZT",1,0,48050.0,0.0,0.00029073553668924586,0.0,1,False,False
100000002890167100,terminal,0.5126,16,0.1212,"1 входящих связей от 1 отправителей; 0 исходящих связей к 0 получателям; вход 118,150 KZT, выход 0 KZT",1,0,118150.0,0.0,0.0002982725522414642,0.0,1,False,False
100000008687671100,terminal,0.4518,22,0.0756,"1 входящих связей от 1 отправителей; 0 исходящих связей к 0 получателям; вход 37,500 KZT, выход 0 KZT",1,0,37500.0,0.0,0.00029344010496175864,0.0,1,False,False
100000000810551100,coordinator,0.3761,3,0.4254,"1 входящих связей от 1 отправителей; 1 исходящих связей к 1 получателям; вход 100,000 KZT, выход 7,100 KZT",1,1,100000.0,7100.0,0.0003055929375935048,0.071,1,False,False
100000008724279100,terminal,0.3902,16,0.029,"1 входящих связей от 1 отправителей; 0 исходящих связей к 0 получателям; вход 11,750 KZT, выход 0 KZT",1,0,11750.0,0.0,0.0002868326313462284,0.0,1,False,False
100000002592567100,peripheral,0.35,16,0.2479,"1 входящих связей от 1 отправителей; 2 исходящих связей к 2 получателям; вход 5,297 KZT, выход 48,600 KZT",1,2,5297.0,48600.0,0.00028613881734682083,9.175004719652634,1,False,False
100000002670860100,consolidator,0.6723,24,0.2756,"2 входящих связей от 2 отправителей; 0 исходящих связей к 0 получателям; вход 450,000 KZT, выход 0 KZT",2,0,450000.0,0.0,0.00030894570400308004,0.0,1,False,False
100000002844897100,terminal,0.3858,5,0.0258,"1 входящих связей от 1 отправителей; 0 исходящих связей к 0 получателям; вход 10,800 KZT, выход 0 KZT",1,0,10800.0,0.0,0.0002867291422622948,0.0,1,False,False
100000007938486100,terminal,0.4545,22,0.0777,"1 входящих связей от 1 отправителей; 0 исходящих связей к 0 получателям; вход 39,500 KZT, выход 0 KZT",1,0,39500.0,0.0,0.000293859881534797,0.0,1,False,False
100000008438656100,consolidator,0.5807,3,0.3577,"2 входящих связей от 2 отправителей; 1 исходящих связей к 1 получателям; вход 80,000 KZT, выход 5,000 KZT",2,1,80000.0,5000.0,0.00029739252742606035,0.0625,1,False,False
100000008304139100,distributor,1.0,3,0.7148,"4 входящих связей от 4 отправителей; 24 исходящих связей к 24 получателям; вход 189,330 KZT, выход 1,692,997 KZT",4,24,189329.75,1692997.0,0.0003136180059586529,8.942054801213228,1,False,False
100000002597003100,peripheral,0.35,0,0.2663,"1 входящих связей от 1 отправителей; 1 исходящих связей к 1 получателям; вход 17,700 KZT, выход 11,000 KZT",1,1,17700.0,11000.0,0.00028889074210758034,0.6214689265536724,1,False,False
100000002830055100,terminal,0.3995,22,0.0362,"1 входящих связей от 1 отправителей; 0 исходящих связей к 0 получателям; вход 14,000 KZT, выход 0 KZT",1,0,14000.0,0.0,0.0002885077302285584,0.0,1,False,False
100000004299488100,peripheral,0.35,0,0.8041,"6 входящих связей от 6 отправителей; 2 исходящих связей к 2 получателям; вход 1,749,000 KZT, выход 344,999 KZT",6,2,1749000.0,344999.0,0.0014621185934412442,0.19725500285877645,1,False,False
100000002809568100,terminal,0.3817,0,0.023,"1 входящих связей от 1 отправителей; 0 исходящих связей к 0 получателям; вход 10,000 KZT, выход 0 KZT",1,0,10000.0,0.0,0.0002874458184490925,0.0,1,False,False
100000004784224100,peripheral,0.35,21,0.2812,"1 входящих связей от 1 отправителей; 1 исходящих связей к 1 получателям; вход 23,500 KZT, выход 100,000 KZT",1,1,23500.0,100000.0,0.0003047979078563762,4.25531914893617,1,False,False
100000003123296100,terminal,0.4959,8,0.1097,"1 входящих связей от 1 отправителей; 0 исходящих связей к 0 получателям; вход 86,200 KZT, выход 0 KZT",1,0,86200.0,0.0,0.0002998746198543011,0.0,1,False,False
100000004130144100,terminal,0.5405,2,0.1408,"1 входящих связей от 1 отправителей; 0 исходящих связей к 0 получателям; вход 200,000 KZT, выход 0 KZT",1,0,200000.0,0.0,0.00029703774196744934,0.0,1,False,False
100000001253557100,consolidator,0.9432,42,0.3324,"5 входящих связей от 5 отправителей; 0 исходящих связей к 0 получателям; вход 210,200 KZT, выход 0 KZT",5,0,210200.0,0.0,0.0003510659229876527,0.0,1,False,False
100000008767925100,terminal,0.4103,22,0.0442,"1 входящих связей от 1 отправителей; 0 исходящих связей к 0 получателям; вход 17,144 KZT, выход 0 KZT",1,0,17144.0,0.0,0.0002891676190013747,0.0,1,False,False
100000007181706100,consolidator,0.6226,3,0.2435,"2 входящих связей от 2 отправителей; 0 исходящих связей к 0 получателям; вход 176,272 KZT, выход 0 KZT",2,0,176272.0,0.0,0.00031906641503554723,0.0,1,False,False
100000003366154100,distributor,0.8283,3,0.5375,"1 входящих связей от 1 отправителей; 3 исходящих связей к 3 получателям; вход 125,000 KZT, выход 289,170 KZT",1,3,125000.0,289170.0,0.0003105988484375585,2.31336,1,False,False
100000007641183100,terminal,0.4363,16,0.0627,"1 входящих связей от 1 отправителей; 0 исходящих связей к 0 получателям; вход 28,000 KZT, выход 0 KZT",1,0,28000.0,0.0,0.00028857979971603646,0.0,1,False,False
100000008663007100,terminal,0.3995,22,0.0362,"1 входящих связей от 1 отправителей; 0 исходящих связей к 0 получателям; вход 14,000 KZT, выход 0 KZT",1,0,14000.0,0.0,0.0002885077302285584,0.0,1,False,False
100000007334196100,terminal,0.5253,11,0.1339,"1 входящих связей от 1 отправителей; 0 исходящих связей к 0 получателям; вход 150,002 KZT, выход 0 KZT",1,0,150002.0,0.0,0.0003083201238991245,0.0,1,False,False
100000003873332100,distributor,0.909,43,0.5964,"1 входящих связей от 1 отправителей; 4 исходящих связей к 4 получателям; вход 23,468 KZT, выход 286,000 KZT",1,4,23468.0,286000.0,0.00028997312128448393,12.186807567751833,1,False,False
100000001550388100,terminal,0.467,0,0.0871,"1 входящих связей от 1 отправителей; 0 исходящих связей к 0 получателям; вход 50,000 KZT, выход 0 KZT",1,0,50000.0,0.0,0.00029495191537630183,0.0,1,False,False
100000008718089100,terminal,0.405,22,0.0403,"1 входящих связей от 1 отправителей; 0 исходящих связей к 0 получателям; вход 15,534 KZT, выход 0 KZT",1,0,15534.0,0.0,0.0002888296988600788,0.0,1,False,False
100000008728457100,terminal,0.4614,11,0.0822,"1 входящих связей от 1 отправителей; 0 исходящих связей к 0 получателям; вход 45,000 KZT, выход 0 KZT",1,0,45000.0,0.0,0.0002923944521197351,0.0,1,False,False
100000004206046100,terminal,0.3871,16,0.0267,"1 входящих связей от 1 отправителей; 0 исходящих связей к 0 получателям; вход 11,075 KZT, выход 0 KZT",1,0,11075.0,0.0,0.00028676005666009784,0.0,1,False,False
100000006579678100,distributor,1.0,16,0.8289,"2 входящих связей от 2 отправителей; 6 исходящих связей к 6 получателям; вход 192,930 KZT, выход 1,668,800 KZT",2,6,192930.0,1668800.0,0.0006256438748763348,8.649769346395066,1,False,False
100000002988894100,distributor,0.7943,3,0.5732,"1 входящих связей от 1 отправителей; 3 исходящих связей к 3 получателям; вход 306,121 KZT, выход 77,500 KZT",1,3,306121.0,77500.0,0.00034686587155699223,0.25316786499456095,1,False,False
100000008749406100,terminal,0.4103,22,0.0442,"1 входящих связей от 1 отправителей; 0 исходящих связей к 0 получателям; вход 17,144 KZT, выход 0 KZT",1,0,17144.0,0.0,0.0002891676190013747,0.0,1,False,False
100000005584222100,peripheral,0.35,0,0.6716,"2 входящих связей от 2 отправителей; 2 исходящих связей к 2 получателям; вход 192,717 KZT, выход 108,587 KZT",2,2,192717.0,108587.0,0.0008759174247919255,0.5634531463233653,1,False,False
100000003239859100,terminal,0.4146,8,0.0471,"1 входящих связей от 1 отправителей; 0 исходящих связей к 0 получателям; вход 18,600 KZT, выход 0 KZT",1,0,18600.0,0.0,0.0002886560582178517,0.0,1,False,False
100000003980083100,terminal,0.4399,61,0.1526,"1 входящих связей от 1 отправителей; 0 исходящих связей к 0 получателям; вход 30,000 KZT, выход 0 KZT",1,0,30000.0,0.0,0.0005285862410602071,0.0,1,False,False
100000004351795100,distributor,1.0,0,0.6968,"3 входящих связей от 3 отправителей; 14 исходящих связей к 14 получателям; вход 118,333 KZT, выход 1,715,161 KZT",3,14,118333.0,1715161.0,0.0003135156057452146,14.494359139039828,1,False,False
100000002666248100,terminal,0.4849,3,0.1017,"1 входящих связей от 1 отправителей; 0 исходящих связей к 0 получателям; вход 70,032 KZT, выход 0 KZT",1,0,70032.0,0.0,0.00029959225214652084,0.0,1,False,False
100000005877725100,terminal,0.4849,22,0.1019,"1 входящих связей от 1 отправителей; 0 исходящих связей к 0 получателям; вход 70,000 KZT, выход 0 KZT",1,0,70000.0,0.0,0.00030026147427363134,0.0,1,False,False
100000001697501100,distributor,1.0,22,0.7996,"3 входящих связей от 3 отправителей; 38 исходящих связей к 38 получателям; вход 123,700 KZT, выход 1,482,606 KZT",3,38,123700.0,1482606.0,0.0005916045492534855,11.98549717057397,1,False,False
100000006972210100,consolidator,0.9879,5,0.3629,"3 входящих связей от 3 отправителей; 0 исходящих связей к 0 получателям; вход 488,775 KZT, выход 0 KZT",3,0,488775.0,0.0,0.0003462960003537612,0.0,1,False,False
100000008749618100,terminal,0.4641,22,0.0852,"1 входящих связей от 1 отправителей; 0 исходящих связей к 0 получателям; вход 47,280 KZT, выход 0 KZT",1,0,47280.0,0.0,0.000295492812403916,0.0,1,False,False
100000008671026100,terminal,0.4271,22,0.0568,"1 входящих связей от 1 отправителей; 0 исходящих связей к 0 получателям; вход 23,534 KZT, выход 0 KZT",1,0,23534.0,0.0,0.0002905088051522321,0.0,1,False,False
100000001696818100,terminal,0.4707,3,0.0912,"1 входящих связей от 1 отправителей; 0 исходящих связей к 0 получателям; вход 53,550 KZT, выход 0 KZT",1,0,53550.0,0.0,0.0002988369268863407,0.0,1,False,False
100000008679986100,terminal,0.4157,22,0.0482,"1 входящих связей от 1 отправителей; 0 исходящих связей к 0 получателям; вход 19,000 KZT, выход 0 KZT",1,0,19000.0,0.0,0.0002895571716611542,0.0,1,False,False
100000003616818100,peripheral,0.35,34,0.5277,"3 входящих связей от 3 отправителей; 3 исходящих связей к 3 получателям; вход 78,000 KZT, выход 240,100 KZT",3,3,78000.0,240100.0,0.0005130034108689012,3.0782051282051284,1,False,False
100000004156082100,distributor,1.0,4,0.9423,"5 входящих связей от 5 отправителей; 26 исходящих связей к 26 получателям; вход 377,366 KZT, выход 2,319,556 KZT",5,26,377366.11,2319556.0,0.0008669668928480412,6.146699288921308,1,False,False
100000008667058100,terminal,0.4115,22,0.0451,"1 входящих связей от 1 отправителей; 0 исходящих связей к 0 получателям; вход 17,534 KZT, выход 0 KZT",1,0,17534.0,0.0,0.00028924947543311713,0.0,1,False,False
100000008628231100,coordinator,0.2341,74,0.4471,"1 входящих связей от 1 отправителей; 2 исходящих связей к 2 получателям; вход 50,000 KZT, выход 627,870 KZT",1,2,50000.0,627870.0,0.0002955811159053975,12.5574,1,False,False
100000008749063100,terminal,0.4157,22,0.0482,"1 входящих связей от 1 отправителей; 0 исходящих связей к 0 получателям; вход 19,000 KZT, выход 0 KZT",1,0,19000.0,0.0,0.0002895571716611542,0.0,1,False,False
100000004494983100,terminal,0.4481,22,0.0728,"1 входящих связей от 1 отправителей; 0 исходящих связей к 0 получателям; вход 35,000 KZT, выход 0 KZT",1,0,35000.0,0.0,0.00029291538424546074,0.0,1,False,False
100000007648946100,peripheral,0.35,12,0.2498,"1 входящих связей от 1 отправителей; 1 исходящих связей к 1 получателям; вход 19,550 KZT, выход 25,000 KZT",1,1,19550.0,25000.0,0.0002892378990904637,1.278772378516624,1,False,False
100000003037660100,terminal,0.4701,3,0.0898,"1 входящих связей от 1 отправителей; 0 исходящих связей к 0 получателям; вход 53,000 KZT, выход 0 KZT",1,0,53000.0,0.0,0.000296181825206684,0.0,1,False,False
100000002679516100,consolidator,0.905,8,0.2961,"3 входящих связей от 3 отправителей; 0 исходящих связей к 0 получателям; вход 102,335 KZT, выход 0 KZT",3,0,102335.0,0.0,0.0003268254970708488,0.0,1,False,False
100000005588444100,terminal,0.3927,2,0.0307,"1 входящих связей от 1 отправителей; 0 исходящих связей к 0 получателям; вход 12,300 KZT, выход 0 KZT",1,0,12300.0,0.0,0.000286274603753925,0.0,1,False,False
100000001307612100,terminal,0.4532,22,0.0767,"1 входящих связей от 1 отправителей; 0 исходящих связей к 0 получателям; вход 38,483 KZT, выход 0 KZT",1,0,38483.0,0.0,0.00029364642514740697,0.0,1,False,False
100000003001564100,peripheral,0.35,16,0.3141,"1 входящих связей от 1 отправителей; 1 исходящих связей к 1 получателям; вход 23,520 KZT, выход 180,000 KZT",1,1,23520.0,180000.0,0.00028809811883623705,7.653061224489796,1,False,False
100000002762076100,consolidator,0.6105,2,0.3654,"2 входящих связей от 2 отправителей; 1 исходящих связей к 1 получателям; вход 140,350 KZT, выход 30,000 KZT",2,1,140350.0,30000.0,0.00029914566971164466,0.21375133594584966,1,False,False
100000005514161100,consolidator,0.9775,2,0.7326,"4 входящих связей от 4 отправителей; 1 исходящих связей к 1 получателям; вход 401,500 KZT, выход 50,000 KZT",4,1,401500.0,50000.0,0.0008061423847001035,0.12453300124533001,1,False,False
100000008746673100,terminal,0.4702,22,0.09,"1 входящих связей от 1 отправителей; 0 исходящих связей к 0 получателям; вход 53,048 KZT, выход 0 KZT",1,0,53048.0,0.0,0.0002967034480405586,0.0,1,False,False
100000003265158100,transit,0.973,8,0.7097,"3 входящих связей от 3 отправителей; 2 исходящих связей к 2 получателям; вход 146,100 KZT, выход 154,200 KZT",3,2,146100.4,154200.0,0.0003846709844220256,1.055438588806054,1,False,False
100000001567366100,terminal,0.6,16,0.2117,"1 входящих связей от 1 отправителей; 0 исходящих связей к 0 получателям; вход 824,070 KZT, выход 0 KZT",1,0,824070.0,0.0,0.0003741716965869987,0.0,1,False,False
100000008777088100,terminal,0.4129,22,0.0461,"1 входящих связей от 1 отправителей; 0 исходящих связей к 0 получателям; вход 18,000 KZT, выход 0 KZT",1,0,18000.0,0.0,0.00028934728337463503,0.0,1,False,False
100000002589019100,terminal,0.4477,8,0.0719,"1 входящих связей от 1 отправителей; 0 исходящих связей к 0 получателям; вход 34,710 KZT, выход 0 KZT",1,0,34710.0,0.0,0.00029132959413446705,0.0,1,False,False
100000008666075100,terminal,0.4328,22,0.0611,"1 входящих связей от 1 отправителей; 0 исходящих связей к 0 получателям; вход 26,217 KZT, выход 0 KZT",1,0,26217.0,0.0,0.00029107193542496297,0.0,1,False,False
100000008137435100,distributor,1.0,29,0.6882,"2 входящих связей от 2 отправителей; 6 исходящих связей к 6 получателям; вход 93,906 KZT, выход 1,419,700 KZT",2,6,93906.0,1419700.0,0.00031427797773225964,15.118309799160864,1,False,False
100000004403675100,distributor,0.9731,49,0.8547,"4 входящих связей от 4 отправителей; 5 исходящих связей к 5 получателям; вход 182,980 KZT, выход 264,699 KZT",4,5,182980.0,264699.0,0.0007400733271266633,1.4466007213903158,1,False,False
100000004677680100,consolidator,0.568,11,0.6701,"2 входящих связей от 2 отправителей; 1 исходящих связей к 1 получателям; вход 63,000 KZT, выход 168,000 KZT",2,1,63000.0,168000.0,0.001092834174565077,2.6666666666666665,1,False,False
100000005958064100,peripheral,0.35,40,0.2972,"1 входящих связей от 1 отправителей; 2 исходящих связей к 2 получателям; вход 5,746 KZT, выход 163,987 KZT",1,2,5746.0,163986.84,0.0002861870929528544,28.539303863557258,1,False,False
100000002881669100,terminal,0.4146,8,0.0471,"1 входящих связей от 1 отправителей; 0 исходящих связей к 0 получателям; вход 18,600 KZT, выход 0 KZT",1,0,18600.0,0.0,0.0002886560582178517,0.0,1,False,False
100000002938501100,peripheral,0.35,16,0.1953,"1 входящих связей от 1 отправителей; 1 исходящих связей к 1 получателям; вход 8,395 KZT, выход 5,000 KZT",1,1,8395.0,5000.0,0.00028647190827664644,0.5955926146515783,1,False,False
100000006734554100,peripheral,0.35,27,0.2525,"1 входящих связей от 1 отправителей; 1 исходящих связей к 1 получателям; вход 16,500 KZT, выход 25,000 KZT",1,1,16500.0,25000.0,0.000311941698524386,1.5151515151515151,1,False,False
100000008003034100,distributor,0.8896,12,0.5603,"1 входящих связей от 1 отправителей; 4 исходящих связей к 4 получателям; вход 12,201 KZT, выход 135,000 KZT",1,4,12201.0,135000.0,0.00028688112198836885,11.064666830587656,1,False,False
100000003970394100,terminal,0.4952,8,0.1091,"1 входящих связей от 1 отправителей; 0 исходящих связей к 0 получателям; вход 85,000 KZT, выход 0 KZT",1,0,85000.0,0.0,0.0002996754737897487,0.0,1,False,False
100000003205210100,terminal,0.5207,3,0.1324,"1 входящих связей от 1 отправителей; 0 исходящих связей к 0 получателям; вход 137,563 KZT, выход 0 KZT",1,0,137563.0,0.0,0.00031311441875491234,0.0,1,False,False
100000004559194100,terminal,0.5588,16,0.1608,"1 входящих связей от 1 отправителей; 0 исходящих связей к 0 получателям; вход 282,145 KZT, выход 0 KZT",1,0,282145.0,0.0,0.00031590497542956757,0.0,1,False,False
100000008173359100,terminal,0.3556,16,0.004,"1 входящих связей от 1 отправителей; 0 исходящих связей к 0 получателям; вход 6,110 KZT, выход 0 KZT",1,0,6110.0,0.0,0.00028622622952433806,0.0,1,False,False
100000007953156100,peripheral,0.35,40,0.3354,"1 входящих связей от 1 отправителей; 1 исходящих связей к 1 получателям; вход 18,000 KZT, выход 10,000 KZT",1,1,18000.0,10000.0,0.00047784166830759937,0.5555555555555556,2,False,False
100000002224132100,peripheral,0.35,21,0.791,"5 входящих связей от 5 отправителей; 4 исходящих связей к 4 получателям; вход 3,951,020 KZT, выход 12,115,000 KZT",5,4,3951020.0,12115000.0,0.005995733195474406,3.0662968043695047,2,False,False
100000008547844100,distributor,1.0,42,0.7235,"3 входящих связей от 3 отправителей; 19 исходящих связей к 19 получателям; вход 177,600 KZT, выход 2,042,199 KZT",3,19,177600.0,2042199.0,0.0003443380521779426,11.498868243243244,2,False,False
100000002635780100,terminal,0.5297,2,0.2269,"1 входящих связей от 1 отправителей; 0 исходящих связей к 0 получателям; вход 163,000 KZT, выход 0 KZT",1,0,163000.02,0.0,0.0005553850086577899,0.0,2,False,False
100000001279875100,terminal,0.4662,24,0.0896,"1 входящих связей от 1 отправителей; 0 исходящих связей к 0 получателям; вход 49,235 KZT, выход 0 KZT",1,0,49235.0,0.0,0.00030327274282640596,0.0,2,False,False
100000001961048100,terminal,0.5253,33,0.1325,"1 входящих связей от 1 отправителей; 0 исходящих связей к 0 получателям; вход 150,000 KZT, выход 0 KZT",1,0,150000.0,0.0,0.00030430933928482474,0.0,2,False,False
100000000993112100,terminal,0.522,41,0.1799,"1 входящих связей от 1 отправителей; 0 исходящих связей к 0 получателям; вход 141,000 KZT, выход 0 KZT",1,0,141000.0,0.0,0.00044111482764995513,0.0,2,False,False
100000005547096100,peripheral,0.35,71,0.5032,"1 входящих связей от 1 отправителей; 2 исходящих связей к 2 получателям; вход 8,000 KZT, выход 226,300 KZT",1,2,8000.0,226300.0,0.0008920567423173877,28.2875,2,False,False
100000000331309100,distributor,1.0,10,0.964,"5 входящих связей от 5 отправителей; 99 исходящих связей к 99 получателям; вход 984,635 KZT, выход 23,001,375 KZT",5,99,984635.0,23001375.0,0.0008756899038073739,23.360306103276848,2,False,False
100000006684930100,terminal,0.3817,12,0.0271,"1 входящих связей от 1 отправителей; 0 исходящих связей к 0 получателям; вход 10,000 KZT, выход 0 KZT",1,0,10000.0,0.0,0.0002987343713958278,0.0,2,False,False
100000004479404100,consolidator,0.6887,51,0.8152,"2 входящих связей от 2 отправителей; 1 исходящих связей к 1 получателям; вход 1,492,000 KZT, выход 300,000 KZT",2,1,1492000.0,300000.0,0.0008667096306509913,0.20107238605898123,2,False,False
100000004134060100,terminal,0.4971,35,0.1208,"1 входящих связей от 1 отправителей; 0 исходящих связей к 0 получателям; вход 88,179 KZT, выход 0 KZT",1,0,88179.0,0.0,0.0003280105841798631,0.0,2,False,False
100000001083990100,terminal,0.4669,8,0.1624,"1 входящих связей от 1 отправителей; 0 исходящих связей к 0 получателям; вход 49,900 KZT, выход 0 KZT",1,0,49900.0,0.0,0.0005021137973799169,0.0,2,False,False
100000004573782100,terminal,0.4032,2,0.0466,"1 входящих связей от 1 отправителей; 0 исходящих связей к 0 получателям; вход 15,000 KZT, выход 0 KZT",1,0,15000.0,0.0,0.000309897016928629,0.0,2,False,False
100000005660203100,peripheral,0.35,16,0.6955,"1 входящих связей от 1 отправителей; 2 исходящих связей к 2 получателям; вход 572,899 KZT, выход 41,000 KZT",1,2,572899.0,41000.0,0.0009492504038791937,0.07156584319400104,2,False,False
100000008771627100,terminal,0.4082,22,0.0434,"1 входящих связей от 1 отправителей; 0 исходящих связей к 0 получателям; вход 16,500 KZT, выход 0 KZT",1,0,16500.0,0.0,0.0002911733098421879,0.0,2,False,False
100000000031787100,transit,1.0,2,0.416,"1 входящих связей от 1 отправителей; 2 исходящих связей к 2 получателям; вход 90,000 KZT, выход 90,000 KZT",1,2,90000.0,90000.0,0.00043153563048532306,1.0,2,False,False
100000001346560100,consolidator,0.4704,3,0.4065,"2 входящих связей от 2 отправителей; 1 исходящих связей к 1 получателям; вход 10,000 KZT, выход 22,200 KZT",2,1,10000.0,22200.0,0.0005866163489075479,2.22,2,False,False
100000001703168100,peripheral,0.35,3,0.3313,"1 входящих связей от 1 отправителей; 1 исходящих связей к 1 получателям; вход 45,000 KZT, выход 90,000 KZT",1,1,45000.0,90000.0,0.0002926634317603069,2.0,2,False,False
100000004904960100,consolidator,0.5321,0,0.3451,"2 входящих связей от 2 отправителей; 0 исходящих связей к 0 получателям; вход 32,000 KZT, выход 0 KZT",2,0,32000.0,0.0,0.0007779174826823405,0.0,2,False,False
100000004467157100,peripheral,0.35,62,0.2691,"1 входящих связей от 1 отправителей; 1 исходящих связей к 1 получателям; вход 20,000 KZT, выход 7,000 KZT",1,1,20000.0,7000.0,0.0003865607584834239,0.35,2,False,False
100000008346837100,distributor,1.0,12,0.811,"9 входящих связей от 9 отправителей; 25 исходящих связей к 25 получателям; вход 254,359 KZT, выход 1,258,643 KZT",9,25,254359.0,1258643.0,0.0005474079827287922,4.948293553599441,2,False,False
100000006385877100,peripheral,0.35,5,0.5426,"1 входящих связей от 1 отправителей; 1 исходящих связей к 1 получателям; вход 53,707 KZT, выход 36,603 KZT",1,1,53706.62,36602.93,0.0020942975539589184,0.6815347903107661,2,False,False
100000002459093100,peripheral,0.35,48,0.4223,"1 входящих связей от 1 отправителей; 1 исходящих связей к 1 получателям; вход 500,000 KZT, выход 55,000 KZT",1,1,500000.0,55000.0,0.0003892499869806256,0.11,2,False,False
100000005053653100,consolidator,0.5681,12,0.3684,"2 входящих связей от 2 отправителей; 1 исходящих связей к 1 получателям; вход 63,073 KZT, выход 25,000 KZT",2,1,63073.0,25000.0,0.00031360085843204776,0.3963661154535221,2,False,False
100000001557930100,terminal,0.4475,2,0.0721,"1 входящих связей от 1 отправителей; 0 исходящих связей к 0 получателям; вход 34,610 KZT, выход 0 KZT",1,0,34610.0,0.0,0.0002921289541275448,0.0,2,False,False
100000002820010100,terminal,0.4399,2,0.0663,"1 входящих связей от 1 отправителей; 0 исходящих связей к 0 получателям; вход 30,000 KZT, выход 0 KZT",1,0,30000.0,0.0,0.0002912552172830988,0.0,2,False,False
100000000769919100,terminal,0.5524,37,0.3087,"1 входящих связей от 1 отправителей; 0 исходящих связей к 0 получателям; вход 250,000 KZT, выход 0 KZT",1,0,250000.0,0.0,0.0007354469638244235,0.0,2,False,False
100000003188607100,peripheral,0.35,2,0.2354,"1 входящих связей от 1 отправителей; 1 исходящих связей к 1 получателям; вход 18,000 KZT, выход 5,000 KZT",1,1,18000.0,5000.0,0.00031476256147089675,0.2777777777777778,2,False,False
100000002836052100,terminal,0.4032,3,0.0451,"1 входящих связей от 1 отправителей; 0 исходящих связей к 0 получателям; вход 15,000 KZT, выход 0 KZT",1,0,15000.0,0.0,0.0003056660501463517,0.0,2,False,False
100000001102676100,transit,1.0,3,0.3427,"1 входящих связей от 1 отправителей; 1 исходящих связей к 1 получателям; вход 50,000 KZT, выход 50,000 KZT",1,1,50000.0,50000.0,0.00031303095439867446,1.0,2,False,False
100000003390036100,coordinator,0.7281,11,0.7718,"2 входящих связей от 2 отправителей; 2 исходящих связей к 2 получателям; вход 231,300 KZT, выход 62,000 KZT",2,2,231300.0,62000.0,0.0013242239371446245,0.2680501513186338,2,False,False
100000008335401100,terminal,0.5253,18,0.2223,"1 входящих связей от 1 отправителей; 0 исходящих связей к 0 получателям; вход 150,000 KZT, выход 0 KZT",1,0,150000.0,0.0,0.0005512278448300608,0.0,2,False,False
100000006994985100,peripheral,0.35,2,0.3817,"1 входящих связей от 1 отправителей; 1 исходящих связей к 1 получателям; вход 48,500 KZT, выход 10,200 KZT",1,1,48500.0,10200.0,0.0005013304862324064,0.21030927835051547,2,False,False
100000008356606100,consolidator,0.6202,12,0.3536,"2 входящих связей от 2 отправителей; 0 исходящих связей к 0 получателям; вход 168,500 KZT, выход 0 KZT",2,0,168500.0,0.0,0.0006267853006401138,0.0,2,False,False
100000007930878100,terminal,0.35,23,0.0715,"1 входящих связей от 1 отправителей; 0 исходящих связей к 0 получателям; вход 5,000 KZT, выход 0 KZT",1,0,5000.0,0.0,0.00048363772579278794,0.0,2,False,False
100000008389800100,distributor,0.9839,16,0.7761,"3 входящих связей от 3 отправителей; 7 исходящих связей к 7 получателям; вход 189,000 KZT, выход 401,620 KZT",3,7,189000.0,401620.0,0.0005050963840560323,2.124973544973545,2,False,False
100000005474472100,terminal,0.5038,21,0.2045,"1 входящих связей от 1 отправителей; 0 исходящих связей к 0 получателям; вход 100,000 KZT, выход 0 KZT",1,0,100000.0,0.0,0.0005449540086863319,0.0,2,False,False
100000004486525100,peripheral,0.35,0,0.7056,"8 входящих связей от 8 отправителей; 2 исходящих связей к 2 получателям; вход 360,924 KZT, выход 271,045 KZT",8,2,360924.0,271045.0,0.0008057988481996686,0.7509752745730403,2,False,False
100000003031890100,terminal,0.5444,34,0.1782,"1 входящих связей от 1 отправителей; 0 исходящих связей к 0 получателям; вход 215,000 KZT, выход 0 KZT",1,0,215000.0,0.0,0.00039212223001592727,0.0,2,False,False
100000008624978100,terminal,0.5084,35,0.1326,"1 входящих связей от 1 отправителей; 0 исходящих связей к 0 получателям; вход 109,000 KZT, выход 0 KZT",1,0,109000.0,0.0,0.00033803190556376094,0.0,2,False,False
100000000790311100,terminal,0.463,4,0.0861,"1 входящих связей от 1 отправителей; 0 исходящих связей к 0 получателям; вход 46,300 KZT, выход 0 KZT",1,0,46300.0,0.0,0.00030029921906631226,0.0,2,False,False
100000008546855100,coordinator,0.6343,43,0.7369,"6 входящих связей от 6 отправителей; 2 исходящих связей к 2 получателям; вход 71,790 KZT, выход 10,000 KZT",6,2,71790.0,10000.0,0.0014269758891576874,0.1392951664577239,2,False,False
100000002863356100,peripheral,0.35,22,0.2851,"1 входящих связей от 1 отправителей; 1 исходящих связей к 1 получателям; вход 45,000 KZT, выход 20,000 KZT",1,1,45000.0,20000.0,0.00030085297319428395,0.4444444444444444,2,False,False
100000000332284100,coordinator,0.6133,10,0.7407,"10 входящих связей от 10 отправителей; 3 исходящих связей к 3 получателям; вход 107,426 KZT, выход 289,500 KZT",10,3,107426.0,289500.0,0.0007170946224349055,2.69487833485376,2,False,False
100000002605308100,consolidator,1.0,40,0.5674,"3 входящих связей от 3 отправителей; 0 исходящих связей к 0 получателям; вход 2,569,522 KZT, выход 0 KZT",3,0,2569521.84,0.0,0.0008849814697633063,0.0,2,False,False
100000005931985100,terminal,0.4892,24,0.1097,"1 входящих связей от 1 отправителей; 0 исходящих связей к 0 получателям; вход 76,000 KZT, выход 0 KZT",1,0,76000.0,0.0,0.0003128966445634423,0.0,2,False,False
100000001166289100,consolidator,0.6887,22,0.6642,"2 входящих связей от 2 отправителей; 1 исходящих связей к 1 получателям; вход 721,039 KZT, выход 25,000 KZT",2,1,721039.0,25000.0,0.0020021280906723808,0.0346721883282319,2,False,False
100000008477350100,distributor,1.0,0,0.9998,"11 входящих связей от 11 отправителей; 39 исходящих связей к 39 получателям; вход 610,100 KZT, выход 3,374,866 KZT",11,39,610100.0,3374866.0,0.0010342350786611216,5.531660383543682,2,False,False
100000003824464100,terminal,0.5405,29,0.1504,"1 входящих связей от 1 отправителей; 0 исходящих связей к 0 получателям; вход 200,000 KZT, выход 0 KZT",1,0,200000.0,0.0,0.0003232476510835702,0.0,2,False,False
100000002738256100,transit,0.9236,58,0.4328,"1 входящих связей от 1 отправителей; 1 исходящих связей к 1 получателям; вход 150,200 KZT, выход 175,000 KZT",1,1,150200.0,175000.0,0.0005073102992973024,1.1651131824234353,2,False,False
100000001857829100,distributor,1.0,1,0.8712,"6 входящих связей от 6 отправителей; 16 исходящих связей к 16 получателям; вход 888,535 KZT, выход 2,390,993 KZT",6,16,888535.0,2390993.0,0.000620479025252112,2.690938454872346,2,False,False
100000008672762100,terminal,0.3956,22,0.0339,"1 входящих связей от 1 отправителей; 0 исходящих связей к 0 получателям; вход 13,000 KZT, выход 0 KZT",1,0,13000.0,0.0,0.0002899845792550884,0.0,2,False,False
100000001737722100,terminal,0.4771,3,0.1031,"1 входящих связей от 1 отправителей; 0 исходящих связей к 0 получателям; вход 60,460 KZT, выход 0 KZT",1,0,60460.0,0.0,0.00031877593370862,0.0,2,False,False
100000005572303100,peripheral,0.35,16,0.3697,"1 входящих связей от 1 отправителей; 1 исходящих связей к 1 получателям; вход 75,000 KZT, выход 20,000 KZT",1,1,75000.0,20000.0,0.00031327623939934467,0.26666666666666666,2,False,False
100000008733049100,terminal,0.3817,4,0.0234,"1 входящих связей от 1 отправителей; 0 исходящих связей к 0 получателям; вход 10,000 KZT, выход 0 KZT",1,0,10000.0,0.0,0.0002887507034719386,0.0,2,False,False
100000000850297100,transit,1.0,11,0.2425,"1 входящих связей от 1 отправителей; 1 исходящих связей к 1 получателям; вход 17,520 KZT, выход 17,520 KZT",1,1,17520.0,17520.0,0.00029391683130875195,1.0,2,False,False
100000005140601100,peripheral,0.35,1,0.7005,"3 входящих связей от 3 отправителей; 2 исходящих связей к 2 получателям; вход 52,685 KZT, выход 195,300 KZT",3,2,52685.0,195300.0,0.0027057314547033204,3.706937458479643,2,False,False
100000004410489100,terminal,0.4711,3,0.0971,"1 входящих связей от 1 отправителей; 0 исходящих связей к 0 получателям; вход 54,000 KZT, выход 0 KZT",1,0,54000.0,0.0,0.00031421991061413013,0.0,2,False,False
100000006852430100,terminal,0.4511,11,0.1634,"1 входящих связей от 1 отправителей; 0 исходящих связей к 0 получателям; вход 37,000 KZT, выход 0 KZT",1,0,37000.0,0.0,0.0005362020040442936,0.0,2,False,False
100000003166755100,terminal,0.4281,3,0.0571,"1 входящих связей от 1 отправителей; 0 исходящих связей к 0 получателям; вход 24,010 KZT, выход 0 KZT",1,0,24010.0,0.0,0.000289354410715242,0.0,2,False,False
100000008258083100,coordinator,0.7253,33,0.8412,"2 входящих связей от 2 отправителей; 2 исходящих связей к 2 получателям; вход 3,149,500 KZT, выход 2,045,650 KZT",2,2,3149500.0,2045650.0,0.0010500443938968583,0.6495157961581204,2,False,False
100000003054328100,peripheral,0.35,24,0.4089,"1 входящих связей от 1 отправителей; 2 исходящих связей к 2 получателям; вход 140,000 KZT, выход 193,720 KZT",1,2,140000.0,193720.0,0.0003359091501180967,1.3837142857142857,2,False,False
100000008473207100,terminal,0.5411,3,0.2354,"1 входящих связей от 1 отправителей; 0 исходящих связей к 0 получателям; вход 202,000 KZT, выход 0 KZT",1,0,202000.0,0.0,0.000556205607395318,0.0,2,False,False
100000008104567100,coordinator,0.7778,18,0.7092,"3 входящих связей от 3 отправителей; 3 исходящих связей к 3 получателям; вход 53,550 KZT, выход 40,000 KZT",3,3,53550.0,40000.0,0.0005380423675699446,0.7469654528478058,2,False,False
100000002721825100,terminal,0.3867,0,0.1153,"1 входящих связей от 1 отправителей; 0 исходящих связей к 0 получателям; вход 11,000 KZT, выход 0 KZT",1,0,11000.0,0.0,0.0005314143750831572,0.0,2,False,False
100000003509750100,transit,0.9758,2,0.6765,"3 входящих связей от 3 отправителей; 3 исходящих связей к 3 получателям; вход 82,290 KZT, выход 78,400 KZT",3,3,82290.0,78400.0,0.001687048026555679,0.9527281565196257,2,False,False
100000007322059100,consolidator,0.5269,41,0.5047,"2 входящих связей от 2 отправителей; 1 исходящих связей к 1 получателям; вход 29,000 KZT, выход 22,500 KZT",2,1,29000.0,22500.0,0.0006801571631888173,0.7758620689655172,2,False,False
100000004441291100,terminal,0.4184,3,0.1445,"1 входящих связей от 1 отправителей; 0 исходящих связей к 0 получателям; вход 20,000 KZT, выход 0 KZT",1,0,20000.0,0.0,0.0005488430695675697,0.0,2,False,False
100000006122699100,consolidator,0.5512,8,0.2232,"2 входящих связей от 2 отправителей; 0 исходящих связей к 0 получателям; вход 45,865 KZT, выход 0 KZT",2,0,45865.0,0.0,0.0004047064849586182,0.0,2,False,False
100000008254069100,distributor,0.9498,49,0.5228,"1 входящих связей от 1 отправителей; 5 исходящих связей к 5 получателям; вход 10,200 KZT, выход 107,500 KZT",1,5,10200.0,107500.0,0.00034248614123752176,10.53921568627451,2,False,False
100000003336565100,terminal,0.4084,22,0.0436,"1 входящих связей от 1 отправителей; 0 исходящих связей к 0 получателям; вход 16,550 KZT, выход 0 KZT",1,0,16550.0,0.0,0.0002911902917077179,0.0,2,False,False
100000002492277100,terminal,0.5211,3,0.1306,"1 входящих связей от 1 отправителей; 0 исходящих связей к 0 получателям; вход 138,500 KZT, выход 0 KZT",1,0,138500.0,0.0,0.0003074034730996861,0.0,2,False,False
100000001339466100,terminal,0.4399,3,0.0709,"1 входящих связей от 1 отправителей; 0 исходящих связей к 0 получателям; вход 30,000 KZT, выход 0 KZT",1,0,30000.0,0.0,0.00030390187452179355,0.0,2,False,False
100000005022964100,terminal,0.4184,3,0.0639,"1 входящих связей от 1 отправителей; 0 исходящих связей к 0 получателям; вход 20,000 KZT, выход 0 KZT",1,0,20000.0,0.0,0.00032736478588998896,0.0,2,False,False
100000003112436100,terminal,0.5038,16,0.1162,"1 входящих связей от 1 отправителей; 0 исходящих связей к 0 получателям; вход 100,000 KZT, выход 0 KZT",1,0,100000.0,0.0,0.0003021326407143051,0.0,2,False,False
100000000489417100,consolidator,0.8875,12,0.5194,"3 входящих связей от 3 отправителей; 1 исходящих связей к 1 получателям; вход 73,504 KZT, выход 80,000 KZT",3,1,73504.0,80000.0,0.0005517574141078721,1.0883761427949499,2,False,False
100000002217161100,distributor,1.0,38,0.9539,"2 входящих связей от 2 отправителей; 7 исходящих связей к 7 получателям; вход 404,750 KZT, выход 995,132 KZT",2,7,404750.0,995132.0,0.000891569456171597,2.4586337245213095,2,False,False
100000002469065100,terminal,0.5405,16,0.1487,"1 входящих связей от 1 отправителей; 0 исходящих связей к 0 получателям; вход 200,000 KZT, выход 0 KZT",1,0,200000.0,0.0,0.00031869598721132004,0.0,2,False,False
100000007337374100,terminal,0.4184,22,0.0512,"1 входящих связей от 1 отправителей; 0 исходящих связей к 0 получателям; вход 20,000 KZT, выход 0 KZT",1,0,20000.0,0.0,0.0002923620404292874,0.0,2,False,False
100000003249054100,consolidator,0.9036,3,0.5259,"7 входящих связей от 7 отправителей; 1 исходящих связей к 1 получателям; вход 99,700 KZT, выход 15,000 KZT",7,1,99700.0,15000.0,0.00043146322860656444,0.15045135406218657,2,False,False
100000003024542100,terminal,0.3731,3,0.0279,"1 входящих связей от 1 отправителей; 0 исходящих связей к 0 получателям; вход 8,500 KZT, выход 0 KZT",1,0,8500.0,0.0,0.00031794749343884177,0.0,2,False,False
100000002718366100,consolidator,1.0,5,0.4933,"6 входящих связей от 6 отправителей; 0 исходящих связей к 0 получателям; вход 2,525,000 KZT, выход 0 KZT",6,0,2525000.0,0.0,0.0006811994866182274,0.0,2,False,False
100000005059998100,terminal,0.4129,0,0.0485,"1 входящих связей от 1 отправителей; 0 исходящих связей к 0 получателям; вход 18,000 KZT, выход 0 KZT",1,0,18000.0,0.0,0.0002959172747769886,0.0,2,False,False
100000004071070100,consolidator,0.5452,0,0.5419,"2 входящих связей от 2 отправителей; 1 исходящих связей к 1 получателям; вход 41,000 KZT, выход 6,000 KZT",2,1,41000.0,6000.0,0.0011875923340219261,0.14634146341463414,2,False,False
100000001584286100,consolidator,0.6887,24,0.2945,"2 входящих связей от 2 отправителей; 0 исходящих связей к 0 получателям; вход 738,699 KZT, выход 0 KZT",2,0,738699.0,0.0,0.000328484994070642,0.0,2,False,False
100000008701256100,terminal,0.4751,0,0.0962,"1 входящих связей от 1 отправителей; 0 исходящих связей к 0 получателям; вход 58,250 KZT, выход 0 KZT",1,0,58250.0,0.0,0.00030374263490071714,0.0,2,False,False
100000001490461100,peripheral,0.35,18,0.2767,"1 входящих связей от 1 отправителей; 1 исходящих связей к 1 получателям; вход 20,000 KZT, выход 5,000 KZT",1,1,20000.0,5000.0,0.00032099043429899293,0.25,2,False,False
100000008531186100,terminal,0.5156,3,0.1465,"1 входящих связей от 1 отправителей; 0 исходящих связей к 0 получателям; вход 125,000 KZT, выход 0 KZT",1,0,125000.0,0.0,0.0003619550454860541,0.0,2,False,False
100000004765639100,peripheral,0.35,0,0.2553,"1 входящих связей от 1 отправителей; 2 исходящих связей к 2 получателям; вход 5,000 KZT, выход 11,000 KZT",1,2,5000.0,11000.0,0.00036185625061451924,2.2,2,False,False
100000002983879100,consolidator,0.6293,3,0.2625,"2 входящих связей от 2 отправителей; 0 исходящих связей к 0 получателям; вход 200,050 KZT, выход 0 KZT",2,0,200050.0,0.0,0.0003580797764870854,0.0,2,False,False
100000008734364100,terminal,0.4328,22,0.0623,"1 входящих связей от 1 отправителей; 0 исходящих связей к 0 получателям; вход 26,200 KZT, выход 0 KZT",1,0,26200.0,0.0,0.0002944677917550065,0.0,2,False,False
100000003192220100,terminal,0.4767,6,0.1698,"1 входящих связей от 1 отправителей; 0 исходящих связей к 0 получателям; вход 60,000 KZT, выход 0 KZT",1,0,60000.0,0.0,0.0005031715963348377,0.0,2,False,False
100000008060273100,terminal,0.3817,3,0.0272,"1 входящих связей от 1 отправителей; 0 исходящих связей к 0 получателям; вход 10,000 KZT, выход 0 KZT",1,0,10000.0,0.0,0.0002989671315033312,0.0,2,False,False
100000008205937100,terminal,0.4481,12,0.0869,"1 входящих связей от 1 отправителей; 0 исходящих связей к 0 получателям; вход 35,000 KZT, выход 0 KZT",1,0,35000.0,0.0,0.0003316470643421718,0.0,2,False,False
100000005507142100,peripheral,0.35,26,0.5146,"3 входящих связей от 3 отправителей; 3 исходящих связей к 3 получателям; вход 51,000 KZT, выход 100,000 KZT",3,3,51000.0,100000.0,0.0005589500977581298,1.9607843137254901,2,False,False
100000005539910100,coordinator,0.3394,3,0.5042,"1 входящих связей от 1 отправителей; 2 исходящих связей к 2 получателям; вход 102,000 KZT, выход 22,000 KZT",1,2,102000.0,22000.0,0.0004987263017480539,0.21568627450980393,2,False,False
100000002459163100,terminal,0.4189,39,0.0766,"1 входящих связей от 1 отправителей; 0 исходящих связей к 0 получателям; вход 20,180 KZT, выход 0 KZT",1,0,20180.0,0.0,0.0003611154442225131,0.0,2,False,False
100000004666651100,terminal,0.581,74,0.2283,"1 входящих связей от 1 отправителей; 0 исходящих связей к 0 получателям; вход 429,250 KZT, выход 0 KZT",1,0,429250.0,0.0,0.0004575388898979418,0.0,2,False,False
100000003927792100,terminal,0.3959,4,0.034,"1 входящих связей от 1 отправителей; 0 исходящих связей к 0 получателям; вход 13,067 KZT, выход 0 KZT",1,0,13067.0,0.0,0.0002897264416903393,0.0,2,False,False
100000000607941100,consolidator,0.5558,16,0.5325,"2 входящих связей от 2 отправителей; 1 исходящих связей к 1 получателям; вход 50,000 KZT, выход 70,000 KZT",2,1,50000.0,70000.0,0.0005785720589504676,1.4,2,False,False
100000004158362100,terminal,0.3914,0,0.0314,"1 входящих связей от 1 отправителей; 0 исходящих связей к 0 получателям; вход 12,000 KZT, выход 0 KZT",1,0,12000.0,0.0,0.00029138223393265013,0.0,2,False,False
100000005664922100,distributor,0.8444,21,0.5552,"2 входящих связей от 2 отправителей; 3 исходящих связей к 3 получателям; вход 22,000 KZT, выход 537,000 KZT",2,3,22000.0,537000.0,0.0008059658576323321,24.40909090909091,2,False,False
100000007594394100,consolidator,0.9767,43,0.6389,"6 входящих связей от 6 отправителей; 1 исходящих связей к 1 получателям; вход 395,385 KZT, выход 3,376,312 KZT",6,1,395385.0,3376312.0,0.000405585478703186,8.539302199122375,2,False,False
100000000979567100,terminal,0.3817,22,0.1114,"1 входящих связей от 1 отправителей; 0 исходящих связей к 0 получателям; вход 10,000 KZT, выход 0 KZT",1,0,10000.0,0.0,0.0005307306769296829,0.0,2,False,False
100000002831727100,peripheral,0.35,43,0.2516,"1 входящих связей от 1 отправителей; 1 исходящих связей к 1 получателям; вход 6,000 KZT, выход 77,000 KZT",1,1,6000.0,77000.0,0.0002907462180152874,12.833333333333334,2,False,False
100000003062895100,consolidator,0.6556,42,0.2994,"2 входящих связей от 2 отправителей; 0 исходящих связей к 0 получателям; вход 328,444 KZT, выход 0 KZT",2,0,328444.0,0.0,0.000407650670955184,0.0,2,False,False
100000008376089100,terminal,0.5197,33,0.1278,"1 входящих связей от 1 отправителей; 0 исходящих связей к 0 получателям; вход 135,000 KZT, выход 0 KZT",1,0,135000.0,0.0,0.00030243533477807125,0.0,2,False,False
100000003219438100,terminal,0.4434,62,0.1254,"1 входящих связей от 1 отправителей; 0 исходящих связей к 0 получателям; вход 32,000 KZT, выход 0 KZT",1,0,32000.0,0.0,0.00044715563704310416,0.0,2,False,False
100000000967918100,terminal,0.4215,0,0.1214,"1 входящих связей от 1 отправителей; 0 исходящих связей к 0 получателям; вход 21,200 KZT, выход 0 KZT",1,0,21200.0,0.0,0.00047927096158051656,0.0,2,False,False
100000003254723100,terminal,0.5564,3,0.237,"1 входящих связей от 1 отправителей; 0 исходящих связей к 0 получателям; вход 269,850 KZT, выход 0 KZT",1,0,269850.0,0.0,0.0005300436631859086,0.0,2,False,False
100000003823811100,distributor,0.7902,49,0.5703,"1 входящих связей от 1 отправителей; 3 исходящих связей к 3 получателям; вход 30,000 KZT, выход 66,130 KZT",1,3,30000.0,66130.0,0.0003569753080281222,2.2043333333333335,2,False,False
100000008587459100,peripheral,0.35,0,0.4258,"2 входящих связей от 2 отправителей; 2 исходящих связей к 2 получателям; вход 181,507 KZT, выход 686,500 KZT",2,2,181507.0,686500.0,0.00030075681163842564,3.782223275135394,2,False,False
100000008603331100,distributor,0.9998,42,0.666,"2 входящих связей от 2 отправителей; 6 исходящих связей к 6 получателям; вход 39,500 KZT, выход 741,774 KZT",2,6,39500.0,741774.0,0.00034423402970945057,18.779088607594936,2,False,False
100000008758168100,distributor,1.0,35,0.5608,"2 входящих связей от 2 отправителей; 5 исходящих связей к 5 получателям; вход 75,410 KZT, выход 1,533,600 KZT",2,5,75410.0,1533600.0,0.00031836725127907677,20.33682535472749,2,False,False
100000003724440100,consolidator,0.5558,3,0.1914,"2 входящих связей от 2 отправителей; 0 исходящих связей к 0 получателям; вход 50,000 KZT, выход 0 KZT",2,0,50000.0,0.0,0.0003080878958078083,0.0,2,False,False
100000000291906100,transit,0.9194,7,0.7408,"2 входящих связей от 2 отправителей; 2 исходящих связей к 2 получателям; вход 388,000 KZT, выход 455,854 KZT",2,2,388000.0,455854.0,0.0007629373053537469,1.1748814432989692,2,False,False
100000005077484100,peripheral,0.35,27,0.4496,"1 входящих связей от 1 отправителей; 2 исходящих связей к 2 получателям; вход 150,000 KZT, выход 13,550 KZT",1,2,150000.0,13550.0,0.0005397108639201045,0.09033333333333333,2,False,False
100000004192107100,terminal,0.4303,3,0.0623,"1 входящих связей от 1 отправителей; 0 исходящих связей к 0 получателям; вход 25,000 KZT, выход 0 KZT",1,0,25000.0,0.0,0.0002993001243079823,0.0,2,False,False
100000002193259100,distributor,0.7868,8,0.685,"2 входящих связей от 2 отправителей; 3 исходящих связей к 3 получателям; вход 48,000 KZT, выход 58,000 KZT",2,3,48000.0,58000.0,0.0008908421386694397,1.2083333333333333,2,False,False
100000005481280100,distributor,0.7829,4,0.423,"1 входящих связей от 1 отправителей; 3 исходящих связей к 3 получателям; вход 32,700 KZT, выход 50,000 KZT",1,3,32700.0,50000.0,0.00029597250247999043,1.529051987767584,2,False,False
100000004527381100,coordinator,0.695,4,0.602,"1 входящих связей от 1 отправителей; 1 исходящих связей к 1 получателям; вход 119,333 KZT, выход 273,866 KZT",1,1,119333.17,273866.11,0.00037549896425589674,2.2949705433954364,2,False,False
100000001578517100,terminal,0.4399,16,0.066,"1 входящих связей от 1 отправителей; 0 исходящих связей к 0 получателям; вход 30,000 KZT, выход 0 KZT",1,0,30000.0,0.0,0.0002905382981663947,0.0,2,False,False
100000003741418100,peripheral,0.35,10,0.6015,"9 входящих связей от 9 отправителей; 3 исходящих связей к 3 получателям; вход 151,900 KZT, выход 39,920 KZT",9,3,151900.0,39920.0,0.0006325013799441029,0.2628044766293614,2,False,False
100000008737514100,terminal,0.4952,4,0.1138,"1 входящих связей от 1 отправителей; 0 исходящих связей к 0 получателям; вход 85,000 KZT, выход 0 KZT",1,0,85000.0,0.0,0.00031261127288180154,0.0,2,False,False
100000002870463100,consolidator,0.9424,2,0.7128,"3 входящих связей от 3 отправителей; 1 исходящих связей к 1 получателям; вход 207,000 KZT, выход 10,000 KZT",3,1,207000.0,10000.0,0.0019299755548282795,0.04830917874396135,2,False,False
100000008545727100,distributor,1.0,18,0.6535,"1 входящих связей от 1 отправителей; 6 исходящих связей к 6 получателям; вход 30,000 KZT, выход 1,866,500 KZT",1,6,30000.0,1866500.0,0.0003387010043398443,62.21666666666667,2,False,False
100000000425407100,terminal,0.4184,3,0.0558,"1 входящих связей от 1 отправителей; 0 исходящих связей к 0 получателям; вход 20,000 KZT, выход 0 KZT",1,0,20000.0,0.0,0.00030509459327138065,0.0,2,False,False
100000001418900100,terminal,0.4554,22,0.0803,"1 входящих связей от 1 отправителей; 0 исходящих связей к 0 получателям; вход 40,140 KZT, выход 0 KZT",1,0,40140.0,0.0,0.0002992023358647686,0.0,2,False,False
100000001677929100,peripheral,0.35,2,0.709,"3 входящих связей от 3 отправителей; 2 исходящих связей к 2 получателям; вход 126,777 KZT, выход 286,098 KZT",3,2,126777.0,286098.0,0.003334091954588842,2.2567027142147236,2,False,False
100000002539625100,terminal,0.5009,42,0.1297,"1 входящих связей от 1 отправителей; 0 исходящих связей к 0 получателям; вход 94,700 KZT, выход 0 KZT",1,0,94700.0,0.0,0.00034502020785975537,0.0,2,False,False
100000001965374100,distributor,0.8529,21,0.7441,"2 входящих связей от 2 отправителей; 3 исходящих связей к 3 получателям; вход 1,759,720 KZT, выход 3,082,100 KZT",2,3,1759720.0,3082100.0,0.0012816556260608692,1.7514718250630783,2,False,False
100000001287955100,distributor,0.9111,24,0.5877,"1 входящих связей от 1 отправителей; 4 исходящих связей к 4 получателям; вход 17,520 KZT, выход 310,000 KZT",1,4,17520.0,310000.0,0.00029391683130875195,17.69406392694064,2,False,False
100000005402643100,peripheral,0.35,5,0.3422,"1 входящих связей от 1 отправителей; 1 исходящих связей к 1 получателям; вход 127,800 KZT, выход 90,000 KZT",1,1,127800.0,90000.0,0.0002975952292869957,0.704225352112676,2,False,False
100000008752616100,distributor,1.0,5,0.6103,"2 входящих связей от 2 отправителей; 7 исходящих связей к 7 получателям; вход 64,510 KZT, выход 1,265,000 KZT",2,7,64510.0,1265000.0,0.00031306069757078097,19.6093628894745,2,False,False
100000000733373100,terminal,0.3853,16,0.0323,"1 входящих связей от 1 отправителей; 0 исходящих связей к 0 получателям; вход 10,710 KZT, выход 0 KZT",1,0,10710.0,0.0,0.000305781397776004,0.0,2,False,False
100000008531133100,distributor,0.8127,16,0.4769,"1 входящих связей от 1 отправителей; 3 исходящих связей к 3 получателям; вход 25,000 KZT, выход 158,272 KZT",1,3,25000.0,158271.68,0.0005327484529006024,6.3308672,2,False,False
100000005933757100,distributor,1.0,40,1.0,"4 входящих связей от 4 отправителей; 34 исходящих связей к 34 получателям; вход 1,246,000 KZT, выход 3,002,628 KZT",4,34,1246000.0,3002628.0,0.0009979855720130422,2.409813804173355,2,False,False
100000006490557100,terminal,0.35,2,0.0,"1 входящих связей от 1 отправителей; 0 исходящих связей к 0 получателям; вход 5,000 KZT, выход 0 KZT",1,0,5000.0,0.0,0.0002861622896167219,0.0,2,False,False
100000008497298100,terminal,0.5988,5,0.1991,"1 входящих связей от 1 отправителей; 0 исходящих связей к 0 получателям; вход 600,000 KZT, выход 0 KZT",1,0,600000.0,0.0,0.00034202908327694034,0.0,2,False,False
100000005168487100,peripheral,0.35,11,0.5078,"1 входящих связей от 1 отправителей; 1 исходящих связей к 1 получателям; вход 15,000 KZT, выход 103,510 KZT",1,1,15000.0,103510.0,0.0018125473143557728,6.900666666666667,2,False,False
100000005799271100,terminal,0.4614,11,0.171,"1 входящих связей от 1 отправителей; 0 исходящих связей к 0 получателям; вход 45,000 KZT, выход 0 KZT",1,0,45000.0,0.0,0.0005366730310712532,0.0,2,False,False
100000000912487100,terminal,0.3817,3,0.0245,"1 входящих связей от 1 отправителей; 0 исходящих связей к 0 получателям; вход 10,000 KZT, выход 0 KZT",1,0,10000.0,0.0,0.0002916801543187913,0.0,2,False,False
100000007982908100,terminal,0.4418,22,0.0694,"1 входящих связей от 1 отправителей; 0 исходящих связей к 0 получателям; вход 31,080 KZT, выход 0 KZT",1,0,31080.0,0.0,0.0002961252218307339,0.0,2,False,False
100000005413948100,consolidator,0.5254,42,0.5609,"2 входящих связей от 2 отправителей; 1 исходящих связей к 1 получателям; вход 28,215 KZT, выход 5,000 KZT",2,1,28215.0,5000.0,0.0018520392070328138,0.177210703526493,2,False,False
100000000724540100,peripheral,0.35,35,0.3439,"1 входящих связей от 1 отправителей; 1 исходящих связей к 1 получателям; вход 50,000 KZT, выход 100,000 KZT",1,1,50000.0,100000.0,0.00030963471226612996,2.0,2,False,False
100000005730108100,terminal,0.3699,0,0.0403,"1 входящих связей от 1 отправителей; 0 исходящих связей к 0 получателям; вход 8,000 KZT, выход 0 KZT",1,0,8000.0,0.0,0.000358664263033602,0.0,2,False,False
100000002566204100,terminal,0.4925,11,0.1161,"1 входящих связей от 1 отправителей; 0 исходящих связей к 0 получателям; вход 80,805 KZT, выход 0 KZT",1,0,80805.0,0.0,0.0003240694503060784,0.0,2,False,False
100000000625169100,terminal,0.3817,22,0.0235,"1 входящих связей от 1 отправителей; 0 исходящих связей к 0 получателям; вход 10,000 KZT, выход 0 KZT",1,0,10000.0,0.0,0.00028896566732328877,0.0,2,False,False
100000001114385100,terminal,0.4391,3,0.0653,"1 входящих связей от 1 отправителей; 0 исходящих связей к 0 получателям; вход 29,500 KZT, выход 0 KZT",1,0,29500.0,0.0,0.00029021989549549,0.0,2,False,False
100000002964966100,terminal,0.5405,3,0.1766,"1 входящих связей от 1 отправителей; 0 исходящих связей к 0 получателям; вход 200,000 KZT, выход 0 KZT",1,0,200000.0,0.0,0.00039541593494282724,0.0,2,False,False
100000008771814100,terminal,0.4274,22,0.0582,"1 входящих связей от 1 отправителей; 0 исходящих связей к 0 получателям; вход 23,700 KZT, выход 0 KZT",1,0,23700.0,0.0,0.0002936186984785069,0.0,2,False,False
100000001241318100,terminal,0.4701,0,0.1751,"1 входящих связей от 1 отправителей; 0 исходящих связей к 0 получателям; вход 53,000 KZT, выход 0 KZT",1,0,53000.0,0.0,0.0005308383624756579,0.0,2,False,False
100000001250022100,terminal,0.467,2,0.0872,"1 входящих связей от 1 отправителей; 0 исходящих связей к 0 получателям; вход 50,000 KZT, выход 0 KZT",1,0,50000.0,0.0,0.00029504583266030455,0.0,2,False,False
100000006534886100,peripheral,0.35,16,0.5739,"1 входящих связей от 1 отправителей; 1 исходящих связей к 1 получателям; вход 71,700 KZT, выход 167,500 KZT",1,1,71700.0,167500.0,0.0011276985721232146,2.336122733612273,2,False,False
100000008655035100,terminal,0.4399,2,0.1568,"1 входящих связей от 1 отправителей; 0 исходящих связей к 0 получателям; вход 30,000 KZT, выход 0 KZT",1,0,30000.0,0.0,0.000540142714317588,0.0,2,False,False
100000005932987100,terminal,0.4303,62,0.1032,"1 входящих связей от 1 отправителей; 0 исходящих связей к 0 получателям; вход 25,000 KZT, выход 0 KZT",1,0,25000.0,0.0,0.0004118086245499573,0.0,2,False,False
100000008636603100,distributor,0.96,8,0.6394,"2 входящих связей от 2 отправителей; 6 исходящих связей к 6 получателям; вход 35,460 KZT, выход 159,375 KZT",2,6,35460.0,159375.0,0.0003387006850594568,4.494500846023689,2,False,False
100000008710843100,distributor,1.0,35,0.6416,"2 входящих связей от 2 отправителей; 13 исходящих связей к 13 получателям; вход 33,944 KZT, выход 1,985,500 KZT",2,13,33944.0,1985500.0,0.00029287559446499205,58.49340089559274,2,False,False
100000000917179100,terminal,0.5008,40,0.159,"1 входящих связей от 1 отправителей; 0 исходящих связей к 0 получателям; вход 94,465 KZT, выход 0 KZT",1,0,94465.0,0.0,0.00042586253334482804,0.0,2,False,False
100000004209339100,peripheral,0.35,53,0.6201,"1 входящих связей от 1 отправителей; 2 исходящих связей к 2 получателям; вход 138,500 KZT, выход 238,500 KZT",1,2,138500.0,238500.0,0.0008195334277812185,1.7220216606498195,2,False,False
100000008765627100,terminal,0.4767,2,0.0948,"1 входящих связей от 1 отправителей; 0 исходящих связей к 0 получателям; вход 60,000 KZT, выход 0 KZT",1,0,60000.0,0.0,0.0002969411403489074,0.0,2,False,False
100000002443664100,consolidator,0.9948,24,0.3651,"3 входящих связей от 3 отправителей; 0 исходящих связей к 0 получателям; вход 556,880 KZT, выход 0 KZT",3,0,556880.0,0.0,0.0003387703864093905,0.0,2,False,False
100000008144528100,consolidator,1.0,16,0.6,"5 входящих связей от 5 отправителей; 0 исходящих связей к 0 получателям; вход 1,068,203 KZT, выход 0 KZT",5,0,1068202.6,0.0,0.001055538276590799,0.0,2,False,False
100000003988112100,peripheral,0.35,49,0.3997,"1 входящих связей от 1 отправителей; 1 исходящих связей к 1 получателям; вход 92,000 KZT, выход 64,000 KZT",1,1,92000.0,64000.0,0.0005045477365705085,0.6956521739130435,2,False,False
100000008008463100,terminal,0.4713,2,0.0905,"1 входящих связей от 1 отправителей; 0 исходящих связей к 0 получателям; вход 54,180 KZT, выход 0 KZT",1,0,54180.0,0.0,0.0002958380712741406,0.0,2,False,False
100000006679055100,terminal,0.4303,3,0.0628,"1 входящих связей от 1 отправителей; 0 исходящих связей к 0 получателям; вход 25,000 KZT, выход 0 KZT",1,0,25000.0,0.0,0.000300846444471043,0.0,2,False,False
100000007382543100,distributor,0.9855,15,0.953,"3 входящих связей от 3 отправителей; 5 исходящих связей к 5 получателям; вход 218,000 KZT, выход 427,000 KZT",3,5,218000.0,427000.0,0.0011904909010560423,1.9587155963302751,2,False,False
100000007749092100,peripheral,0.35,16,0.4769,"1 входящих связей от 1 отправителей; 1 исходящих связей к 1 получателям; вход 7,650 KZT, выход 70,375 KZT",1,1,7650.0,70375.0,0.0018044164784854798,9.199346405228757,2,False,False
100000004221668100,peripheral,0.35,48,0.7872,"4 входящих связей от 4 отправителей; 3 исходящих связей к 3 получателям; вход 1,128,300 KZT, выход 731,440 KZT",4,3,1128300.0,731440.0,0.0030901749053247243,0.6482673047948241,2,False,False
100000008174521100,terminal,0.4933,16,0.159,"1 входящих связей от 1 отправителей; 0 исходящих связей к 0 получателям; вход 82,110 KZT, выход 0 KZT",1,0,82110.0,0.0,0.0004405287548340963,0.0,2,False,False
100000002692750100,consolidator,0.9102,2,0.7175,"3 входящих связей от 3 отправителей; 1 исходящих связей к 1 получателям; вход 112,830 KZT, выход 77,000 KZT",3,1,112830.0,77000.0,0.0020142415855482925,0.682442612780289,2,False,False
100000002173070100,terminal,0.4399,16,0.066,"1 входящих связей от 1 отправителей; 0 исходящих связей к 0 получателям; вход 30,000 KZT, выход 0 KZT",1,0,30000.0,0.0,0.0002905382981663947,0.0,2,False,False
100000005911352100,distributor,0.7639,19,0.5597,"2 входящих связей от 2 отправителей; 3 исходящих связей к 3 получателям; вход 15,000 KZT, выход 24,000 KZT",2,3,15000.0,24000.0,0.0005517344998567147,1.6,2,False,False
100000003068941100,consolidator,0.9005,0,0.4576,"3 входящих связей от 3 отправителей; 1 исходящих связей к 1 получателям; вход 94,000 KZT, выход 25,000 KZT",3,1,94000.0,25000.0,0.0003201743837350562,0.26595744680851063,2,False,False
100000001420847100,terminal,0.4184,43,0.055,"1 входящих связей от 1 отправителей; 0 исходящих связей к 0 получателям; вход 20,000 KZT, выход 0 KZT",1,0,20000.0,0.0,0.0003028257068772808,0.0,2,False,False
100000005602999100,coordinator,0.212,53,0.3082,"1 входящих связей от 1 отправителей; 2 исходящих связей к 2 получателям; вход 5,000 KZT, выход 16,000 KZT",1,2,5000.0,16000.0,0.0003048459777394537,3.2,2,False,False
100000000723383100,coordinator,0.7021,32,0.5189,"1 входящих связей от 1 отправителей; 2 исходящих связей к 2 получателям; вход 6,800 KZT, выход 75,000 KZT",1,2,6800.0,75000.0,0.00038931955491752166,11.029411764705882,2,False,False
100000006977207100,distributor,1.0,1,0.6226,"1 входящих связей от 1 отправителей; 15 исходящих связей к 15 получателям; вход 414,000 KZT, выход 4,157,018 KZT",1,15,414000.0,4157018.0,0.0003478854757097009,10.041106280193237,2,False,False
100000001273783100,terminal,0.4263,11,0.0584,"1 входящих связей от 1 отправителей; 0 исходящих связей к 0 получателям; вход 23,200 KZT, выход 0 KZT",1,0,23200.0,0.0,0.0002966231104571254,0.0,2,False,False
100000000201868100,transit,1.0,6,0.6127,"1 входящих связей от 1 отправителей; 1 исходящих связей к 1 получателям; вход 190,000 KZT, выход 190,000 KZT",1,1,190000.0,190000.0,0.0009746432509228572,1.0,2,False,False
100000007777377100,coordinator,0.6877,16,0.6424,"1 входящих связей от 1 отправителей; 2 исходящих связей к 2 получателям; вход 456,290 KZT, выход 10,000 KZT",1,2,456290.0,10000.0,0.0003611461879485195,0.021915886826360427,2,False,False
100000004192865100,terminal,0.4823,27,0.193,"1 входящих связей от 1 отправителей; 0 исходящих связей к 0 получателям; вход 66,666 KZT, выход 0 KZT",1,0,66666.0,0.0,0.0005558092873800465,0.0,2,False,False
100000006901046100,peripheral,0.35,16,0.5305,"1 входящих связей от 1 отправителей; 1 исходящих связей к 1 получателям; вход 75,800 KZT, выход 5,500 KZT",1,1,75800.0,5500.0,0.0029998776847224907,0.07255936675461741,2,False,False
100000000437046100,distributor,1.0,0,0.9338,"9 входящих связей от 9 отправителей; 42 исходящих связей к 42 получателям; вход 1,107,200 KZT, выход 7,606,224 KZT",9,42,1107200.0,7606224.0,0.0007924860106097857,6.86978323699422,2,False,False
100000008765494100,terminal,0.4281,22,0.0587,"1 входящих связей от 1 отправителей; 0 исходящих связей к 0 получателям; вход 24,000 KZT, выход 0 KZT",1,0,24000.0,0.0,0.0002937205896716869,0.0,2,False,False
100000008713270100,distributor,0.8175,2,0.3615,"1 входящих связей от 1 отправителей; 3 исходящих связей к 3 получателям; вход 30,000 KZT, выход 190,000 KZT",1,3,30000.0,190000.0,0.0002912552172830988,6.333333333333333,2,False,False
100000003603979100,terminal,0.5303,34,0.2384,"1 входящих связей от 1 отправителей; 0 исходящих связей к 0 получателям; вход 165,000 KZT, выход 0 KZT",1,0,165000.0,0.0,0.0005856463349534333,0.0,2,False,False
100000000943371100,terminal,0.4049,12,0.0464,"1 входящих связей от 1 отправителей; 0 исходящих связей к 0 получателям; вход 15,500 KZT, выход 0 KZT",1,0,15500.0,0.0,0.0003059751638440235,0.0,2,False,False
100000008672480100,terminal,0.3956,22,0.0339,"1 входящих связей от 1 отправителей; 0 исходящих связей к 0 получателям; вход 13,000 KZT, выход 0 KZT",1,0,13000.0,0.0,0.0002899845792550884,0.0,2,False,False
100000008691168100,terminal,0.4281,22,0.0587,"1 входящих связей от 1 отправителей; 0 исходящих связей к 0 получателям; вход 24,000 KZT, выход 0 KZT",1,0,24000.0,0.0,0.0002937205896716869,0.0,2,False,False
100000003237045100,peripheral,0.35,16,0.4208,"1 входящих связей от 1 отправителей; 1 исходящих связей к 1 получателям; вход 340,200 KZT, выход 150,000 KZT",1,1,340200.0,150000.0,0.0003941344320653889,0.4409171075837742,2,False,False
100000008736394100,terminal,0.4066,22,0.0422,"1 входящих связей от 1 отправителей; 0 исходящих связей к 0 получателям; вход 16,000 KZT, выход 0 KZT",1,0,16000.0,0.0,0.000291003491186888,0.0,2,False,False
100000004160650100,distributor,1.0,34,0.4936,"2 входящих связей от 2 отправителей; 10 исходящих связей к 10 получателям; вход 75,100 KZT, выход 1,489,827 KZT",2,10,75100.0,1489827.0,0.00036922766671020936,19.83790945406125,2,False,False
100000000629812100,consolidator,0.5122,31,0.1563,"2 входящих связей от 2 отправителей; 0 исходящих связей к 0 получателям; вход 22,000 KZT, выход 0 KZT",2,0,22000.0,0.0,0.00029798400743920154,0.0,2,False,False
100000000955444100,terminal,0.3621,23,0.0325,"1 входящих связей от 1 отправителей; 0 исходящих связей к 0 получателям; вход 6,910 KZT, выход 0 KZT",1,0,6910.0,0.0,0.0003525283441776951,0.0,2,False,False
100000008731444100,distributor,1.0,0,0.7548,"3 входящих связей от 3 отправителей; 9 исходящих связей к 9 получателям; вход 439,000 KZT, выход 879,768 KZT",3,9,439000.0,879767.8,0.0003533618851938035,2.0040268792710707,2,False,False
100000008413748100,distributor,1.0,28,0.6678,"2 входящих связей от 2 отправителей; 18 исходящих связей к 18 получателям; вход 26,480 KZT, выход 1,377,320 KZT",2,18,26480.0,1377320.22,0.00039089149206356826,52.01360347432024,2,False,False
100000006787636100,terminal,0.4184,6,0.0751,"1 входящих связей от 1 отправителей; 0 исходящих связей к 0 получателям; вход 20,000 KZT, выход 0 KZT",1,0,20000.0,0.0,0.00035810339492313935,0.0,2,False,False
100000005942793100,consolidator,0.8721,0,0.2743,"4 входящих связей от 4 отправителей; 0 исходящих связей к 0 получателям; вход 55,000 KZT, выход 0 KZT",4,0,55000.0,0.0,0.00033223226815400065,0.0,2,False,False
100000008730846100,coordinator,0.7643,11,0.7742,"7 входящих связей от 7 отправителей; 3 исходящих связей к 3 получателям; вход 155,042 KZT, выход 363,370 KZT",7,3,155042.0,363370.0,0.0005360575471707999,2.343687516930896,2,False,False
100000002570206100,consolidator,0.6197,28,0.2412,"2 входящих связей от 2 отправителей; 0 исходящих связей к 0 получателям; вход 166,960 KZT, выход 0 KZT",2,0,166959.6,0.0,0.00031851046572736367,0.0,2,False,False
100000000785800100,transit,1.0,39,0.2695,"1 входящих связей от 1 отправителей; 1 исходящих связей к 1 получателям; вход 19,000 KZT, выход 19,000 KZT",1,1,19000.0,19000.0,0.00035669797856313927,1.0,2,False,False
100000007382152100,terminal,0.3534,0,0.0024,"1 входящих связей от 1 отправителей; 0 исходящих связей к 0 получателям; вход 5,860 KZT, выход 0 KZT",1,0,5860.0,0.0,0.0002864808806193,0.0,2,False,False
100000000910216100,coordinator,0.4588,3,0.4702,"1 входящих связей от 1 отправителей; 1 исходящих связей к 1 получателям; вход 71,000 KZT, выход 52,010 KZT",1,1,71000.0,52010.0,0.0003232395491094316,0.7325352112676057,2,False,False
100000003131016100,peripheral,0.35,0,0.6363,"1 входящих связей от 1 отправителей; 1 исходящих связей к 1 получателям; вход 405,700 KZT, выход 126,000 KZT",1,1,405700.0,126000.0,0.0016774572234080564,0.31057431599704216,2,False,False
100000003221384100,terminal,0.5903,4,0.2316,"1 входящих связей от 1 отправителей; 0 исходящих связей к 0 получателям; вход 511,200 KZT, выход 0 KZT",1,0,511200.0,0.0,0.0004482029353149161,0.0,2,False,False
100000002156381100,consolidator,0.5663,53,0.6436,"2 входящих связей от 2 отправителей; 1 исходящих связей к 1 получателям; вход 61,000 KZT, выход 21,800 KZT",2,1,61000.0,21800.0,0.0010807758307164056,0.35737704918032787,2,False,False
100000002779485100,terminal,0.4988,1,0.2016,"1 входящих связей от 1 отправителей; 0 исходящих связей к 0 получателям; вход 91,000 KZT, выход 0 KZT",1,0,91000.0,0.0,0.0005469132844919454,0.0,2,False,False
100000008774237100,peripheral,0.35,34,0.2811,"1 входящих связей от 1 отправителей; 1 исходящих связей к 1 получателям; вход 50,000 KZT, выход 10,000 KZT",1,1,50000.0,10000.0,0.00031034904672860115,0.2,2,False,False
100000002628146100,terminal,0.4408,41,0.0771,"1 входящих связей от 1 отправителей; 0 исходящих связей к 0 получателям; вход 30,500 KZT, выход 0 KZT",1,0,30500.0,0.0,0.0003192156684704553,0.0,2,False,False
100000002852402100,terminal,0.4721,4,0.1024,"1 входящих связей от 1 отправителей; 0 исходящих связей к 0 получателям; вход 55,000 KZT, выход 0 KZT",1,0,55000.0,0.0,0.00032701738322827813,0.0,2,False,False
100000006989106100,terminal,0.4801,2,0.1695,"1 входящих связей от 1 отправителей; 0 исходящих связей к 0 получателям; вход 64,000 KZT, выход 0 KZT",1,0,64000.0,0.0,0.0004956408524122065,0.0,2,False,False
100000002958343100,peripheral,0.35,2,0.5894,"1 входящих связей от 1 отправителей; 2 исходящих связей к 2 получателям; вход 2,900,000 KZT, выход 1,390,000 KZT",1,2,2900000.0,1390000.0,0.0006295066258876736,0.4793103448275862,2,False,False
100000008461532100,distributor,1.0,14,0.9134,"2 входящих связей от 2 отправителей; 8 исходящих связей к 8 получателям; вход 565,300 KZT, выход 2,530,090 KZT",2,8,565300.0,2530090.0,0.0007452506208527052,4.475658942154608,2,False,False
100000004400305100,distributor,1.0,0,0.7472,"7 входящих связей от 7 отправителей; 82 исходящих связей к 82 получателям; вход 222,800 KZT, выход 5,830,181 KZT",7,82,222800.0,5830181.0,0.0003858174534932498,26.167778276481148,2,False,False
100000000297649100,peripheral,0.35,8,0.4799,"1 входящих связей от 1 отправителей; 1 исходящих связей к 1 получателям; вход 40,000 KZT, выход 70,600 KZT",1,1,40000.0,70600.0,0.0008091385858414682,1.765,2,False,False
100000003191430100,terminal,0.535,16,0.2218,"1 входящих связей от 1 отправителей; 0 исходящих связей к 0 получателям; вход 180,000 KZT, выход 0 KZT",1,0,180000.0,0.0,0.0005307375952815085,0.0,2,False,False
100000003275398100,peripheral,0.35,34,0.4038,"1 входящих связей от 1 отправителей; 1 исходящих связей к 1 получателям; вход 300,000 KZT, выход 20,000 KZT",1,1,300000.0,20000.0,0.0004342478092851559,0.06666666666666667,2,False,False
100000005203590100,terminal,0.4982,2,0.1124,"1 входящих связей от 1 отправителей; 0 исходящих связей к 0 получателям; вход 90,000 KZT, выход 0 KZT",1,0,90000.0,0.0,0.00030262706341471605,0.0,2,False,False
100000008672603100,terminal,0.4215,3,0.0552,"1 входящих связей от 1 отправителей; 0 исходящих связей к 0 получателям; вход 21,200 KZT, выход 0 KZT",1,0,21200.0,0.0,0.00029721303813419714,0.0,2,False,False
100000000718427100,terminal,0.3546,22,0.0035,"1 входящих связей от 1 отправителей; 0 исходящих связей к 0 получателям; вход 6,000 KZT, выход 0 KZT",1,0,6000.0,0.0,0.00028760711808088936,0.0,2,False,False
100000003104347100,peripheral,0.35,29,0.4287,"1 входящих связей от 1 отправителей; 1 исходящих связей к 1 получателям; вход 418,000 KZT, выход 32,000 KZT",1,1,418000.0,32000.0,0.00036431706006781543,0.07655502392344497,2,False,False
100000002974256100,terminal,0.3643,8,0.0993,"1 входящих связей от 1 отправителей; 0 исходящих связей к 0 получателям; вход 7,200 KZT, выход 0 KZT",1,0,7200.0,0.0,0.0005319059485796723,0.0,2,False,False
100000007173936100,terminal,0.3817,33,0.0228,"1 входящих связей от 1 отправителей; 0 исходящих связей к 0 получателям; вход 10,000 KZT, выход 0 KZT",1,0,10000.0,0.0,0.00028681863055512584,0.0,2,False,False
100000002744581100,terminal,0.3914,2,0.0436,"1 входящих связей от 1 отправителей; 0 исходящих связей к 0 получателям; вход 12,000 KZT, выход 0 KZT",1,0,12000.0,0.0,0.000324957711378837,0.0,2,False,False
100000000596954100,coordinator,0.3499,3,0.5276,"1 входящих связей от 1 отправителей; 2 исходящих связей к 2 получателям; вход 120,000 KZT, выход 48,100 KZT",1,2,120000.0,48100.0,0.0005156144546495886,0.4008333333333333,2,False,False
100000004950490100,terminal,0.3817,2,0.0387,"1 входящих связей от 1 отправителей; 0 исходящих связей к 0 получателям; вход 10,000 KZT, выход 0 KZT",1,0,10000.0,0.0,0.00033064166313549905,0.0,2,False,False
100000008772058100,terminal,0.467,22,0.0899,"1 входящих связей от 1 отправителей; 0 исходящих связей к 0 получателям; вход 50,000 KZT, выход 0 KZT",1,0,50000.0,0.0,0.00030255115974728324,0.0,2,False,False
100000000971908100,terminal,0.4976,2,0.1119,"1 входящих связей от 1 отправителей; 0 исходящих связей к 0 получателям; вход 89,000 KZT, выход 0 KZT",1,0,89000.0,0.0,0.00030243753264585577,0.0,2,False,False
100000008687492100,terminal,0.4032,22,0.0396,"1 входящих связей от 1 отправителей; 0 исходящих связей к 0 получателям; вход 15,000 KZT, выход 0 KZT",1,0,15000.0,0.0,0.0002906638538762881,0.0,2,False,False
100000003159641100,consolidator,0.8801,45,0.5288,"4 входящих связей от 4 отправителей; 1 исходящих связей к 1 получателям; вход 64,000 KZT, выход 197,800 KZT",4,1,64000.0,197800.0,0.0003052153968344306,3.090625,2,False,False
100000005326681100,terminal,0.4421,4,0.0694,"1 входящих связей от 1 отправителей; 0 исходящих связей к 0 получателям; вход 31,228 KZT, выход 0 KZT",1,0,31228.0,0.0,0.0002955041990377062,0.0,2,False,False
100000006888238100,peripheral,0.35,52,0.3662,"1 входящих связей от 1 отправителей; 1 исходящих связей к 1 получателям; вход 18,000 KZT, выход 30,000 KZT",1,1,18000.0,30000.0,0.0006097535591566906,1.6666666666666667,2,False,False
100000001290243100,terminal,0.3817,16,0.0348,"1 входящих связей от 1 отправителей; 0 исходящих связей к 0 получателям; вход 10,000 KZT, выход 0 KZT",1,0,10000.0,0.0,0.0003199489735535746,0.0,2,False,False
100000008289539100,terminal,0.4029,4,0.0393,"1 входящих связей от 1 отправителей; 0 исходящих связей к 0 получателям; вход 14,912 KZT, выход 0 KZT",1,0,14912.0,0.0,0.0002903134116978219,0.0,2,False,False
100000000821507100,terminal,0.5773,33,0.1813,"1 входящих связей от 1 отправителей; 0 исходящих связей к 0 получателям; вход 400,000 KZT, выход 0 KZT",1,0,400000.0,0.0,0.0003355427477307156,0.0,2,False,False
100000003086040100,terminal,0.3843,0,0.1196,"1 входящих связей от 1 отправителей; 0 исходящих связей к 0 получателям; вход 10,500 KZT, выход 0 KZT",1,0,10500.0,0.0,0.0005480623170204768,0.0,2,False,False
100000002969048100,terminal,0.5081,2,0.1208,"1 входящих связей от 1 отправителей; 0 исходящих связей к 0 получателям; вход 108,470 KZT, выход 0 KZT",1,0,108470.0,0.0,0.00030612769671556556,0.0,2,False,False
100000002826669100,terminal,0.5287,0,0.1974,"1 входящих связей от 1 отправителей; 0 исходящих связей к 0 получателям; вход 159,900 KZT, выход 0 KZT",1,0,159900.0,0.0,0.0004762394546257387,0.0,2,False,False
100000002293421100,transit,0.9317,0,0.6062,"2 входящих связей от 2 отправителей; 2 исходящих связей к 2 получателям; вход 41,000 KZT, выход 47,000 KZT",2,2,41000.0,47000.0,0.0009748338691844273,1.146341463414634,2,False,False
100000004732589100,terminal,0.5474,11,0.181,"1 входящих связей от 1 отправителей; 0 исходящих связей к 0 получателям; вход 227,520 KZT, выход 0 KZT",1,0,227520.0,0.0,0.00039397292658312265,0.0,2,False,False
100000003003821100,terminal,0.4552,3,0.1306,"1 входящих связей от 1 отправителей; 0 исходящих связей к 0 получателям; вход 40,000 KZT, выход 0 KZT",1,0,40000.0,0.0,0.00043793729055400355,0.0,2,False,False
100000005237935150,terminal,0.4474,24,0.0741,"1 входящих связей от 1 отправителей; 0 исходящих связей к 0 получателям; вход 34,508 KZT, выход 0 KZT",1,0,34508.0,0.0,0.0002979773495560404,0.0,2,False,False
100000004463277100,terminal,0.4481,27,0.2178,"1 входящих связей от 1 отправителей; 0 исходящих связей к 0 получателям; вход 35,000 KZT, выход 0 KZT",1,0,35000.0,0.0,0.0006919245189792441,0.0,2,False,False
100000006523053100,terminal,0.35,3,0.0915,"1 входящих связей от 1 отправителей; 0 исходящих связей к 0 получателям; вход 5,000 KZT, выход 0 KZT",1,0,5000.0,0.0,0.0005386541417252811,0.0,2,False,False
100000001954903100,terminal,0.4346,11,0.0651,"1 входящих связей от 1 отправителей; 0 исходящих связей к 0 получателям; вход 27,118 KZT, выход 0 KZT",1,0,27118.0,0.0,0.00029848987132038724,0.0,2,False,False
100000005328215100,terminal,0.4344,11,0.0649,"1 входящих связей от 1 отправителей; 0 исходящих связей к 0 получателям; вход 27,000 KZT, выход 0 KZT",1,0,27000.0,0.0,0.000298433649323995,0.0,2,False,False
100000004424023100,peripheral,0.35,2,0.5855,"1 входящих связей от 1 отправителей; 1 исходящих связей к 1 получателям; вход 50,000 KZT, выход 100,000 KZT",1,1,50000.0,100000.0,0.000971714391152958,2.0,2,False,False
100000002299948100,terminal,0.3609,41,0.01,"1 входящих связей от 1 отправителей; 0 исходящих связей к 0 получателям; вход 6,750 KZT, выход 0 KZT",1,0,6750.0,0.0,0.0002930156229454497,0.0,2,False,False
100000005105153100,terminal,0.4399,0,0.1062,"1 входящих связей от 1 отправителей; 0 исходящих связей к 0 получателям; вход 30,000 KZT, выход 0 KZT",1,0,30000.0,0.0,0.00040101696682756774,0.0,2,False,False
100000001985793100,terminal,0.5799,48,0.1966,"1 входящих связей от 1 отправителей; 0 исходящих связей к 0 получателям; вход 420,000 KZT, выход 0 KZT",1,0,420000.0,0.0,0.0003726610761384919,0.0,2,False,False
100000003134934100,consolidator,0.9745,0,0.3816,"4 входящих связей от 4 отправителей; 0 исходящих связей к 0 получателям; вход 379,354 KZT, выход 0 KZT",4,0,379354.0,0.0,0.00042447911385230347,0.0,2,False,False
100000006240939100,distributor,1.0,48,0.497,"1 входящих связей от 1 отправителей; 5 исходящих связей к 5 получателям; вход 160,000 KZT, выход 778,015 KZT",1,5,160000.0,778015.0,0.00031874711590155753,4.86259375,2,False,False
100000008656043100,terminal,0.4328,22,0.0623,"1 входящих связей от 1 отправителей; 0 исходящих связей к 0 получателям; вход 26,200 KZT, выход 0 KZT",1,0,26200.0,0.0,0.0002944677917550065,0.0,2,False,False
100000002605184100,terminal,0.5216,4,0.1614,"1 входящих связей от 1 отправителей; 0 исходящих связей к 0 получателям; вход 140,000 KZT, выход 0 KZT",1,0,140000.0,0.0,0.00039107352079071413,0.0,2,False,False
100000003157333100,terminal,0.4399,2,0.0663,"1 входящих связей от 1 отправителей; 0 исходящих связей к 0 получателям; вход 30,000 KZT, выход 0 KZT",1,0,30000.0,0.0,0.0002912552172830988,0.0,2,False,False
100000007898453100,peripheral,0.35,3,0.3863,"1 входящих связей от 1 отправителей; 2 исходящих связей к 2 получателям; вход 24,750 KZT, выход 320,000 KZT",1,2,24750.0,320000.0,0.0003330161085564517,12.929292929292929,2,False,False
100000002710570100,terminal,0.5468,36,0.2333,"1 входящих связей от 1 отправителей; 0 исходящих связей к 0 получателям; вход 225,015 KZT, выход 0 KZT",1,0,225015.0,0.0,0.0005391306175502192,0.0,2,False,False
100000004979498100,peripheral,0.35,58,0.6595,"1 входящих связей от 1 отправителей; 1 исходящих связей к 1 получателям; вход 700,000 KZT, выход 200,000 KZT",1,1,700000.0,200000.0,0.001318982766627467,0.2857142857142857,2,False,False
100000001541418100,consolidator,0.5908,5,0.215,"2 входящих связей от 2 отправителей; 0 исходящих связей к 0 получателям; вход 96,900 KZT, выход 0 KZT",2,0,96900.0,0.0,0.0003035306386081866,0.0,2,False,False
100000007797290100,peripheral,0.35,0,0.3449,"1 входящих связей от 1 отправителей; 1 исходящих связей к 1 получателям; вход 100,000 KZT, выход 20,000 KZT",1,1,100000.0,20000.0,0.00030112537616284985,0.2,2,False,False
100000008683818100,terminal,0.4111,22,0.0456,"1 входящих связей от 1 отправителей; 0 исходящих связей к 0 получателям; вход 17,400 KZT, выход 0 KZT",1,0,17400.0,0.0,0.00029147898342172775,0.0,2,False,False
100000006567935100,terminal,0.5405,33,0.1457,"1 входящих связей от 1 отправителей; 0 исходящих связей к 0 получателям; вход 200,000 KZT, выход 0 KZT",1,0,200000.0,0.0,0.0003105560209740029,0.0,2,False,False
100000002132479100,peripheral,0.35,40,0.3783,"1 входящих связей от 1 отправителей; 1 исходящих связей к 1 получателям; вход 30,000 KZT, выход 20,000 KZT",1,1,30000.0,20000.0,0.0006060232510344723,0.6666666666666666,2,False,False
100000002170580100,terminal,0.5253,11,0.1517,"1 входящих связей от 1 отправителей; 0 исходящих связей к 0 получателям; вход 150,000 KZT, выход 0 KZT",1,0,150000.0,0.0,0.0003570379336989835,0.0,2,False,False
100000001232297100,peripheral,0.35,12,0.2487,"1 входящих связей от 1 отправителей; 2 исходящих связей к 2 получателям; вход 5,000 KZT, выход 45,000 KZT",1,2,5000.0,45000.0,0.000292151832806559,9.0,2,False,False
100000002028158100,terminal,0.4478,4,0.0739,"1 входящих связей от 1 отправителей; 0 исходящих связей к 0 получателям; вход 34,800 KZT, выход 0 KZT",1,0,34800.0,0.0,0.00029664059842346663,0.0,2,False,False
100000005519998100,transit,0.9838,62,0.7439,"3 входящих связей от 3 отправителей; 3 исходящих связей к 3 получателям; вход 182,000 KZT, выход 188,000 KZT",3,3,182000.0,188000.0,0.0006524582538824888,1.032967032967033,2,False,False
100000002335358100,terminal,0.5216,16,0.2419,"1 входящих связей от 1 отправителей; 0 исходящих связей к 0 получателям; вход 140,000 KZT, выход 0 KZT",1,0,140000.0,0.0,0.0006124866171005871,0.0,2,False,False
100000007289427100,terminal,0.3927,3,0.0622,"1 входящих связей от 1 отправителей; 0 исходящих связей к 0 получателям; вход 12,300 KZT, выход 0 KZT",1,0,12300.0,0.0,0.0003736269529532959,0.0,2,False,False
100000004592467100,terminal,0.3628,3,0.0092,"1 входящих связей от 1 отправителей; 0 исходящих связей к 0 получателям; вход 7,000 KZT, выход 0 KZT",1,0,7000.0,0.0,0.0002866229494599155,0.0,2,False,False
100000004993576100,terminal,0.531,4,0.1491,"1 входящих связей от 1 отправителей; 0 исходящих связей к 0 получателям; вход 167,000 KZT, выход 0 KZT",1,0,167000.0,0.0,0.0003386988287699184,0.0,2,False,False
100000001648936100,terminal,0.4998,2,0.1137,"1 входящих связей от 1 отправителей; 0 исходящих связей к 0 получателям; вход 92,740 KZT, выход 0 KZT",1,0,92740.0,0.0,0.00030314637772139324,0.0,2,False,False
100000008512552100,distributor,1.0,28,0.7836,"4 входящих связей от 4 отправителей; 6 исходящих связей к 6 получателям; вход 394,360 KZT, выход 1,302,275 KZT",4,6,394360.0,1302275.0,0.0004258788196805501,3.3022492139162187,2,False,False
100000007629096100,consolidator,1.0,0,1.0,"4 входящих связей от 4 отправителей; 1 исходящих связей к 1 получателям; вход 1,075,170 KZT, выход 765,205 KZT",4,1,1075170.0,765205.0,0.00247240594710724,0.7117060557865268,2,False,False
100000001601320100,consolidator,0.5484,2,0.5137,"2 входящих связей от 2 отправителей; 1 исходящих связей к 1 получателям; вход 43,500 KZT, выход 46,200 KZT",2,1,43500.0,46200.0,0.0008117637398617537,1.0620689655172413,2,False,False
100000005782781100,distributor,1.0,2,0.7743,"6 входящих связей от 6 отправителей; 10 исходящих связей к 10 получателям; вход 171,888 KZT, выход 1,263,597 KZT",6,10,171888.0,1263597.0,0.0004875096527600837,7.351281066741134,2,False,False
100000002723538100,distributor,0.9926,1,0.6911,"3 входящих связей от 3 отправителей; 12 исходящих связей к 12 получателям; вход 105,647 KZT, выход 560,499 KZT",3,12,105647.0,560499.0,0.00032031316061285913,5.305394379395534,2,False,False
100000002340562100,terminal,0.4506,2,0.1611,"1 входящих связей от 1 отправителей; 0 исходящих связей к 0 получателям; вход 36,650 KZT, выход 0 KZT",1,0,36650.0,0.0,0.0005308569205030113,0.0,2,False,False
100000005939154100,terminal,0.4235,16,0.0553,"1 входящих связей от 1 отправителей; 0 исходящих связей к 0 получателям; вход 22,000 KZT, выход 0 KZT",1,0,22000.0,0.0,0.00029369666480402615,0.0,2,False,False
100000004386258100,coordinator,0.7076,8,0.69,"3 входящих связей от 3 отправителей; 3 исходящих связей к 3 получателям; вход 61,700 KZT, выход 40,000 KZT",3,3,61700.0,40000.0,0.0005336690126056135,0.6482982171799028,2,False,False
100000008406609100,terminal,0.4466,49,0.1217,"1 входящих связей от 1 отправителей; 0 исходящих связей к 0 получателям; вход 34,000 KZT, выход 0 KZT",1,0,34000.0,0.0,0.00043050382065094726,0.0,2,False,False
100000007242833100,peripheral,0.35,8,0.4367,"1 входящих связей от 1 отправителей; 1 исходящих связей к 1 получателям; вход 107,500 KZT, выход 45,000 KZT",1,1,107500.0,45000.0,0.0005138001156911164,0.4186046511627907,2,False,False
100000004698193100,distributor,0.7758,2,0.6115,"2 входящих связей от 2 отправителей; 3 исходящих связей к 3 получателям; вход 222,700 KZT, выход 38,000 KZT",2,3,222700.0,38000.0,0.0008254145941905135,0.17063313875168387,2,False,False
100000002733905100,peripheral,0.35,22,0.7131,"3 входящих связей от 3 отправителей; 2 исходящих связей к 2 получателям; вход 100,000 KZT, выход 717,839 KZT",3,2,100000.0,717839.0,0.0029169603294352192,7.17839,2,False,False
100000006912294100,peripheral,0.35,5,0.3249,"1 входящих связей от 1 отправителей; 2 исходящих связей к 2 получателям; вход 6,335 KZT, выход 30,000 KZT",1,2,6335.09,30000.0,0.000498922067320617,4.7355286191672095,2,False,False
100000003036198100,terminal,0.4032,3,0.0386,"1 входящих связей от 1 отправителей; 0 исходящих связей к 0 получателям; вход 15,000 KZT, выход 0 KZT",1,0,15000.0,0.0,0.0002879340067316291,0.0,2,False,False
100000004687099100,terminal,0.4399,2,0.0819,"1 входящих связей от 1 отправителей; 0 исходящих связей к 0 получателям; вход 30,000 KZT, выход 0 KZT",1,0,30000.0,0.0,0.00033422473963996775,0.0,2,False,False
100000005242320100,distributor,1.0,24,0.636,"2 входящих связей от 2 отправителей; 21 исходящих связей к 21 получателям; вход 365,700 KZT, выход 8,936,295 KZT",2,21,365700.0,8936295.0,0.00050012413141856,24.43613617719442,2,False,False
100000008762832100,peripheral,0.35,3,0.3507,"1 входящих связей от 1 отправителей; 1 исходящих связей к 1 получателям; вход 150,000 KZT, выход 85,000 KZT",1,1,150000.0,85000.0,0.00030814762084497525,0.5666666666666667,2,False,False
100000002489253100,terminal,0.4681,16,0.0904,"1 входящих связей от 1 отправителей; 0 исходящих связей к 0 получателям; вход 51,000 KZT, выход 0 KZT",1,0,51000.0,0.0,0.0003018444912491921,0.0,2,False,False
100000004756901100,terminal,0.5264,16,0.1357,"1 входящих связей от 1 отправителей; 0 исходящих связей к 0 получателям; вход 153,248 KZT, выход 0 KZT",1,0,153248.0,0.0,0.0003109522914570356,0.0,2,False,False
100000008749989100,terminal,0.4066,22,0.0422,"1 входящих связей от 1 отправителей; 0 исходящих связей к 0 получателям; вход 16,000 KZT, выход 0 KZT",1,0,16000.0,0.0,0.000291003491186888,0.0,2,False,False
100000001380986100,terminal,0.485,5,0.0991,"1 входящих связей от 1 отправителей; 0 исходящих связей к 0 получателям; вход 70,170 KZT, выход 0 KZT",1,0,70170.0,0.0,0.00029217226654781626,0.0,2,False,False
100000003089018100,terminal,0.548,5,0.1499,"1 входящих связей от 1 отправителей; 0 исходящих связей к 0 получателям; вход 230,000 KZT, выход 0 KZT",1,0,230000.0,0.0,0.0003072122133568228,0.0,2,False,False
100000008742266100,terminal,0.421,22,0.0532,"1 входящих связей от 1 отправителей; 0 исходящих связей к 0 получателям; вход 21,000 KZT, выход 0 KZT",1,0,21000.0,0.0,0.0002927016777398873,0.0,2,False,False
100000003044431100,consolidator,0.5654,3,0.1963,"2 входящих связей от 2 отправителей; 0 исходящих связей к 0 получателям; вход 60,000 KZT, выход 0 KZT",2,0,60000.0,0.0,0.0003024585785488682,0.0,2,False,False
100000003321423100,terminal,0.5038,53,0.2504,"1 входящих связей от 1 отправителей; 0 исходящих связей к 0 получателям; вход 100,000 KZT, выход 0 KZT",1,0,100000.0,0.0,0.0006711029646605598,0.0,2,False,False
100000002540623100,terminal,0.5038,11,0.1275,"1 входящих связей от 1 отправителей; 0 исходящих связей к 0 получателям; вход 100,000 KZT, выход 0 KZT",1,0,100000.0,0.0,0.00033321505387175237,0.0,2,False,False
100000004225615100,terminal,0.4982,5,0.1092,"1 входящих связей от 1 отправителей; 0 исходящих связей к 0 получателям; вход 90,000 KZT, выход 0 KZT",1,0,90000.0,0.0,0.0002940382625762377,0.0,2,False,False
100000004820260100,distributor,0.8207,4,0.752,"1 входящих связей от 1 отправителей; 3 исходящих связей к 3 получателям; вход 234,200 KZT, выход 215,350 KZT",1,3,234200.0,215350.0,0.0014014565775826925,0.9195132365499573,2,False,False
100000000795129100,terminal,0.5674,4,0.1944,"1 входящих связей от 1 отправителей; 0 исходящих связей к 0 получателям; вход 332,000 KZT, выход 0 KZT",1,0,332000.0,0.0,0.0003911920814716169,0.0,2,False,False
100000008213966100,consolidator,0.937,15,0.7981,"3 входящих связей от 3 отправителей; 1 исходящих связей к 1 получателям; вход 187,004 KZT, выход 436,900 KZT",3,1,187004.0,436900.0,0.001933551952419576,2.336313661739856,2,False,False
100000008478414100,terminal,0.3817,22,0.0235,"1 входящих связей от 1 отправителей; 0 исходящих связей к 0 получателям; вход 10,000 KZT, выход 0 KZT",1,0,10000.0,0.0,0.00028896566732328877,0.0,2,False,False
100000001330595100,consolidator,0.8964,34,0.5776,"3 входящих связей от 3 отправителей; 1 исходящих связей к 1 получателям; вход 87,000 KZT, выход 154,000 KZT",3,1,87000.0,154000.0,0.0006755694259219595,1.7701149425287357,2,False,False
100000000076451100,distributor,0.8677,4,0.8314,"3 входящих связей от 3 отправителей; 4 исходящих связей к 4 получателям; вход 87,707 KZT, выход 58,000 KZT",3,4,87707.0,58000.0,0.0013962008641423907,0.661292713238396,2,False,False
100000005664632100,terminal,0.5402,74,0.1653,"1 входящих связей от 1 отправителей; 0 исходящих связей к 0 получателям; вход 198,620 KZT, выход 0 KZT",1,0,198620.0,0.0,0.0003651420399228022,0.0,2,False,False
100000002457464100,terminal,0.4823,3,0.108,"1 входящих связей от 1 отправителей; 0 исходящих связей к 0 получателям; вход 66,647 KZT, выход 0 KZT",1,0,66647.0,0.0,0.0003221740395394645,0.0,2,False,False
100000002757240100,terminal,0.4683,3,0.096,"1 входящих связей от 1 отправителей; 0 исходящих связей к 0 получателям; вход 51,183 KZT, выход 0 KZT",1,0,51183.0,0.0,0.00031684650947480335,0.0,2,False,False
100000003718221100,distributor,0.9192,29,0.7979,"2 входящих связей от 2 отправителей; 4 исходящих связей к 4 получателям; вход 350,000 KZT, выход 423,500 KZT",2,4,350000.0,423500.0,0.0010434682866013757,1.21,2,False,False
100000008629581100,terminal,0.4713,3,0.0976,"1 входящих связей от 1 отправителей; 0 исходящих связей к 0 получателям; вход 54,184 KZT, выход 0 KZT",1,0,54184.0,0.0,0.0003153289461226527,0.0,2,False,False
100000004806903100,terminal,0.4129,3,0.1349,"1 входящих связей от 1 отправителей; 0 исходящих связей к 0 получателям; вход 18,000 KZT, выход 0 KZT",1,0,18000.0,0.0,0.000533538904999333,0.0,2,False,False
100000000913911100,consolidator,0.6742,3,0.5405,"2 входящих связей от 2 отправителей; 1 исходящих связей к 1 получателям; вход 467,000 KZT, выход 600,000 KZT",2,1,467000.0,600000.0,0.00045944318623889006,1.284796573875803,2,False,False
100000004905207100,terminal,0.5746,40,0.2154,"1 входящих связей от 1 отправителей; 0 исходящих связей к 0 получателям; вход 380,000 KZT, выход 0 KZT",1,0,380000.0,0.0,0.0004347034731912381,0.0,2,False,False
100000003831201100,terminal,0.4559,0,0.1661,"1 входящих связей от 1 отправителей; 0 исходящих связей к 0 получателям; вход 40,500 KZT, выход 0 KZT",1,0,40500.0,0.0,0.0005343335334517973,0.0,2,False,False
100000003073398100,terminal,0.4999,2,0.1138,"1 входящих связей от 1 отправителей; 0 исходящих связей к 0 получателям; вход 92,960 KZT, выход 0 KZT",1,0,92960.0,0.0,0.0003031880744905425,0.0,2,False,False
100000008418934100,terminal,0.5717,5,0.1714,"1 входящих связей от 1 отправителей; 0 исходящих связей к 0 получателям; вход 360,000 KZT, выход 0 KZT",1,0,360000.0,0.0,0.00031944516765308024,0.0,2,False,False
100000002741024100,distributor,0.986,0,0.9669,"5 входящих связей от 5 отправителей; 6 исходящих связей к 6 получателям; вход 817,981 KZT, выход 434,989 KZT",5,6,817980.85,434989.0,0.002855186532890205,0.5317838431058625,2,False,False
100000008106997100,consolidator,0.5377,0,0.341,"2 входящих связей от 2 отправителей; 1 исходящих связей к 1 получателям; вход 35,600 KZT, выход 20,600 KZT",2,1,35600.0,20600.0,0.0003053704876347339,0.5786516853932584,2,False,False
100000007998965100,consolidator,0.958,11,0.5547,"5 входящих связей от 5 отправителей; 1 исходящих связей к 1 получателям; вход 278,000 KZT, выход 26,000 KZT",5,1,278000.0,26000.0,0.0004719217907251249,0.09352517985611511,2,False,False
100000001822623100,terminal,0.5409,29,0.1507,"1 входящих связей от 1 отправителей; 0 исходящих связей к 0 получателям; вход 201,300 KZT, выход 0 KZT",1,0,201300.0,0.0,0.00032349256040320104,0.0,2,False,False
100000006424479100,coordinator,0.6875,12,0.7985,"1 входящих связей от 1 отправителей; 2 исходящих связей к 2 получателям; вход 500,000 KZT, выход 220,000 KZT",1,2,500000.0,220000.0,0.0009438231531441708,0.44,2,False,False
100000008696692100,terminal,0.4157,22,0.0491,"1 входящих связей от 1 отправителей; 0 исходящих связей к 0 получателям; вход 19,000 KZT, выход 0 KZT",1,0,19000.0,0.0,0.0002920224031186876,0.0,2,False,False
100000002748532100,peripheral,0.35,35,0.5644,"3 входящих связей от 3 отправителей; 2 исходящих связей к 2 получателям; вход 355,575 KZT, выход 646,685 KZT",3,2,355575.0,646685.0,0.00033910551994433967,1.8187021022287844,2,False,False
100000004456564100,terminal,0.3817,40,0.0611,"1 входящих связей от 1 отправителей; 0 исходящих связей к 0 получателям; вход 10,000 KZT, выход 0 KZT",1,0,10000.0,0.0,0.0003923872798230175,0.0,2,False,False
100000001530740100,terminal,0.4032,16,0.1266,"1 входящих связей от 1 отправителей; 0 исходящих связей к 0 получателям; вход 15,000 KZT, выход 0 KZT",1,0,15000.0,0.0,0.000529819702440915,0.0,2,False,False
100000001386612100,terminal,0.4787,49,0.146,"1 входящих связей от 1 отправителей; 0 исходящих связей к 0 получателям; вход 62,264 KZT, выход 0 KZT",1,0,62264.0,0.0,0.00043377009568121175,0.0,2,False,False
100000003360542100,peripheral,0.35,11,0.6551,"2 входящих связей от 2 отправителей; 2 исходящих связей к 2 получателям; вход 317,000 KZT, выход 51,800 KZT",2,2,317000.0,51800.0,0.001456432548006546,0.16340694006309148,2,False,False
100000008352542100,terminal,0.4673,3,0.1006,"1 входящих связей от 1 отправителей; 0 исходящих связей к 0 получателям; вход 50,220 KZT, выход 0 KZT",1,0,50220.0,0.0,0.0003314754198712513,0.0,2,False,False
100000001138376100,terminal,0.4042,4,0.0403,"1 входящих связей от 1 отправителей; 0 исходящих связей к 0 получателям; вход 15,300 KZT, выход 0 KZT",1,0,15300.0,0.0,0.00029043685037690223,0.0,2,False,False
100000003246024100,coordinator,0.6929,0,0.4876,"1 входящих связей от 1 отправителей; 1 исходящих связей к 1 получателям; вход 25,000 KZT, выход 5,000 KZT",1,1,25000.0,5000.0,0.00037134005643017944,0.2,2,False,False
100000002680477100,terminal,0.4303,24,0.0605,"1 входящих связей от 1 отправителей; 0 исходящих связей к 0 получателям; вход 25,000 KZT, выход 0 KZT",1,0,25000.0,0.0,0.00029455855419957707,0.0,2,False,False
100000005882013100,consolidator,0.6084,12,0.4313,"2 входящих связей от 2 отправителей; 1 исходящих связей к 1 получателям; вход 135,000 KZT, выход 10,000 KZT",2,1,135000.0,10000.0,0.0005264244942722093,0.07407407407407407,2,False,False
100000005665181100,distributor,0.9634,10,0.6724,"4 входящих связей от 4 отправителей; 11 исходящих связей к 11 получателям; вход 45,498 KZT, выход 181,915 KZT",4,11,45498.0,181915.0,0.0003985397345805526,3.998307617917271,2,False,False
100000008141170100,terminal,0.3867,16,0.1482,"1 входящих связей от 1 отправителей; 0 исходящих связей к 0 получателям; вход 11,000 KZT, выход 0 KZT",1,0,11000.0,0.0,0.0006219001408928689,0.0,2,False,False
100000001382002100,transit,0.9865,0,0.4361,"1 входящих связей от 1 отправителей; 1 исходящих связей к 1 получателям; вход 55,000 KZT, выход 56,500 KZT",1,1,55000.0,56500.0,0.0006633074267595711,1.0272727272727273,2,False,False
100000002481735100,terminal,0.4245,16,0.0812,"1 входящих связей от 1 отправителей; 0 исходящих связей к 0 получателям; вход 22,436 KZT, выход 0 KZT",1,0,22436.0,0.0,0.00036270354277617787,0.0,2,False,False
100000000806727100,peripheral,0.35,3,0.2808,"1 входящих связей от 1 отправителей; 1 исходящих связей к 1 получателям; вход 45,000 KZT, выход 5,000 KZT",1,1,45000.0,5000.0,0.0003458595620044746,0.1111111111111111,2,False,False
100000003039473100,terminal,0.4259,16,0.0638,"1 входящих связей от 1 отправителей; 0 исходящих связей к 0 получателям; вход 23,000 KZT, выход 0 KZT",1,0,23000.0,0.0,0.000312213895660518,0.0,2,False,False
100000005205745100,terminal,0.3546,2,0.0125,"1 входящих связей от 1 отправителей; 0 исходящих связей к 0 получателям; вход 6,000 KZT, выход 0 KZT",1,0,6000.0,0.0,0.00031226140044596435,0.0,2,False,False
100000004356593100,peripheral,0.35,3,0.3064,"1 входящих связей от 1 отправителей; 1 исходящих связей к 1 получателям; вход 50,000 KZT, выход 10,000 KZT",1,1,50000.0,10000.0,0.0002934516692650865,0.2,2,False,False
100000008688881100,terminal,0.4605,22,0.0845,"1 входящих связей от 1 отправителей; 0 исходящих связей к 0 получателям; вход 44,211 KZT, выход 0 KZT",1,0,44211.0,0.0,0.00030058499935622067,0.0,2,False,False
100000008111003100,consolidator,0.9462,0,0.7369,"6 входящих связей от 6 отправителей; 1 исходящих связей к 1 получателям; вход 222,716 KZT, выход 35,000 KZT",6,1,222716.0,35000.0,0.0004696217007352448,0.15715081089818422,2,False,False
100000003016773100,terminal,0.4632,42,0.0916,"1 входящих связей от 1 отправителей; 0 исходящих связей к 0 получателям; вход 46,555 KZT, выход 0 KZT",1,0,46555.0,0.0,0.0003147956646990744,0.0,2,False,False
100000004674799100,terminal,0.5216,0,0.3067,"1 входящих связей от 1 отправителей; 0 исходящих связей к 0 получателям; вход 140,000 KZT, выход 0 KZT",1,0,140000.0,0.0,0.000790673193306168,0.0,2,False,False
100000005834479100,peripheral,0.35,1,0.2436,"1 входящих связей от 1 отправителей; 2 исходящих связей к 2 получателям; вход 7,500 KZT, выход 14,470 KZT",1,2,7500.0,14470.0,0.00028675165047445963,1.9293333333333333,2,False,False
100000003278020100,terminal,0.5378,0,0.1489,"1 входящих связей от 1 отправителей; 0 исходящих связей к 0 получателям; вход 190,000 KZT, выход 0 KZT",1,0,190000.0,0.0,0.00032455129303952463,0.0,2,False,False
100000000831684100,peripheral,0.35,8,0.4981,"1 входящих связей от 1 отправителей; 1 исходящих связей к 1 получателям; вход 15,000 KZT, выход 50,000 KZT",1,1,15000.0,50000.0,0.0018906089223340327,3.3333333333333335,2,False,False
100000000307908100,terminal,0.35,9,0.0034,"1 входящих связей от 1 отправителей; 0 исходящих связей к 0 получателям; вход 5,000 KZT, выход 0 KZT",1,0,5000.0,0.0,0.0002964337747494588,0.0,2,False,False
100000001782980100,peripheral,0.35,27,0.3583,"1 входящих связей от 1 отправителей; 1 исходящих связей к 1 получателям; вход 50,000 KZT, выход 596,200 KZT",1,1,50000.0,596200.0,0.00037028315078489494,11.924,2,False,False
100000002454724100,terminal,0.5156,33,0.1244,"1 входящих связей от 1 отправителей; 0 исходящих связей к 0 получателям; вход 125,000 KZT, выход 0 KZT",1,0,125000.0,0.0,0.00030118599844023564,0.0,2,False,False
100000005904580100,consolidator,0.5751,8,0.2833,"2 входящих связей от 2 отправителей; 0 исходящих связей к 0 получателям; вход 72,000 KZT, выход 0 KZT",2,0,72000.0,0.0,0.0005227099859368683,0.0,2,False,False
100000008474308100,peripheral,0.35,8,0.2815,"1 входящих связей от 1 отправителей; 1 исходящих связей к 1 получателям; вход 14,000 KZT, выход 10,000 KZT",1,1,14000.0,10000.0,0.00044502203600991423,0.7142857142857143,2,False,False
100000000795033100,terminal,0.4134,0,0.1351,"1 входящих связей от 1 отправителей; 0 исходящих связей к 0 получателям; вход 18,200 KZT, выход 0 KZT",1,0,18200.0,0.0,0.0005330176535576364,0.0,2,False,False
100000000861294100,terminal,0.5253,2,0.136,"1 входящих связей от 1 отправителей; 0 исходящих связей к 0 получателям; вход 150,000 KZT, выход 0 KZT",1,0,150000.0,0.0,0.0003139989095463333,0.0,2,False,False
100000006557763100,terminal,0.3817,3,0.0447,"1 входящих связей от 1 отправителей; 0 исходящих связей к 0 получателям; вход 10,000 KZT, выход 0 KZT",1,0,10000.0,0.0,0.00034717518817528457,0.0,2,False,False
100000005608515100,terminal,0.4801,2,0.0959,"1 входящих связей от 1 отправителей; 0 исходящих связей к 0 получателям; вход 64,000 KZT, выход 0 KZT",1,0,64000.0,0.0,0.0002931596353300159,0.0,2,False,False
100000003922499100,terminal,0.467,8,0.1745,"1 входящих связей от 1 отправителей; 0 исходящих связей к 0 получателям; вход 50,000 KZT, выход 0 KZT",1,0,50000.0,0.0,0.0005352399237782638,0.0,2,False,False
100000008603629100,distributor,1.0,1,1.0,"19 входящих связей от 19 отправителей; 61 исходящих связей к 61 получателям; вход 1,817,300 KZT, выход 4,986,156 KZT",19,61,1817300.0,4986156.0,0.0011918072731347809,2.7437165025037142,2,False,False
100000004825069100,terminal,0.4399,22,0.0679,"1 входящих связей от 1 отправителей; 0 исходящих связей к 0 получателям; вход 30,000 KZT, выход 0 KZT",1,0,30000.0,0.0,0.000295758413535286,0.0,2,False,False
100000004331458100,consolidator,0.6411,71,0.4952,"2 входящих связей от 2 отправителей; 0 исходящих связей к 0 получателям; вход 250,000 KZT, выход 0 KZT",2,0,250000.0,0.0,0.0013234381164598658,0.0,2,False,False
100000002911170100,terminal,0.562,33,0.1658,"1 входящих связей от 1 отправителей; 0 исходящих связей к 0 получателям; вход 300,000 KZT, выход 0 KZT",1,0,300000.0,0.0,0.00032304938435235924,0.0,2,False,False
100000008011159100,distributor,0.959,66,0.7534,"3 входящих связей от 3 отправителей; 5 исходящих связей к 5 получателям; вход 363,000 KZT, выход 153,037 KZT",3,5,363000.0,153037.0,0.0004861091667224914,0.4215895316804408,2,False,False
100000003854444100,distributor,1.0,43,0.7744,"1 входящих связей от 1 отправителей; 14 исходящих связей к 14 получателям; вход 210,000 KZT, выход 2,322,909 KZT",1,14,210000.0,2322909.0,0.0004667616271471915,11.061471428571428,2,False,False
100000008547948100,distributor,1.0,5,0.7607,"6 входящих связей от 6 отправителей; 26 исходящих связей к 26 получателям; вход 212,665 KZT, выход 5,185,600 KZT",6,26,212665.0,5185600.0,0.00042770372491676006,24.383890155878966,2,False,False
100000005175148100,consolidator,0.58,4,0.4859,"2 входящих связей от 2 отправителей; 1 исходящих связей к 1 получателям; вход 79,000 KZT, выход 15,000 KZT",2,1,79000.0,15000.0,0.0007181459635567809,0.189873417721519,2,False,False
100000002087788100,terminal,0.5041,10,0.246,"1 входящих связей от 1 отправителей; 0 исходящих связей к 0 получателям; вход 100,500 KZT, выход 0 KZT",1,0,100500.0,0.0,0.0006585724738436659,0.0,2,False,False
100000004150593100,distributor,1.0,16,0.6664,"1 входящих связей от 1 отправителей; 11 исходящих связей к 11 получателям; вход 57,000 KZT, выход 871,165 KZT",1,11,57000.0,871165.0,0.0003066265725556516,15.28359649122807,2,False,False
100000001597505100,peripheral,0.35,41,0.2709,"1 входящих связей от 1 отправителей; 1 исходящих связей к 1 получателям; вход 26,460 KZT, выход 12,920 KZT",1,1,26460.0,12920.0,0.00031475890283167536,0.48828420256991684,2,False,False
100000007629121100,terminal,0.4381,3,0.1031,"1 входящих связей от 1 отправителей; 0 исходящих связей к 0 получателям; вход 29,000 KZT, выход 0 KZT",1,0,29000.0,0.0,0.00039603609156140733,0.0,2,False,False
100000005614315100,terminal,0.5841,16,0.2733,"1 входящих связей от 1 отправителей; 0 исходящих связей к 0 получателям; вход 455,000 KZT, выход 0 KZT",1,0,455000.0,0.0,0.0005750924282981921,0.0,2,False,False
100000008324800100,consolidator,0.9919,85,0.8005,"3 входящих связей от 3 отправителей; 1 исходящих связей к 1 получателям; вход 526,500 KZT, выход 511,000 KZT",3,1,526500.0,511000.0,0.0018517826355651432,0.9705603038936372,2,False,False
100000005030592100,terminal,0.3817,4,0.0234,"1 входящих связей от 1 отправителей; 0 исходящих связей к 0 получателям; вход 10,000 KZT, выход 0 KZT",1,0,10000.0,0.0,0.0002887507034719386,0.0,2,False,False
100000001633685100,consolidator,0.8614,0,0.2572,"3 входящих связей от 3 отправителей; 0 исходящих связей к 0 получателям; вход 45,000 KZT, выход 0 KZT",3,0,45000.0,0.0,0.0003061866332400327,0.0,2,False,False
100000001848426100,terminal,0.5014,2,0.115,"1 входящих связей от 1 отправителей; 0 исходящих связей к 0 получателям; вход 95,530 KZT, выход 0 KZT",1,0,95530.0,0.0,0.00030367516856651344,0.0,2,False,False
100000004580202100,distributor,0.7802,29,0.4027,"1 входящих связей от 1 отправителей; 3 исходящих связей к 3 получателям; вход 9,000 KZT, выход 45,000 KZT",1,3,9000.0,45000.0,0.00032162328322811484,5.0,2,False,False
100000008717375100,terminal,0.4391,3,0.0695,"1 входящих связей от 1 отправителей; 0 исходящих связей к 0 получателям; вход 29,506 KZT, выход 0 KZT",1,0,29506.0,0.0,0.00030177496912352865,0.0,2,False,False
100000007861311100,terminal,0.4614,2,0.1062,"1 входящих связей от 1 отправителей; 0 исходящих связей к 0 получателям; вход 45,000 KZT, выход 0 KZT",1,0,45000.0,0.0,0.0003585524623513066,0.0,2,False,False
100000005578559100,distributor,1.0,18,0.7288,"2 входящих связей от 2 отправителей; 21 исходящих связей к 21 получателям; вход 131,000 KZT, выход 893,164 KZT",2,21,131000.0,893163.67,0.00039101511323013396,6.818043282442749,2,False,False
100000008764436100,terminal,0.396,22,0.0342,"1 входящих связей от 1 отправителей; 0 исходящих связей к 0 получателям; вход 13,100 KZT, выход 0 KZT",1,0,13100.0,0.0,0.00029001854298614835,0.0,2,False,False
100000000190228100,peripheral,0.35,5,0.3449,"1 входящих связей от 1 отправителей; 1 исходящих связей к 1 получателям; вход 5,000 KZT, выход 28,560 KZT",1,1,5000.0,28560.0,0.0005820068181865632,5.712,2,False,False
100000003971049100,terminal,0.4729,0,0.0911,"1 входящих связей от 1 отправителей; 0 исходящих связей к 0 получателям; вход 55,900 KZT, выход 0 KZT",1,0,55900.0,0.0,0.00029426514402485806,0.0,2,False,False
100000008743913100,distributor,1.0,35,0.7124,"3 входящих связей от 3 отправителей; 13 исходящих связей к 13 получателям; вход 149,300 KZT, выход 1,850,600 KZT",3,13,149300.0,1850600.0,0.0003321078123765368,12.395177494976558,2,False,False
100000004400361100,terminal,0.3817,16,0.0229,"1 входящих связей от 1 отправителей; 0 исходящих связей к 0 получателям; вход 10,000 KZT, выход 0 KZT",1,0,10000.0,0.0,0.0002872256288669917,0.0,2,False,False
100000002175422100,distributor,1.0,36,0.8694,"3 входящих связей от 3 отправителей; 6 исходящих связей к 6 получателям; вход 68,500 KZT, выход 1,621,188 KZT",3,6,68500.0,1621188.0,0.0008458861317816005,23.66697810218978,2,False,False
100000004544958100,peripheral,0.35,11,0.6526,"1 входящих связей от 1 отправителей; 2 исходящих связей к 2 получателям; вход 168,000 KZT, выход 23,200 KZT",1,2,168000.0,23200.0,0.001214607508891013,0.1380952380952381,2,False,False
100000008466579100,distributor,1.0,42,0.6669,"2 входящих связей от 2 отправителей; 17 исходящих связей к 17 получателям; вход 36,952 KZT, выход 1,933,000 KZT",2,17,36952.0,1933000.0,0.0003534138885849347,52.31110630006495,2,False,False
100000001184915100,terminal,0.5408,4,0.1601,"1 входящих связей от 1 отправителей; 0 исходящих связей к 0 получателям; вход 201,000 KZT, выход 0 KZT",1,0,201000.0,0.0,0.0003495156202357229,0.0,2,False,False
100000004435304100,terminal,0.4328,22,0.0623,"1 входящих связей от 1 отправителей; 0 исходящих связей к 0 получателям; вход 26,200 KZT, выход 0 KZT",1,0,26200.0,0.0,0.0002944677917550065,0.0,2,False,False
100000008762728100,terminal,0.4099,16,0.0543,"1 входящих связей от 1 отправителей; 0 исходящих связей к 0 получателям; вход 17,026 KZT, выход 0 KZT",1,0,17026.0,0.0,0.00031770106594377587,0.0,2,False,False
100000004285800100,peripheral,0.35,0,0.2145,"1 входящих связей от 1 отправителей; 1 исходящих связей к 1 получателям; вход 5,000 KZT, выход 15,000 KZT",1,1,5000.0,15000.0,0.0003442181347832994,3.0,2,False,False
100000008557672100,terminal,0.4661,22,0.0891,"1 входящих связей от 1 отправителей; 0 исходящих связей к 0 получателям; вход 49,125 KZT, выход 0 KZT",1,0,49125.0,0.0,0.0003022539771005084,0.0,2,False,False
100000005142589100,terminal,0.467,0,0.0927,"1 входящих связей от 1 отправителей; 0 исходящих связей к 0 получателям; вход 50,000 KZT, выход 0 KZT",1,0,50000.0,0.0,0.0003103697710860747,0.0,2,False,False
100000003747133100,transit,0.9734,57,0.6694,"5 входящих связей от 5 отправителей; 2 исходящих связей к 2 получателям; вход 237,068 KZT, выход 250,000 KZT",5,2,237068.0,250000.0,0.00037807073413400786,1.0545497494389795,2,False,False
100000003289405100,terminal,0.571,3,0.178,"1 входящих связей от 1 отправителей; 0 исходящих связей к 0 получателям; вход 355,000 KZT, выход 0 KZT",1,0,355000.0,0.0,0.0003390046672361447,0.0,2,False,False
100000002691858100,terminal,0.4686,41,0.1055,"1 входящих связей от 1 отправителей; 0 исходящих связей к 0 получателям; вход 51,500 KZT, выход 0 KZT",1,0,51500.0,0.0,0.0003423820245136182,0.0,2,False,False
100000007534354100,distributor,0.811,11,0.3841,"1 входящих связей от 1 отправителей; 3 исходящих связей к 3 получателям; вход 50,000 KZT, выход 147,810 KZT",1,3,50000.0,147810.0,0.00030354781418186395,2.9562,2,False,False
100000000765628100,terminal,0.35,16,0.0103,"1 входящих связей от 1 отправителей; 0 исходящих связей к 0 получателям; вход 5,000 KZT, выход 0 KZT",1,0,5000.0,0.0,0.00031542416946217386,0.0,2,False,False
100000004962193100,consolidator,1.0,0,0.4846,"8 входящих связей от 8 отправителей; 0 исходящих связей к 0 получателям; вход 900,468 KZT, выход 0 KZT",8,0,900468.0,0.0,0.00065731504427257,0.0,2,False,False
100000005032294100,terminal,0.3817,40,0.0611,"1 входящих связей от 1 отправителей; 0 исходящих связей к 0 получателям; вход 10,000 KZT, выход 0 KZT",1,0,10000.0,0.0,0.0003923872798230175,0.0,2,False,False
100000001251686100,terminal,0.4129,3,0.0487,"1 входящих связей от 1 отправителей; 0 исходящих связей к 0 получателям; вход 18,000 KZT, выход 0 KZT",1,0,18000.0,0.0,0.00029656884239999225,0.0,2,False,False
100000002398779100,consolidator,1.0,0,0.7856,"13 входящих связей от 13 отправителей; 1 исходящих связей к 1 получателям; вход 1,095,690 KZT, выход 66,000 KZT",13,1,1095690.0,66000.0,0.0016005031258790202,0.06023601566136407,2,False,False
100000008512827100,distributor,1.0,24,0.7012,"3 входящих связей от 3 отправителей; 10 исходящих связей к 10 получателям; вход 107,949 KZT, выход 1,944,500 KZT",3,10,107949.0,1944500.0,0.0003352561979240567,18.01313583266172,2,False,False
100000003943483100,terminal,0.3817,8,0.0381,"1 входящих связей от 1 отправителей; 0 исходящих связей к 0 получателям; вход 10,000 KZT, выход 0 KZT",1,0,10000.0,0.0,0.00032896498623384866,0.0,2,False,False
100000005031696100,coordinator,0.592,47,0.508,"1 входящих связей от 1 отправителей; 2 исходящих связей к 2 получателям; вход 5,000 KZT, выход 115,000 KZT",1,2,5000.0,115000.0,0.0005397118809391441,23.0,2,False,False
100000002703376100,terminal,0.4632,0,0.0836,"1 входящих связей от 1 отправителей; 0 исходящих связей к 0 получателям; вход 46,501 KZT, выход 0 KZT",1,0,46501.0,0.0,0.0002928030278827949,0.0,2,False,False
100000003617552100,terminal,0.4303,27,0.1538,"1 входящих связей от 1 отправителей; 0 исходящих связей к 0 получателям; вход 25,000 KZT, выход 0 KZT",1,0,25000.0,0.0,0.0005510452542740746,0.0,2,False,False
100000007617808100,terminal,0.5835,16,0.1947,"1 входящих связей от 1 отправителей; 0 исходящих связей к 0 получателям; вход 450,000 KZT, выход 0 KZT",1,0,450000.0,0.0,0.0003601043534538573,0.0,2,False,False
100000002613776100,terminal,0.4399,3,0.07,"1 входящих связей от 1 отправителей; 0 исходящих связей к 0 получателям; вход 30,000 KZT, выход 0 KZT",1,0,30000.0,0.0,0.0003014863033266457,0.0,2,False,False
100000002578405100,distributor,1.0,22,0.8529,"2 входящих связей от 2 отправителей; 116 исходящих связей к 116 получателям; вход 1,200,351 KZT, выход 3,108,352 KZT",2,116,1200351.0,3108352.0,0.0005700071256448117,2.589535894084314,2,False,False
100000006161893100,terminal,0.3995,16,0.1247,"1 входящих связей от 1 отправителей; 0 исходящих связей к 0 получателям; вход 14,000 KZT, выход 0 KZT",1,0,14000.0,0.0,0.0005318535188146666,0.0,2,False,False
100000002633701100,terminal,0.5558,5,0.1568,"1 входящих связей от 1 отправителей; 0 исходящих связей к 0 получателям; вход 266,850 KZT, выход 0 KZT",1,0,266850.0,0.0,0.0003106797854015696,0.0,2,False,False
100000002432143100,terminal,0.4928,3,0.1204,"1 входящих связей от 1 отправителей; 0 исходящих связей к 0 получателям; вход 81,310 KZT, выход 0 KZT",1,0,81310.0,0.0,0.0003352566977025957,0.0,2,False,False
100000000490383100,distributor,0.9875,16,0.5997,"3 входящих связей от 3 отправителей; 8 исходящих связей к 8 получателям; вход 62,600 KZT, выход 461,375 KZT",3,8,62600.0,461375.0,0.0005480373500605425,7.37020766773163,2,False,False
100000005809252100,terminal,0.4303,10,0.1596,"1 входящих связей от 1 отправителей; 0 исходящих связей к 0 получателям; вход 25,000 KZT, выход 0 KZT",1,0,25000.0,0.0,0.0005671286342298138,0.0,2,False,False
100000006612238100,peripheral,0.35,22,0.3484,"1 входящих связей от 1 отправителей; 1 исходящих связей к 1 получателям; вход 160,000 KZT, выход 25,000 KZT",1,1,160000.0,25000.0,0.00033991126391326795,0.15625,2,False,False
100000002593038100,terminal,0.4372,8,0.1979,"1 входящих связей от 1 отправителей; 0 исходящих связей к 0 получателям; вход 28,500 KZT, выход 0 KZT",1,0,28500.0,0.0,0.000658612414499517,0.0,2,False,False
100000002947299100,terminal,0.4952,3,0.1229,"1 входящих связей от 1 отправителей; 0 исходящих связей к 0 получателям; вход 85,000 KZT, выход 0 KZT",1,0,85000.0,0.0,0.0003375116050800497,0.0,2,False,False
100000004336312100,transit,0.8906,62,0.5817,"3 входящих связей от 3 отправителей; 2 исходящих связей к 2 получателям; вход 90,415 KZT, выход 72,650 KZT",3,2,90415.0,72650.0,0.0006960070275624496,0.8035171155228668,2,False,False
100000001308856100,terminal,0.4344,22,0.0635,"1 входящих связей от 1 отправителей; 0 исходящих связей к 0 получателям; вход 27,000 KZT, выход 0 KZT",1,0,27000.0,0.0,0.0002947395016034864,0.0,2,False,False
100000008238989100,terminal,0.5405,29,0.1504,"1 входящих связей от 1 отправителей; 0 исходящих связей к 0 получателям; вход 200,000 KZT, выход 0 KZT",1,0,200000.0,0.0,0.0003232476510835702,0.0,2,False,False
100000005561741100,terminal,0.4303,18,0.0734,"1 входящих связей от 1 отправителей; 0 исходящих связей к 0 получателям; вход 25,000 KZT, выход 0 KZT",1,0,25000.0,0.0,0.0003298457193194186,0.0,2,False,False
100000006248077100,terminal,0.467,16,0.0867,"1 входящих связей от 1 отправителей; 0 исходящих связей к 0 получателям; вход 50,000 KZT, выход 0 KZT",1,0,50000.0,0.0,0.00029385096746579765,0.0,2,False,False
100000000646541100,consolidator,0.8309,0,0.3078,"3 входящих связей от 3 отправителей; 0 исходящих связей к 0 получателям; вход 25,300 KZT, выход 0 KZT",3,0,25300.0,0.0,0.0005058630830440042,0.0,2,False,False
100000006595426100,terminal,0.495,0,0.1216,"1 входящих связей от 1 отправителей; 0 исходящих связей к 0 получателям; вход 84,800 KZT, выход 0 KZT",1,0,84800.0,0.0,0.000334319780409647,0.0,2,False,False
100000002956898100,consolidator,0.649,4,0.2835,"2 входящих связей от 2 отправителей; 0 исходящих связей к 0 получателям; вход 290,240 KZT, выход 0 KZT",2,0,290240.0,0.0,0.0003768413148122,0.0,2,False,False
100000001262647100,terminal,0.4273,4,0.0616,"1 входящих связей от 1 отправителей; 0 исходящих связей к 0 получателям; вход 23,650 KZT, выход 0 KZT",1,0,23650.0,0.0,0.000303391972492015,0.0,2,False,False
100000005849100100,terminal,0.4455,3,0.1428,"1 входящих связей от 1 отправителей; 0 исходящих связей к 0 получателям; вход 33,300 KZT, выход 0 KZT",1,0,33300.0,0.0,0.0004907169210974114,0.0,2,False,False
100000000533217100,terminal,0.4707,0,0.2202,"1 входящих связей от 1 отправителей; 0 исходящих связей к 0 получателям; вход 53,587 KZT, выход 0 KZT",1,0,53587.0,0.0,0.0006536029907362576,0.0,2,False,False
100000002812641100,peripheral,0.35,5,0.4565,"1 входящих связей от 1 отправителей; 1 исходящих связей к 1 получателям; вход 10,000 KZT, выход 7,024 KZT",1,1,10000.0,7023.95,0.002063853851346023,0.702395,2,False,False
100000008647905100,peripheral,0.35,43,0.4362,"1 входящих связей от 1 отправителей; 2 исходящих связей к 2 получателям; вход 50,000 KZT, выход 344,222 KZT",1,2,50000.0,344222.0,0.00032871032586726667,6.88444,2,False,False
100000002842337100,terminal,0.467,2,0.1132,"1 входящих связей от 1 отправителей; 0 исходящих связей к 0 получателям; вход 50,000 KZT, выход 0 KZT",1,0,50000.0,0.0,0.0003666617032550862,0.0,2,False,False
100000002445750100,peripheral,0.35,0,0.4082,"1 входящих связей от 1 отправителей; 1 исходящих связей к 1 получателям; вход 70,000 KZT, выход 10,000 KZT",1,1,70000.0,10000.0,0.0005372906870343836,0.14285714285714285,2,False,False
100000005619339100,transit,0.9576,16,0.1925,"1 входящих связей от 1 отправителей; 1 исходящих связей к 1 получателям; вход 5,000 KZT, выход 5,443 KZT",1,1,5000.0,5442.6,0.00032082585348585106,1.0885200000000002,2,False,False
100000006844768100,peripheral,0.35,0,0.7297,"1 входящих связей от 1 отправителей; 2 исходящих связей к 2 получателям; вход 282,000 KZT, выход 188,000 KZT",1,2,282000.0,188000.0,0.0013707774167538995,0.6666666666666666,2,False,False
100000002488629100,terminal,0.4871,2,0.1032,"1 входящих связей от 1 отправителей; 0 исходящих связей к 0 получателям; вход 73,050 KZT, выход 0 KZT",1,0,73050.0,0.0,0.0002994145168825342,0.0,2,False,False
100000002796853100,peripheral,0.35,59,0.5957,"1 входящих связей от 1 отправителей; 1 исходящих связей к 1 получателям; вход 199,000 KZT, выход 46,168 KZT",1,1,199000.0,46167.62,0.0021135984327106993,0.23199809045226133,2,False,False
100000006755850100,terminal,0.5828,10,0.2993,"1 входящих связей от 1 отправителей; 0 исходящих связей к 0 получателям; вход 443,476 KZT, выход 0 KZT",1,0,443475.8,0.0,0.0006492085817124307,0.0,2,False,False
100000008733194100,distributor,0.9601,12,0.7622,"4 входящих связей от 4 отправителей; 8 исходящих связей к 8 получателям; вход 251,424 KZT, выход 159,695 KZT",4,8,251424.0,159695.0,0.0004707255944091275,0.6351621165839378,2,False,False
100000001904863100,terminal,0.5891,40,0.243,"1 входящих связей от 1 отправителей; 0 исходящих связей к 0 получателям; вход 500,000 KZT, выход 0 KZT",1,0,500000.0,0.0,0.0004817984770777479,0.0,2,False,False
100000001641951100,terminal,0.4303,3,0.0694,"1 входящих связей от 1 отправителей; 0 исходящих связей к 0 получателям; вход 25,000 KZT, выход 0 KZT",1,0,25000.0,0.0,0.00031906388743239267,0.0,2,False,False
100000004816564100,peripheral,0.35,4,0.3938,"1 входящих связей от 1 отправителей; 1 исходящих связей к 1 получателям; вход 285,480 KZT, выход 5,000 KZT",1,1,285480.0,5000.0,0.00037639216561899256,0.01751436177665686,2,False,False
100000002205022100,distributor,0.8434,31,0.4966,"1 входящих связей от 1 отправителей; 3 исходящих связей к 3 получателям; вход 7,100 KZT, выход 518,000 KZT",1,3,7100.0,518000.0,0.0005456370301467006,72.95774647887323,2,False,False
100000002267998100,distributor,0.8529,29,0.8249,"2 входящих связей от 2 отправителей; 3 исходящих связей к 3 получателям; вход 420,000 KZT, выход 1,115,000 KZT",2,3,420000.0,1115000.0,0.0015848317238056746,2.6547619047619047,2,False,False
100000002199091100,terminal,0.4809,22,0.1018,"1 входящих связей от 1 отправителей; 0 исходящих связей к 0 получателям; вход 65,000 KZT, выход 0 KZT",1,0,65000.0,0.0,0.0003076457194062812,0.0,2,False,False
100000008571443100,consolidator,0.5697,12,0.2038,"2 входящих связей от 2 отправителей; 0 исходящих связей к 0 получателям; вход 65,000 KZT, выход 0 KZT",2,0,65000.0,0.0,0.00031474857317144846,0.0,2,False,False
100000002742067100,terminal,0.3945,4,0.033,"1 входящих связей от 1 отправителей; 0 исходящих связей к 0 получателям; вход 12,730 KZT, выход 0 KZT",1,0,12730.0,0.0,0.0002896192281984576,0.0,2,False,False
100000003292979100,terminal,0.4659,3,0.0992,"1 входящих связей от 1 отправителей; 0 исходящих связей к 0 получателям; вход 48,950 KZT, выход 0 KZT",1,0,48950.0,0.0,0.0003303145122730726,0.0,2,False,False
100000002558173100,terminal,0.3778,41,0.0232,"1 входящих связей от 1 отправителей; 0 исходящих связей к 0 получателям; вход 9,300 KZT, выход 0 KZT",1,0,9300.0,0.0,0.0002958286804649766,0.0,2,False,False
100000004687282100,terminal,0.4184,16,0.0657,"1 входящих связей от 1 отправителей; 0 исходящих связей к 0 получателям; вход 20,000 KZT, выход 0 KZT",1,0,20000.0,0.0,0.000332271768914904,0.0,2,False,False
100000003034546100,terminal,0.5877,5,0.1873,"1 входящих связей от 1 отправителей; 0 исходящих связей к 0 получателям; вход 486,715 KZT, выход 0 KZT",1,0,486715.0,0.0,0.0003313690046042362,0.0,2,False,False
100000003798151100,terminal,0.5702,16,0.2634,"1 входящих связей от 1 отправителей; 0 исходящих связей к 0 получателям; вход 350,000 KZT, выход 0 KZT",1,0,350000.0,0.0,0.0005753929174195429,0.0,2,False,False
100000008710791100,distributor,1.0,5,0.7207,"3 входящих связей от 3 отправителей; 23 исходящих связей к 23 получателям; вход 181,510 KZT, выход 5,521,511 KZT",3,23,181510.0,5521511.0,0.0003342621960762564,30.41987218335078,2,False,False
100000008688476100,terminal,0.4281,22,0.0587,"1 входящих связей от 1 отправителей; 0 исходящих связей к 0 получателям; вход 24,000 KZT, выход 0 KZT",1,0,24000.0,0.0,0.0002937205896716869,0.0,2,False,False
100000003242289100,distributor,1.0,28,0.8014,"3 входящих связей от 3 отправителей; 23 исходящих связей к 23 получателям; вход 550,791 KZT, выход 2,377,741 KZT",3,23,550791.0,2377741.0,0.0004397217042853956,4.316956885642648,2,False,False
100000006564102100,terminal,0.5487,3,0.1943,"1 входящих связей от 1 отправителей; 0 исходящих связей к 0 получателям; вход 233,235 KZT, выход 0 KZT",1,0,233235.0,0.0,0.00042809593979465147,0.0,2,False,False
100000001526235100,distributor,0.9859,13,0.8807,"3 входящих связей от 3 отправителей; 8 исходящих связей к 8 получателям; вход 82,000 KZT, выход 432,750 KZT",3,8,82000.0,432750.0,0.0008778562267377667,5.277439024390244,2,False,False
100000004398811100,distributor,0.8529,3,0.5033,"1 входящих связей от 1 отправителей; 3 исходящих связей к 3 получателям; вход 426,000 KZT, выход 1,040,672 KZT",1,3,426000.0,1040672.0,0.0003496917418399157,2.4428920187793426,2,False,False
100000002957787100,distributor,1.0,0,0.7933,"4 входящих связей от 4 отправителей; 34 исходящих связей к 34 получателям; вход 84,956 KZT, выход 1,276,154 KZT",4,34,84956.0,1276153.96,0.0006138323786231593,15.02135175855737,2,False,False
100000002621915100,terminal,0.35,16,0.0891,"1 входящих связей от 1 отправителей; 0 исходящих связей к 0 получателям; вход 5,000 KZT, выход 0 KZT",1,0,5000.0,0.0,0.0005320392011730527,0.0,2,False,False
100000008283183100,terminal,0.4381,22,0.0665,"1 входящих связей от 1 отправителей; 0 исходящих связей к 0 получателям; вход 29,000 KZT, выход 0 KZT",1,0,29000.0,0.0,0.0002954187762246862,0.0,2,False,False
100000003843844100,peripheral,0.35,12,0.306,"1 входящих связей от 1 отправителей; 1 исходящих связей к 1 получателям; вход 16,680 KZT, выход 238,000 KZT",1,1,16680.0,238000.0,0.0002917438481336822,14.268585131894485,3,False,False
100000000954884100,terminal,0.4466,38,0.0784,"1 входящих связей от 1 отправителей; 0 исходящих связей к 0 получателям; вход 34,000 KZT, выход 0 KZT",1,0,34000.0,0.0,0.00031150191855239246,0.0,3,False,False
100000005893892100,terminal,0.5052,10,0.1124,"1 входящих связей от 1 отправителей; 0 исходящих связей к 0 получателям; вход 102,780 KZT, выход 0 KZT",1,0,102780.0,0.0,0.0002889003091286244,0.0,3,False,False
100000001819396100,terminal,0.5307,14,0.1447,"1 входящих связей от 1 отправителей; 0 исходящих связей к 0 получателям; вход 166,080 KZT, выход 0 KZT",1,0,166080.0,0.0,0.0003272175623678329,0.0,3,False,False
100000008472324100,terminal,0.5419,10,0.1401,"1 входящих связей от 1 отправителей; 0 исходящих связей к 0 получателям; вход 205,200 KZT, выход 0 KZT",1,0,205200.0,0.0,0.000292219656737292,0.0,3,False,False
100000002646745100,terminal,0.3927,22,0.0309,"1 входящих связей от 1 отправителей; 0 исходящих связей к 0 получателям; вход 12,300 KZT, выход 0 KZT",1,0,12300.0,0.0,0.0002874890509012393,0.0,3,False,False
100000008405209100,terminal,0.4715,28,0.0901,"1 входящих связей от 1 отправителей; 0 исходящих связей к 0 получателям; вход 54,400 KZT, выход 0 KZT",1,0,54400.0,0.0,0.0002941318023751846,0.0,3,False,False
100000004417753100,consolidator,0.6271,3,0.2737,"2 входящих связей от 2 отправителей; 0 исходящих связей к 0 получателям; вход 192,099 KZT, выход 0 KZT",2,0,192099.0,0.0,0.0003931467756499757,0.0,3,False,False
100000003457710100,peripheral,0.35,10,0.4364,"1 входящих связей от 1 отправителей; 1 исходящих связей к 1 получателям; вход 326,555 KZT, выход 1,306,000 KZT",1,1,326555.0,1306000.0,0.0002961526720570524,3.999326300316945,3,False,False
100000007333038100,peripheral,0.35,24,0.2949,"1 входящих связей от 1 отправителей; 2 исходящих связей к 2 получателям; вход 17,500 KZT, выход 34,994 KZT",1,2,17500.0,34994.0,0.00029968918055683826,1.9996571428571428,3,False,False
100000006444163100,terminal,0.3548,0,0.0151,"1 входящих связей от 1 отправителей; 0 исходящих связей к 0 получателям; вход 6,026 KZT, выход 0 KZT",1,0,6026.0,0.0,0.00031891138227468983,0.0,3,False,False
100000008706947100,terminal,0.4105,22,0.044,"1 входящих связей от 1 отправителей; 0 исходящих связей к 0 получателям; вход 17,200 KZT, выход 0 KZT",1,0,17200.0,0.0,0.00028825383201923533,0.0,3,False,False
100000008761219100,coordinator,0.2212,60,0.4353,"2 входящих связей от 2 отправителей; 2 исходящих связей к 2 получателям; вход 50,000 KZT, выход 375,000 KZT",2,2,50000.0,375000.0,0.0002928408331364549,7.5,3,False,False
100000005022552100,peripheral,0.35,16,0.3492,"1 входящих связей от 1 отправителей; 1 исходящих связей к 1 получателям; вход 241,000 KZT, выход 5,000 KZT",1,1,241000.0,5000.0,0.0003577563937236867,0.02074688796680498,3,False,False
100000008735832100,terminal,0.4117,22,0.0449,"1 входящих связей от 1 отправителей; 0 исходящих связей к 0 получателям; вход 17,600 KZT, выход 0 KZT",1,0,17600.0,0.0,0.00028831626313090844,0.0,3,False,False
100000005661528100,terminal,0.4303,1,0.0593,"1 входящих связей от 1 отправителей; 0 исходящих связей к 0 получателям; вход 25,000 KZT, выход 0 KZT",1,0,25000.0,0.0,0.0002910914967995314,0.0,3,False,False
100000002529880100,consolidator,0.6129,42,0.2318,"2 входящих связей от 2 отправителей; 0 исходящих связей к 0 получателям; вход 147,000 KZT, выход 0 KZT",2,0,147000.0,0.0,0.000306133548519856,0.0,3,False,False
100000001969496100,terminal,0.4253,40,0.056,"1 входящих связей от 1 отправителей; 0 исходящих связей к 0 получателям; вход 22,740 KZT, выход 0 KZT",1,0,22740.0,0.0,0.0002919967925367134,0.0,3,False,False
100000003215448100,peripheral,0.35,1,0.4367,"1 входящих связей от 1 отправителей; 2 исходящих связей к 2 получателям; вход 91,309 KZT, выход 124,000 KZT",1,2,91309.0,124000.0,0.0003041469318708125,1.3580260434349298,3,False,False
100000006894637100,terminal,0.47,0,0.0875,"1 входящих связей от 1 отправителей; 0 исходящих связей к 0 получателям; вход 52,831 KZT, выход 0 KZT",1,0,52831.0,0.0,0.0002902544663373186,0.0,3,False,False
100000002936322100,consolidator,0.6887,1,0.3083,"2 входящих связей от 2 отправителей; 0 исходящих связей к 0 получателям; вход 787,133 KZT, выход 0 KZT",2,0,787133.0,0.0,0.00036638128696323056,0.0,3,False,False
100000005061890100,terminal,0.4982,3,0.1967,"1 входящих связей от 1 отправителей; 0 исходящих связей к 0 получателям; вход 90,000 KZT, выход 0 KZT",1,0,90000.0,0.0,0.0005346252088600015,0.0,3,False,False
100000004017410100,distributor,1.0,62,0.8474,"2 входящих связей от 2 отправителей; 5 исходящих связей к 5 получателям; вход 193,650 KZT, выход 1,330,915 KZT",2,5,193650.0,1330915.0,0.0011315419625793047,6.872785954040795,3,False,False
100000002983426100,terminal,0.4976,18,0.1178,"1 входящих связей от 1 отправителей; 0 исходящих связей к 0 получателям; вход 88,945 KZT, выход 0 KZT",1,0,88945.0,0.0,0.00031870862226784333,0.0,3,False,False
100000005530114100,consolidator,0.6092,28,0.4329,"2 входящих связей от 2 отправителей; 1 исходящих связей к 1 получателям; вход 136,970 KZT, выход 25,000 KZT",2,1,136970.0,25000.0,0.0004948738015345278,0.1825217200846901,3,False,False
100000001169666100,peripheral,0.35,18,0.3886,"1 входящих связей от 1 отправителей; 1 исходящих связей к 1 получателям; вход 220,000 KZT, выход 24,000 KZT",1,1,220000.0,24000.0,0.0003195447456388576,0.10909090909090909,3,False,False
100000001784279100,terminal,0.4491,0,0.072,"1 входящих связей от 1 отправителей; 0 исходящих связей к 0 получателям; вход 35,674 KZT, выход 0 KZT",1,0,35674.0,0.0,0.0002887329449187703,0.0,3,False,False
100000008744364100,terminal,0.4274,22,0.0566,"1 входящих связей от 1 отправителей; 0 исходящих связей к 0 получателям; вход 23,700 KZT, выход 0 KZT",1,0,23700.0,0.0,0.00028926833758392384,0.0,3,False,False
100000008714412100,terminal,0.5316,18,0.1397,"1 входящих связей от 1 отправителей; 0 исходящих связей к 0 получателям; вход 169,000 KZT, выход 0 KZT",1,0,169000.0,0.0,0.0003116686182638579,0.0,3,False,False
100000007754369100,terminal,0.4935,0,0.1055,"1 входящих связей от 1 отправителей; 0 исходящих связей к 0 получателям; вход 82,424 KZT, выход 0 KZT",1,0,82424.0,0.0,0.0002928788402569491,0.0,3,False,False
100000003122817100,terminal,0.5829,14,0.2077,"1 входящих связей от 1 отправителей; 0 исходящих связей к 0 получателям; вход 444,680 KZT, выход 0 KZT",1,0,444680.0,0.0,0.00039708273280823027,0.0,3,False,False
100000003711830100,terminal,0.467,1,0.0874,"1 входящих связей от 1 отправителей; 0 исходящих связей к 0 получателям; вход 50,000 KZT, выход 0 KZT",1,0,50000.0,0.0,0.000295742244120105,0.0,3,False,False
100000001110358100,consolidator,0.5321,0,0.1688,"2 входящих связей от 2 отправителей; 0 исходящих связей к 0 получателям; вход 32,000 KZT, выход 0 KZT",2,0,32000.0,0.0,0.00029298593062142774,0.0,3,False,False
100000006530134100,consolidator,0.6121,10,0.2286,"2 входящих связей от 2 отправителей; 0 исходящих связей к 0 получателям; вход 144,663 KZT, выход 0 KZT",2,0,144663.0,0.0,0.00029908777889777345,0.0,3,False,False
100000001639766100,terminal,0.4184,2,0.1815,"1 входящих связей от 1 отправителей; 0 исходящих связей к 0 получателям; вход 20,000 KZT, выход 0 KZT",1,0,20000.0,0.0,0.0006506628579150633,0.0,3,False,False
100000003242795100,terminal,0.5093,10,0.1155,"1 входящих связей от 1 отправителей; 0 исходящих связей к 0 получателям; вход 111,000 KZT, выход 0 KZT",1,0,111000.0,0.0,0.00028916671253951344,0.0,3,False,False
100000004970752100,terminal,0.3817,0,0.1885,"1 входящих связей от 1 отправителей; 0 исходящих связей к 0 получателям; вход 10,000 KZT, выход 0 KZT",1,0,10000.0,0.0,0.0007428614561261686,0.0,3,False,False
100000004564736100,terminal,0.4032,29,0.0709,"1 входящих связей от 1 отправителей; 0 исходящих связей к 0 получателям; вход 15,000 KZT, выход 0 KZT",1,0,15000.0,0.0,0.00037675536447064214,0.0,3,False,False
100000005873152100,transit,1.0,11,0.2774,"1 входящих связей от 1 отправителей; 1 исходящих связей к 1 получателям; вход 10,000 KZT, выход 10,000 KZT",1,1,10000.0,10000.0,0.0004674555308962045,1.0,3,False,False
100000001637376100,peripheral,0.35,10,0.3792,"1 входящих связей от 1 отправителей; 1 исходящих связей к 1 получателям; вход 116,700 KZT, выход 234,250 KZT",1,1,116700.0,234250.0,0.0002893514448317357,2.0072836332476434,3,False,False
100000006710485100,terminal,0.4184,22,0.0499,"1 входящих связей от 1 отправителей; 0 исходящих связей к 0 получателям; вход 20,000 KZT, выход 0 KZT",1,0,20000.0,0.0,0.0002886908498009473,0.0,3,False,False
100000003582677100,distributor,0.8668,3,0.3649,"2 входящих связей от 2 отправителей; 4 исходящих связей к 4 получателям; вход 29,757 KZT, выход 56,000 KZT",2,4,29756.989999999998,56000.0,0.0002932927091390007,1.881910771217116,3,False,False
100000008713685100,terminal,0.4667,22,0.0863,"1 входящих связей от 1 отправителей; 0 исходящих связей к 0 получателям; вход 49,700 KZT, выход 0 KZT",1,0,49700.0,0.0,0.00029332635984267806,0.0,3,False,False
100000008070101100,terminal,0.5038,5,0.1127,"1 входящих связей от 1 отправителей; 0 исходящих связей к 0 получателям; вход 100,000 KZT, выход 0 KZT",1,0,100000.0,0.0,0.00029258785293762273,0.0,3,False,False
100000004475818100,distributor,0.7849,10,0.3255,"1 входящих связей от 1 отправителей; 3 исходящих связей к 3 получателям; вход 13,000 KZT, выход 53,989 KZT",1,3,13000.0,53989.0,0.0003098079503095031,4.153,3,False,False
100000007197866100,peripheral,0.35,1,0.2754,"1 входящих связей от 1 отправителей; 1 исходящих связей к 1 получателям; вход 20,000 KZT, выход 15,000 KZT",1,1,20000.0,15000.0,0.0002896384741784161,0.75,3,False,False
100000006965162100,terminal,0.3817,15,0.0309,"1 входящих связей от 1 отправителей; 0 исходящих связей к 0 получателям; вход 10,000 KZT, выход 0 KZT",1,0,10000.0,0.0,0.0003092890887695534,0.0,3,False,False
100000005995391100,terminal,0.4105,22,0.044,"1 входящих связей от 1 отправителей; 0 исходящих связей к 0 получателям; вход 17,200 KZT, выход 0 KZT",1,0,17200.0,0.0,0.00028825383201923533,0.0,3,False,False
100000003834495100,consolidator,0.999,0,0.6028,"3 входящих связей от 3 отправителей; 1 исходящих связей к 1 получателям; вход 602,441 KZT, выход 20,000 KZT",3,1,602441.0,20000.0,0.0006208601664329524,0.0331982716979754,3,False,False
100000001223977100,peripheral,0.35,47,0.2424,"1 входящих связей от 1 отправителей; 1 исходящих связей к 1 получателям; вход 5,000 KZT, выход 18,000 KZT",1,1,5000.0,18000.0,0.0003055412798976374,3.6,3,False,False
100000001046057100,terminal,0.4942,42,0.1152,"1 входящих связей от 1 отправителей; 0 исходящих связей к 0 получателям; вход 83,420 KZT, выход 0 KZT",1,0,83420.0,0.0,0.00031851488108134053,0.0,3,False,False
100000002989353100,peripheral,0.35,24,0.4578,"1 входящих связей от 1 отправителей; 2 исходящих связей к 2 получателям; вход 500,000 KZT, выход 321,160 KZT",1,2,500000.0,321160.0,0.00030938521828855153,0.64232,3,False,False
100000006714366100,peripheral,0.35,12,0.2361,"1 входящих связей от 1 отправителей; 1 исходящих связей к 1 получателям; вход 10,500 KZT, выход 5,000 KZT",1,1,10500.0,5000.0,0.0002894561536970334,0.47619047619047616,3,False,False
100000001063678100,peripheral,0.35,29,0.4063,"1 входящих связей от 1 отправителей; 2 исходящих связей к 2 получателям; вход 35,000 KZT, выход 90,000 KZT",1,2,35000.0,90000.0,0.0003277487283987024,2.5714285714285716,3,False,False
100000004889043100,consolidator,0.6456,0,0.2525,"2 входящих связей от 2 отправителей; 0 исходящих связей к 0 получателям; вход 272,000 KZT, выход 0 KZT",2,0,272000.0,0.0,0.00029849724595781856,0.0,3,False,False
100000002984403100,peripheral,0.35,13,0.2946,"1 входящих связей от 1 отправителей; 1 исходящих связей к 1 получателям; вход 20,000 KZT, выход 25,000 KZT",1,1,20000.0,25000.0,0.00032010276016592777,1.25,3,False,False
100000003951827100,peripheral,0.35,0,0.2527,"1 входящих связей от 1 отправителей; 2 исходящих связей к 2 получателям; вход 9,000 KZT, выход 17,000 KZT",1,2,9000.0,17000.0,0.0002860761739207674,1.8888888888888888,3,False,False
100000000933075100,peripheral,0.35,8,0.5499,"1 входящих связей от 1 отправителей; 2 исходящих связей к 2 получателям; вход 40,000 KZT, выход 55,000 KZT",1,2,40000.0,55000.0,0.0008086964755110812,1.375,3,False,False
100000008502995100,terminal,0.4303,0,0.2178,"1 входящих связей от 1 отправителей; 0 исходящих связей к 0 получателям; вход 25,000 KZT, выход 0 KZT",1,0,25000.0,0.0,0.0007270949451502066,0.0,3,False,False
100000008086440100,distributor,0.9603,0,0.5409,"1 входящих связей от 1 отправителей; 5 исходящих связей к 5 получателям; вход 199,733 KZT, выход 161,300 KZT",1,5,199733.0,161300.0,0.00033767394570343703,0.8075781167859092,3,False,False
100000008465789100,distributor,1.0,42,0.6359,"1 входящих связей от 1 отправителей; 16 исходящих связей к 16 получателям; вход 30,099 KZT, выход 1,858,100 KZT",1,16,30099.0,1858100.0,0.0002898880397943194,61.732947938469714,3,False,False
100000002550141100,terminal,0.5041,1,0.1185,"1 входящих связей от 1 отправителей; 0 исходящих связей к 0 получателям; вход 100,586 KZT, выход 0 KZT",1,0,100586.0,0.0,0.0003077875449747828,0.0,3,False,False
100000008739887100,peripheral,0.35,1,0.4919,"2 входящих связей от 2 отправителей; 2 исходящих связей к 2 получателям; вход 214,000 KZT, выход 307,000 KZT",2,2,214000.0,307000.0,0.00033330063396974185,1.4345794392523366,3,False,False
100000008532050100,terminal,0.5841,10,0.1734,"1 входящих связей от 1 отправителей; 0 исходящих связей к 0 получателям; вход 455,156 KZT, выход 0 KZT",1,0,455156.0,0.0,0.00030032052425215354,0.0,3,False,False
100000008422226100,terminal,0.4967,0,0.1069,"1 входящих связей от 1 отправителей; 0 исходящих связей к 0 получателям; вход 87,450 KZT, выход 0 KZT",1,0,87450.0,0.0,0.0002904944753360771,0.0,3,False,False
100000002369874100,consolidator,0.9988,5,0.3674,"4 входящих связей от 4 отправителей; 0 исходящих связей к 0 получателям; вход 600,000 KZT, выход 0 KZT",4,0,600000.0,0.0,0.0003373478549116585,0.0,3,False,False
100000003321895100,peripheral,0.35,54,0.4101,"1 входящих связей от 1 отправителей; 2 исходящих связей к 2 получателям; вход 24,000 KZT, выход 553,830 KZT",1,2,24000.0,553830.0,0.00031125966376989656,23.07625,3,False,False
100000001875239100,consolidator,1.0,5,0.3671,"3 входящих связей от 3 отправителей; 0 исходящих связей к 0 получателям; вход 712,000 KZT, выход 0 KZT",3,0,712000.0,0.0,0.000333978630576876,0.0,3,False,False
100000002216999100,terminal,0.4274,22,0.0565,"1 входящих связей от 1 отправителей; 0 исходящих связей к 0 получателям; вход 23,677 KZT, выход 0 KZT",1,0,23677.0,0.0,0.0002892647477950027,0.0,3,False,False
100000002653948100,terminal,0.4953,10,0.1051,"1 входящих связей от 1 отправителей; 0 исходящих связей к 0 получателям; вход 85,200 KZT, выход 0 KZT",1,0,85200.0,0.0,0.0002883305558484021,0.0,3,False,False
100000008632060100,distributor,0.9796,0,0.3432,"1 входящих связей от 1 отправителей; 9 исходящих связей к 9 получателям; вход 6,000 KZT, выход 339,200 KZT",1,9,6000.0,339200.0,0.0002880256481640284,56.53333333333333,3,False,False
100000008746449100,distributor,1.0,5,0.5928,"1 входящих связей от 1 отправителей; 10 исходящих связей к 10 получателям; вход 10,000 KZT, выход 1,009,000 KZT",1,10,10000.0,1009000.0,0.00028700414108164755,100.9,3,False,False
100000003031761100,terminal,0.5848,1,0.1804,"1 входящих связей от 1 отправителей; 0 исходящих связей к 0 получателям; вход 460,408 KZT, выход 0 KZT",1,0,460408.0,0.0,0.0003183607828225473,0.0,3,False,False
100000008388049100,terminal,0.5887,24,0.18,"1 входящих связей от 1 отправителей; 0 исходящих связей к 0 получателям; вход 496,400 KZT, выход 0 KZT",1,0,496400.0,0.0,0.0003092137436352385,0.0,3,False,False
100000002677201100,peripheral,0.35,42,0.3864,"1 входящих связей от 1 отправителей; 1 исходящих связей к 1 получателям; вход 150,000 KZT, выход 87,750 KZT",1,1,150000.0,87750.0,0.00030890584852738523,0.585,3,False,False
100000002901457100,distributor,0.8054,0,0.6,"1 входящих связей от 1 отправителей; 3 исходящих связей к 3 получателям; вход 340,000 KZT, выход 119,000 KZT",1,3,340000.0,119000.0,0.0003742656113270814,0.35,3,False,False
100000001160401100,terminal,0.464,0,0.0885,"1 входящих связей от 1 отправителей; 0 исходящих связей к 0 получателям; вход 47,190 KZT, выход 0 KZT",1,0,47190.0,0.0,0.000304888518008386,0.0,3,False,False
100000002842321100,terminal,0.5287,10,0.13,"1 входящих связей от 1 отправителей; 0 исходящих связей к 0 получателям; вход 160,000 KZT, выход 0 KZT",1,0,160000.0,0.0,0.00029075476206914347,0.0,3,False,False
100000002547110100,consolidator,1.0,42,0.4462,"6 входящих связей от 6 отправителей; 0 исходящих связей к 0 получателям; вход 1,500,000 KZT, выход 0 KZT",6,0,1500000.0,0.0,0.0005516278220472665,0.0,3,False,False
100000001600934100,peripheral,0.35,1,0.5729,"1 входящих связей от 1 отправителей; 1 исходящих связей к 1 получателям; вход 180,300 KZT, выход 11,000 KZT",1,1,180300.0,11000.0,0.0023668517583921617,0.06100942872989462,3,False,False
100000002818726100,terminal,0.3862,12,0.027,"1 входящих связей от 1 отправителей; 0 исходящих связей к 0 получателям; вход 10,879 KZT, выход 0 KZT",1,0,10879.0,0.0,0.0002895964508153975,0.0,3,False,False
100000008712827100,terminal,0.4892,22,0.104,"1 входящих связей от 1 отправителей; 0 исходящих связей к 0 получателям; вход 76,000 KZT, выход 0 KZT",1,0,76000.0,0.0,0.0002974312054351872,0.0,3,False,False
100000008259451100,terminal,0.4721,40,0.093,"1 входящих связей от 1 отправителей; 0 исходящих связей к 0 получателям; вход 55,000 KZT, выход 0 KZT",1,0,55000.0,0.0,0.0003011151344797474,0.0,3,False,False
100000003060517100,terminal,0.5648,28,0.1819,"1 входящих связей от 1 отправителей; 0 исходящих связей к 0 получателям; вход 315,955 KZT, выход 0 KZT",1,0,315955.0,0.0,0.00036188349261668954,0.0,3,False,False
100000002621434100,terminal,0.4926,5,0.1037,"1 входящих связей от 1 отправителей; 0 исходящих связей к 0 получателям; вход 81,000 KZT, выход 0 KZT",1,0,81000.0,0.0,0.0002897423900896502,0.0,3,False,False
100000001860090100,terminal,0.35,2,0.0331,"1 входящих связей от 1 отправителей; 0 исходящих связей к 0 получателям; вход 5,000 KZT, выход 0 KZT",1,0,5000.0,0.0,0.0003780365817959719,0.0,3,False,False
100000004689658100,peripheral,0.35,1,0.42,"1 входящих связей от 1 отправителей; 1 исходящих связей к 1 получателям; вход 456,100 KZT, выход 7,092 KZT",1,1,456100.0,7092.0,0.000386316358127699,0.015549221661916246,3,False,False
100000003486970100,terminal,0.5253,10,0.1274,"1 входящих связей от 1 отправителей; 0 исходящих связей к 0 получателям; вход 150,000 KZT, выход 0 KZT",1,0,150000.0,0.0,0.00029043067032840264,0.0,3,False,False
100000004659919100,peripheral,0.35,47,0.5196,"1 входящих связей от 1 отправителей; 1 исходящих связей к 1 получателям; вход 110,000 KZT, выход 39,000 KZT",1,1,110000.0,39000.0,0.0007249529791849286,0.35454545454545455,3,False,False
100000006111439100,distributor,0.8449,10,0.386,"3 входящих связей от 3 отправителей; 4 исходящих связей к 4 получателям; вход 20,570 KZT, выход 24,000 KZT",3,4,20570.0,24000.0,0.0003655017010699153,1.166747690811862,3,False,False
100000002521039100,terminal,0.5701,0,0.1651,"1 входящих связей от 1 отправителей; 0 исходящих связей к 0 получателям; вход 349,370 KZT, выход 0 KZT",1,0,349370.0,0.0,0.0003052458011066051,0.0,3,False,False
100000008493007100,transit,1.0,22,0.2639,"1 входящих связей от 1 отправителей; 1 исходящих связей к 1 получателям; вход 26,150 KZT, выход 26,150 KZT",1,1,26150.0,26150.0,0.00028965072814292185,1.0,3,False,False
100000007793871100,terminal,0.4324,11,0.2048,"1 входящих связей от 1 отправителей; 0 исходящих связей к 0 получателям; вход 26,000 KZT, выход 0 KZT",1,0,26000.0,0.0,0.0006872267875117596,0.0,3,False,False
100000001650895100,peripheral,0.35,18,0.3595,"1 входящих связей от 1 отправителей; 1 исходящих связей к 1 получателям; вход 153,500 KZT, выход 10,000 KZT",1,1,153500.0,10000.0,0.00030927489327733844,0.06514657980456026,3,False,False
100000002567887100,terminal,0.468,10,0.085,"1 входящих связей от 1 отправителей; 0 исходящих связей к 0 получателям; вход 50,915 KZT, выход 0 KZT",1,0,50915.0,0.0,0.00028721940731527213,0.0,3,False,False
100000008055972100,terminal,0.4369,22,0.0636,"1 входящих связей от 1 отправителей; 0 исходящих связей к 0 получателям; вход 28,300 KZT, выход 0 KZT",1,0,28300.0,0.0,0.000289986295368165,0.0,3,False,False
100000008684452100,terminal,0.4689,22,0.088,"1 входящих связей от 1 отправителей; 0 исходящих связей к 0 получателям; вход 51,800 KZT, выход 0 KZT",1,0,51800.0,0.0,0.0002936541231789621,0.0,3,False,False
100000000764836100,peripheral,0.35,1,0.4752,"1 входящих связей от 1 отправителей; 2 исходящих связей к 2 получателям; вход 251,716 KZT, выход 50,000 KZT",1,2,251716.0,50000.0,0.00033678317937202863,0.1986365586613485,3,False,False
100000003072676100,terminal,0.4426,28,0.0689,"1 входящих связей от 1 отправителей; 0 исходящих связей к 0 получателям; вход 31,545 KZT, выход 0 KZT",1,0,31545.0,0.0,0.0002931885165385355,0.0,3,False,False
100000008757369100,peripheral,0.35,0,0.3028,"1 входящих связей от 1 отправителей; 1 исходящих связей к 1 получателям; вход 25,961 KZT, выход 58,398 KZT",1,1,25961.0,58398.0,0.0002878715741932145,2.249451099726513,3,False,False
100000007618425100,terminal,0.4543,28,0.078,"1 входящих связей от 1 отправителей; 0 исходящих связей к 0 получателям; вход 39,348 KZT, выход 0 KZT",1,0,39348.0,0.0,0.00029507321432812743,0.0,3,False,False
100000004671609100,terminal,0.5038,24,0.1155,"1 входящих связей от 1 отправителей; 0 исходящих связей к 0 получателям; вход 100,000 KZT, выход 0 KZT",1,0,100000.0,0.0,0.0003002421115187902,0.0,3,False,False
100000004676985100,transit,0.9129,0,0.3007,"1 входящих связей от 1 отправителей; 1 исходящих связей к 1 получателям; вход 32,260 KZT, выход 27,102 KZT",1,1,32260.0,27102.0,0.00028738617635442075,0.8401115933044018,3,False,False
100000002531406100,transit,0.9804,1,0.4283,"1 входящих связей от 1 отправителей; 1 исходящих связей к 1 получателям; вход 520,000 KZT, выход 500,000 KZT",1,1,520000.0,500000.0,0.0003226050843745718,0.9615384615384616,3,False,False
100000002877262100,terminal,0.5038,42,0.1154,"1 входящих связей от 1 отправителей; 0 исходящих связей к 0 получателям; вход 100,000 KZT, выход 0 KZT",1,0,100000.0,0.0,0.0002999177628608638,0.0,3,False,False
100000007591246100,peripheral,0.35,12,0.257,"1 входящих связей от 1 отправителей; 1 исходящих связей к 1 получателям; вход 12,190 KZT, выход 120,000 KZT",1,1,12190.0,120000.0,0.0002978930938238482,9.844134536505333,3,False,False
100000008712184100,terminal,0.4129,22,0.0457,"1 входящих связей от 1 отправителей; 0 исходящих связей к 0 получателям; вход 18,000 KZT, выход 0 KZT",1,0,18000.0,0.0,0.0002883786942425816,0.0,3,False,False
100000002975437100,peripheral,0.35,36,0.4457,"1 входящих связей от 1 отправителей; 1 исходящих связей к 1 получателям; вход 530,000 KZT, выход 8,500 KZT",1,1,530000.0,8500.0,0.0005210057143091006,0.016037735849056604,3,False,False
100000005008589100,terminal,0.4588,0,0.0842,"1 входящих связей от 1 отправителей; 0 исходящих связей к 0 получателям; вход 42,807 KZT, выход 0 KZT",1,0,42806.68,0.0,0.0003030940204447499,0.0,3,False,False
100000000782285100,terminal,0.3559,0,0.0161,"1 входящих связей от 1 отправителей; 0 исходящих связей к 0 получателям; вход 6,151 KZT, выход 0 KZT",1,0,6151.0,0.0,0.0003196030120468729,0.0,3,False,False
100000005198498100,terminal,0.4378,22,0.0643,"1 входящих связей от 1 отправителей; 0 исходящих связей к 0 получателям; вход 28,800 KZT, выход 0 KZT",1,0,28800.0,0.0,0.00029006433425775644,0.0,3,False,False
100000008517538100,distributor,1.0,5,0.7048,"3 входящих связей от 3 отправителей; 17 исходящих связей к 17 получателям; вход 155,500 KZT, выход 1,439,000 KZT",3,17,155500.0,1439000.0,0.0003070164607928234,9.254019292604502,3,False,False
100000005756535100,terminal,0.4184,22,0.1418,"1 входящих связей от 1 отправителей; 0 исходящих связей к 0 получателям; вход 20,000 KZT, выход 0 KZT",1,0,20000.0,0.0,0.0005415991635083541,0.0,3,False,False
100000004917367100,consolidator,0.6022,10,0.2197,"2 входящих связей от 2 отправителей; 0 исходящих связей к 0 получателям; вход 120,000 KZT, выход 0 KZT",2,0,120000.0,0.0,0.0002940276420429215,0.0,3,False,False
100000001222263100,peripheral,0.35,10,0.4578,"1 входящих связей от 1 отправителей; 1 исходящих связей к 1 получателям; вход 745,570 KZT, выход 420,000 KZT",1,1,745570.0,420000.0,0.00030973260213170437,0.5633273870998028,3,False,False
100000001149815100,terminal,0.3914,22,0.0299,"1 входящих связей от 1 отправителей; 0 исходящих связей к 0 получателям; вход 12,000 KZT, выход 0 KZT",1,0,12000.0,0.0,0.00028744222756748445,0.0,3,False,False
100000006020215100,transit,0.9404,12,0.3959,"1 входящих связей от 1 отправителей; 2 исходящих связей к 2 получателям; вход 30,000 KZT, выход 33,800 KZT",1,2,30000.0,33800.0,0.00029667460701655646,1.1266666666666667,3,False,False
100000000673868100,distributor,0.9827,33,0.8382,"1 входящих связей от 1 отправителей; 5 исходящих связей к 5 получателям; вход 2,030,650 KZT, выход 383,000 KZT",1,5,2030650.0,383000.0,0.0011728050936714342,0.18860955851574618,3,False,False
100000008749900100,terminal,0.4103,22,0.0439,"1 входящих связей от 1 отправителей; 0 исходящих связей к 0 получателям; вход 17,150 KZT, выход 0 KZT",1,0,17150.0,0.0,0.0002882460281302762,0.0,3,False,False
100000002862113100,terminal,0.4642,40,0.0866,"1 входящих связей от 1 отправителей; 0 исходящих связей к 0 получателям; вход 47,405 KZT, выход 0 KZT",1,0,47405.0,0.0,0.0002989683952653226,0.0,3,False,False
100000001066017100,distributor,0.8768,0,0.5568,"2 входящих связей от 2 отправителей; 4 исходящих связей к 4 получателям; вход 136,123 KZT, выход 82,500 KZT",2,4,136123.0,82500.0,0.0003012384075340405,0.6060695106631503,3,False,False
100000008436257100,consolidator,0.5368,28,0.1728,"2 входящих связей от 2 отправителей; 0 исходящих связей к 0 получателям; вход 35,000 KZT, выход 0 KZT",2,0,35000.0,0.0,0.0002945798149854974,0.0,3,False,False
100000003016438100,peripheral,0.35,42,0.4166,"1 входящих связей от 1 отправителей; 1 исходящих связей к 1 получателям; вход 200,000 KZT, выход 300,000 KZT",1,1,200000.0,300000.0,0.0003166846999640835,1.5,3,False,False
100000002534091100,terminal,0.424,1,0.0567,"1 входящих связей от 1 отправителей; 0 исходящих связей к 0 получателям; вход 22,200 KZT, выход 0 KZT",1,0,22200.0,0.0,0.00029636616273708943,0.0,3,False,False
100000006882208100,terminal,0.4129,16,0.1737,"1 входящих связей от 1 отправителей; 0 исходящих связей к 0 получателям; вход 18,000 KZT, выход 0 KZT",1,0,18000.0,0.0,0.0006403184460375327,0.0,3,False,False
100000005362848100,terminal,0.4381,18,0.0669,"1 входящих связей от 1 отправителей; 0 исходящих связей к 0 получателям; вход 29,000 KZT, выход 0 KZT",1,0,29000.0,0.0,0.00029637417941000526,0.0,3,False,False
100000001073568100,peripheral,0.35,40,0.5515,"1 входящих связей от 1 отправителей; 2 исходящих связей к 2 получателям; вход 707,465 KZT, выход 219,503 KZT",1,2,707465.0,219503.0,0.0004855354375132767,0.31026693900051594,3,False,False
100000008687733100,terminal,0.4019,22,0.0377,"1 входящих связей от 1 отправителей; 0 исходящих связей к 0 получателям; вход 14,650 KZT, выход 0 KZT",1,0,14650.0,0.0,0.00028785583368231904,0.0,3,False,False
100000007229557100,consolidator,1.0,35,0.389,"3 входящих связей от 3 отправителей; 0 исходящих связей к 0 получателям; вход 878,000 KZT, выход 0 KZT",3,0,878000.0,0.0,0.0003942093306983486,0.0,3,False,False
100000001052789100,terminal,0.4856,43,0.1015,"1 входящих связей от 1 отправителей; 0 исходящих связей к 0 получателям; вход 70,975 KZT, выход 0 KZT",1,0,70975.0,0.0,0.0002977071073491174,0.0,3,False,False
100000006967370100,peripheral,0.35,28,0.2948,"1 входящих связей от 1 отправителей; 1 исходящих связей к 1 получателям; вход 33,225 KZT, выход 13,526 KZT",1,1,33225.0,13526.27,0.00029359429537827847,0.40711121143717083,3,False,False
100000001837130100,terminal,0.5328,0,0.1367,"1 входящих связей от 1 отправителей; 0 исходящих связей к 0 получателям; вход 172,900 KZT, выход 0 KZT",1,0,172900.0,0.0,0.00030090245579956023,0.0,3,False,False
100000005820746100,peripheral,0.35,21,0.6422,"1 входящих связей от 1 отправителей; 1 исходящих связей к 1 получателям; вход 1,989,000 KZT, выход 60,000 KZT",1,1,1989000.0,60000.0,0.000989461905456682,0.030165912518853696,3,False,False
100000002883402100,consolidator,0.962,5,0.3276,"3 входящих связей от 3 отправителей; 0 исходящих связей к 0 получателям; вход 300,000 KZT, выход 0 KZT",3,0,300000.0,0.0,0.00030065707174589147,0.0,3,False,False
100000008582730100,transit,1.0,43,0.3993,"1 входящих связей от 1 отправителей; 1 исходящих связей к 1 получателям; вход 5,000 KZT, выход 5,000 KZT",1,1,5000.0,5000.0,0.0008925911171850267,1.0,3,False,False
100000003116106100,terminal,0.5885,10,0.177,"1 входящих связей от 1 отправителей; 0 исходящих связей к 0 получателям; вход 494,050 KZT, выход 0 KZT",1,0,494050.0,0.0,0.00030158104666859096,0.0,3,False,False
100000001818442100,terminal,0.4581,18,0.083,"1 входящих связей от 1 отправителей; 0 исходящих связей к 0 получателям; вход 42,215 KZT, выход 0 KZT",1,0,42215.0,0.0,0.0003012978538176511,0.0,3,False,False
100000008690762100,terminal,0.4339,22,0.0614,"1 входящих связей от 1 отправителей; 0 исходящих связей к 0 получателям; вход 26,750 KZT, выход 0 KZT",1,0,26750.0,0.0,0.0002897443748104316,0.0,3,False,False
100000008712991100,terminal,0.4818,22,0.0981,"1 входящих связей от 1 отправителей; 0 исходящих связей к 0 получателям; вход 66,100 KZT, выход 0 KZT",1,0,66100.0,0.0,0.0002958860354212769,0.0,3,False,False
100000003292191100,terminal,0.5098,35,0.1196,"1 входящих связей от 1 отправителей; 0 исходящих связей к 0 получателям; вход 112,000 KZT, выход 0 KZT",1,0,112000.0,0.0,0.0002996284816997208,0.0,3,False,False
100000005367284100,peripheral,0.35,0,0.3462,"1 входящих связей от 1 отправителей; 2 исходящих связей к 2 получателям; вход 13,700 KZT, выход 48,300 KZT",1,2,13700.0,48300.0,0.00028914323405377295,3.5255474452554743,3,False,False
100000003216073100,peripheral,0.35,1,0.2887,"1 входящих связей от 1 отправителей; 1 исходящих связей к 1 получателям; вход 37,001 KZT, выход 70,000 KZT",1,1,37001.0,70000.0,0.0002882046043550009,1.891840761060512,3,False,False
100000006169033100,distributor,0.8529,66,0.5068,"1 входящих связей от 1 отправителей; 3 исходящих связей к 3 получателям; вход 49,000 KZT, выход 1,140,271 KZT",1,3,49000.0,1140271.0,0.00041804163396876585,23.270836734693876,3,False,False
100000004407753100,peripheral,0.35,15,0.5797,"1 входящих связей от 1 отправителей; 1 исходящих связей к 1 получателям; вход 250,000 KZT, выход 100,000 KZT",1,1,250000.0,100000.0,0.0008785641580238701,0.4,3,False,False
100000004420041100,distributor,0.9965,8,0.6697,"1 входящих связей от 1 отправителей; 7 исходящих связей к 7 получателям; вход 69,638 KZT, выход 651,830 KZT",1,7,69638.0,651830.0,0.0002997377719239345,9.360263074758034,3,False,False
100000004715209100,distributor,0.9804,50,0.4671,"1 входящих связей от 1 отправителей; 5 исходящих связей к 5 получателям; вход 5,000 KZT, выход 350,450 KZT",1,5,5000.0,350450.0,0.00028754397576032846,70.09,3,False,False
100000004580254100,consolidator,0.5249,28,0.1707,"2 входящих связей от 2 отправителей; 0 исходящих связей к 0 получателям; вход 27,940 KZT, выход 0 KZT",2,0,27940.0,0.0,0.0003122789899791888,0.0,3,False,False
100000001056414100,terminal,0.5524,24,0.1495,"1 входящих связей от 1 отправителей; 0 исходящих связей к 0 получателям; вход 250,000 KZT, выход 0 KZT",1,0,250000.0,0.0,0.0002974772562529209,0.0,3,False,False
100000008686494100,terminal,0.4056,22,0.0404,"1 входящих связей от 1 отправителей; 0 исходящих связей к 0 получателям; вход 15,700 KZT, выход 0 KZT",1,0,15700.0,0.0,0.00028801971535046103,0.0,3,False,False
100000002822472100,consolidator,0.6445,24,0.2568,"2 входящих связей от 2 отправителей; 0 исходящих связей к 0 получателям; вход 266,722 KZT, выход 0 KZT",2,0,266722.0,0.0,0.00031223557685989894,0.0,3,False,False
100000001831496100,peripheral,0.35,11,0.3022,"1 входящих связей от 1 отправителей; 1 исходящих связей к 1 получателям; вход 25,000 KZT, выход 373,000 KZT",1,1,25000.0,373000.0,0.00029263558524567985,14.92,3,False,False
100000008732488100,peripheral,0.35,1,0.3521,"1 входящих связей от 1 отправителей; 1 исходящих связей к 1 получателям; вход 137,000 KZT, выход 10,000 KZT",1,1,137000.0,10000.0,0.0003134431769510027,0.072992700729927,3,False,False
100000004007197100,terminal,0.382,34,0.0232,"1 входящих связей от 1 отправителей; 0 исходящих связей к 0 получателям; вход 10,048 KZT, выход 0 KZT",1,0,10048.0,0.0,0.00028768870831810125,0.0,3,False,False
100000002815005100,terminal,0.5866,5,0.182,"1 входящих связей от 1 отправителей; 0 исходящих связей к 0 получателям; вход 476,500 KZT, выход 0 KZT",1,0,476500.0,0.0,0.00031901272651967474,0.0,3,False,False
100000005756189100,peripheral,0.35,10,0.3355,"1 входящих связей от 1 отправителей; 1 исходящих связей к 1 получателям; вход 65,000 KZT, выход 49,050 KZT",1,1,65000.0,49050.0,0.00028767589053210556,0.7546153846153846,3,False,False
100000004877085100,distributor,0.7997,12,0.4391,"1 входящих связей от 1 отправителей; 3 исходящих связей к 3 получателям; вход 25,000 KZT, выход 95,600 KZT",1,3,25000.0,95600.0,0.00029482372155001206,3.824,3,False,False
100000002713074100,consolidator,0.6887,28,0.5368,"2 входящих связей от 2 отправителей; 1 исходящих связей к 1 получателям; вход 700,000 KZT, выход 430,000 KZT",2,1,700000.0,430000.0,0.0004336098166177588,0.6142857142857143,3,False,False
100000002356167100,peripheral,0.35,10,0.4598,"1 входящих связей от 1 отправителей; 2 исходящих связей к 2 получателям; вход 300,000 KZT, выход 29,500 KZT",1,2,300000.0,29500.0,0.00029529204643951516,0.09833333333333333,3,False,False
100000004140487100,distributor,0.9729,3,0.614,"1 входящих связей от 1 отправителей; 10 исходящих связей к 10 получателям; вход 24,510 KZT, выход 262,600 KZT",1,10,24510.0,262600.0,0.0002894271448597533,10.713994288045695,3,False,False
100000003147719100,terminal,0.5038,5,0.1121,"1 входящих связей от 1 отправителей; 0 исходящих связей к 0 получателям; вход 100,000 KZT, выход 0 KZT",1,0,100000.0,0.0,0.00029072126443008034,0.0,3,False,False
100000008745884100,terminal,0.4184,22,0.0499,"1 входящих связей от 1 отправителей; 0 исходящих связей к 0 получателям; вход 20,000 KZT, выход 0 KZT",1,0,20000.0,0.0,0.0002886908498009473,0.0,3,False,False
100000002559089100,consolidator,0.6887,24,0.3178,"2 входящих связей от 2 отправителей; 0 исходящих связей к 0 получателям; вход 715,000 KZT, выход 0 KZT",2,0,715000.0,0.0,0.00039242595373201167,0.0,3,False,False
100000004984689100,terminal,0.4702,1,0.0899,"1 входящих связей от 1 отправителей; 0 исходящих связей к 0 получателям; вход 53,030 KZT, выход 0 KZT",1,0,53030.0,0.0,0.0002963587248842155,0.0,3,False,False
100000004340038100,peripheral,0.35,12,0.2645,"1 входящих связей от 1 отправителей; 1 исходящих связей к 1 получателям; вход 9,978 KZT, выход 49,000 KZT",1,1,9978.0,49000.0,0.0002892629212543261,4.910803768290238,3,False,False
100000005052998100,peripheral,0.35,0,0.2231,"1 входящих связей от 1 отправителей; 1 исходящих связей к 1 получателям; вход 9,500 KZT, выход 28,400 KZT",1,1,9500.0,28400.0,0.00028610433390429394,2.9894736842105263,3,False,False
100000007597382100,terminal,0.4056,10,0.04,"1 входящих связей от 1 отправителей; 0 исходящих связей к 0 получателям; вход 15,700 KZT, выход 0 KZT",1,0,15700.0,0.0,0.0002860781182502533,0.0,3,False,False
100000008697670100,terminal,0.431,22,0.0592,"1 входящих связей от 1 отправителей; 0 исходящих связей к 0 получателям; вход 25,350 KZT, выход 0 KZT",1,0,25350.0,0.0,0.0002895258659195756,0.0,3,False,False
100000008460102100,distributor,0.9884,46,0.6128,"1 входящих связей от 1 отправителей; 31 исходящих связей к 31 получателям; вход 17,500 KZT, выход 476,570 KZT",1,31,17500.0,476570.0,0.00029968918055683826,27.23257142857143,3,False,False
100000004399686100,terminal,0.6,21,0.2832,"1 входящих связей от 1 отправителей; 0 исходящих связей к 0 получателям; вход 806,000 KZT, выход 0 KZT",1,0,806000.0,0.0,0.0005708068229548216,0.0,3,False,False
100000008688155100,terminal,0.4272,22,0.0564,"1 входящих связей от 1 отправителей; 0 исходящих связей к 0 получателям; вход 23,600 KZT, выход 0 KZT",1,0,23600.0,0.0,0.0002892527298060056,0.0,3,False,False
100000004386331100,transit,0.9332,8,0.3987,"1 входящих связей от 1 отправителей; 2 исходящих связей к 2 получателям; вход 20,000 KZT, выход 17,500 KZT",1,2,20000.0,17500.0,0.0005126940455197109,0.875,3,False,False
100000007999728100,terminal,0.4264,40,0.0569,"1 входящих связей от 1 отправителей; 0 исходящих связей к 0 получателям; вход 23,250 KZT, выход 0 KZT",1,0,23250.0,0.0,0.00029214094487369256,0.0,3,False,False
100000001597424100,terminal,0.465,40,0.0872,"1 входящих связей от 1 отправителей; 0 исходящих связей к 0 получателям; вход 48,100 KZT, выход 0 KZT",1,0,48100.0,0.0,0.0002991648381559118,0.0,3,False,False
100000003677936100,peripheral,0.35,2,0.3289,"1 входящих связей от 1 отправителей; 1 исходящих связей к 1 получателям; вход 71,000 KZT, выход 13,000 KZT",1,1,71000.0,13000.0,0.00030888363859944327,0.18309859154929578,3,False,False
100000002943472100,terminal,0.5319,42,0.1393,"1 входящих связей от 1 отправителей; 0 исходящих связей к 0 получателям; вход 170,000 KZT, выход 0 KZT",1,0,170000.0,0.0,0.0003099616909113654,0.0,3,False,False
100000004892144100,consolidator,0.6887,21,0.6905,"2 входящих связей от 2 отправителей; 1 исходящих связей к 1 получателям; вход 4,500,000 KZT, выход 180,300 KZT",2,1,4500000.0,180300.0,0.002783203687212419,0.04006666666666667,3,False,False
100000008077552100,terminal,0.5441,1,0.1551,"1 входящих связей от 1 отправителей; 0 исходящих связей к 0 получателям; вход 214,000 KZT, выход 0 KZT",1,0,214000.0,0.0,0.00032910951980133745,0.0,3,False,False
100000002914245100,terminal,0.5219,1,0.1268,"1 входящих связей от 1 отправителей; 0 исходящих связей к 0 получателям; вход 140,611 KZT, выход 0 KZT",1,0,140611.0,0.0,0.00029558398554383933,0.0,3,False,False
100000004906181100,distributor,1.0,20,0.6814,"1 входящих связей от 1 отправителей; 7 исходящих связей к 7 получателям; вход 100,000 KZT, выход 2,473,418 KZT",1,7,100000.0,2473417.91,0.0002888102116246985,24.734179100000002,3,False,False
100000008514970100,peripheral,0.35,1,0.3757,"1 входящих связей от 1 отправителей; 1 исходящих связей к 1 получателям; вход 379,966 KZT, выход 31,000 KZT",1,1,379966.0,31000.0,0.00031263148853056264,0.0815862471905381,3,False,False
100000008258458100,peripheral,0.35,70,0.396,"1 входящих связей от 1 отправителей; 2 исходящих связей к 2 получателям; вход 19,000 KZT, выход 1,557,988 KZT",1,2,19000.0,1557988.0,0.0002912603933484999,81.99936842105264,3,False,False
100000003484058100,peripheral,0.35,40,0.3381,"1 входящих связей от 1 отправителей; 1 исходящих связей к 1 получателям; вход 110,000 KZT, выход 6,000 KZT",1,1,110000.0,6000.0,0.0003166609747422045,0.05454545454545454,3,False,False
100000003574895100,peripheral,0.35,0,0.2911,"1 входящих связей от 1 отправителей; 1 исходящих связей к 1 получателям; вход 27,968 KZT, выход 20,000 KZT",1,1,27968.0,20000.0,0.00028714445105582916,0.7151029748283753,3,False,False
100000000896111100,terminal,0.5597,21,0.1874,"1 входящих связей от 1 отправителей; 0 исходящих связей к 0 получателям; вход 287,100 KZT, выход 0 KZT",1,0,287100.0,0.0,0.0003871718928532024,0.0,3,False,False
100000008715887100,terminal,0.4129,22,0.0457,"1 входящих связей от 1 отправителей; 0 исходящих связей к 0 получателям; вход 18,000 KZT, выход 0 KZT",1,0,18000.0,0.0,0.0002883786942425816,0.0,3,False,False
100000000560751100,terminal,0.4303,12,0.1543,"1 входящих связей от 1 отправителей; 0 исходящих связей к 0 получателям; вход 25,000 KZT, выход 0 KZT",1,0,25000.0,0.0,0.0005524500973404954,0.0,3,False,False
100000008708207100,consolidator,0.674,5,0.2953,"2 входящих связей от 2 отправителей; 0 исходящих связей к 0 получателям; вход 465,000 KZT, выход 0 KZT",2,0,465000.0,0.0,0.000359786904729812,0.0,3,False,False
100000003152964100,peripheral,0.35,1,0.3459,"1 входящих связей от 1 отправителей; 1 исходящих связей к 1 получателям; вход 141,847 KZT, выход 5,500 KZT",1,1,141847.0,5500.0,0.0003144293427145815,0.03877417217142414,3,False,False
100000004991812100,terminal,0.3817,29,0.0444,"1 входящих связей от 1 отправителей; 0 исходящих связей к 0 получателям; вход 10,000 KZT, выход 0 KZT",1,0,10000.0,0.0,0.0003463600077195248,0.0,3,False,False
100000000291908100,peripheral,0.35,7,0.5292,"1 входящих связей от 1 отправителей; 1 исходящих связей к 1 получателям; вход 295,500 KZT, выход 13,300 KZT",1,1,295500.0,13300.0,0.0007065527083396985,0.045008460236886635,3,False,False
100000003132484100,terminal,0.4982,5,0.1983,"1 входящих связей от 1 отправителей; 0 исходящих связей к 0 получателям; вход 90,000 KZT, выход 0 KZT",1,0,90000.0,0.0,0.0005388233251189463,0.0,3,False,False
100000004077081100,distributor,0.9288,3,0.6748,"1 входящих связей от 1 отправителей; 4 исходящих связей к 4 получателям; вход 140,000 KZT, выход 615,000 KZT",1,4,140000.0,615000.0,0.0002901065785876618,4.392857142857143,3,False,False
100000004770073100,transit,0.9996,0,0.212,"1 входящих связей от 1 отправителей; 1 исходящих связей к 1 получателям; вход 5,462 KZT, выход 5,467 KZT",1,1,5462.4,5466.97,0.0002878055588504006,1.0008366285881665,3,False,False
100000003163886100,terminal,0.5891,31,0.3346,"1 входящих связей от 1 отправителей; 0 исходящих связей к 0 получателям; вход 500,000 KZT, выход 0 KZT",1,0,500000.0,0.0,0.000733835068059369,0.0,3,False,False
100000000795374100,terminal,0.467,1,0.0874,"1 входящих связей от 1 отправителей; 0 исходящих связей к 0 получателям; вход 50,000 KZT, выход 0 KZT",1,0,50000.0,0.0,0.000295742244120105,0.0,3,False,False
100000002391278100,peripheral,0.35,48,0.3132,"1 входящих связей от 1 отправителей; 1 исходящих связей к 1 получателям; вход 30,000 KZT, выход 52,700 KZT",1,1,30000.0,52700.0,0.00039132234113293455,1.7566666666666666,3,False,False
100000004635886100,terminal,0.4259,16,0.0566,"1 входящих связей от 1 отправителей; 0 исходящих связей к 0 получателям; вход 23,000 KZT, выход 0 KZT",1,0,23000.0,0.0,0.00029245851948138613,0.0,3,False,False
100000000413678100,distributor,0.8439,1,0.5597,"2 входящих связей от 2 отправителей; 3 исходящих связей к 3 получателям; вход 306,500 KZT, выход 528,198 KZT",2,3,306500.0,528198.0,0.0003006988541738493,1.723321370309951,3,False,False
100000008659950100,terminal,0.5515,42,0.1574,"1 входящих связей от 1 отправителей; 0 исходящих связей к 0 получателям; вход 246,000 KZT, выход 0 KZT",1,0,246000.0,0.0,0.0003208665270804813,0.0,3,False,False
100000003964910100,consolidator,0.6887,28,0.3603,"2 входящих связей от 2 отправителей; 0 исходящих связей к 0 получателям; вход 1,000,000 KZT, выход 0 KZT",2,0,1000000.0,0.0,0.0005093616966720346,0.0,3,False,False
100000008764654100,terminal,0.4327,22,0.0605,"1 входящих связей от 1 отправителей; 0 исходящих связей к 0 получателям; вход 26,150 KZT, выход 0 KZT",1,0,26150.0,0.0,0.00028965072814292185,0.0,3,False,False
100000005830339100,consolidator,0.9866,3,0.5574,"5 входящих связей от 5 отправителей; 1 исходящих связей к 1 получателям; вход 476,341 KZT, выход 339,251 KZT",5,1,476341.0,339251.0,0.0003636000613544035,0.7122019729563485,3,False,False
100000002032323100,peripheral,0.35,42,0.4731,"1 входящих связей от 1 отправителей; 1 исходящих связей к 1 получателям; вход 300,000 KZT, выход 1,050,000 KZT",1,1,300000.0,1050000.0,0.0004040501867995857,3.5,3,False,False
100000008668099100,terminal,0.4056,22,0.0404,"1 входящих связей от 1 отправителей; 0 исходящих связей к 0 получателям; вход 15,700 KZT, выход 0 KZT",1,0,15700.0,0.0,0.00028801971535046103,0.0,3,False,False
100000008634520100,terminal,0.4982,42,0.1109,"1 входящих связей от 1 отправителей; 0 исходящих связей к 0 получателям; вход 90,000 KZT, выход 0 KZT",1,0,90000.0,0.0,0.0002984829159965065,0.0,3,False,False
100000002103448100,terminal,0.4344,22,0.0617,"1 входящих связей от 1 отправителей; 0 исходящих связей к 0 получателям; вход 27,000 KZT, выход 0 KZT",1,0,27000.0,0.0,0.00028978339425522726,0.0,3,False,False
100000005996909100,terminal,0.35,4,0.0105,"1 входящих связей от 1 отправителей; 0 исходящих связей к 0 получателям; вход 5,500 KZT, выход 0 KZT",1,0,5500.0,0.0,0.0003159496060023001,0.0,3,False,False
100000007392365100,distributor,1.0,65,0.5599,"1 входящих связей от 1 отправителей; 6 исходящих связей к 6 получателям; вход 9,613 KZT, выход 1,765,600 KZT",1,6,9613.0,1765600.0,0.00028611069806057095,183.66794965151357,3,False,False
100000008279405100,terminal,0.549,1,0.1601,"1 входящих связей от 1 отправителей; 0 исходящих связей к 0 получателям; вход 234,738 KZT, выход 0 KZT",1,0,234738.0,0.0,0.00033332885250302887,0.0,3,False,False
100000008343874100,peripheral,0.35,1,0.4865,"2 входящих связей от 2 отправителей; 2 исходящих связей к 2 получателям; вход 283,535 KZT, выход 176,400 KZT",2,2,283535.0,176400.0,0.0003076522795593044,0.6221454141464017,3,False,False
100000002548759100,consolidator,0.6626,5,0.2684,"2 входящих связей от 2 отправителей; 0 исходящих связей к 0 получателям; вход 375,000 KZT, выход 0 KZT",2,0,375000.0,0.0,0.0003085290301049609,0.0,3,False,False
100000003069463100,peripheral,0.35,14,0.2569,"1 входящих связей от 1 отправителей; 1 исходящих связей к 1 получателям; вход 11,500 KZT, выход 17,920 KZT",1,1,11500.0,17920.0,0.0002884531759834947,1.5582608695652174,3,False,False
100000008474391100,terminal,0.4184,29,0.093,"1 входящих связей от 1 отправителей; 0 исходящих связей к 0 получателям; вход 20,000 KZT, выход 0 KZT",1,0,20000.0,0.0,0.00040715072122175946,0.0,3,False,False
100000003097324100,consolidator,0.6497,35,0.2655,"2 входящих связей от 2 отправителей; 0 исходящих связей к 0 получателям; вход 294,000 KZT, выход 0 KZT",2,0,294000.0,0.0,0.0003260131114572473,0.0,3,False,False
100000001852140100,terminal,0.4399,52,0.253,"1 входящих связей от 1 отправителей; 0 исходящих связей к 0 получателям; вход 30,000 KZT, выход 0 KZT",1,0,30000.0,0.0,0.0008047208113868999,0.0,3,False,False
100000003293377100,terminal,0.467,10,0.0843,"1 входящих связей от 1 отправителей; 0 исходящих связей к 0 получателям; вход 50,000 KZT, выход 0 KZT",1,0,50000.0,0.0,0.00028718975292099435,0.0,3,False,False
100000006048193100,terminal,0.4572,0,0.0806,"1 входящих связей от 1 отправителей; 0 исходящих связей к 0 получателям; вход 41,559 KZT, выход 0 KZT",1,0,41559.0,0.0,0.00029641085375483673,0.0,3,False,False
100000002435265100,terminal,0.5188,0,0.1237,"1 входящих связей от 1 отправителей; 0 исходящих связей к 0 получателям; вход 132,628 KZT, выход 0 KZT",1,0,132628.0,0.0,0.00029303889880759863,0.0,3,False,False
100000004587414100,consolidator,0.6813,10,0.2842,"2 входящих связей от 2 отправителей; 0 исходящих связей к 0 получателям; вход 533,603 KZT, выход 0 KZT",2,0,533603.0,0.0,0.00031487177064037594,0.0,3,False,False
100000001726614100,terminal,0.5211,0,0.1272,"1 входящих связей от 1 отправителей; 0 исходящих связей к 0 получателям; вход 138,717 KZT, выход 0 KZT",1,0,138717.0,0.0,0.0002978710303376358,0.0,3,False,False
100000003934614100,consolidator,0.4986,62,0.2766,"2 входящих связей от 2 отправителей; 1 исходящих связей к 1 получателям; вход 17,000 KZT, выход 11,500 KZT",2,1,17000.0,11500.0,0.0003134906893691786,0.6764705882352942,3,False,False
100000008772246100,terminal,0.4609,22,0.0818,"1 входящих связей от 1 отправителей; 0 исходящих связей к 0 получателям; вход 44,500 KZT, выход 0 KZT",1,0,44500.0,0.0,0.0002925147553909273,0.0,3,False,False
100000002603371100,terminal,0.3778,0,0.0209,"1 входящих связей от 1 отправителей; 0 исходящих связей к 0 получателям; вход 9,300 KZT, выход 0 KZT",1,0,9300.0,0.0,0.0002893766428347344,0.0,3,False,False
100000004445291100,terminal,0.4171,13,0.06,"1 входящих связей от 1 отправителей; 0 исходящих связей к 0 получателям; вход 19,500 KZT, выход 0 KZT",1,0,19500.0,0.0,0.00031923942351721183,0.0,3,False,False
100000008571243100,terminal,0.5193,18,0.1289,"1 входящих связей от 1 отправителей; 0 исходящих связей к 0 получателям; вход 134,000 KZT, выход 0 KZT",1,0,134000.0,0.0,0.00030626343281042674,0.0,3,False,False
100000001138283100,peripheral,0.35,1,0.3879,"1 входящих связей от 1 отправителей; 2 исходящих связей к 2 получателям; вход 81,805 KZT, выход 50,000 KZT",1,2,81805.0,50000.0,0.0003022132575532854,0.6112095837662734,3,False,False
100000002593344100,consolidator,0.67,5,0.2921,"2 входящих связей от 2 отправителей; 0 исходящих связей к 0 получателям; вход 431,000 KZT, выход 0 KZT",2,0,431000.0,0.0,0.00035896158975109305,0.0,3,False,False
100000007390016100,peripheral,0.35,85,0.6585,"1 входящих связей от 1 отправителей; 1 исходящих связей к 1 получателям; вход 511,000 KZT, выход 346,500 KZT",1,1,511000.0,346500.0,0.0018430013608097028,0.678082191780822,3,False,False
100000001285440100,consolidator,0.6396,35,0.2562,"2 входящих связей от 2 отправителей; 0 исходящих связей к 0 получателям; вход 243,000 KZT, выход 0 KZT",2,0,243000.0,0.0,0.0003203647790984489,0.0,3,False,False
100000006746688100,terminal,0.4565,22,0.0785,"1 входящих связей от 1 отправителей; 0 исходящих связей к 0 получателям; вход 41,000 KZT, выход 0 KZT",1,0,41000.0,0.0,0.0002919684831637872,0.0,3,False,False
100000006471232100,terminal,0.4575,22,0.0793,"1 входящих связей от 1 отправителей; 0 исходящих связей к 0 получателям; вход 41,800 KZT, выход 0 KZT",1,0,41800.0,0.0,0.00029209334538713355,0.0,3,False,False
100000008662805100,terminal,0.4082,22,0.0423,"1 входящих связей от 1 отправителей; 0 исходящих связей к 0 получателям; вход 16,500 KZT, выход 0 KZT",1,0,16500.0,0.0,0.0002881445775738073,0.0,3,False,False
100000004292885100,terminal,0.5101,22,0.1212,"1 входящих связей от 1 отправителей; 0 исходящих связей к 0 получателям; вход 112,700 KZT, выход 0 KZT",1,0,112700.0,0.0,0.00030315925993119793,0.0,3,False,False
100000008190442100,terminal,0.3956,22,0.033,"1 входящих связей от 1 отправителей; 0 исходящих связей к 0 получателям; вход 13,000 KZT, выход 0 KZT",1,0,13000.0,0.0,0.00028759830534666735,0.0,3,False,False
100000007131370100,transit,1.0,4,0.4906,"1 входящих связей от 1 отправителей; 1 исходящих связей к 1 получателям; вход 30,000 KZT, выход 30,000 KZT",1,1,30000.0,30000.0,0.0008999890359090004,1.0,3,False,False
100000008717802100,terminal,0.4327,22,0.0605,"1 входящих связей от 1 отправителей; 0 исходящих связей к 0 получателям; вход 26,150 KZT, выход 0 KZT",1,0,26150.0,0.0,0.00028965072814292185,0.0,3,False,False
100000005357034100,terminal,0.3804,0,0.0219,"1 входящих связей от 1 отправителей; 0 исходящих связей к 0 получателям; вход 9,754 KZT, выход 0 KZT",1,0,9754.0,0.0,0.0002861186391759254,0.0,3,False,False
100000005532138100,terminal,0.4304,2,0.0603,"1 входящих связей от 1 отправителей; 0 исходящих связей к 0 получателям; вход 25,046 KZT, выход 0 KZT",1,0,25046.0,0.0,0.00029379367547638043,0.0,3,False,False
100000005264874100,peripheral,0.35,26,0.3716,"1 входящих связей от 1 отправителей; 2 исходящих связей к 2 получателям; вход 30,000 KZT, выход 78,000 KZT",1,2,30000.0,78000.0,0.00042829267239375183,2.6,3,False,False
100000008193258100,peripheral,0.35,28,0.3379,"1 входящих связей от 1 отправителей; 1 исходящих связей к 1 получателям; вход 75,000 KZT, выход 30,000 KZT",1,1,75000.0,30000.0,0.0002973742227437991,0.4,3,False,False
100000003190207100,peripheral,0.35,49,0.2754,"1 входящих связей от 1 отправителей; 1 исходящих связей к 1 получателям; вход 5,000 KZT, выход 377,000 KZT",1,1,5000.0,377000.0,0.0002991258827616197,75.4,3,False,False
100000004321983100,peripheral,0.35,48,0.2855,"1 входящих связей от 1 отправителей; 2 исходящих связей к 2 получателям; вход 10,840 KZT, выход 36,200 KZT",1,2,10840.0,36200.0,0.00032378139516947633,3.339483394833948,3,False,False
100000002633108100,terminal,0.5655,40,0.1875,"1 входящих связей от 1 отправителей; 0 исходящих связей к 0 получателям; вход 320,000 KZT, выход 0 KZT",1,0,320000.0,0.0,0.00037601781938067727,0.0,3,False,False
100000005941908100,terminal,0.3817,40,0.1702,"1 входящих связей от 1 отправителей; 0 исходящих связей к 0 получателям; вход 10,000 KZT, выход 0 KZT",1,0,10000.0,0.0,0.0006923487710335436,0.0,3,False,False
100000001835625100,terminal,0.4886,10,0.1002,"1 входящих связей от 1 отправителей; 0 исходящих связей к 0 получателям; вход 75,130 KZT, выход 0 KZT",1,0,75130.0,0.0,0.00028800419546547607,0.0,3,False,False
100000008671081100,terminal,0.4514,22,0.0745,"1 входящих связей от 1 отправителей; 0 исходящих связей к 0 получателям; вход 37,200 KZT, выход 0 KZT",1,0,37200.0,0.0,0.0002913753876028924,0.0,3,False,False
100000002908521100,terminal,0.4609,22,0.0818,"1 входящих связей от 1 отправителей; 0 исходящих связей к 0 получателям; вход 44,500 KZT, выход 0 KZT",1,0,44500.0,0.0,0.0002925147553909273,0.0,3,False,False
100000000749118100,peripheral,0.35,0,0.2505,"1 входящих связей от 1 отправителей; 1 исходящих связей к 1 получателям; вход 10,330 KZT, выход 16,500 KZT",1,1,10330.0,16500.0,0.0002861510794769479,1.5972894482090998,3,False,False
100000008652094100,terminal,0.4481,0,0.0708,"1 входящих связей от 1 отправителей; 0 исходящих связей к 0 получателям; вход 35,000 KZT, выход 0 KZT",1,0,35000.0,0.0,0.000287540493064146,0.0,3,False,False
100000007647294100,terminal,0.5753,38,0.2684,"1 входящих связей от 1 отправителей; 0 исходящих связей к 0 получателям; вход 385,000 KZT, выход 0 KZT",1,0,385000.0,0.0,0.0005792181286000663,0.0,3,False,False
100000003270419100,terminal,0.5253,12,0.3249,"1 входящих связей от 1 отправителей; 0 исходящих связей к 0 получателям; вход 150,000 KZT, выход 0 KZT",1,0,150000.0,0.0,0.0008334814098706011,0.0,3,False,False
100000003050771100,terminal,0.5477,12,0.1726,"1 входящих связей от 1 отправителей; 0 исходящих связей к 0 получателям; вход 229,000 KZT, выход 0 KZT",1,0,229000.0,0.0,0.0003703398485850226,0.0,3,False,False
100000008427027100,terminal,0.562,3,0.2487,"1 входящих связей от 1 отправителей; 0 исходящих связей к 0 получателям; вход 300,000 KZT, выход 0 KZT",1,0,300000.0,0.0,0.0005512640793595224,0.0,3,False,False
100000004291560100,terminal,0.464,0,0.0825,"1 входящих связей от 1 отправителей; 0 исходящих связей к 0 получателям; вход 47,190 KZT, выход 0 KZT",1,0,47190.0,0.0,0.0002882270334625224,0.0,3,False,False
100000003594472100,terminal,0.4184,36,0.052,"1 входящих связей от 1 отправителей; 0 исходящих связей к 0 получателям; вход 20,000 KZT, выход 0 KZT",1,0,20000.0,0.0,0.0002944536874283019,0.0,3,False,False
100000002575080100,transit,0.9804,4,0.3528,"1 входящих связей от 1 отправителей; 1 исходящих связей к 1 получателям; вход 13,000 KZT, выход 12,500 KZT",1,1,13000.0,12500.0,0.0005518178489503647,0.9615384615384616,3,False,False
100000008038077100,terminal,0.5891,10,0.1775,"1 входящих связей от 1 отправителей; 0 исходящих связей к 0 получателям; вход 499,850 KZT, выход 0 KZT",1,0,499850.0,0.0,0.0003017690198782206,0.0,3,False,False
100000003899325100,terminal,0.4672,1,0.0878,"1 входящих связей от 1 отправителей; 0 исходящих связей к 0 получателям; вход 50,120 KZT, выход 0 KZT",1,0,50120.0,0.0,0.0002966402059541674,0.0,3,False,False
100000001155773100,terminal,0.4223,22,0.0527,"1 входящих связей от 1 отправителей; 0 исходящих связей к 0 получателям; вход 21,500 KZT, выход 0 KZT",1,0,21500.0,0.0,0.00028892496646972155,0.0,3,False,False
100000000611474100,terminal,0.4434,29,0.1794,"1 входящих связей от 1 отправителей; 0 исходящих связей к 0 получателям; вход 32,000 KZT, выход 0 KZT",1,0,32000.0,0.0,0.0005956216679555992,0.0,3,False,False
100000006704530100,distributor,0.8385,14,0.6091,"1 входящих связей от 1 отправителей; 3 исходящих связей к 3 получателям; вход 450,500 KZT, выход 428,000 KZT",1,3,450500.0,428000.0,0.00039854222775425723,0.9500554938956715,3,False,False
100000003996562100,terminal,0.3678,0,0.0278,"1 входящих связей от 1 отправителей; 0 исходящих связей к 0 получателям; вход 7,700 KZT, выход 0 KZT",1,0,7700.0,0.0,0.00032817368818376504,0.0,3,False,False
100000002646887100,terminal,0.4289,42,0.0598,"1 входящих связей от 1 отправителей; 0 исходящих связей к 0 получателям; вход 24,354 KZT, выход 0 KZT",1,0,24354.0,0.0,0.00029518757307712095,0.0,3,False,False
100000002556775100,terminal,0.562,10,0.1557,"1 входящих связей от 1 отправителей; 0 исходящих связей к 0 получателям; вход 300,000 KZT, выход 0 KZT",1,0,300000.0,0.0,0.00029529204643951516,0.0,3,False,False
100000002722108100,terminal,0.6,24,0.1933,"1 входящих связей от 1 отправителей; 0 исходящих связей к 0 получателям; вход 800,000 KZT, выход 0 KZT",1,0,800000.0,0.0,0.0003236747727313084,0.0,3,False,False
100000002737980100,terminal,0.4448,16,0.0713,"1 входящих связей от 1 отправителей; 0 исходящих связей к 0 получателям; вход 32,900 KZT, выход 0 KZT",1,0,32900.0,0.0,0.0002954238816602796,0.0,3,False,False
100000002913340100,terminal,0.4272,22,0.0564,"1 входящих связей от 1 отправителей; 0 исходящих связей к 0 получателям; вход 23,600 KZT, выход 0 KZT",1,0,23600.0,0.0,0.0002892527298060056,0.0,3,False,False
100000003610172100,terminal,0.4849,10,0.0974,"1 входящих связей от 1 отправителей; 0 исходящих связей к 0 получателям; вход 70,000 KZT, выход 0 KZT",1,0,70000.0,0.0,0.000287837936402476,0.0,3,False,False
100000001052945100,distributor,0.8529,44,0.5,"1 входящих связей от 1 отправителей; 3 исходящих связей к 3 получателям; вход 56,520 KZT, выход 1,595,700 KZT",1,3,56520.0,1595700.0,0.00030154476497427343,28.23248407643312,3,False,False
100000002369510100,terminal,0.4513,22,0.0745,"1 входящих связей от 1 отправителей; 0 исходящих связей к 0 получателям; вход 37,150 KZT, выход 0 KZT",1,0,37150.0,0.0,0.00029136758371393326,0.0,3,False,False
100000001954534100,peripheral,0.35,0,0.3004,"1 входящих связей от 1 отправителей; 1 исходящих связей к 1 получателям; вход 13,000 KZT, выход 40,000 KZT",1,1,13000.0,40000.0,0.0003659515092221351,3.076923076923077,3,False,False
100000008488166100,terminal,0.351,22,0.0007,"1 входящих связей от 1 отправителей; 0 исходящих связей к 0 получателям; вход 5,600 KZT, выход 0 KZT",1,0,5600.0,0.0,0.0002864433297807142,0.0,3,False,False
100000005100475100,terminal,0.4552,2,0.0942,"1 входящих связей от 1 отправителей; 0 исходящих связей к 0 получателям; вход 40,000 KZT, выход 0 KZT",1,0,40000.0,0.0,0.0003377497462501427,0.0,3,False,False
100000002708624100,terminal,0.4303,13,0.073,"1 входящих связей от 1 отправителей; 0 исходящих связей к 0 получателям; вход 25,000 KZT, выход 0 KZT",1,0,25000.0,0.0,0.0003287361266530872,0.0,3,False,False
100000004591973100,peripheral,0.35,8,0.316,"1 входящих связей от 1 отправителей; 1 исходящих связей к 1 получателям; вход 10,000 KZT, выход 100,000 KZT",1,1,10000.0,100000.0,0.0003991316698685005,10.0,3,False,False
100000000802149100,terminal,0.5059,0,0.1151,"1 входящих связей от 1 отправителей; 0 исходящих связей к 0 получателям; вход 104,128 KZT, выход 0 KZT",1,0,104128.0,0.0,0.00029480359988090277,0.0,3,False,False
100000003095610100,terminal,0.4274,18,0.0584,"1 входящих связей от 1 отправителей; 0 исходящих связей к 0 получателям; вход 23,665 KZT, выход 0 KZT",1,0,23665.0,0.0,0.0002943864531167937,0.0,3,False,False
100000004183610100,peripheral,0.35,12,0.3503,"1 входящих связей от 1 отправителей; 1 исходящих связей к 1 получателям; вход 22,000 KZT, выход 915,000 KZT",1,1,22000.0,915000.0,0.00034076272266534053,41.59090909090909,3,False,False
100000005198906100,peripheral,0.35,10,0.388,"1 входящих связей от 1 отправителей; 1 исходящих связей к 1 получателям; вход 227,970 KZT, выход 60,000 KZT",1,1,227970.0,60000.0,0.0002929576136309589,0.26319252533228055,3,False,False
100000008599354100,peripheral,0.35,0,0.355,"1 входящих связей от 1 отправителей; 1 исходящих связей к 1 получателям; вход 177,000 KZT, выход 38,200 KZT",1,1,177000.0,38200.0,0.00033174355341856386,0.21581920903954802,3,False,False
100000001303311100,consolidator,1.0,35,0.428,"5 входящих связей от 5 отправителей; 0 исходящих связей к 0 получателям; вход 1,324,000 KZT, выход 0 KZT",5,0,1324000.0,0.0,0.0005016994290161631,0.0,3,False,False
100000008776420100,terminal,0.4845,22,0.1002,"1 входящих связей от 1 отправителей; 0 исходящих связей к 0 получателям; вход 69,500 KZT, выход 0 KZT",1,0,69500.0,0.0,0.0002964166998704986,0.0,3,False,False
100000004737764100,terminal,0.5988,3,0.3208,"1 входящих связей от 1 отправителей; 0 исходящих связей к 0 получателям; вход 600,000 KZT, выход 0 KZT",1,0,600000.0,0.0,0.000676622422754616,0.0,3,False,False
100000003154105100,distributor,0.9795,32,0.7465,"1 входящих связей от 1 отправителей; 7 исходящих связей к 7 получателям; вход 60,000 KZT, выход 338,000 KZT",1,7,60000.0,338000.0,0.0005506807965745357,5.633333333333334,3,False,False
100000008708025100,terminal,0.3817,15,0.0309,"1 входящих связей от 1 отправителей; 0 исходящих связей к 0 получателям; вход 10,000 KZT, выход 0 KZT",1,0,10000.0,0.0,0.0003092890887695534,0.0,3,False,False
100000008740793100,terminal,0.421,22,0.0518,"1 входящих связей от 1 отправителей; 0 исходящих связей к 0 получателям; вход 21,000 KZT, выход 0 KZT",1,0,21000.0,0.0,0.00028884692758013016,0.0,3,False,False
100000008459449100,terminal,0.4708,0,0.0915,"1 входящих связей от 1 отправителей; 0 исходящих связей к 0 получателям; вход 53,700 KZT, выход 0 KZT",1,0,53700.0,0.0,0.000299578094890219,0.0,3,False,False
100000008677518100,terminal,0.4656,22,0.0855,"1 входящих связей от 1 отправителей; 0 исходящих связей к 0 получателям; вход 48,700 KZT, выход 0 KZT",1,0,48700.0,0.0,0.00029317028206349527,0.0,3,False,False
100000002212494100,terminal,0.5287,36,0.154,"1 входящих связей от 1 отправителей; 0 исходящих связей к 0 получателям; вход 160,000 KZT, выход 0 KZT",1,0,160000.0,0.0,0.0003566444399053839,0.0,3,False,False
100000001825934100,peripheral,0.35,26,0.3646,"1 входящих связей от 1 отправителей; 1 исходящих связей к 1 получателям; вход 40,000 KZT, выход 97,000 KZT",1,1,40000.0,97000.0,0.00047586713178590575,2.425,3,False,False
100000003736419100,peripheral,0.35,0,0.2766,"1 входящих связей от 1 отправителей; 1 исходящих связей к 1 получателям; вход 23,300 KZT, выход 10,000 KZT",1,1,23300.0,10000.0,0.00029164760065452,0.4291845493562232,3,False,False
100000008430691100,peripheral,0.35,84,0.37,"1 входящих связей от 1 отправителей; 2 исходящих связей к 2 получателям; вход 20,000 KZT, выход 604,900 KZT",1,2,20000.0,604900.0,0.0003069779355111288,30.245,3,False,False
100000003073635100,terminal,0.5174,1,0.1295,"1 входящих связей от 1 отправителей; 0 исходящих связей к 0 получателям; вход 129,231 KZT, выход 0 KZT",1,0,129231.0,0.0,0.00031186250399510335,0.0,3,False,False
100000001686328100,terminal,0.5216,5,0.1338,"1 входящих связей от 1 отправителей; 0 исходящих связей к 0 получателям; вход 140,000 KZT, выход 0 KZT",1,0,140000.0,0.0,0.0003150543933476945,0.0,3,False,False
100000008707810100,terminal,0.4328,22,0.0605,"1 входящих связей от 1 отправителей; 0 исходящих связей к 0 получателям; вход 26,200 KZT, выход 0 KZT",1,0,26200.0,0.0,0.000289658532031881,0.0,3,False,False
100000001236706100,peripheral,0.35,12,0.6723,"3 входящих связей от 3 отправителей; 2 исходящих связей к 2 получателям; вход 142,700 KZT, выход 36,000 KZT",3,2,142700.0,36000.0,0.0007662915221773773,0.25227750525578135,3,False,False
100000008536546100,consolidator,0.6411,35,0.2561,"2 входящих связей от 2 отправителей; 0 исходящих связей к 0 получателям; вход 250,000 KZT, выход 0 KZT",2,0,250000.0,0.0,0.00031725287200167396,0.0,3,False,False
100000007140834100,terminal,0.3827,2,0.1782,"1 входящих связей от 1 отправителей; 0 исходящих связей к 0 получателям; вход 10,200 KZT, выход 0 KZT",1,0,10200.0,0.0,0.0007122600056993933,0.0,3,False,False
100000007022818100,terminal,0.4105,22,0.044,"1 входящих связей от 1 отправителей; 0 исходящих связей к 0 получателям; вход 17,200 KZT, выход 0 KZT",1,0,17200.0,0.0,0.00028825383201923533,0.0,3,False,False
100000007484343100,consolidator,0.5226,0,0.1606,"2 входящих связей от 2 отправителей; 0 исходящих связей к 0 получателям; вход 26,757 KZT, выход 0 KZT",2,0,26757.0,0.0,0.00028913342255287915,0.0,3,False,False
100000001379511100,terminal,0.4721,42,0.0953,"1 входящих связей от 1 отправителей; 0 исходящих связей к 0 получателям; вход 55,000 KZT, выход 0 KZT",1,0,55000.0,0.0,0.00030729079119071103,0.0,3,False,False
100000004569484100,distributor,0.8933,18,0.6537,"2 входящих связей от 2 отправителей; 4 исходящих связей к 4 получателям; вход 98,312 KZT, выход 156,000 KZT",2,4,98312.0,156000.0,0.0003193810040919852,1.586784929611848,3,False,False
100000002948492100,terminal,0.4274,40,0.0576,"1 входящих связей от 1 отправителей; 0 исходящих связей к 0 получателям; вход 23,660 KZT, выход 0 KZT",1,0,23660.0,0.0,0.00029225683204655813,0.0,3,False,False
100000002116705100,terminal,0.4117,22,0.0449,"1 входящих связей от 1 отправителей; 0 исходящих связей к 0 получателям; вход 17,600 KZT, выход 0 KZT",1,0,17600.0,0.0,0.00028831626313090844,0.0,3,False,False
100000002481974100,peripheral,0.35,1,0.4591,"2 входящих связей от 2 отправителей; 2 исходящих связей к 2 получателям; вход 89,447 KZT, выход 318,000 KZT",2,2,89447.0,318000.0,0.0003316686610389907,3.5551779265934016,3,False,False
100000003920950100,terminal,0.566,2,0.1936,"1 входящих связей от 1 отправителей; 0 исходящих связей к 0 получателям; вход 323,290 KZT, выход 0 KZT",1,0,323290.0,0.0,0.00039172837020751925,0.0,3,False,False
100000000733451100,peripheral,0.35,12,0.4633,"1 входящих связей от 1 отправителей; 1 исходящих связей к 1 получателям; вход 70,000 KZT, выход 300,000 KZT",1,1,70000.0,300000.0,0.0005412616148555019,4.285714285714286,3,False,False
100000005182219100,consolidator,0.5608,10,0.2117,"2 входящих связей от 2 отправителей; 0 исходящих связей к 0 получателям; вход 55,000 KZT, выход 0 KZT",2,0,55000.0,0.0,0.0003541294978841431,0.0,3,False,False
100000008633099100,peripheral,0.35,2,0.2738,"1 входящих связей от 1 отправителей; 1 исходящих связей к 1 получателям; вход 19,468 KZT, выход 13,500 KZT",1,1,19468.0,13500.0,0.00029196202177266705,0.6934456544072324,3,False,False
100000001380107100,terminal,0.3546,31,0.0047,"1 входящих связей от 1 отправителей; 0 исходящих связей к 0 получателям; вход 6,000 KZT, выход 0 KZT",1,0,6000.0,0.0,0.00029094848350339516,0.0,3,False,False
100000008755168100,terminal,0.4117,22,0.0449,"1 входящих связей от 1 отправителей; 0 исходящих связей к 0 получателям; вход 17,600 KZT, выход 0 KZT",1,0,17600.0,0.0,0.00028831626313090844,0.0,3,False,False
100000002628576100,peripheral,0.35,10,0.5316,"2 входящих связей от 2 отправителей; 2 исходящих связей к 2 получателям; вход 727,882 KZT, выход 539,000 KZT",2,2,727882.0,539000.0,0.0003113901539132382,0.7405046422359668,3,False,False
100000001611488100,consolidator,0.6887,10,0.4941,"2 входящих связей от 2 отправителей; 0 исходящих связей к 0 получателям; вход 779,300 KZT, выход 0 KZT",2,0,779300.0,0.0,0.0008775368508533145,0.0,3,False,False
100000005375968100,peripheral,0.35,0,0.4523,"1 входящих связей от 1 отправителей; 2 исходящих связей к 2 получателям; вход 170,082 KZT, выход 86,000 KZT",1,2,170082.0,86000.0,0.00029514830685360255,0.5056384567443939,3,False,False
100000003581109100,terminal,0.4587,0,0.0786,"1 входящих связей от 1 отправителей; 0 исходящих связей к 0 получателям; вход 42,750 KZT, выход 0 KZT",1,0,42750.0,0.0,0.000287976972808807,0.0,3,False,False
100000002933386100,peripheral,0.35,3,0.4157,"1 входящих связей от 1 отправителей; 1 исходящих связей к 1 получателям; вход 15,000 KZT, выход 58,000 KZT",1,1,15000.0,58000.0,0.0006527823249129193,3.8666666666666667,3,False,False
100000002284426100,terminal,0.4982,10,0.1072,"1 входящих связей от 1 отправителей; 0 исходящих связей к 0 получателям; вход 90,000 KZT, выход 0 KZT",1,0,90000.0,0.0,0.00028848611988395765,0.0,3,False,False
100000008579978100,peripheral,0.35,10,0.3165,"1 входящих связей от 1 отправителей; 1 исходящих связей к 1 получателям; вход 34,000 KZT, выход 77,000 KZT",1,1,34000.0,77000.0,0.00028667120613580906,2.264705882352941,3,False,False
100000001549194100,terminal,0.4632,40,0.0857,"1 входящих связей от 1 отправителей; 0 исходящих связей к 0 получателям; вход 46,500 KZT, выход 0 KZT",1,0,46500.0,0.0,0.0002987125955300949,0.0,3,False,False
100000001427082100,distributor,0.9537,32,0.5098,"1 входящих связей от 1 отправителей; 5 исходящих связей к 5 получателям; вход 5,000 KZT, выход 124,900 KZT",1,5,5000.0,124900.0,0.0004392450523980493,24.98,3,False,False
100000004657034100,terminal,0.5221,10,0.125,"1 входящих связей от 1 отправителей; 0 исходящих связей к 0 получателям; вход 141,250 KZT, выход 0 KZT",1,0,141250.0,0.0,0.0002901470900552544,0.0,3,False,False
100000003796063100,distributor,1.0,10,0.7854,"1 входящих связей от 1 отправителей; 15 исходящих связей к 15 получателям; вход 35,000 KZT, выход 959,150 KZT",1,15,35000.0,959150.0,0.0006852648705720556,27.404285714285713,3,False,False
100000005268319100,distributor,0.9455,0,0.4373,"1 входящих связей от 1 отправителей; 5 исходящих связей к 5 получателям; вход 19,713 KZT, выход 91,000 KZT",1,5,19712.8,91000.0,0.0002936395632308336,4.6162899232985675,3,False,False
100000008744799100,terminal,0.394,22,0.0318,"1 входящих связей от 1 отправителей; 0 исходящих связей к 0 получателям; вход 12,600 KZT, выход 0 KZT",1,0,12600.0,0.0,0.0002875358742349942,0.0,3,False,False
100000008677215100,terminal,0.3761,29,0.0251,"1 входящих связей от 1 отправителей; 0 исходящих связей к 0 получателям; вход 9,000 KZT, выход 0 KZT",1,0,9000.0,0.0,0.00030437671563686035,0.0,3,False,False
100000007593823100,distributor,0.9606,0,0.4199,"3 входящих связей от 3 отправителей; 13 исходящих связей к 13 получателям; вход 25,000 KZT, выход 162,900 KZT",3,13,25000.0,162900.0,0.00029059209456347635,6.516,3,False,False
100000001282143100,consolidator,1.0,24,0.3917,"5 входящих связей от 5 отправителей; 0 исходящих связей к 0 получателям; вход 1,700,000 KZT, выход 0 KZT",5,0,1700000.0,0.0,0.0004017630614327044,0.0,3,False,False
100000008029279100,terminal,0.4098,1,0.0438,"1 входящих связей от 1 отправителей; 0 исходящих связей к 0 получателям; вход 17,000 KZT, выход 0 KZT",1,0,17000.0,0.0,0.00028902809718424723,0.0,3,False,False
100000000594783100,peripheral,0.35,21,0.6931,"1 входящих связей от 1 отправителей; 2 исходящих связей к 2 получателям; вход 2,635,000 KZT, выход 152,500 KZT",1,2,2635000.0,152500.0,0.0013815888060884824,0.05787476280834915,3,False,False
100000002705460100,terminal,0.5011,16,0.2072,"1 входящих связей от 1 отправителей; 0 исходящих связей к 0 получателям; вход 95,000 KZT, выход 0 KZT",1,0,95000.0,0.0,0.0005577272422551425,0.0,3,False,False
100000002952756100,terminal,0.4638,11,0.1112,"1 входящих связей от 1 отправителей; 0 исходящих связей к 0 получателям; вход 47,000 KZT, выход 0 KZT",1,0,47000.0,0.0,0.0003677090010006233,0.0,3,False,False
100000004634420100,terminal,0.4327,22,0.0605,"1 входящих связей от 1 отправителей; 0 исходящих связей к 0 получателям; вход 26,150 KZT, выход 0 KZT",1,0,26150.0,0.0,0.00028965072814292185,0.0,3,False,False
100000000583220100,peripheral,0.35,25,0.2819,"1 входящих связей от 1 отправителей; 1 исходящих связей к 1 получателям; вход 5,000 KZT, выход 761,255 KZT",1,1,5000.0,761255.0,0.0002981132552282107,152.251,3,False,False
100000003286537100,consolidator,0.6151,5,0.2315,"2 входящих связей от 2 отправителей; 0 исходящих связей к 0 получателям; вход 153,000 KZT, выход 0 KZT",2,0,153000.0,0.0,0.0003010947151858357,0.0,3,False,False
100000002958345100,terminal,0.5633,24,0.1583,"1 входящих связей от 1 отправителей; 0 исходящих связей к 0 получателям; вход 307,000 KZT, выход 0 KZT",1,0,307000.0,0.0,0.0003001922715970447,0.0,3,False,False
100000005055454100,terminal,0.3589,27,0.086,"1 входящих связей от 1 отправителей; 0 исходящих связей к 0 получателям; вход 6,500 KZT, выход 0 KZT",1,0,6500.0,0.0,0.0005059810158324249,0.0,3,False,False
100000008738526100,peripheral,0.35,35,0.2969,"1 входящих связей от 1 отправителей; 1 исходящих связей к 1 получателям; вход 15,000 KZT, выход 140,000 KZT",1,1,15000.0,140000.0,0.0002874522211122586,9.333333333333334,3,False,False
100000001298099100,terminal,0.4157,18,0.0494,"1 входящих связей от 1 отправителей; 0 исходящих связей к 0 получателям; вход 19,000 KZT, выход 0 KZT",1,0,19000.0,0.0,0.00029264835692975865,0.0,3,False,False
100000006491272100,terminal,0.4328,22,0.0605,"1 входящих связей от 1 отправителей; 0 исходящих связей к 0 получателям; вход 26,200 KZT, выход 0 KZT",1,0,26200.0,0.0,0.000289658532031881,0.0,3,False,False
100000000552584100,peripheral,0.35,21,0.6416,"1 входящих связей от 1 отправителей; 1 исходящих связей к 1 получателям; вход 2,500,000 KZT, выход 57,500 KZT",1,1,2500000.0,57500.0,0.0013254360037725011,0.023,3,False,False
100000005187208100,terminal,0.4001,10,0.0452,"1 входящих связей от 1 отправителей; 0 исходящих связей к 0 получателям; вход 14,160 KZT, выход 0 KZT",1,0,14160.0,0.0,0.00031197078423773135,0.0,3,False,False
100000003528285100,coordinator,0.4886,3,0.651,"4 входящих связей от 4 отправителей; 4 исходящих связей к 4 получателям; вход 118,870 KZT, выход 548,000 KZT",4,4,118870.0,548000.0,0.0004042756455484536,4.6100782367292,3,False,False
100000001484381100,consolidator,0.5901,18,0.2209,"2 входящих связей от 2 отправителей; 0 исходящих связей к 0 получателям; вход 95,585 KZT, выход 0 KZT",2,0,95585.0,0.0,0.0003213079861341866,0.0,3,False,False
100000002508637100,peripheral,0.35,1,0.3476,"1 входящих связей от 1 отправителей; 1 исходящих связей к 1 получателям; вход 306,410 KZT, выход 8,000 KZT",1,1,306410.0,8000.0,0.0003073926335674684,0.02610880845925394,3,False,False
100000003149149100,terminal,0.5513,10,0.1473,"1 входящих связей от 1 отправителей; 0 исходящих связей к 0 получателям; вход 245,000 KZT, выход 0 KZT",1,0,245000.0,0.0,0.00029350954186544055,0.0,3,False,False
100000001538095100,consolidator,0.6471,24,0.2651,"2 входящих связей от 2 отправителей; 0 исходящих связей к 0 получателям; вход 280,000 KZT, выход 0 KZT",2,0,280000.0,0.0,0.000330135226662397,0.0,3,False,False
100000008695133100,terminal,0.4505,22,0.0739,"1 входящих связей от 1 отправителей; 0 исходящих связей к 0 получателям; вход 36,610 KZT, выход 0 KZT",1,0,36610.0,0.0,0.0002912833017131745,0.0,3,False,False
100000008749405100,terminal,0.4513,22,0.0745,"1 входящих связей от 1 отправителей; 0 исходящих связей к 0 получателям; вход 37,150 KZT, выход 0 KZT",1,0,37150.0,0.0,0.00029136758371393326,0.0,3,False,False
100000005815602100,peripheral,0.35,16,0.4031,"1 входящих связей от 1 отправителей; 1 исходящих связей к 1 получателям; вход 20,000 KZT, выход 165,000 KZT",1,1,20000.0,165000.0,0.0005521710322392142,8.25,3,False,False
100000006641671100,consolidator,0.5122,1,0.3745,"2 входящих связей от 2 отправителей; 1 исходящих связей к 1 получателям; вход 22,000 KZT, выход 25,000 KZT",2,1,22000.0,25000.0,0.00043999110799823783,1.1363636363636365,3,False,False
100000002945031100,terminal,0.4032,12,0.0398,"1 входящих связей от 1 отправителей; 0 исходящих связей к 0 получателям; вход 15,000 KZT, выход 0 KZT",1,0,15000.0,0.0,0.0002911219506169233,0.0,3,False,False
100000003497735100,terminal,0.5156,43,0.1265,"1 входящих связей от 1 отправителей; 0 исходящих связей к 0 получателям; вход 125,000 KZT, выход 0 KZT",1,0,125000.0,0.0,0.0003069462106171267,0.0,3,False,False
100000004644615100,peripheral,0.35,11,0.3938,"1 входящих связей от 1 отправителей; 2 исходящих связей к 2 получателям; вход 50,810 KZT, выход 379,665 KZT",1,2,50810.0,379665.0,0.00037436756021008076,7.472249557173785,3,False,False
100000002755292100,terminal,0.5414,10,0.1397,"1 входящих связей от 1 отправителей; 0 исходящих связей к 0 получателям; вход 203,400 KZT, выход 0 KZT",1,0,203400.0,0.0,0.0002921613202239587,0.0,3,False,False
100000005142492100,peripheral,0.35,2,0.4843,"1 входящих связей от 1 отправителей; 1 исходящих связей к 1 получателям; вход 10,000 KZT, выход 57,000 KZT",1,1,10000.0,57000.0,0.0019077900971988563,5.7,3,False,False
100000002893020100,terminal,0.4139,18,0.0479,"1 входящих связей от 1 отправителей; 0 исходящих связей к 0 получателям; вход 18,340 KZT, выход 0 KZT",1,0,18340.0,0.0,0.00029240245264606243,0.0,3,False,False
100000004500444100,consolidator,0.6237,40,0.4781,"2 входящих связей от 2 отправителей; 1 исходящих связей к 1 получателям; вход 180,000 KZT, выход 74,000 KZT",2,1,180000.0,74000.0,0.0004643947559108723,0.4111111111111111,3,False,False
100000008454065100,terminal,0.4282,40,0.0583,"1 входящих связей от 1 отправителей; 0 исходящих связей к 0 получателям; вход 24,050 KZT, выход 0 KZT",1,0,24050.0,0.0,0.000292367066186601,0.0,3,False,False
100000008416433100,terminal,0.4184,40,0.0508,"1 входящих связей от 1 отправителей; 0 исходящих связей к 0 получателям; вход 20,000 KZT, выход 0 KZT",1,0,20000.0,0.0,0.0002912223270400019,0.0,3,False,False
100000005265073100,peripheral,0.35,49,0.2257,"1 входящих связей от 1 отправителей; 1 исходящих связей к 1 получателям; вход 5,000 KZT, выход 9,000 KZT",1,1,5000.0,9000.0,0.0002991258827616197,1.8,3,False,False
100000006734214100,coordinator,0.4498,10,0.7027,"5 входящих связей от 5 отправителей; 3 исходящих связей к 3 получателям; вход 610,000 KZT, выход 36,000 KZT",5,3,610000.0,36000.0,0.0006063901366273065,0.05901639344262295,3,False,False
100000002611334100,peripheral,0.35,0,0.3152,"1 входящих связей от 1 отправителей; 1 исходящих связей к 1 получателям; вход 48,288 KZT, выход 15,500 KZT",1,1,48288.0,15500.0,0.00030533803078063905,0.3209907223326706,3,False,False
100000006225798100,peripheral,0.35,28,0.5748,"3 входящих связей от 3 отправителей; 2 исходящих связей к 2 получателям; вход 722,000 KZT, выход 26,300 KZT",3,2,722000.0,26300.0,0.00035996892038230765,0.03642659279778394,3,False,False
100000002849158100,consolidator,1.0,5,0.5852,"3 входящих связей от 3 отправителей; 1 исходящих связей к 1 получателям; вход 723,000 KZT, выход 1,313,000 KZT",3,1,723000.0,1313000.0,0.0003362455684917419,1.8160442600276625,3,False,False
100000008686214100,terminal,0.4303,1,0.0617,"1 входящих связей от 1 отправителей; 0 исходящих связей к 0 получателям; вход 25,000 KZT, выход 0 KZT",1,0,25000.0,0.0,0.00029772792993778484,0.0,3,False,False
100000004931931100,peripheral,0.35,0,0.2977,"1 входящих связей от 1 отправителей; 1 исходящих связей к 1 получателям; вход 23,938 KZT, выход 45,000 KZT",1,1,23938.0,45000.0,0.0002918140366848613,1.8798562954298605,3,False,False
100000007510875100,terminal,0.35,5,0.0252,"1 входящих связей от 1 отправителей; 0 исходящих связей к 0 получателям; вход 5,000 KZT, выход 0 KZT",1,0,5000.0,0.0,0.0003562462601707578,0.0,3,False,False
100000005233755100,peripheral,0.35,28,0.27,"1 входящих связей от 1 отправителей; 1 исходящих связей к 1 получателям; вход 25,000 KZT, выход 5,000 KZT",1,1,25000.0,5000.0,0.0002916076698087035,0.2,3,False,False
100000008042075100,terminal,0.35,21,0.0018,"1 входящих связей от 1 отправителей; 0 исходящих связей к 0 получателям; вход 5,000 KZT, выход 0 KZT",1,0,5000.0,0.0,0.0002919566745724343,0.0,3,False,False
100000001680944100,terminal,0.5764,35,0.1843,"1 входящих связей от 1 отправителей; 0 исходящих связей к 0 получателям; вход 393,000 KZT, выход 0 KZT",1,0,393000.0,0.0,0.0003455898843992659,0.0,3,False,False
100000008417029100,terminal,0.5038,5,0.1178,"1 входящих связей от 1 отправителей; 0 исходящих связей к 0 получателям; вход 100,000 KZT, выход 0 KZT",1,0,100000.0,0.0,0.00030663007931043616,0.0,3,False,False
100000004975919100,peripheral,0.35,1,0.3497,"1 входящих связей от 1 отправителей; 2 исходящих связей к 2 получателям; вход 22,351 KZT, выход 15,000 KZT",1,2,22351.0,15000.0,0.00029011680628284646,0.6711109122634334,3,False,False
100000003087877100,terminal,0.4991,1,0.1092,"1 входящих связей от 1 отправителей; 0 исходящих связей к 0 получателям; вход 91,486 KZT, выход 0 KZT",1,0,91486.0,0.0,0.0002920851717140769,0.0,3,False,False
100000008295429100,terminal,0.5705,10,0.1624,"1 входящих связей от 1 отправителей; 0 исходящих связей к 0 получателям; вход 352,000 KZT, выход 0 KZT",1,0,352000.0,0.0,0.00029697732349136745,0.0,3,False,False
100000003254277100,transit,0.9554,0,0.3239,"1 входящих связей от 1 отправителей; 1 исходящих связей к 1 получателям; вход 49,200 KZT, выход 44,997 KZT",1,1,49200.0,44997.0,0.00028834023659629897,0.9145731707317073,3,False,False
100000005314565100,terminal,0.5452,0,0.1726,"1 входящих связей от 1 отправителей; 0 исходящих связей к 0 получателям; вход 218,500 KZT, выход 0 KZT",1,0,218500.0,0.0,0.00037502151711100556,0.0,3,False,False
100000002951898100,terminal,0.4552,40,0.0793,"1 входящих связей от 1 отправителей; 0 исходящих связей к 0 получателям; вход 39,990 KZT, выход 0 KZT",1,0,39990.0,0.0,0.00029687253334630224,0.0,3,False,False
100000001009583100,terminal,0.5765,10,0.1672,"1 входящих связей от 1 отправителей; 0 исходящих связей к 0 получателям; вход 393,740 KZT, выход 0 KZT",1,0,393740.0,0.0,0.0002983300824172197,0.0,3,False,False
100000004064431100,peripheral,0.35,34,0.2507,"1 входящих связей от 1 отправителей; 1 исходящих связей к 1 получателям; вход 26,000 KZT, выход 10,000 KZT",1,1,26000.0,10000.0,0.00029105344694629973,0.38461538461538464,3,False,False
100000001927599100,consolidator,0.626,18,0.2489,"2 входящих связей от 2 отправителей; 0 исходящих связей к 0 получателям; вход 188,000 KZT, выход 0 KZT",2,0,188000.0,0.0,0.0003272554677154647,0.0,3,False,False
100000007737775100,terminal,0.3546,53,0.0092,"1 входящих связей от 1 отправителей; 0 исходящих связей к 0 получателям; вход 6,000 KZT, выход 0 KZT",1,0,6000.0,0.0,0.0003031296267653485,0.0,3,False,False
100000003157679100,consolidator,0.9933,5,0.3764,"4 входящих связей от 4 отправителей; 0 исходящих связей к 0 получателям; вход 541,000 KZT, выход 0 KZT",4,0,541000.0,0.0,0.0003728530959036685,0.0,3,False,False
100000001229743100,peripheral,0.35,0,0.2281,"1 входящих связей от 1 отправителей; 1 исходящих связей к 1 получателям; вход 7,000 KZT, выход 9,000 KZT",1,1,7000.0,9000.0,0.0002884350404884847,1.2857142857142858,3,False,False
100000003795588100,terminal,0.5773,0,0.176,"1 входящих связей от 1 отправителей; 0 исходящих связей к 0 получателям; вход 400,000 KZT, выход 0 KZT",1,0,400000.0,0.0,0.00032104219550652103,0.0,3,False,False
100000002301828100,terminal,0.4637,28,0.084,"1 входящих связей от 1 отправителей; 0 исходящих связей к 0 получателям; вход 46,977 KZT, выход 0 KZT",1,0,46977.0,0.0,0.0002929634292491543,0.0,3,False,False
100000005409156100,consolidator,0.6432,10,0.2964,"2 входящих связей от 2 отправителей; 0 исходящих связей к 0 получателям; вход 260,080 KZT, выход 0 KZT",2,0,260080.0,0.0,0.00042393100512820077,0.0,3,False,False
100000002513028100,distributor,0.832,56,0.4275,"1 входящих связей от 1 отправителей; 3 исходящих связей к 3 получателям; вход 9,500 KZT, выход 332,709 KZT",1,3,9500.0,332709.0,0.0003055978968624257,35.022,3,False,False
100000003218308100,terminal,0.3875,0,0.027,"1 входящих связей от 1 отправителей; 0 исходящих связей к 0 получателям; вход 11,165 KZT, выход 0 KZT",1,0,11165.0,0.0,0.0002861981066494372,0.0,3,False,False
100000008489604100,terminal,0.3867,22,0.0265,"1 входящих связей от 1 отправителей; 0 исходящих связей к 0 получателям; вход 11,000 KZT, выход 0 KZT",1,0,11000.0,0.0,0.0002872861497883016,0.0,3,False,False
100000004450649100,coordinator,0.3287,10,0.4965,"2 входящих связей от 2 отправителей; 2 исходящих связей к 2 получателям; вход 192,528 KZT, выход 46,527 KZT",2,2,192528.0,46527.0,0.00029895522393245586,0.24166355023684866,3,False,False
100000008767065100,terminal,0.3817,35,0.0228,"1 входящих связей от 1 отправителей; 0 исходящих связей к 0 получателям; вход 10,000 KZT, выход 0 KZT",1,0,10000.0,0.0,0.0002870965356977476,0.0,3,False,False
100000003035737100,consolidator,0.6887,10,0.4612,"2 входящих связей от 2 отправителей; 1 исходящих связей к 1 получателям; вход 809,170 KZT, выход 6,545 KZT",2,1,809170.0,6544.53,0.00037881127846399476,0.008087954323566123,3,False,False
100000002748761100,terminal,0.6,24,0.1933,"1 входящих связей от 1 отправителей; 0 исходящих связей к 0 получателям; вход 796,800 KZT, выход 0 KZT",1,0,796800.0,0.0,0.00032352235081725233,0.0,3,False,False
100000008432942100,terminal,0.4609,0,0.0802,"1 входящих связей от 1 отправителей; 0 исходящих связей к 0 получателям; вход 44,542 KZT, выход 0 KZT",1,0,44542.0,0.0,0.00028807789818976597,0.0,3,False,False
100000004278574100,peripheral,0.35,10,0.2806,"1 входящих связей от 1 отправителей; 1 исходящих связей к 1 получателям; вход 25,000 KZT, выход 12,500 KZT",1,1,25000.0,12500.0,0.00028637952356914227,0.5,3,False,False
100000000926766100,peripheral,0.35,13,0.2396,"1 входящих связей от 1 отправителей; 1 исходящих связей к 1 получателям; вход 18,750 KZT, выход 6,000 KZT",1,1,18750.0,6000.0,0.00031794441854413795,0.32,3,False,False
100000008661550100,terminal,0.4254,22,0.055,"1 входящих связей от 1 отправителей; 0 исходящих связей к 0 получателям; вход 22,800 KZT, выход 0 KZT",1,0,22800.0,0.0,0.0002891278675826593,0.0,3,False,False
100000000783406100,terminal,0.3552,38,0.0049,"1 входящих связей от 1 отправителей; 0 исходящих связей к 0 получателям; вход 6,066 KZT, выход 0 KZT",1,0,6066.0,0.0,0.0002901959794883705,0.0,3,False,False
100000008730371100,consolidator,0.6799,0,0.4808,"2 входящих связей от 2 отправителей; 0 исходящих связей к 0 получателям; вход 520,000 KZT, выход 0 KZT",2,0,520000.0,0.0,0.0008583627263123951,0.0,3,False,False
100000002878467100,consolidator,0.6293,42,0.2466,"2 входящих связей от 2 отправителей; 0 исходящих связей к 0 получателям; вход 200,000 KZT, выход 0 KZT",2,0,200000.0,0.0,0.0003144036421217601,0.0,3,False,False
100000003171587100,peripheral,0.35,10,0.531,"2 входящих связей от 2 отправителей; 2 исходящих связей к 2 получателям; вход 700,000 KZT, выход 431,300 KZT",2,2,700000.0,431300.0,0.0003160184159302093,0.6161428571428571,3,False,False
100000002696152100,peripheral,0.35,53,0.5901,"1 входящих связей от 1 отправителей; 2 исходящих связей к 2 получателям; вход 21,800 KZT, выход 69,000 KZT",1,2,21800.0,69000.0,0.0012050605596790795,3.165137614678899,3,False,False
100000002109656100,terminal,0.5891,24,0.1803,"1 входящих связей от 1 отправителей; 0 исходящих связей к 0 получателям; вход 500,000 KZT, выход 0 KZT",1,0,500000.0,0.0,0.00030938521828855153,0.0,3,False,False
100000001317336100,peripheral,0.35,36,0.4914,"1 входящих связей от 1 отправителей; 2 исходящих связей к 2 получателям; вход 131,196 KZT, выход 1,752,000 KZT",1,2,131196.0,1752000.0,0.0003438491368028848,13.354065672733924,3,False,False
100000005222360100,coordinator,0.8097,40,0.5357,"1 входящих связей от 1 отправителей; 1 исходящих связей к 1 получателям; вход 5,000 KZT, выход 27,000 KZT",1,1,5000.0,27000.0,0.0006008605701429409,5.4,3,False,False
100000001445848100,peripheral,0.35,38,0.5621,"1 входящих связей от 1 отправителей; 1 исходящих связей к 1 получателям; вход 546,000 KZT, выход 351,850 KZT",1,1,546000.0,351850.0,0.0007020167320692274,0.6444139194139195,3,False,False
100000008720856100,peripheral,0.35,10,0.298,"1 входящих связей от 1 отправителей; 1 исходящих связей к 1 получателям; вход 18,105 KZT, выход 46,000 KZT",1,1,18105.0,46000.0,0.0003193262841057144,2.5407346037006353,3,False,False
100000002448088100,consolidator,0.8184,32,0.4687,"3 входящих связей от 3 отправителей; 1 исходящих связей к 1 получателям; вход 20,000 KZT, выход 25,000 KZT",3,1,20000.0,25000.0,0.0005086560796474189,1.25,3,False,False
100000003109805100,terminal,0.451,28,0.0743,"1 входящих связей от 1 отправителей; 0 исходящих связей к 0 получателям; вход 36,929 KZT, выход 0 KZT",1,0,36929.0,0.0,0.00029138188362469615,0.0,3,False,False
100000008223661100,distributor,0.9729,42,0.7037,"2 входящих связей от 2 отправителей; 5 исходящих связей к 5 получателям; вход 202,000 KZT, выход 262,580 KZT",2,5,202000.0,262580.0,0.0003146691750223816,1.29990099009901,3,False,False
100000004096559100,terminal,0.4628,2,0.3312,"1 входящих связей от 1 отправителей; 0 исходящих связей к 0 получателям; вход 46,200 KZT, выход 0 KZT",1,0,46200.0,0.0,0.0009765877187482832,0.0,3,False,False
100000002257794100,terminal,0.5267,34,0.3357,"1 входящих связей от 1 отправителей; 0 исходящих связей к 0 получателям; вход 154,000 KZT, выход 0 KZT",1,0,154000.0,0.0,0.0008606341011324336,0.0,3,False,False
100000003112578100,terminal,0.5044,24,0.1124,"1 входящих связей от 1 отправителей; 0 исходящих связей к 0 получателям; вход 101,080 KZT, выход 0 KZT",1,0,101080.0,0.0,0.0002903839214275364,0.0,3,False,False
100000007020162100,terminal,0.496,40,0.1135,"1 входящих связей от 1 отправителей; 0 исходящих связей к 0 получателям; вход 86,395 KZT, выход 0 KZT",1,0,86395.0,0.0,0.00030998898275319905,0.0,3,False,False
100000001934935100,terminal,0.513,0,0.1192,"1 входящих связей от 1 отправителей; 0 исходящих связей к 0 получателям; вход 118,935 KZT, выход 0 KZT",1,0,118935.0,0.0,0.0002922677094987416,0.0,3,False,False
100000002663511100,terminal,0.5562,0,0.1566,"1 входящих связей от 1 отправителей; 0 исходящих связей к 0 получателям; вход 268,940 KZT, выход 0 KZT",1,0,268940.0,0.0,0.00030941949939910455,0.0,3,False,False
100000003338583100,terminal,0.4229,34,0.0536,"1 входящих связей от 1 отправителей; 0 исходящих связей к 0 получателям; вход 21,765 KZT, выход 0 KZT",1,0,21765.0,0.0,0.00029016016283832456,0.0,3,False,False
100000002904919100,peripheral,0.35,0,0.3047,"1 входящих связей от 1 отправителей; 1 исходящих связей к 1 получателям; вход 60,325 KZT, выход 5,500 KZT",1,1,60325.0,5500.0,0.00029091905114297234,0.09117281392457521,3,False,False
100000005127767100,terminal,0.3628,19,0.0585,"1 входящих связей от 1 отправителей; 0 исходящих связей к 0 получателям; вход 7,000 KZT, выход 0 KZT",1,0,7000.0,0.0,0.00042253166627963126,0.0,3,False,False
100000004066647100,terminal,0.4681,43,0.0877,"1 входящих связей от 1 отправителей; 0 исходящих связей к 0 получателям; вход 51,000 KZT, выход 0 KZT",1,0,51000.0,0.0,0.0002942910761084235,0.0,3,False,False
100000002394199100,peripheral,0.35,2,0.6152,"1 входящих связей от 1 отправителей; 1 исходящих связей к 1 получателям; вход 277,398 KZT, выход 76,777 KZT",1,1,277398.0,76777.0,0.0029678523915121755,0.2767756076107254,3,False,False
100000003968044100,distributor,0.8302,1,0.41,"1 входящих связей от 1 отправителей; 3 исходящих связей к 3 получателям; вход 40,000 KZT, выход 311,000 KZT",1,3,40000.0,311000.0,0.00029600415505373623,7.775,3,False,False
100000001808684100,peripheral,0.35,2,0.539,"1 входящих связей от 1 отправителей; 1 исходящих связей к 1 получателям; вход 48,400 KZT, выход 37,700 KZT",1,1,48400.0,37700.0,0.001169095718365901,0.7789256198347108,3,False,False
100000008097580100,consolidator,0.5321,1,0.3076,"2 входящих связей от 2 отправителей; 0 исходящих связей к 0 получателям; вход 32,000 KZT, выход 0 KZT",2,0,32000.0,0.0,0.0006747919200885498,0.0,3,False,False
100000008687617100,terminal,0.4595,22,0.0807,"1 входящих связей от 1 отправителей; 0 исходящих связей к 0 получателям; вход 43,350 KZT, выход 0 KZT",1,0,43350.0,0.0,0.00029233526594486694,0.0,3,False,False
100000005667841100,consolidator,0.6254,42,0.243,"2 входящих связей от 2 отправителей; 0 исходящих связей к 0 получателям; вход 186,000 KZT, выход 0 KZT",2,0,186000.0,0.0,0.00031222556371948457,0.0,3,False,False
100000001329153100,terminal,0.5255,0,0.1289,"1 входящих связей от 1 отправителей; 0 исходящих связей к 0 получателям; вход 150,687 KZT, выход 0 KZT",1,0,150687.0,0.0,0.0002940559810926092,0.0,3,False,False
100000007689942100,peripheral,0.35,43,0.4916,"1 входящих связей от 1 отправителей; 2 исходящих связей к 2 получателям; вход 5,000 KZT, выход 25,000 KZT",1,2,5000.0,25000.0,0.0008925911171850267,5.0,3,False,False
100000006476758100,terminal,0.35,11,0.0835,"1 входящих связей от 1 отправителей; 0 исходящих связей к 0 получателям; вход 5,200 KZT, выход 0 KZT",1,0,5200.0,0.0,0.0005168074362570555,0.0,3,False,False
100000002184107100,terminal,0.3552,38,0.0049,"1 входящих связей от 1 отправителей; 0 исходящих связей к 0 получателям; вход 6,066 KZT, выход 0 KZT",1,0,6066.0,0.0,0.0002901959794883705,0.0,3,False,False
100000008663723100,terminal,0.4053,22,0.0401,"1 входящих связей от 1 отправителей; 0 исходящих связей к 0 получателям; вход 15,600 KZT, выход 0 KZT",1,0,15600.0,0.0,0.00028800410757254274,0.0,3,False,False
100000000254336100,consolidator,0.591,0,0.3887,"2 входящих связей от 2 отправителей; 1 исходящих связей к 1 получателям; вход 97,177 KZT, выход 60,000 KZT",2,1,97177.0,60000.0,0.00029193514276874746,0.6174300503205491,3,False,False
100000008750464100,terminal,0.3731,22,0.0166,"1 входящих связей от 1 отправителей; 0 исходящих связей к 0 получателям; вход 8,500 KZT, выход 0 KZT",1,0,8500.0,0.0,0.0002868959553403445,0.0,3,False,False
100000001530709100,terminal,0.4711,0,0.0877,"1 входящих связей от 1 отправителей; 0 исходящих связей к 0 получателям; вход 53,961 KZT, выход 0 KZT",1,0,53961.0,0.0,0.00028860837595943837,0.0,3,False,False
100000000656682100,transit,0.9403,0,0.4159,"1 входящих связей от 1 отправителей; 2 исходящих связей к 2 получателям; вход 71,000 KZT, выход 80,000 KZT",1,2,71000.0,80000.0,0.0002895680118780549,1.1267605633802817,3,False,False
100000008755754100,terminal,0.3628,24,0.0124,"1 входящих связей от 1 отправителей; 0 исходящих связей к 0 получателям; вход 7,000 KZT, выход 0 KZT",1,0,7000.0,0.0,0.00029589900207032836,0.0,3,False,False
100000002691583100,terminal,0.5594,14,0.1762,"1 входящих связей от 1 отправителей; 0 исходящих связей к 0 получателям; вход 285,200 KZT, выход 0 KZT",1,0,285200.0,0.0,0.00035708956201916146,0.0,3,False,False
100000005241556100,terminal,0.5038,35,0.206,"1 входящих связей от 1 отправителей; 0 исходящих связей к 0 получателям; вход 100,000 KZT, выход 0 KZT",1,0,100000.0,0.0,0.0005490718879795881,0.0,3,False,False
100000004713684100,terminal,0.4518,0,0.0735,"1 входящих связей от 1 отправителей; 0 исходящих связей к 0 получателям; вход 37,500 KZT, выход 0 KZT",1,0,37500.0,0.0,0.00028768129298177857,0.0,3,False,False
100000006919124100,terminal,0.4303,0,0.0578,"1 входящих связей от 1 отправителей; 0 исходящих связей к 0 получателям; вход 25,000 KZT, выход 0 KZT",1,0,25000.0,0.0,0.00028697729339361577,0.0,3,False,False
100000003006633100,terminal,0.3817,38,0.0251,"1 входящих связей от 1 отправителей; 0 исходящих связей к 0 получателям; вход 10,000 KZT, выход 0 KZT",1,0,10000.0,0.0,0.00029319653666879086,0.0,3,False,False
100000008306857100,terminal,0.5156,24,0.1209,"1 входящих связей от 1 отправителей; 0 исходящих связей к 0 получателям; вход 125,000 KZT, выход 0 KZT",1,0,125000.0,0.0,0.00029152327523510556,0.0,3,False,False
100000003671721100,terminal,0.35,18,0.0988,"1 входящих связей от 1 отправителей; 0 исходящих связей к 0 получателям; вход 5,000 KZT, выход 0 KZT",1,0,5000.0,0.0,0.0005587421555235828,0.0,3,False,False
100000002613929100,terminal,0.4373,5,0.2424,"1 входящих связей от 1 отправителей; 0 исходящих связей к 0 получателям; вход 28,560 KZT, выход 0 KZT",1,0,28560.0,0.0,0.0007809340979896397,0.0,3,False,False
100000008669310100,terminal,0.4763,0,0.0916,"1 входящих связей от 1 отправителей; 0 исходящих связей к 0 получателям; вход 59,567 KZT, выход 0 KZT",1,0,59567.0,0.0,0.00028892410569473766,0.0,3,False,False
100000006573438100,terminal,0.35,66,0.0044,"1 входящих связей от 1 отправителей; 0 исходящих связей к 0 получателям; вход 5,000 KZT, выход 0 KZT",1,0,5000.0,0.0,0.00029908687990621625,0.0,3,False,False
100000006165886100,consolidator,0.625,0,0.3878,"2 входящих связей от 2 отправителей; 1 исходящих связей к 1 получателям; вход 184,481 KZT, выход 75,000 KZT",2,1,184481.0,75000.0,0.00029856163893927776,0.4065459315593476,3,False,False
100000008491390100,terminal,0.4496,0,0.0719,"1 входящих связей от 1 отправителей; 0 исходящих связей к 0 получателям; вход 36,000 KZT, выход 0 KZT",1,0,36000.0,0.0,0.00028759681303119905,0.0,3,False,False
100000005186131100,transit,1.0,0,0.2426,"1 входящих связей от 1 отправителей; 1 исходящих связей к 1 получателям; вход 10,000 KZT, выход 10,000 KZT",1,1,10000.0,10000.0,0.00028613249388782043,1.0,3,False,False
100000001550419100,terminal,0.4259,40,0.0564,"1 входящих связей от 1 отправителей; 0 исходящих связей к 0 получателям; вход 23,000 KZT, выход 0 KZT",1,0,23000.0,0.0,0.00029207028196340864,0.0,3,False,False
100000004979283100,terminal,0.4554,18,0.0808,"1 входящих связей от 1 отправителей; 0 исходящих связей к 0 получателям; вход 40,132 KZT, выход 0 KZT",1,0,40132.0,0.0,0.00030052176499501573,0.0,3,False,False
100000002537811100,peripheral,0.35,11,0.5726,"1 входящих связей от 1 отправителей; 1 исходящих связей к 1 получателям; вход 52,000 KZT, выход 15,000 KZT",1,1,52000.0,15000.0,0.001231377724947645,0.28846153846153844,3,False,False
100000002990675100,terminal,0.4682,10,0.0852,"1 входящих связей от 1 отправителей; 0 исходящих связей к 0 получателям; вход 51,143 KZT, выход 0 KZT",1,0,51143.0,0.0,0.000287226796606961,0.0,3,False,False
100000008763688100,terminal,0.421,22,0.0518,"1 входящих связей от 1 отправителей; 0 исходящих связей к 0 получателям; вход 21,000 KZT, выход 0 KZT",1,0,21000.0,0.0,0.00028884692758013016,0.0,3,False,False
100000002809896100,terminal,0.4525,18,0.0784,"1 входящих связей от 1 отправителей; 0 исходящих связей к 0 получателям; вход 38,000 KZT, выход 0 KZT",1,0,38000.0,0.0,0.0002997274196422272,0.0,3,False,False
100000008716072100,terminal,0.3918,22,0.0302,"1 входящих связей от 1 отправителей; 0 исходящих связей к 0 получателям; вход 12,100 KZT, выход 0 KZT",1,0,12100.0,0.0,0.00028745783534540274,0.0,3,False,False
100000001279272100,coordinator,0.6605,0,0.6349,"1 входящих связей от 1 отправителей; 2 исходящих связей к 2 получателям; вход 250,000 KZT, выход 136,758 KZT",1,2,250000.0,136758.0,0.00030773985752305947,0.547032,3,False,False
100000001714173100,terminal,0.6,35,0.2831,"1 входящих связей от 1 отправителей; 0 исходящих связей к 0 получателям; вход 638,905 KZT, выход 0 KZT",1,0,638905.0,0.0,0.0005706777097822553,0.0,3,False,False
100000008729597100,terminal,0.494,1,0.1093,"1 входящих связей от 1 отправителей; 0 исходящих связей к 0 получателям; вход 83,090 KZT, выход 0 KZT",1,0,83090.0,0.0,0.0003024747023657878,0.0,3,False,False
100000002255058100,terminal,0.5882,3,0.2221,"1 входящих связей от 1 отправителей; 0 исходящих связей к 0 получателям; вход 491,500 KZT, выход 0 KZT",1,0,491500.0,0.0,0.00042612867221805017,0.0,3,False,False
100000006111442100,terminal,0.4801,42,0.0968,"1 входящих связей от 1 отправителей; 0 исходящих связей к 0 получателям; вход 64,000 KZT, выход 0 KZT",1,0,64000.0,0.0,0.00029552622405626405,0.0,3,False,False
100000008686247100,peripheral,0.35,21,0.2417,"1 входящих связей от 1 отправителей; 1 исходящих связей к 1 получателям; вход 22,000 KZT, выход 5,000 KZT",1,1,22000.0,5000.0,0.00031367376777992426,0.22727272727272727,3,False,False
100000001893287100,peripheral,0.35,2,0.3904,"1 входящих связей от 1 отправителей; 1 исходящих связей к 1 получателям; вход 18,000 KZT, выход 152,700 KZT",1,1,18000.0,152700.0,0.0006184515295005443,8.483333333333333,3,False,False
100000005172860100,terminal,0.4039,0,0.0406,"1 входящих связей от 1 отправителей; 0 исходящих связей к 0 получателям; вход 15,209 KZT, выход 0 KZT",1,0,15209.2,0.0,0.00029179582395841194,0.0,3,False,False
100000001788284100,distributor,0.9761,13,0.4537,"1 входящих связей от 1 отправителей; 5 исходящих связей к 5 получателям; вход 8,000 KZT, выход 296,700 KZT",1,5,8000.0,296700.0,0.00029938268059674525,37.0875,3,False,False
100000008755580100,terminal,0.4066,22,0.0411,"1 входящих связей от 1 отправителей; 0 исходящих связей к 0 получателям; вход 16,000 KZT, выход 0 KZT",1,0,16000.0,0.0,0.00028806653868421585,0.0,3,False,False
100000003896956100,peripheral,0.35,16,0.2564,"1 входящих связей от 1 отправителей; 1 исходящих связей к 1 получателям; вход 10,000 KZT, выход 27,000 KZT",1,1,10000.0,27000.0,0.0002885646095495058,2.7,3,False,False
100000002475601100,terminal,0.5485,1,0.1484,"1 входящих связей от 1 отправителей; 0 исходящих связей к 0 получателям; вход 232,301 KZT, выход 0 KZT",1,0,232301.0,0.0,0.00030211439246599533,0.0,3,False,False
100000008619857100,peripheral,0.35,0,0.2938,"1 входящих связей от 1 отправителей; 2 исходящих связей к 2 получателям; вход 29,000 KZT, выход 13,000 KZT",1,2,29000.0,13000.0,0.0002872025732618279,0.4482758620689655,3,False,False
100000001373265100,peripheral,0.35,1,0.3448,"1 входящих связей от 1 отправителей; 1 исходящих связей к 1 получателям; вход 142,482 KZT, выход 5,000 KZT",1,1,142482.0,5000.0,0.00031455853917834725,0.0350921519911287,3,False,False
100000004185681100,terminal,0.3817,3,0.1131,"1 входящих связей от 1 отправителей; 0 исходящих связей к 0 получателям; вход 10,000 KZT, выход 0 KZT",1,0,10000.0,0.0,0.000535296205282201,0.0,3,False,False
100000003031633100,terminal,0.5791,5,0.175,"1 входящих связей от 1 отправителей; 0 исходящих связей к 0 получателям; вход 414,000 KZT, выход 0 KZT",1,0,414000.0,0.0,0.0003146261273194669,0.0,3,False,False
100000002632742100,consolidator,0.6379,42,0.254,"2 входящих связей от 2 отправителей; 0 исходящих связей к 0 получателям; вход 235,500 KZT, выход 0 KZT",2,0,235500.0,0.0,0.0003175643151957884,0.0,3,False,False
100000005847078100,terminal,0.4076,22,0.0419,"1 входящих связей от 1 отправителей; 0 исходящих связей к 0 получателям; вход 16,300 KZT, выход 0 KZT",1,0,16300.0,0.0,0.0002881133620179708,0.0,3,False,False
100000002807334100,terminal,0.4718,10,0.0878,"1 входящих связей от 1 отправителей; 0 исходящих связей к 0 получателям; вход 54,715 KZT, выход 0 KZT",1,0,54715.0,0.0,0.00028734256217675366,0.0,3,False,False
100000008748795100,terminal,0.4638,0,0.0824,"1 входящих связей от 1 отправителей; 0 исходящих связей к 0 получателям; вход 47,057 KZT, выход 0 KZT",1,0,47057.0,0.0,0.0002882195429069043,0.0,3,False,False
100000003899899100,consolidator,0.634,16,0.5278,"2 входящих связей от 2 отправителей; 1 исходящих связей к 1 получателям; вход 218,500 KZT, выход 10,000 KZT",2,1,218500.0,10000.0,0.0006539846029635851,0.04576659038901602,3,False,False
100000002308091100,terminal,0.5369,24,0.2342,"1 входящих связей от 1 отправителей; 0 исходящих связей к 0 получателям; вход 186,720 KZT, выход 0 KZT",1,0,186720.0,0.0,0.000561106872834332,0.0,3,False,False
100000008680912100,peripheral,0.35,0,0.3521,"1 входящих связей от 1 отправителей; 1 исходящих связей к 1 получателям; вход 45,112 KZT, выход 5,991 KZT",1,1,45112.0,5990.85,0.000535175712479058,0.13279947685759888,3,False,False
100000008742053100,distributor,1.0,24,0.5164,"1 входящих связей от 1 отправителей; 12 исходящих связей к 12 получателям; вход 10,000 KZT, выход 2,789,000 KZT",1,12,10000.0,2789000.0,0.00028627115008932345,278.9,3,False,False
100000008473765100,terminal,0.4399,1,0.0664,"1 входящих связей от 1 отправителей; 0 исходящих связей к 0 получателям; вход 30,000 KZT, выход 0 KZT",1,0,30000.0,0.0,0.00029167306415897907,0.0,3,False,False
100000007472293100,distributor,0.833,60,0.3742,"1 входящих связей от 1 отправителей; 3 исходящих связей к 3 получателям; вход 5,000 KZT, выход 345,900 KZT",1,3,5000.0,345900.0,0.0002863329149575189,69.18,3,False,False
100000008753061100,terminal,0.437,22,0.0637,"1 входящих связей от 1 отправителей; 0 исходящих связей к 0 получателям; вход 28,400 KZT, выход 0 KZT",1,0,28400.0,0.0,0.0002900019031460833,0.0,3,False,False
100000008501413100,transit,0.9901,53,0.243,"1 входящих связей от 1 отправителей; 1 исходящих связей к 1 получателям; вход 5,000 KZT, выход 5,100 KZT",1,1,5000.0,5100.0,0.00036664528360685694,1.02,3,False,False
100000002748581100,terminal,0.4567,40,0.0806,"1 входящих связей от 1 отправителей; 0 исходящих связей к 0 получателям; вход 41,180 KZT, выход 0 KZT",1,0,41180.0,0.0,0.0002972088887992536,0.0,3,False,False
100000001384826100,peripheral,0.35,10,0.3836,"1 входящих связей от 1 отправителей; 1 исходящих связей к 1 получателям; вход 364,260 KZT, выход 10,000 KZT",1,1,364260.0,10000.0,0.0002973746599655157,0.027452918245209467,3,False,False
100000004099450100,terminal,0.4417,0,0.0693,"1 входящих связей от 1 отправителей; 0 исходящих связей к 0 получателям; вход 31,000 KZT, выход 0 KZT",1,0,31000.0,0.0,0.0002961658639475312,0.0,3,False,False
100000002926970100,terminal,0.4952,18,0.1155,"1 входящих связей от 1 отправителей; 0 исходящих связей к 0 получателям; вход 85,000 KZT, выход 0 KZT",1,0,85000.0,0.0,0.0003172387852993861,0.0,3,False,False
100000002753146100,terminal,0.6,24,0.1934,"1 входящих связей от 1 отправителей; 0 исходящих связей к 0 получателям; вход 803,540 KZT, выход 0 KZT",1,0,803540.0,0.0,0.0003238433894737329,0.0,3,False,False
100000003943247100,terminal,0.4552,0,0.076,"1 входящих связей от 1 отправителей; 0 исходящих связей к 0 получателям; вход 40,000 KZT, выход 0 KZT",1,0,40000.0,0.0,0.0002878220928994111,0.0,3,False,False
100000002872399100,terminal,0.6,2,0.3322,"1 входящих связей от 1 отправителей; 0 исходящих связей к 0 получателям; вход 1,090,000 KZT, выход 0 KZT",1,0,1090000.0,0.0,0.0007057669186571349,0.0,3,False,False
100000008417359100,peripheral,0.35,28,0.3371,"1 входящих связей от 1 отправителей; 2 исходящих связей к 2 получателям; вход 40,810 KZT, выход 110,760 KZT",1,2,40810.0,110760.0,0.0002919927493261812,2.714040676304827,3,False,False
100000002614095100,terminal,0.35,22,0.0,"1 входящих связей от 1 отправителей; 0 исходящих связей к 0 получателям; вход 5,300 KZT, выход 0 KZT",1,0,5300.0,0.0,0.00028639650644695936,0.0,3,False,False
100000004717647100,distributor,1.0,51,0.8797,"1 входящих связей от 1 отправителей; 5 исходящих связей к 5 получателям; вход 300,000 KZT, выход 2,240,000 KZT",1,5,300000.0,2240000.0,0.0010233609552644468,7.466666666666667,3,False,False
100000008537380100,terminal,0.3699,22,0.0143,"1 входящих связей от 1 отправителей; 0 исходящих связей к 0 получателям; вход 8,000 KZT, выход 0 KZT",1,0,8000.0,0.0,0.00028681791645075304,0.0,3,False,False
100000001534244100,consolidator,0.6613,5,0.4574,"2 входящих связей от 2 отправителей; 1 исходящих связей к 1 получателям; вход 366,000 KZT, выход 45,000 KZT",2,1,366000.0,45000.0,0.00034150708804052356,0.12295081967213115,3,False,False
100000008767950100,terminal,0.4109,22,0.0443,"1 входящих связей от 1 отправителей; 0 исходящих связей к 0 получателям; вход 17,350 KZT, выход 0 KZT",1,0,17350.0,0.0,0.0002882772436861127,0.0,3,False,False
100000004613582100,peripheral,0.35,2,0.2852,"1 входящих связей от 1 отправителей; 1 исходящих связей к 1 получателям; вход 5,000 KZT, выход 9,500 KZT",1,1,5000.0,9500.0,0.0005534434661680602,1.9,3,False,False
100000008121806100,distributor,0.9054,1,0.6383,"1 входящих связей от 1 отправителей; 4 исходящих связей к 4 получателям; вход 67,000 KZT, выход 248,509 KZT",1,4,67000.0,248509.0,0.00030036879713769664,3.709089552238806,3,False,False
100000002369443100,terminal,0.467,22,0.0866,"1 входящих связей от 1 отправителей; 0 исходящих связей к 0 получателям; вход 50,000 KZT, выход 0 KZT",1,0,50000.0,0.0,0.000293373183176433,0.0,3,False,False
100000008655779100,peripheral,0.35,15,0.4039,"1 входящих связей от 1 отправителей; 2 исходящих связей к 2 получателям; вход 47,000 KZT, выход 24,704 KZT",1,2,47000.0,24704.0,0.00039705232861292724,0.5256170212765957,3,False,False
100000008561016100,transit,0.9863,5,0.3998,"1 входящих связей от 1 отправителей; 1 исходящих связей к 1 получателям; вход 180,000 KZT, выход 185,000 KZT",1,1,180000.0,185000.0,0.00029484284060031247,1.0277777777777777,3,False,False
100000002727288100,terminal,0.4066,4,0.0695,"1 входящих связей от 1 отправителей; 0 исходящих связей к 0 получателям; вход 16,000 KZT, выход 0 KZT",1,0,16000.0,0.0,0.0003661692337362445,0.0,3,False,False
100000001270349100,terminal,0.5405,48,0.162,"1 входящих связей от 1 отправителей; 0 исходящих связей к 0 получателям; вход 200,000 KZT, выход 0 KZT",1,0,200000.0,0.0,0.0003553003383239642,0.0,3,False,False
100000004722765100,distributor,0.8529,57,0.6564,"1 входящих связей от 1 отправителей; 3 исходящих связей к 3 получателям; вход 230,000 KZT, выход 2,284,500 KZT",1,3,230000.0,2284500.0,0.0005815882668655397,9.932608695652174,3,False,False
100000001677389100,peripheral,0.35,28,0.2386,"1 входящих связей от 1 отправителей; 1 исходящих связей к 1 получателям; вход 11,000 KZT, выход 5,400 KZT",1,1,11000.0,5400.0,0.000288630969544677,0.4909090909090909,3,False,False
100000005857058100,consolidator,0.8921,0,0.3097,"3 входящих связей от 3 отправителей; 0 исходящих связей к 0 получателям; вход 80,222 KZT, выход 0 KZT",3,0,80222.0,0.0,0.0003899337552291787,0.0,3,False,False
100000008760098100,peripheral,0.35,35,0.2489,"1 входящих связей от 1 отправителей; 1 исходящих связей к 1 получателям; вход 7,000 KZT, выход 390,000 KZT",1,1,7000.0,390000.0,0.0002866383632536104,55.714285714285715,3,False,False
100000002838519100,terminal,0.4636,40,0.0861,"1 входящих связей от 1 отправителей; 0 исходящих связей к 0 получателям; вход 46,900 KZT, выход 0 KZT",1,0,46900.0,0.0,0.0002988256561865491,0.0,3,False,False
100000002597623100,terminal,0.408,0,0.0417,"1 входящих связей от 1 отправителей; 0 исходящих связей к 0 получателям; вход 16,418 KZT, выход 0 KZT",1,0,16418.0,0.0,0.0002864939554363667,0.0,3,False,False
100000003635660100,terminal,0.4157,0,0.0486,"1 входящих связей от 1 отправителей; 0 исходящих связей к 0 получателям; вход 18,985 KZT, выход 0 KZT",1,0,18985.0,0.0,0.00029052194004178835,0.0,3,False,False
100000008676812100,terminal,0.5481,43,0.2103,"1 входящих связей от 1 отправителей; 0 исходящих связей к 0 получателям; вход 230,800 KZT, выход 0 KZT",1,0,230800.0,0.0,0.00047313415798955915,0.0,3,False,False
100000003213473100,distributor,0.9706,0,0.5813,"1 входящих связей от 1 отправителей; 11 исходящих связей к 11 получателям; вход 57,500 KZT, выход 240,000 KZT",1,11,57500.0,240000.0,0.00028880769232283906,4.173913043478261,3,False,False
100000003071649100,terminal,0.5377,5,0.1381,"1 входящих связей от 1 отправителей; 0 исходящих связей к 0 получателям; вход 189,500 KZT, выход 0 KZT",1,0,189500.0,0.0,0.0002953322777705275,0.0,3,False,False
100000002433697100,transit,0.9165,10,0.3734,"1 входящих связей от 1 отправителей; 1 исходящих связей к 1 получателям; вход 130,000 KZT, выход 110,000 KZT",1,1,130000.0,110000.0,0.000289782486846921,0.8461538461538461,3,False,False
100000008612257100,terminal,0.379,28,0.0212,"1 входящих связей от 1 отправителей; 0 исходящих связей к 0 получателям; вход 9,500 KZT, выход 0 KZT",1,0,9500.0,0.0,0.00028786387694202726,0.0,3,False,False
100000002736033100,peripheral,0.35,28,0.2941,"1 входящих связей от 1 отправителей; 1 исходящих связей к 1 получателям; вход 34,530 KZT, выход 11,000 KZT",1,1,34530.0,11000.0,0.0002951801714040782,0.3185635679119606,3,False,False
100000008687990100,terminal,0.4117,22,0.0449,"1 входящих связей от 1 отправителей; 0 исходящих связей к 0 получателям; вход 17,600 KZT, выход 0 KZT",1,0,17600.0,0.0,0.00028831626313090844,0.0,3,False,False
100000008776310100,terminal,0.4163,22,0.0483,"1 входящих связей от 1 отправителей; 0 исходящих связей к 0 получателям; вход 19,200 KZT, выход 0 KZT",1,0,19200.0,0.0,0.000288565987577601,0.0,3,False,False
100000007267915100,consolidator,0.5098,28,0.2748,"2 входящих связей от 2 отправителей; 1 исходящих связей к 1 получателям; вход 21,000 KZT, выход 10,000 KZT",2,1,21000.0,10000.0,0.0002913946069790751,0.47619047619047616,3,False,False
100000004217419100,consolidator,0.6014,1,0.4755,"2 входящих связей от 2 отправителей; 1 исходящих связей к 1 получателям; вход 118,200 KZT, выход 7,700 KZT",2,1,118200.0,7700.0,0.000584182953023545,0.06514382402707276,3,False,False
100000002773323100,consolidator,0.648,42,0.4791,"2 входящих связей от 2 отправителей; 1 исходящих связей к 1 получателям; вход 285,000 KZT, выход 1,171,644 KZT",2,1,285000.0,1171644.0,0.0003254977886002247,4.111031578947369,3,False,False
100000002528544100,terminal,0.5386,1,0.1403,"1 входящих связей от 1 отправителей; 0 исходящих связей к 0 получателям; вход 192,912 KZT, выход 0 KZT",1,0,192912.0,0.0,0.00029930900258425463,0.0,3,False,False
100000003760160100,terminal,0.5061,10,0.1131,"1 входящих связей от 1 отправителей; 0 исходящих связей к 0 получателям; вход 104,470 KZT, выход 0 KZT",1,0,104470.0,0.0,0.00028895508063280965,0.0,3,False,False
100000000640800100,distributor,0.9244,1,0.6559,"1 входящих связей от 1 отправителей; 4 исходящих связей к 4 получателям; вход 80,000 KZT, выход 518,135 KZT",1,4,80000.0,518135.0,0.0003032403424804621,6.4766875,3,False,False
100000008238112100,terminal,0.5378,10,0.1369,"1 входящих связей от 1 отправителей; 0 исходящих связей к 0 получателям; вход 190,000 KZT, выход 0 KZT",1,0,190000.0,0.0,0.000291727037291366,0.0,3,False,False
100000008751349100,terminal,0.3897,14,0.0291,"1 входящих связей от 1 отправителей; 0 исходящих связей к 0 получателям; вход 11,630 KZT, выход 0 KZT",1,0,11630.0,0.0,0.00028848577638606915,0.0,3,False,False
100000002963189100,distributor,1.0,40,0.706,"1 входящих связей от 1 отправителей; 7 исходящих связей к 7 получателям; вход 490,000 KZT, выход 5,219,000 KZT",1,7,490000.0,5219000.0,0.0004240685983737267,10.651020408163266,3,False,False
100000008548853100,terminal,0.3995,22,0.0359,"1 входящих связей от 1 отправителей; 0 исходящих связей к 0 получателям; вход 14,000 KZT, выход 0 KZT",1,0,14000.0,0.0,0.0002877543831258502,0.0,3,False,False
100000003164661100,terminal,0.5985,27,0.2929,"1 входящих связей от 1 отправителей; 0 исходящих связей к 0 получателям; вход 596,200 KZT, выход 0 KZT",1,0,596200.0,0.0,0.0006007384807220591,0.0,3,False,False
100000000791285100,distributor,0.8493,14,0.6548,"1 входящих связей от 1 отправителей; 3 исходящих связей к 3 получателям; вход 1,120,000 KZT, выход 650,000 KZT",1,3,1120000.0,650000.0,0.0005664343010128576,0.5803571428571429,3,False,False
100000003192309100,peripheral,0.35,22,0.2753,"1 входящих связей от 1 отправителей; 1 исходящих связей к 1 получателям; вход 17,200 KZT, выход 213,000 KZT",1,1,17200.0,213000.0,0.00028825383201923533,12.383720930232558,3,False,False
100000002891765100,terminal,0.4726,40,0.0935,"1 входящих связей от 1 отправителей; 0 исходящих связей к 0 получателям; вход 55,576 KZT, выход 0 KZT",1,0,55576.0,0.0,0.0003012779418250415,0.0,3,False,False
100000001740277100,peripheral,0.35,2,0.2267,"1 входящих связей от 1 отправителей; 1 исходящих связей к 1 получателям; вход 8,700 KZT, выход 5,000 KZT",1,1,8700.0,5000.0,0.00036969341532294166,0.5747126436781609,3,False,False
100000002232266100,terminal,0.4614,1,0.083,"1 входящих связей от 1 отправителей; 0 исходящих связей к 0 получателям; вход 45,000 KZT, выход 0 KZT",1,0,45000.0,0.0,0.00029472494912982346,0.0,3,False,False
100000006701983100,terminal,0.4344,22,0.0617,"1 входящих связей от 1 отправителей; 0 исходящих связей к 0 получателям; вход 27,000 KZT, выход 0 KZT",1,0,27000.0,0.0,0.00028978339425522726,0.0,3,False,False
100000002871199100,terminal,0.4263,40,0.0568,"1 входящих связей от 1 отправителей; 0 исходящих связей к 0 получателям; вход 23,186 KZT, выход 0 KZT",1,0,23186.0,0.0,0.00029212285516865986,0.0,3,False,False
100000002757791100,terminal,0.4871,48,0.1075,"1 входящих связей от 1 отправителей; 0 исходящих связей к 0 получателям; вход 73,050 KZT, выход 0 KZT",1,0,73050.0,0.0,0.00031103855807725284,0.0,3,False,False
100000000572276100,peripheral,0.35,22,0.2404,"1 входящих связей от 1 отправителей; 1 исходящих связей к 1 получателям; вход 13,075 KZT, выход 34,547 KZT",1,1,13075.0,34547.0,0.00028761001118010604,2.6422179732313578,3,False,False
100000001853812100,terminal,0.4849,1,0.1018,"1 входящих связей от 1 отправителей; 0 исходящих связей к 0 получателям; вход 70,000 KZT, выход 0 KZT",1,0,70000.0,0.0,0.0002998114240812309,0.0,3,False,False
100000004726132100,peripheral,0.35,0,0.4006,"1 входящих связей от 1 отправителей; 1 исходящих связей к 1 получателям; вход 349,000 KZT, выход 24,000 KZT",1,1,349000.0,24000.0,0.00031651940059214406,0.06876790830945559,3,False,False
100000001785161100,consolidator,0.5287,33,0.1803,"2 входящих связей от 2 отправителей; 0 исходящих связей к 0 получателям; вход 30,000 KZT, выход 0 KZT",2,0,30000.0,0.0,0.0003312208709043073,0.0,3,False,False
100000002612809100,distributor,0.8043,26,0.4052,"1 входящих связей от 1 отправителей; 3 исходящих связей к 3 получателям; вход 30,000 KZT, выход 114,000 KZT",1,3,30000.0,114000.0,0.00042829267239375183,3.8,3,False,False
100000008769097100,terminal,0.4419,22,0.0674,"1 входящих связей от 1 отправителей; 0 исходящих связей к 0 получателям; вход 31,100 KZT, выход 0 KZT",1,0,31100.0,0.0,0.000290423313149877,0.0,3,False,False
100000004488265100,terminal,0.4535,1,0.0769,"1 входящих связей от 1 отправителей; 0 исходящих связей к 0 получателям; вход 38,740 KZT, выход 0 KZT",1,0,38740.0,0.0,0.0002934512958019911,0.0,3,False,False
100000002509598100,terminal,0.563,24,0.1581,"1 входящих связей от 1 отправителей; 0 исходящих связей к 0 получателям; вход 305,550 KZT, выход 0 KZT",1,0,305550.0,0.0,0.00030012320541723803,0.0,3,False,False
100000008706846100,terminal,0.4003,22,0.0365,"1 входящих связей от 1 отправителей; 0 исходящих связей к 0 получателям; вход 14,200 KZT, выход 0 KZT",1,0,14200.0,0.0,0.00028778559868168673,0.0,3,False,False
100000001280798100,terminal,0.4276,18,0.0586,"1 входящих связей от 1 отправителей; 0 исходящих связей к 0 получателям; вход 23,785 KZT, выход 0 KZT",1,0,23785.0,0.0,0.00029443116298655665,0.0,3,False,False
100000006664478100,transit,0.9565,48,0.4604,"1 входящих связей от 1 отправителей; 2 исходящих связей к 2 получателям; вход 55,000 KZT, выход 60,000 KZT",1,2,55000.0,60000.0,0.0006168426303113105,1.0909090909090908,3,False,False
100000003781406100,terminal,0.4614,8,0.2387,"1 входящих связей от 1 отправителей; 0 исходящих связей к 0 получателям; вход 45,000 KZT, выход 0 KZT",1,0,45000.0,0.0,0.0007228806641155297,0.0,3,False,False
100000008708595100,terminal,0.4105,22,0.044,"1 входящих связей от 1 отправителей; 0 исходящих связей к 0 получателям; вход 17,200 KZT, выход 0 KZT",1,0,17200.0,0.0,0.00028825383201923533,0.0,3,False,False
100000004611571100,terminal,0.4248,0,0.0539,"1 входящих связей от 1 отправителей; 0 исходящих связей к 0 получателям; вход 22,550 KZT, выход 0 KZT",1,0,22550.0,0.0,0.0002868393094743359,0.0,3,False,False
100000008576243100,consolidator,0.5826,0,0.453,"2 входящих связей от 2 отправителей; 0 исходящих связей к 0 получателям; вход 82,920 KZT, выход 0 KZT",2,0,82920.0,0.0,0.0016515737888683456,0.0,3,False,False
100000008662216100,terminal,0.4328,22,0.0605,"1 входящих связей от 1 отправителей; 0 исходящих связей к 0 получателям; вход 26,200 KZT, выход 0 KZT",1,0,26200.0,0.0,0.000289658532031881,0.0,3,False,False
100000002681544100,consolidator,0.6194,2,0.2472,"2 входящих связей от 2 отправителей; 0 исходящих связей к 0 получателям; вход 166,072 KZT, выход 0 KZT",2,0,166072.0,0.0,0.00033571724351569586,0.0,3,False,False
100000007864477100,distributor,0.9663,0,0.499,"2 входящих связей от 2 отправителей; 6 исходящих связей к 6 получателям; вход 76,000 KZT, выход 203,500 KZT",2,6,76000.0,203500.0,0.00030477469496319144,2.6776315789473686,3,False,False
100000004746397100,peripheral,0.35,10,0.3273,"1 входящих связей от 1 отправителей; 1 исходящих связей к 1 получателям; вход 219,520 KZT, выход 7,500 KZT",1,1,219520.0,7500.0,0.00029268375611003295,0.03416545189504373,3,False,False
100000003814002100,terminal,0.4399,10,0.0648,"1 входящих связей от 1 отправителей; 0 исходящих связей к 0 получателям; вход 30,000 KZT, выход 0 KZT",1,0,30000.0,0.0,0.00028654156943951265,0.0,3,False,False
100000003962994100,terminal,0.3817,19,0.0934,"1 входящих связей от 1 отправителей; 0 исходящих связей к 0 получателям; вход 10,000 KZT, выход 0 KZT",1,0,10000.0,0.0,0.00048122982573492034,0.0,3,False,False
100000003366471100,consolidator,0.6558,1,0.4457,"2 входящих связей от 2 отправителей; 1 исходящих связей к 1 получателям; вход 329,789 KZT, выход 20,000 KZT",2,1,329789.0,20000.0,0.00036049115115409467,0.0606448365470043,3,False,False
100000003561031100,peripheral,0.35,1,0.2447,"1 входящих связей от 1 отправителей; 1 исходящих связей к 1 получателям; вход 13,300 KZT, выход 5,000 KZT",1,1,13300.0,5000.0,0.00028827529889143894,0.37593984962406013,3,False,False
100000001690439100,terminal,0.4003,10,0.1053,"1 входящих связей от 1 отправителей; 0 исходящих связей к 0 получателям; вход 14,200 KZT, выход 0 KZT",1,0,14200.0,0.0,0.00047706727238734246,0.0,3,False,False
100000002954780100,terminal,0.5191,5,0.1237,"1 входящих связей от 1 отправителей; 0 исходящих связей к 0 получателям; вход 133,400 KZT, выход 0 KZT",1,0,133400.0,0.0,0.0002924420224811522,0.0,3,False,False
100000008720668100,terminal,0.4066,22,0.0411,"1 входящих связей от 1 отправителей; 0 исходящих связей к 0 получателям; вход 16,000 KZT, выход 0 KZT",1,0,16000.0,0.0,0.00028806653868421585,0.0,3,False,False
100000002459164100,terminal,0.4184,0,0.1419,"1 входящих связей от 1 отправителей; 0 исходящих связей к 0 получателям; вход 20,000 KZT, выход 0 KZT",1,0,20000.0,0.0,0.0005418286835835163,0.0,3,False,False
100000005082652100,terminal,0.4399,2,0.1087,"1 входящих связей от 1 отправителей; 0 исходящих связей к 0 получателям; вход 30,000 KZT, выход 0 KZT",1,0,30000.0,0.0,0.00040800365167801807,0.0,3,False,False
100000005041905100,peripheral,0.35,22,0.2458,"1 входящих связей от 1 отправителей; 1 исходящих связей к 1 получателям; вход 5,000 KZT, выход 1,080,351 KZT",1,1,5000.0,1080351.0,0.00028634968311320444,216.0702,3,False,False
100000008653041100,terminal,0.4363,22,0.0632,"1 входящих связей от 1 отправителей; 0 исходящих связей к 0 получателям; вход 28,000 KZT, выход 0 KZT",1,0,28000.0,0.0,0.00028993947203441017,0.0,3,False,False
100000008722417100,distributor,0.852,10,0.5652,"1 входящих связей от 1 отправителей; 3 исходящих связей к 3 получателям; вход 331,900 KZT, выход 720,000 KZT",1,3,331900.0,720000.0,0.0002963258990924784,2.16932811087677,3,False,False
100000008625905100,peripheral,0.35,45,0.5775,"1 входящих связей от 1 отправителей; 2 исходящих связей к 2 получателям; вход 197,800 KZT, выход 635,000 KZT",1,2,197800.0,635000.0,0.0005453128171044582,3.210313447927199,3,False,False
100000007487729100,terminal,0.4303,0,0.0604,"1 входящих связей от 1 отправителей; 0 исходящих связей к 0 получателям; вход 25,000 KZT, выход 0 KZT",1,0,25000.0,0.0,0.0002941149149674846,0.0,3,False,False
100000000838385100,peripheral,0.35,15,0.7178,"1 входящих связей от 1 отправителей; 2 исходящих связей к 2 получателям; вход 436,900 KZT, выход 177,500 KZT",1,2,436900.0,177500.0,0.0019211545642599033,0.40627145799954223,3,False,False
100000004750321100,consolidator,0.556,18,0.1931,"2 входящих связей от 2 отправителей; 0 исходящих связей к 0 получателям; вход 50,185 KZT, выход 0 KZT",2,0,50185.0,0.0,0.0003125361003811254,0.0,3,False,False
100000008664774100,terminal,0.4076,22,0.0419,"1 входящих связей от 1 отправителей; 0 исходящих связей к 0 получателям; вход 16,300 KZT, выход 0 KZT",1,0,16300.0,0.0,0.0002881133620179708,0.0,3,False,False
100000006274203100,distributor,0.7924,43,0.6591,"2 входящих связей от 2 отправителей; 3 исходящих связей к 3 получателям; вход 3,417,512 KZT, выход 72,000 KZT",2,3,3417512.0,72000.0,0.0006321051467844558,0.02106795821053445,3,False,False
100000002185328100,distributor,0.8663,32,0.4606,"1 входящих связей от 1 отправителей; 4 исходящих связей к 4 получателям; вход 15,000 KZT, выход 55,000 KZT",1,4,15000.0,55000.0,0.0003518471698066015,3.6666666666666665,3,False,False
100000008254576100,peripheral,0.35,38,0.2603,"1 входящих связей от 1 отправителей; 1 исходящих связей к 1 получателям; вход 8,000 KZT, выход 60,000 KZT",1,1,8000.0,60000.0,0.00029167108817849073,7.5,3,False,False
100000001689968100,consolidator,0.9694,10,0.3469,"3 входящих связей от 3 отправителей; 0 исходящих связей к 0 получателям; вход 344,334 KZT, выход 0 KZT",3,0,344333.75,0.0,0.0003391431091830108,0.0,3,False,False
100000002236528100,terminal,0.4818,2,0.1022,"1 входящих связей от 1 отправителей; 0 исходящих связей к 0 получателям; вход 66,000 KZT, выход 0 KZT",1,0,66000.0,0.0,0.0003072417833612635,0.0,3,False,False
100000002670960100,terminal,0.587,24,0.1784,"1 входящих связей от 1 отправителей; 0 исходящих связей к 0 получателям; вход 480,310 KZT, выход 0 KZT",1,0,480310.0,0.0,0.0003084473471986253,0.0,3,False,False
100000003557488100,peripheral,0.35,36,0.581,"1 входящих связей от 1 отправителей; 2 исходящих связей к 2 получателям; вход 664,992 KZT, выход 138,000 KZT",1,2,664992.0,138000.0,0.0005809718147261454,0.20752129348924497,3,False,False
100000003888197100,terminal,0.494,10,0.1041,"1 входящих связей от 1 отправителей; 0 исходящих связей к 0 получателям; вход 83,167 KZT, выход 0 KZT",1,0,83167.0,0.0,0.0002882646679975095,0.0,3,False,False
100000002799941100,terminal,0.5988,43,0.2159,"1 входящих связей от 1 отправителей; 0 исходящих связей к 0 получателям; вход 600,000 KZT, выход 0 KZT",1,0,600000.0,0.0,0.0003881784929365055,0.0,3,False,False
100000001632325100,terminal,0.4955,22,0.1091,"1 входящих связей от 1 отправителей; 0 исходящих связей к 0 получателям; вход 85,600 KZT, выход 0 KZT",1,0,85600.0,0.0,0.0002989295521153426,0.0,3,False,False
100000008620570100,peripheral,0.35,1,0.4209,"2 входящих связей от 2 отправителей; 2 исходящих связей к 2 получателям; вход 145,000 KZT, выход 31,800 KZT",2,2,145000.0,31800.0,0.00034853843958794993,0.2193103448275862,3,False,False
100000005308954100,peripheral,0.35,16,0.3583,"1 входящих связей от 1 отправителей; 1 исходящих связей к 1 получателям; вход 69,020 KZT, выход 30,000 KZT",1,1,69020.0,30000.0,0.0003594505153223273,0.43465662126919735,3,False,False
100000008468762100,consolidator,0.6206,35,0.2389,"2 входящих связей от 2 отправителей; 0 исходящих связей к 0 получателям; вход 170,000 KZT, выход 0 KZT",2,0,170000.0,0.0,0.00031040507384099927,0.0,3,False,False
100000002305007100,terminal,0.473,22,0.0912,"1 входящих связей от 1 отправителей; 0 исходящих связей к 0 получателям; вход 56,000 KZT, выход 0 KZT",1,0,56000.0,0.0,0.0002943096498515301,0.0,3,False,False
100000008314863100,terminal,0.3914,3,0.1134,"1 входящих связей от 1 отправителей; 0 исходящих связей к 0 получателям; вход 12,000 KZT, выход 0 KZT",1,0,12000.0,0.0,0.0005170968391841071,0.0,3,False,False
100000005709551100,terminal,0.4293,12,0.0599,"1 входящих связей от 1 отправителей; 0 исходящих связей к 0 получателям; вход 24,560 KZT, выход 0 KZT",1,0,24560.0,0.0,0.00029466084362895616,0.0,3,False,False
100000008297199100,terminal,0.4581,0,0.0813,"1 входящих связей от 1 отправителей; 0 исходящих связей к 0 получателям; вход 42,268 KZT, выход 0 KZT",1,0,42268.0,0.0,0.0002965958116631627,0.0,3,False,False
100000003271151100,terminal,0.5166,1,0.1288,"1 входящих связей от 1 отправителей; 0 исходящих связей к 0 получателям; вход 127,294 KZT, выход 0 KZT",1,0,127294.0,0.0,0.0003114684039158683,0.0,3,False,False
100000007005380100,terminal,0.3784,10,0.0263,"1 входящих связей от 1 отправителей; 0 исходящих связей к 0 получателям; вход 9,400 KZT, выход 0 KZT",1,0,9400.0,0.0,0.00030309570708396725,0.0,3,False,False
100000004451012100,distributor,0.79,43,0.4858,"1 входящих связей от 1 отправителей; 3 исходящих связей к 3 получателям; вход 91,245 KZT, выход 65,740 KZT",1,3,91245.0,65740.0,0.00030117358811251486,0.7204778344018851,3,False,False
100000004779204100,peripheral,0.35,0,0.2944,"1 входящих связей от 1 отправителей; 1 исходящих связей к 1 получателям; вход 30,450 KZT, выход 20,000 KZT",1,1,30450.0,20000.0,0.0002872842372140548,0.6568144499178982,3,False,False
100000002793881100,consolidator,1.0,5,0.382,"3 входящих связей от 3 отправителей; 0 исходящих связей к 0 получателям; вход 785,600 KZT, выход 0 KZT",3,0,785600.0,0.0,0.0003750831470797373,0.0,3,False,False
100000008671129100,terminal,0.4328,22,0.0605,"1 входящих связей от 1 отправителей; 0 исходящих связей к 0 получателям; вход 26,200 KZT, выход 0 KZT",1,0,26200.0,0.0,0.000289658532031881,0.0,3,False,False
100000002095257100,terminal,0.3731,8,0.0565,"1 входящих связей от 1 отправителей; 0 исходящих связей к 0 получателям; вход 8,500 KZT, выход 0 KZT",1,0,8500.0,0.0,0.00039673382024222074,0.0,3,False,False
100000002194329100,terminal,0.4306,0,0.0581,"1 входящих связей от 1 отправителей; 0 исходящих связей к 0 получателям; вход 25,170 KZT, выход 0 KZT",1,0,25170.0,0.0,0.00028698686778801477,0.0,3,False,False
100000001884825100,consolidator,0.9886,5,0.3611,"3 входящих связей от 3 отправителей; 0 исходящих связей к 0 получателям; вход 495,000 KZT, выход 0 KZT",3,0,495000.0,0.0,0.0003400964668098235,0.0,3,False,False
100000008692291100,transit,0.9873,42,0.5704,"3 входящих связей от 3 отправителей; 3 исходящих связей к 3 получателям; вход 160,000 KZT, выход 156,000 KZT",3,3,160000.0,156000.0,0.0003078529865771743,0.975,3,False,False
100000002697752100,consolidator,0.6268,1,0.2503,"2 входящих связей от 2 отправителей; 0 исходящих связей к 0 получателям; вход 190,785 KZT, выход 0 KZT",2,0,190785.0,0.0,0.000329580043041525,0.0,3,False,False
100000007170072100,transit,0.9975,1,0.4385,"1 входящих связей от 1 отправителей; 2 исходящих связей к 2 получателям; вход 100,000 KZT, выход 99,500 KZT",1,2,100000.0,99500.0,0.0003076581045462551,0.995,3,False,False
100000002373144100,peripheral,0.35,0,0.3032,"1 входящих связей от 1 отправителей; 1 исходящих связей к 1 получателям; вход 46,468 KZT, выход 10,764 KZT",1,1,46468.0,10764.0,0.00028969018116006015,0.2316432813979513,3,False,False
100000000287768100,terminal,0.4484,0,0.0714,"1 входящих связей от 1 отправителей; 0 исходящих связей к 0 получателям; вход 35,168 KZT, выход 0 KZT",1,0,35168.0,0.0,0.0002886880716986394,0.0,3,False,False
100000004508696100,distributor,0.8036,19,0.4088,"1 входящих связей от 1 отправителей; 3 исходящих связей к 3 получателям; вход 7,000 KZT, выход 111,000 KZT",1,3,7000.0,111000.0,0.00042253166627963126,15.857142857142858,3,False,False
100000008688109100,terminal,0.3948,22,0.0324,"1 входящих связей от 1 отправителей; 0 исходящих связей к 0 получателям; вход 12,800 KZT, выход 0 KZT",1,0,12800.0,0.0,0.0002875670897908307,0.0,3,False,False
100000008724461100,peripheral,0.35,5,0.3712,"1 входящих связей от 1 отправителей; 1 исходящих связей к 1 получателям; вход 100,111 KZT, выход 130,000 KZT",1,1,100111.0,130000.0,0.00029072698311701655,1.298558599954051,3,False,False
100000001714413100,terminal,0.5524,10,0.1481,"1 входящих связей от 1 отправителей; 0 исходящих связей к 0 получателям; вход 250,172 KZT, выход 0 KZT",1,0,250172.0,0.0,0.00029367716211375173,0.0,3,False,False
100000008672493100,terminal,0.3995,22,0.0359,"1 входящих связей от 1 отправителей; 0 исходящих связей к 0 получателям; вход 14,000 KZT, выход 0 KZT",1,0,14000.0,0.0,0.0002877543831258502,0.0,3,False,False
100000003241965100,terminal,0.4032,18,0.0398,"1 входящих связей от 1 отправителей; 0 исходящих связей к 0 получателям; вход 15,000 KZT, выход 0 KZT",1,0,15000.0,0.0,0.00029115802793766007,0.0,3,False,False
100000002241986100,distributor,1.0,30,0.6914,"1 входящих связей от 1 отправителей; 6 исходящих связей к 6 получателям; вход 280,000 KZT, выход 3,077,000 KZT",1,6,280000.0,3077000.0,0.00029464386295803346,10.989285714285714,3,False,False
100000004140994100,terminal,0.4147,22,0.0471,"1 входящих связей от 1 отправителей; 0 исходящих связей к 0 получателям; вход 18,650 KZT, выход 0 KZT",1,0,18650.0,0.0,0.00028848014479905044,0.0,3,False,False
100000008489922100,distributor,1.0,5,0.8262,"3 входящих связей от 3 отправителей; 36 исходящих связей к 36 получателям; вход 262,010 KZT, выход 3,789,900 KZT",3,36,262010.0,3789900.0,0.0005858952858663079,14.464715087210411,3,False,False
100000001252290100,peripheral,0.35,10,0.3355,"1 входящих связей от 1 отправителей; 1 исходящих связей к 1 получателям; вход 141,005 KZT, выход 5,000 KZT",1,1,141005.0,5000.0,0.0002901391498076063,0.03545973547037339,3,False,False
100000008667799100,terminal,0.4466,22,0.0709,"1 входящих связей от 1 отправителей; 0 исходящих связей к 0 получателям; вход 34,000 KZT, выход 0 KZT",1,0,34000.0,0.0,0.00029087593870950727,0.0,3,False,False
100000008684951100,terminal,0.4105,22,0.044,"1 входящих связей от 1 отправителей; 0 исходящих связей к 0 получателям; вход 17,200 KZT, выход 0 KZT",1,0,17200.0,0.0,0.00028825383201923533,0.0,3,False,False
100000006126743100,terminal,0.4721,10,0.088,"1 входящих связей от 1 отправителей; 0 исходящих связей к 0 получателям; вход 55,000 KZT, выход 0 KZT",1,0,55000.0,0.0,0.0002873517987913648,0.0,3,False,False
100000003009900100,terminal,0.4066,18,0.0424,"1 входящих связей от 1 отправителей; 0 исходящих связей к 0 получателям; вход 15,998 KZT, выход 0 KZT",1,0,15998.0,0.0,0.0002915298650211887,0.0,3,False,False
100000001745217100,terminal,0.467,0,0.0853,"1 входящих связей от 1 отправителей; 0 исходящих связей к 0 получателям; вход 50,000 KZT, выход 0 KZT",1,0,50000.0,0.0,0.000290003406878444,0.0,3,False,False
100000002886166100,terminal,0.5364,34,0.1479,"1 входящих связей от 1 отправителей; 0 исходящих связей к 0 получателям; вход 185,000 KZT, выход 0 KZT",1,0,185000.0,0.0,0.00032459115017370436,0.0,3,False,False
100000002956779100,terminal,0.5787,3,0.2069,"1 входящих связей от 1 отправителей; 0 исходящих связей к 0 получателям; вход 411,000 KZT, выход 0 KZT",1,0,411000.0,0.0,0.00040310724815078425,0.0,3,False,False
100000008568512100,terminal,0.5404,10,0.1389,"1 входящих связей от 1 отправителей; 0 исходящих связей к 0 получателям; вход 199,640 KZT, выход 0 KZT",1,0,199640.0,0.0,0.0002920394617294402,0.0,3,False,False
100000008583360100,peripheral,0.35,18,0.3876,"1 входящих связей от 1 отправителей; 1 исходящих связей к 1 получателям; вход 112,843 KZT, выход 170,000 KZT",1,1,112843.0,170000.0,0.0003276125928311366,1.5065179054083992,3,False,False
100000001130176100,terminal,0.4303,0,0.1563,"1 входящих связей от 1 отправителей; 0 исходящих связей к 0 получателям; вход 25,000 KZT, выход 0 KZT",1,0,25000.0,0.0,0.0005580456003895453,0.0,3,False,False
100000001145749100,terminal,0.3817,3,0.0924,"1 входящих связей от 1 отправителей; 0 исходящих связей к 0 получателям; вход 10,000 KZT, выход 0 KZT",1,0,10000.0,0.0,0.0004785089150229709,0.0,3,False,False
100000005367445100,transit,1.0,42,0.4291,"1 входящих связей от 1 отправителей; 1 исходящих связей к 1 получателям; вход 5,000 KZT, выход 5,000 KZT",1,1,5000.0,5000.0,0.0018429964605732548,1.0,3,False,False
100000003917461100,peripheral,0.35,8,0.3586,"1 входящих связей от 1 отправителей; 2 исходящих связей к 2 получателям; вход 10,000 KZT, выход 140,000 KZT",1,2,10000.0,140000.0,0.0003991316698685005,14.0,3,False,False
100000008200810100,terminal,0.5864,24,0.1779,"1 входящих связей от 1 отправителей; 0 исходящих связей к 0 получателям; вход 475,000 KZT, выход 0 KZT",1,0,475000.0,0.0,0.0003081944220849885,0.0,3,False,False
100000002554175100,terminal,0.4295,18,0.06,"1 входящих связей от 1 отправителей; 0 исходящих связей к 0 получателям; вход 24,621 KZT, выход 0 KZT",1,0,24621.0,0.0,0.0002947426417459053,0.0,3,False,False
100000008751380100,consolidator,0.6583,5,0.2669,"2 входящих связей от 2 отправителей; 0 исходящих связей к 0 получателям; вход 345,780 KZT, выход 0 KZT",2,0,345780.0,0.0,0.0003127638118830448,0.0,3,False,False
100000004071444100,peripheral,0.35,0,0.4032,"1 входящих связей от 1 отправителей; 1 исходящих связей к 1 получателям; вход 247,350 KZT, выход 100,000 KZT",1,1,247350.0,100000.0,0.0003075048495520183,0.40428542551041036,3,False,False
100000001141268100,consolidator,0.6757,35,0.4576,"2 входящих связей от 2 отправителей; 1 исходящих связей к 1 получателям; вход 480,000 KZT, выход 10,000 KZT",2,1,480000.0,10000.0,0.0003648625677100086,0.020833333333333332,3,False,False
100000002645993100,distributor,0.9443,0,0.476,"2 входящих связей от 2 отправителей; 5 исходящих связей к 5 получателям; вход 49,650 KZT, выход 86,980 KZT",2,5,49650.0,86980.0,0.0002933085935851196,1.7518630412890233,3,False,False
100000002546921100,terminal,0.4184,40,0.0508,"1 входящих связей от 1 отправителей; 0 исходящих связей к 0 получателям; вход 20,000 KZT, выход 0 KZT",1,0,20000.0,0.0,0.0002912223270400019,0.0,3,False,False
100000008753897100,terminal,0.4282,22,0.0572,"1 входящих связей от 1 отправителей; 0 исходящих связей к 0 получателям; вход 24,050 KZT, выход 0 KZT",1,0,24050.0,0.0,0.0002893229648066379,0.0,3,False,False
100000000870121100,terminal,0.3914,12,0.0402,"1 входящих связей от 1 отправителей; 0 исходящих связей к 0 получателям; вход 12,000 KZT, выход 0 KZT",1,0,12000.0,0.0,0.00031567480064349947,0.0,3,False,False
100000003171006100,consolidator,0.6762,5,0.2879,"2 входящих связей от 2 отправителей; 0 исходящих связей к 0 получателям; вход 485,000 KZT, выход 0 KZT",2,0,485000.0,0.0,0.00033496794429429064,0.0,3,False,False
100000001690558100,terminal,0.6,43,0.2255,"1 входящих связей от 1 отправителей; 0 исходящих связей к 0 получателям; вход 740,000 KZT, выход 0 KZT",1,0,740000.0,0.0,0.0004121206393043224,0.0,3,False,False
100000008667795100,terminal,0.4466,22,0.0709,"1 входящих связей от 1 отправителей; 0 исходящих связей к 0 получателям; вход 34,000 KZT, выход 0 KZT",1,0,34000.0,0.0,0.00029087593870950727,0.0,3,False,False
100000005674387100,terminal,0.4328,22,0.0605,"1 входящих связей от 1 отправителей; 0 исходящих связей к 0 получателям; вход 26,200 KZT, выход 0 KZT",1,0,26200.0,0.0,0.000289658532031881,0.0,3,False,False
100000003636627100,peripheral,0.35,2,0.5391,"1 входящих связей от 1 отправителей; 1 исходящих связей к 1 получателям; вход 77,000 KZT, выход 10,000 KZT",1,1,77000.0,10000.0,0.001976312410294793,0.12987012987012986,3,False,False
100000001275752100,terminal,0.5258,5,0.1289,"1 входящих связей от 1 отправителей; 0 исходящих связей к 0 получателям; вход 151,500 KZT, выход 0 KZT",1,0,151500.0,0.0,0.00029337452908966726,0.0,3,False,False
100000002459240100,terminal,0.5253,10,0.1274,"1 входящих связей от 1 отправителей; 0 исходящих связей к 0 получателям; вход 150,000 KZT, выход 0 KZT",1,0,150000.0,0.0,0.00029043067032840264,0.0,3,False,False
100000002644285100,terminal,0.5891,24,0.1803,"1 входящих связей от 1 отправителей; 0 исходящих связей к 0 получателям; вход 500,000 KZT, выход 0 KZT",1,0,500000.0,0.0,0.00030938521828855153,0.0,3,False,False
100000005186109100,terminal,0.35,4,0.1159,"1 входящих связей от 1 отправителей; 0 исходящих связей к 0 получателям; вход 5,000 KZT, выход 0 KZT",1,0,5000.0,0.0,0.0006059178330672794,0.0,3,False,False
100000005317181100,peripheral,0.35,0,0.3615,"1 входящих связей от 1 отправителей; 1 исходящих связей к 1 получателям; вход 141,250 KZT, выход 14,500 KZT",1,1,141250.0,14500.0,0.00032241739654599024,0.10265486725663717,3,False,False
100000003001661100,distributor,0.9863,15,0.6877,"1 входящих связей от 1 отправителей; 5 исходящих связей к 5 получателям; вход 110,000 KZT, выход 439,500 KZT",1,5,110000.0,439500.0,0.0005464870342921854,3.9954545454545456,3,False,False
100000000288317100,distributor,0.7847,1,0.4918,"2 входящих связей от 2 отправителей; 3 исходящих связей к 3 получателям; вход 100,000 KZT, выход 53,500 KZT",2,3,100000.0,53500.0,0.0003128334856204937,0.535,3,False,False
100000004368189100,peripheral,0.35,24,0.4134,"1 входящих связей от 1 отправителей; 2 исходящих связей к 2 получателям; вход 384,600 KZT, выход 28,200 KZT",1,2,384600.0,28200.0,0.0003038885030129045,0.07332293291731669,3,False,False
100000004493586100,terminal,0.3664,0,0.0124,"1 входящих связей от 1 отправителей; 0 исходящих связей к 0 получателям; вход 7,500 KZT, выход 0 KZT",1,0,7500.0,0.0,0.0002886397366507129,0.0,3,False,False
100000004114962100,consolidator,0.6191,10,0.3835,"2 входящих связей от 2 отправителей; 0 исходящих связей к 0 получателям; вход 165,000 KZT, выход 0 KZT",2,0,165000.0,0.0,0.0007112908662345276,0.0,3,False,False
100000008088082100,peripheral,0.35,12,0.3208,"1 входящих связей от 1 отправителей; 1 исходящих связей к 1 получателям; вход 39,138 KZT, выход 50,000 KZT",1,1,39138.0,50000.0,0.0003000572852952129,1.2775307884920026,3,False,False
100000008595687100,coordinator,0.6591,16,0.5093,"1 входящих связей от 1 отправителей; 1 исходящих связей к 1 получателям; вход 64,395 KZT, выход 10,400 KZT",1,1,64395.0,10400.0,0.00030485762729909273,0.161503222299868,3,False,False
100000001248999100,terminal,0.4268,28,0.0561,"1 входящих связей от 1 отправителей; 0 исходящих связей к 0 получателям; вход 23,425 KZT, выход 0 KZT",1,0,23425.0,0.0,0.00028925636689373647,0.0,3,False,False
100000002736316100,consolidator,0.9558,0,0.3534,"3 входящих связей от 3 отправителей; 0 исходящих связей к 0 получателям; вход 266,921 KZT, выход 0 KZT",3,0,266921.0,0.0,0.0003838232724141563,0.0,3,False,False
100000008596924100,terminal,0.5038,2,0.1576,"1 входящих связей от 1 отправителей; 0 исходящих связей к 0 получателям; вход 100,000 KZT, выход 0 KZT",1,0,100000.0,0.0,0.0004160204242994214,0.0,3,False,False
100000008598972100,terminal,0.5135,1,0.1203,"1 входящих связей от 1 отправителей; 0 исходящих связей к 0 получателям; вход 120,000 KZT, выход 0 KZT",1,0,120000.0,0.0,0.0002941160150228167,0.0,3,False,False
100000002769809100,terminal,0.5105,43,0.1485,"1 входящих связей от 1 отправителей; 0 исходящих связей к 0 получателям; вход 113,422 KZT, выход 0 KZT",1,0,113422.0,0.0,0.0003777442594632966,0.0,3,False,False
100000003089553100,terminal,0.5253,42,0.1335,"1 входящих связей от 1 отправителей; 0 исходящих связей к 0 получателям; вход 150,000 KZT, выход 0 KZT",1,0,150000.0,0.0,0.00030709199718265064,0.0,3,False,False
100000002343825100,coordinator,0.2305,42,0.5673,"3 входящих связей от 3 отправителей; 2 исходящих связей к 2 получателям; вход 350,000 KZT, выход 89,800 KZT",3,2,350000.0,89800.0,0.00033359725354762716,0.25657142857142856,3,False,False
100000002015633100,terminal,0.5011,10,0.1093,"1 входящих связей от 1 отправителей; 0 исходящих связей к 0 получателям; вход 94,970 KZT, выход 0 KZT",1,0,94970.0,0.0,0.00028864719347910584,0.0,3,False,False
100000002906470100,terminal,0.5177,43,0.1283,"1 входящих связей от 1 отправителей; 0 исходящих связей к 0 получателям; вход 130,000 KZT, выход 0 KZT",1,0,130000.0,0.0,0.0003078012872731202,0.0,3,False,False
100000005628518100,terminal,0.4899,43,0.1902,"1 входящих связей от 1 отправителей; 0 исходящих связей к 0 получателям; вход 77,000 KZT, выход 0 KZT",1,0,77000.0,0.0,0.0005329929869212501,0.0,3,False,False
100000002958139100,terminal,0.543,5,0.1438,"1 входящих связей от 1 отправителей; 0 исходящих связей к 0 получателям; вход 209,500 KZT, выход 0 KZT",1,0,209500.0,0.0,0.0003002731747363869,0.0,3,False,False
100000008754747100,terminal,0.462,22,0.0827,"1 входящих связей от 1 отправителей; 0 исходящих связей к 0 получателям; вход 45,500 KZT, выход 0 KZT",1,0,45500.0,0.0,0.00029267083317011014,0.0,3,False,False
100000008776720100,terminal,0.4327,22,0.0605,"1 входящих связей от 1 отправителей; 0 исходящих связей к 0 получателям; вход 26,150 KZT, выход 0 KZT",1,0,26150.0,0.0,0.00028965072814292185,0.0,3,False,False
100000008576528100,terminal,0.4363,10,0.0621,"1 входящих связей от 1 отправителей; 0 исходящих связей к 0 получателям; вход 28,000 KZT, выход 0 KZT",1,0,28000.0,0.0,0.00028647675109136453,0.0,3,False,False
100000004603109100,peripheral,0.35,21,0.7736,"3 входящих связей от 3 отправителей; 2 исходящих связей к 2 получателям; вход 2,730,000 KZT, выход 400,000 KZT",3,2,2730000.0,400000.0,0.00317836527963168,0.14652014652014653,3,False,False
100000008721637100,coordinator,0.556,2,0.5058,"1 входящих связей от 1 отправителей; 2 исходящих связей к 2 получателям; вход 24,041 KZT, выход 127,000 KZT",1,2,24041.0,127000.0,0.0002904606519895616,5.282642152988644,3,False,False
100000004491749100,terminal,0.467,2,0.1074,"1 входящих связей от 1 отправителей; 0 исходящих связей к 0 получателям; вход 50,000 KZT, выход 0 KZT",1,0,50000.0,0.0,0.0003507948592583558,0.0,3,False,False
100000005171642100,consolidator,0.6887,48,0.7089,"2 входящих связей от 2 отправителей; 1 исходящих связей к 1 получателям; вход 696,800 KZT, выход 683,600 KZT",2,1,696800.0,683600.0,0.002767182224758268,0.9810562571756601,3,False,False
100000008682426100,terminal,0.4184,40,0.0508,"1 входящих связей от 1 отправителей; 0 исходящих связей к 0 получателям; вход 20,000 KZT, выход 0 KZT",1,0,20000.0,0.0,0.0002912223270400019,0.0,3,False,False
100000006209210100,terminal,0.5477,2,0.1692,"1 входящих связей от 1 отправителей; 0 исходящих связей к 0 получателям; вход 229,111 KZT, выход 0 KZT",1,0,229111.0,0.0,0.00036080271331221227,0.0,3,False,False
100000003888527100,terminal,0.4399,66,0.0937,"1 входящих связей от 1 отправителей; 0 исходящих связей к 0 получателям; вход 30,000 KZT, выход 0 KZT",1,0,30000.0,0.0,0.0003666748083508467,0.0,3,False,False
100000008490127100,distributor,1.0,10,0.7097,"1 входящих связей от 1 отправителей; 6 исходящих связей к 6 получателям; вход 431,755 KZT, выход 923,000 KZT",1,6,431755.0,923000.0,0.00029956211716964596,2.137786476126507,3,False,False
100000004336228100,terminal,0.4685,1,0.0886,"1 входящих связей от 1 отправителей; 0 исходящих связей к 0 получателям; вход 51,407 KZT, выход 0 KZT",1,0,51407.0,0.0,0.00029602851093037016,0.0,3,False,False
100000006844004100,terminal,0.42,0,0.1444,"1 входящих связей от 1 отправителей; 0 исходящих связей к 0 получателям; вход 20,600 KZT, выход 0 KZT",1,0,20600.0,0.0,0.000545441716485238,0.0,3,False,False
100000001688676100,terminal,0.5192,43,0.1296,"1 входящих связей от 1 отправителей; 0 исходящих связей к 0 получателям; вход 133,700 KZT, выход 0 KZT",1,0,133700.0,0.0,0.00030843404399855535,0.0,3,False,False
100000008712036100,terminal,0.421,22,0.0518,"1 входящих связей от 1 отправителей; 0 исходящих связей к 0 получателям; вход 21,000 KZT, выход 0 KZT",1,0,21000.0,0.0,0.00028884692758013016,0.0,3,False,False
100000004697956100,transit,1.0,2,0.277,"1 входящих связей от 1 отправителей; 1 исходящих связей к 1 получателям; вход 10,000 KZT, выход 10,000 KZT",1,1,10000.0,10000.0,0.0004681160760661767,1.0,3,False,False
100000004921657100,peripheral,0.35,3,0.2417,"1 входящих связей от 1 отправителей; 1 исходящих связей к 1 получателям; вход 8,300 KZT, выход 22,190 KZT",1,1,8300.0,22190.0,0.00036129622421142584,2.6734939759036145,3,False,False
100000000408846100,terminal,0.4559,14,0.0794,"1 входящих связей от 1 отправителей; 0 исходящих связей к 0 получателям; вход 40,500 KZT, выход 0 KZT",1,0,40500.0,0.0,0.0002957255734808799,0.0,3,False,False
100000003406094100,distributor,0.7813,16,0.6139,"1 входящих связей от 1 отправителей; 3 исходящих связей к 3 получателям; вход 70,000 KZT, выход 47,000 KZT",1,3,70000.0,47000.0,0.0007781507813786729,0.6714285714285714,3,False,False
100000008695566100,terminal,0.4461,22,0.0706,"1 входящих связей от 1 отправителей; 0 исходящих связей к 0 получателям; вход 33,700 KZT, выход 0 KZT",1,0,33700.0,0.0,0.0002908291153757524,0.0,3,False,False
100000005974542100,terminal,0.5008,29,0.1798,"1 входящих связей от 1 отправителей; 0 исходящих связей к 0 получателям; вход 94,500 KZT, выход 0 KZT",1,0,94500.0,0.0,0.000483047219122777,0.0,3,False,False
100000001887715100,consolidator,1.0,35,0.7283,"3 входящих связей от 3 отправителей; 1 исходящих связей к 1 получателям; вход 1,331,500 KZT, выход 750,000 KZT",3,1,1331500.0,750000.0,0.0007309294553868668,0.5632745024408562,3,False,False
100000002472632100,consolidator,0.6781,13,0.6863,"2 входящих связей от 2 отправителей; 1 исходящих связей к 1 получателям; вход 502,400 KZT, выход 20,000 KZT",2,1,502400.0,20000.0,0.000985619333290865,0.03980891719745223,3,False,False
100000004629688100,peripheral,0.35,4,0.2304,"1 входящих связей от 1 отправителей; 1 исходящих связей к 1 получателям; вход 5,000 KZT, выход 15,000 KZT",1,1,5000.0,15000.0,0.00038797258449924186,3.0,3,False,False
100000002459832100,consolidator,0.6887,1,0.318,"2 входящих связей от 2 отправителей; 0 исходящих связей к 0 получателям; вход 880,606 KZT, выход 0 KZT",2,0,880606.0,0.0,0.00039318803670429763,0.0,3,False,False
100000006100920100,terminal,0.5038,0,0.1251,"1 входящих связей от 1 отправителей; 0 исходящих связей к 0 получателям; вход 100,000 KZT, выход 0 KZT",1,0,100000.0,0.0,0.0003265085266629265,0.0,3,False,False
100000001439416100,peripheral,0.35,0,0.3389,"1 входящих связей от 1 отправителей; 2 исходящих связей к 2 получателям; вход 10,000 KZT, выход 165,000 KZT",1,2,10000.0,165000.0,0.0003408996759919328,16.5,3,False,False
100000002121357100,consolidator,0.6422,42,0.4504,"2 входящих связей от 2 отправителей; 1 исходящих связей к 1 получателям; вход 255,300 KZT, выход 113,000 KZT",2,1,255300.0,113000.0,0.0003262737748092851,0.4426165295730513,3,False,False
100000002970466100,peripheral,0.35,0,0.3745,"1 входящих связей от 1 отправителей; 2 исходящих связей к 2 получателям; вход 23,317 KZT, выход 93,000 KZT",1,2,23317.0,93000.0,0.0002868825068890655,3.9885062400823434,3,False,False
100000002581346100,terminal,0.5308,10,0.1316,"1 входящих связей от 1 отправителей; 0 исходящих связей к 0 получателям; вход 166,400 KZT, выход 0 KZT",1,0,166400.0,0.0,0.00029096218078321763,0.0,3,False,False
100000008738658100,terminal,0.4398,22,0.0658,"1 входящих связей от 1 отправителей; 0 исходящих связей к 0 получателям; вход 29,920 KZT, выход 0 KZT",1,0,29920.0,0.0,0.00029023914137044126,0.0,3,False,False
100000005910114100,distributor,1.0,0,0.753,"3 входящих связей от 3 отправителей; 19 исходящих связей к 19 получателям; вход 326,144 KZT, выход 1,469,993 KZT",3,19,326144.0,1469993.0,0.0003616504127742248,4.507190075549451,3,False,False
100000001046626100,terminal,0.5253,10,0.1274,"1 входящих связей от 1 отправителей; 0 исходящих связей к 0 получателям; вход 150,000 KZT, выход 0 KZT",1,0,150000.0,0.0,0.00029043067032840264,0.0,3,False,False
100000006492770100,peripheral,0.35,0,0.3825,"1 входящих связей от 1 отправителей; 1 исходящих связей к 1 получателям; вход 269,000 KZT, выход 20,000 KZT",1,1,269000.0,20000.0,0.0003007193653545536,0.07434944237918216,3,False,False
100000001674850100,consolidator,0.6383,42,0.253,"2 входящих связей от 2 отправителей; 0 исходящих связей к 0 получателям; вход 237,000 KZT, выход 0 KZT",2,0,237000.0,0.0,0.00031409364237488564,0.0,3,False,False
100000000860514100,peripheral,0.35,13,0.2793,"1 входящих связей от 1 отправителей; 1 исходящих связей к 1 получателям; вход 12,000 KZT, выход 50,000 KZT",1,1,12000.0,50000.0,0.0003062893737864728,4.166666666666667,3,False,False
100000003650146100,terminal,0.401,16,0.0415,"1 входящих связей от 1 отправителей; 0 исходящих связей к 0 получателям; вход 14,400 KZT, выход 0 KZT",1,0,14400.0,0.0,0.0003001273511766368,0.0,3,False,False
100000001227106100,terminal,0.5303,10,0.1312,"1 входящих связей от 1 отправителей; 0 исходящих связей к 0 получателям; вход 164,765 KZT, выход 0 KZT",1,0,164765.0,0.0,0.0002909091917836065,0.0,3,False,False
100000003647799100,terminal,0.5038,10,0.1114,"1 входящих связей от 1 отправителей; 0 исходящих связей к 0 получателям; вход 100,000 KZT, выход 0 KZT",1,0,100000.0,0.0,0.0002888102116246985,0.0,3,False,False
100000008293431100,distributor,0.9761,0,0.4363,"1 входящих связей от 1 отправителей; 5 исходящих связей к 5 получателям; вход 15,000 KZT, выход 297,000 KZT",1,5,15000.0,297000.0,0.0002868995280156364,19.8,3,False,False
100000002975287100,terminal,0.4032,28,0.0391,"1 входящих связей от 1 отправителей; 0 исходящих связей к 0 получателям; вход 15,000 KZT, выход 0 KZT",1,0,15000.0,0.0,0.0002891923195721382,0.0,3,False,False
100000008507703100,terminal,0.4372,22,0.0639,"1 входящих связей от 1 отправителей; 0 исходящих связей к 0 получателям; вход 28,500 KZT, выход 0 KZT",1,0,28500.0,0.0,0.00029001751092400156,0.0,3,False,False
100000001733687100,terminal,0.562,5,0.1598,"1 входящих связей от 1 отправителей; 0 исходящих связей к 0 получателям; вход 300,000 KZT, выход 0 KZT",1,0,300000.0,0.0,0.00030662497037828784,0.0,3,False,False
100000004552204100,peripheral,0.35,41,0.5237,"1 входящих связей от 1 отправителей; 2 исходящих связей к 2 получателям; вход 22,500 KZT, выход 10,000 KZT",1,2,22500.0,10000.0,0.0008646978335399377,0.4444444444444444,3,False,False
100000008223756100,consolidator,0.6561,1,0.2811,"2 входящих связей от 2 отправителей; 0 исходящих связей к 0 получателям; вход 331,682 KZT, выход 0 KZT",2,0,331682.0,0.0,0.000356281121163305,0.0,3,False,False
100000002956769100,consolidator,1.0,24,0.3855,"3 входящих связей от 3 отправителей; 0 исходящих связей к 0 получателям; вход 840,000 KZT, выход 0 KZT",3,0,840000.0,0.0,0.00038478275617857913,0.0,3,False,False
100000008555233100,terminal,0.5824,35,0.1951,"1 входящих связей от 1 отправителей; 0 исходящих связей к 0 получателям; вход 440,600 KZT, выход 0 KZT",1,0,440600.0,0.0,0.00036340872056222037,0.0,3,False,False
100000002346166100,terminal,0.3546,22,0.0033,"1 входящих связей от 1 отправителей; 0 исходящих связей к 0 получателям; вход 6,000 KZT, выход 0 KZT",1,0,6000.0,0.0,0.00028650576089238734,0.0,3,False,False
100000000878006100,terminal,0.4638,10,0.0819,"1 входящих связей от 1 отправителей; 0 исходящих связей к 0 получателям; вход 47,003 KZT, выход 0 KZT",1,0,47003.0,0.0,0.0002870926226262943,0.0,3,False,False
100000004997515100,coordinator,0.4681,5,0.6501,"4 входящих связей от 4 отправителей; 4 исходящих связей к 4 получателям; вход 395,000 KZT, выход 54,500 KZT",4,4,395000.0,54500.0,0.00035661588331946755,0.1379746835443038,3,False,False
100000007653003100,terminal,0.5038,28,0.1159,"1 входящих связей от 1 отправителей; 0 исходящих связей к 0 получателям; вход 100,000 KZT, выход 0 KZT",1,0,100000.0,0.0,0.000301309198919302,0.0,3,False,False
100000000661131100,terminal,0.4053,22,0.0401,"1 входящих связей от 1 отправителей; 0 исходящих связей к 0 получателям; вход 15,600 KZT, выход 0 KZT",1,0,15600.0,0.0,0.00028800410757254274,0.0,3,False,False
100000003880331100,distributor,1.0,1,0.6882,"1 входящих связей от 1 отправителей; 16 исходящих связей к 16 получателям; вход 100,000 KZT, выход 3,904,908 KZT",1,16,100000.0,3904908.0,0.0003076581045462551,39.04908,3,False,False
100000003204491100,peripheral,0.35,0,0.378,"1 входящих связей от 1 отправителей; 1 исходящих связей к 1 получателям; вход 140,000 KZT, выход 100,000 KZT",1,1,140000.0,100000.0,0.000297984809668521,0.7142857142857143,3,False,False
100000008463968100,terminal,0.3817,22,0.0229,"1 входящих связей от 1 отправителей; 0 исходящих связей к 0 получателям; вход 10,000 KZT, выход 0 KZT",1,0,10000.0,0.0,0.00028713007200911874,0.0,3,False,False
100000002712416100,consolidator,0.6007,24,0.2218,"2 входящих связей от 2 отправителей; 0 исходящих связей к 0 получателям; вход 116,800 KZT, выход 0 KZT",2,0,116800.0,0.0,0.0003026575194807794,0.0,3,False,False
100000008754997100,terminal,0.4129,22,0.0457,"1 входящих связей от 1 отправителей; 0 исходящих связей к 0 получателям; вход 18,000 KZT, выход 0 KZT",1,0,18000.0,0.0,0.0002883786942425816,0.0,3,False,False
100000008011573100,terminal,0.4032,28,0.0391,"1 входящих связей от 1 отправителей; 0 исходящих связей к 0 получателям; вход 15,000 KZT, выход 0 KZT",1,0,15000.0,0.0,0.0002891923195721382,0.0,3,False,False
100000003178549100,distributor,0.8788,28,0.5049,"2 входящих связей от 2 отправителей; 4 исходящих связей к 4 получателям; вход 250,000 KZT, выход 89,080 KZT",2,4,250000.0,89080.0,0.0003521578194805638,0.35632,3,False,False
100000000534581100,consolidator,0.5617,1,0.3646,"2 входящих связей от 2 отправителей; 1 исходящих связей к 1 получателям; вход 55,960 KZT, выход 40,000 KZT",2,1,55960.0,40000.0,0.00029845332198865065,0.7147962830593281,3,False,False
100000007138613100,peripheral,0.35,0,0.5989,"3 входящих связей от 3 отправителей; 2 исходящих связей к 2 получателям; вход 1,002,000 KZT, выход 179,000 KZT",3,2,1002000.0,179000.0,0.0003541752272666075,0.17864271457085829,3,False,False
100000002380341100,terminal,0.4745,0,0.0977,"1 входящих связей от 1 отправителей; 0 исходящих связей к 0 получателям; вход 57,566 KZT, выход 0 KZT",1,0,57566.4,0.0,0.00030913653652387497,0.0,3,False,False
100000008309514100,terminal,0.4105,22,0.044,"1 входящих связей от 1 отправителей; 0 исходящих связей к 0 получателям; вход 17,200 KZT, выход 0 KZT",1,0,17200.0,0.0,0.00028825383201923533,0.0,3,False,False
100000003134474100,terminal,0.5117,10,0.1172,"1 входящих связей от 1 отправителей; 0 исходящих связей к 0 получателям; вход 116,000 KZT, выход 0 KZT",1,0,116000.0,0.0,0.0002893287584098838,0.0,3,False,False
100000002373386100,terminal,0.4281,22,0.0571,"1 входящих связей от 1 отправителей; 0 исходящих связей к 0 получателям; вход 24,000 KZT, выход 0 KZT",1,0,24000.0,0.0,0.00028931516091767876,0.0,3,False,False
100000008684767100,terminal,0.4419,22,0.0674,"1 входящих связей от 1 отправителей; 0 исходящих связей к 0 получателям; вход 31,100 KZT, выход 0 KZT",1,0,31100.0,0.0,0.000290423313149877,0.0,3,False,False
100000008332511100,terminal,0.5038,2,0.3607,"1 входящих связей от 1 отправителей; 0 исходящих связей к 0 получателям; вход 100,000 KZT, выход 0 KZT",1,0,100000.0,0.0,0.0011127776746800695,0.0,3,False,False
100000005754335100,terminal,0.4603,66,0.1222,"1 входящих связей от 1 отправителей; 0 исходящих связей к 0 получателям; вход 44,037 KZT, выход 0 KZT",1,0,44037.0,0.0,0.00040462407841393785,0.0,3,False,False
100000008547295100,terminal,0.4032,2,0.1386,"1 входящих связей от 1 отправителей; 0 исходящих связей к 0 получателям; вход 15,000 KZT, выход 0 KZT",1,0,15000.0,0.0,0.0005629711569533353,0.0,3,False,False
100000001875167100,terminal,0.6,10,0.1912,"1 входящих связей от 1 отправителей; 0 исходящих связей к 0 получателям; вход 1,000,000 KZT, выход 0 KZT",1,0,1000000.0,0.0,0.0003179784682913733,0.0,3,False,False
100000004670388100,peripheral,0.35,7,0.5271,"1 входящих связей от 1 отправителей; 2 исходящих связей к 2 получателям; вход 160,354 KZT, выход 720,000 KZT",1,2,160354.0,720000.0,0.0005140172616899964,4.490065729573319,3,False,False
100000004097972100,peripheral,0.35,0,0.4178,"1 входящих связей от 1 отправителей; 2 исходящих связей к 2 получателям; вход 118,878 KZT, выход 10,000 KZT",1,2,118878.0,10000.0,0.0003165811788801659,0.0841198539679335,3,False,False
100000000481716100,terminal,0.3699,18,0.0471,"1 входящих связей от 1 отправителей; 0 исходящих связей к 0 получателям; вход 8,000 KZT, выход 0 KZT",1,0,8000.0,0.0,0.0003771539261882786,0.0,3,False,False
100000005089460100,terminal,0.3927,22,0.0309,"1 входящих связей от 1 отправителей; 0 исходящих связей к 0 получателям; вход 12,300 KZT, выход 0 KZT",1,0,12300.0,0.0,0.0002874890509012393,0.0,3,False,False
100000003105929100,peripheral,0.35,10,0.4273,"1 входящих связей от 1 отправителей; 1 исходящих связей к 1 получателям; вход 429,567 KZT, выход 156,354 KZT",1,1,429567.0,156354.0,0.0002994912058967719,0.3639804733603838,3,False,False
100000008379273100,distributor,0.8568,18,0.4038,"2 входящих связей от 2 отправителей; 4 исходящих связей к 4 получателям; вход 36,000 KZT, выход 38,000 KZT",2,4,36000.0,38000.0,0.00029901719044964846,1.0555555555555556,3,False,False
100000005357705100,distributor,0.9168,1,0.5392,"1 входящих связей от 1 отправителей; 4 исходящих связей к 4 получателям; вход 52,595 KZT, выход 387,080 KZT",1,4,52595.0,387080.0,0.00029627022022006105,7.35963494628767,3,False,False
100000003111305100,consolidator,0.9901,48,0.3853,"4 входящих связей от 4 отправителей; 0 исходящих связей к 0 получателям; вход 509,338 KZT, выход 0 KZT",4,0,509338.0,0.0,0.0004036018095361793,0.0,3,False,False
100000008503177100,terminal,0.4465,1,0.0715,"1 входящих связей от 1 отправителей; 0 исходящих связей к 0 получателям; вход 33,951 KZT, выход 0 KZT",1,0,33951.0,0.0,0.0002924769306602995,0.0,3,False,False
100000000955529100,peripheral,0.35,3,0.2804,"1 входящих связей от 1 отправителей; 1 исходящих связей к 1 получателям; вход 27,000 KZT, выход 63,500 KZT",1,1,27000.0,63500.0,0.0002956290149139559,2.3518518518518516,3,False,False
100000008695689100,terminal,0.4328,22,0.0605,"1 входящих связей от 1 отправителей; 0 исходящих связей к 0 получателям; вход 26,200 KZT, выход 0 KZT",1,0,26200.0,0.0,0.000289658532031881,0.0,3,False,False
100000004184158100,terminal,0.5415,0,0.1439,"1 входящих связей от 1 отправителей; 0 исходящих связей к 0 получателям; вход 203,805 KZT, выход 0 KZT",1,0,203805.0,0.0,0.0003036431808354194,0.0,3,False,False
100000005475379100,distributor,0.7954,11,0.5516,"1 входящих связей от 1 отправителей; 3 исходящих связей к 3 получателям; вход 108,370 KZT, выход 81,000 KZT",1,3,108370.0,81000.0,0.0004216387717503724,0.7474393282273692,3,False,False
100000003093299100,terminal,0.4032,0,0.0383,"1 входящих связей от 1 отправителей; 0 исходящих связей к 0 получателям; вход 15,000 KZT, выход 0 KZT",1,0,15000.0,0.0,0.0002864140937230855,0.0,3,False,False
100000008767027100,terminal,0.35,35,0.0,"1 входящих связей от 1 отправителей; 0 исходящих связей к 0 получателям; вход 5,000 KZT, выход 0 KZT",1,0,5000.0,0.0,0.0002863329149575189,0.0,3,False,False
100000004539443100,consolidator,0.5672,3,0.4352,"2 входящих связей от 2 отправителей; 0 исходящих связей к 0 получателям; вход 61,990 KZT, выход 0 KZT",2,0,61990.0,0.0,0.0009561831780302773,0.0,3,False,False
100000007863304100,terminal,0.4303,10,0.0578,"1 входящих связей от 1 отправителей; 0 исходящих связей к 0 получателям; вход 25,000 KZT, выход 0 KZT",1,0,25000.0,0.0,0.00028637952356914227,0.0,3,False,False
100000004959752100,terminal,0.424,3,0.2343,"1 входящих связей от 1 отправителей; 0 исходящих связей к 0 получателям; вход 22,200 KZT, выход 0 KZT",1,0,22200.0,0.0,0.0007848703238285015,0.0,3,False,False
100000002214664100,peripheral,0.35,22,0.2318,"1 входящих связей от 1 отправителей; 1 исходящих связей к 1 получателям; вход 7,950 KZT, выход 76,950 KZT",1,1,7950.0,76950.0,0.0002868101125617939,9.679245283018869,3,False,False
100000008192264100,transit,0.9283,10,0.3895,"1 входящих связей от 1 отправителей; 1 исходящих связей к 1 получателям; вход 162,810 KZT, выход 187,910 KZT",1,1,162810.0,187910.0,0.00029084583184829166,1.1541674344327744,3,False,False
100000000942301100,terminal,0.4745,0,0.0946,"1 входящих связей от 1 отправителей; 0 исходящих связей к 0 получателям; вход 57,580 KZT, выход 0 KZT",1,0,57580.0,0.0,0.00030059027639135424,0.0,3,False,False
100000002578653100,terminal,0.4184,57,0.0581,"1 входящих связей от 1 отправителей; 0 исходящих связей к 0 получателям; вход 20,000 KZT, выход 0 KZT",1,0,20000.0,0.0,0.00031131007444757275,0.0,3,False,False
100000002511581100,terminal,0.4117,22,0.0449,"1 входящих связей от 1 отправителей; 0 исходящих связей к 0 получателям; вход 17,600 KZT, выход 0 KZT",1,0,17600.0,0.0,0.00028831626313090844,0.0,3,False,False
100000005610717100,consolidator,0.9875,0,0.5595,"4 входящих связей от 4 отправителей; 1 исходящих связей к 1 получателям; вход 484,500 KZT, выход 265,200 KZT",4,1,484500.0,265200.0,0.00034454483671221336,0.5473684210526316,3,False,False
100000005704413100,distributor,1.0,18,0.7936,"3 входящих связей от 3 отправителей; 32 исходящих связей к 32 получателям; вход 97,835 KZT, выход 1,363,593 KZT",3,32,97834.67,1363593.0,0.0005996888032985903,13.9377278014021,3,False,False
100000000976943100,transit,0.9088,11,0.3809,"1 входящих связей от 1 отправителей; 1 исходящих связей к 1 получателям; вход 70,000 KZT, выход 84,000 KZT",1,1,70000.0,84000.0,0.00037346136238482506,1.2,3,False,False
100000008708061100,terminal,0.374,22,0.0173,"1 входящих связей от 1 отправителей; 0 исходящих связей к 0 получателям; вход 8,650 KZT, выход 0 KZT",1,0,8650.0,0.0,0.0002869193670072219,0.0,3,False,False
100000003986141100,terminal,0.35,28,0.0,"1 входящих связей от 1 отправителей; 0 исходящих связей к 0 получателям; вход 5,286 KZT, выход 0 KZT",1,0,5286.32,0.0,0.0002868461256435462,0.0,3,False,False
100000005037490100,peripheral,0.35,12,0.3246,"1 входящих связей от 1 отправителей; 2 исходящих связей к 2 получателям; вход 15,000 KZT, выход 30,000 KZT",1,2,15000.0,30000.0,0.0003232011772500518,2.0,3,False,False
100000004257714100,terminal,0.4693,22,0.0884,"1 входящих связей от 1 отправителей; 0 исходящих связей к 0 получателям; вход 52,220 KZT, выход 0 KZT",1,0,52220.0,0.0,0.0002937196758462189,0.0,3,False,False
100000000569479100,terminal,0.5655,0,0.1944,"1 входящих связей от 1 отправителей; 0 исходящих связей к 0 получателям; вход 320,000 KZT, выход 0 KZT",1,0,320000.0,0.0,0.0003949532398197781,0.0,3,False,False
100000007303047100,terminal,0.4694,22,0.0884,"1 входящих связей от 1 отправителей; 0 исходящих связей к 0 получателям; вход 52,250 KZT, выход 0 KZT",1,0,52250.0,0.0,0.0002937243581795944,0.0,3,False,False
100000008708743100,terminal,0.4051,22,0.04,"1 входящих связей от 1 отправителей; 0 исходящих связей к 0 получателям; вход 15,550 KZT, выход 0 KZT",1,0,15550.0,0.0,0.0002879963036835836,0.0,3,False,False
100000008745863100,terminal,0.4256,22,0.0552,"1 входящих связей от 1 отправителей; 0 исходящих связей к 0 получателям; вход 22,900 KZT, выход 0 KZT",1,0,22900.0,0.0,0.00028914347536057757,0.0,3,False,False
100000005048668100,distributor,0.96,1,0.4345,"2 входящих связей от 2 отправителей; 8 исходящих связей к 8 получателям; вход 16,668 KZT, выход 159,400 KZT",2,8,16668.0,159400.0,0.00028854810674879304,9.563234941204703,3,False,False
100000006522972100,terminal,0.3791,10,0.0268,"1 входящих связей от 1 отправителей; 0 исходящих связей к 0 получателям; вход 9,515 KZT, выход 0 KZT",1,0,9515.0,0.0,0.000303310125964783,0.0,3,False,False
100000008759857100,peripheral,0.35,35,0.2842,"1 входящих связей от 1 отправителей; 2 исходящих связей к 2 получателям; вход 5,000 KZT, выход 994,000 KZT",1,2,5000.0,994000.0,0.0002863329149575189,198.8,3,False,False
100000005342513100,peripheral,0.35,22,0.5963,"1 входящих связей от 1 отправителей; 1 исходящих связей к 1 получателям; вход 235,000 KZT, выход 30,000 KZT",1,1,235000.0,30000.0,0.001081651299671485,0.1276595744680851,3,False,False
100000004750897100,terminal,0.3817,4,0.0968,"1 входящих связей от 1 отправителей; 0 исходящих связей к 0 получателям; вход 10,000 KZT, выход 0 KZT",1,0,10000.0,0.0,0.0004903758747811936,0.0,3,False,False
100000001140785100,consolidator,0.6331,42,0.2497,"2 входящих связей от 2 отправителей; 0 исходящих связей к 0 получателям; вход 215,000 KZT, выход 0 KZT",2,0,215000.0,0.0,0.0003153466781884731,0.0,3,False,False
100000002821425100,terminal,0.5574,24,0.1536,"1 входящих связей от 1 отправителей; 0 исходящих связей к 0 получателям; вход 275,000 KZT, выход 0 KZT",1,0,275000.0,0.0,0.00029866805245648396,0.0,3,False,False
100000003221510100,peripheral,0.35,0,0.379,"1 входящих связей от 1 отправителей; 2 исходящих связей к 2 получателям; вход 24,000 KZT, выход 120,000 KZT",1,2,24000.0,120000.0,0.0002869209734265628,5.0,3,False,False
100000003031003100,consolidator,0.9584,24,0.3289,"3 входящих связей от 3 отправителей; 0 исходящих связей к 0 получателям; вход 280,090 KZT, выход 0 KZT",3,0,280090.0,0.0,0.00031149881059583704,0.0,3,False,False
100000003060187100,terminal,0.5,43,0.1132,"1 входящих связей от 1 отправителей; 0 исходящих связей к 0 получателям; вход 93,046 KZT, выход 0 KZT",1,0,93046.0,0.0,0.0003014815867240037,0.0,3,False,False
100000008718811100,terminal,0.4873,22,0.1025,"1 входящих связей от 1 отправителей; 0 исходящих связей к 0 получателям; вход 73,300 KZT, выход 0 KZT",1,0,73300.0,0.0,0.0002970097954313935,0.0,3,False,False
100000008043184100,terminal,0.4676,28,0.0871,"1 входящих связей от 1 отправителей; 0 исходящих связей к 0 получателям; вход 50,564 KZT, выход 0 KZT",1,0,50564.0,0.0,0.00029352801963081546,0.0,3,False,False
100000002530224100,terminal,0.5103,5,0.117,"1 входящих связей от 1 отправителей; 0 исходящих связей к 0 получателям; вход 113,000 KZT, выход 0 KZT",1,0,113000.0,0.0,0.00029139102055774306,0.0,3,False,False
100000008754608100,terminal,0.3927,22,0.0309,"1 входящих связей от 1 отправителей; 0 исходящих связей к 0 получателям; вход 12,300 KZT, выход 0 KZT",1,0,12300.0,0.0,0.0002874890509012393,0.0,3,False,False
100000006989232100,terminal,0.424,0,0.0534,"1 входящих связей от 1 отправителей; 0 исходящих связей к 0 получателям; вход 22,194 KZT, выход 0 KZT",1,0,22194.0,0.0,0.0002875375081453232,0.0,3,False,False
100000006532229100,terminal,0.5064,42,0.1175,"1 входящих связей от 1 отправителей; 0 исходящих связей к 0 получателям; вход 105,000 KZT, выход 0 KZT",1,0,105000.0,0.0,0.00030063518629304246,0.0,3,False,False
100000005661829100,transit,0.9671,43,0.4173,"1 входящих связей от 1 отправителей; 2 исходящих связей к 2 получателям; вход 37,790 KZT, выход 40,362 KZT",1,2,37790.0,40362.0,0.0002920319635832888,1.0680603334215402,3,False,False
100000004553349100,terminal,0.3682,10,0.0178,"1 входящих связей от 1 отправителей; 0 исходящих связей к 0 получателям; вход 7,755 KZT, выход 0 KZT",1,0,7755.0,0.0,0.0003000285848322988,0.0,3,False,False
100000002945626100,consolidator,0.9974,5,0.3665,"3 входящих связей от 3 отправителей; 0 исходящих связей к 0 получателям; вход 584,000 KZT, выход 0 KZT",3,0,584000.0,0.0,0.00033776443625034406,0.0,3,False,False
100000008775471100,terminal,0.597,35,0.2038,"1 входящих связей от 1 отправителей; 0 исходящих связей к 0 получателям; вход 580,000 KZT, выход 0 KZT",1,0,580000.0,0.0,0.0003583758008227347,0.0,3,False,False
100000000404740100,transit,0.0,13,0.1563,"1 входящих связей от 1 отправителей; 0 исходящих связей к 0 получателям; вход 25,000 KZT, выход 0 KZT. Depth=4: отсутствие исходящих связей может быть следствием границы выгрузки",1,0,25000.0,0.0,0.0005579900727464822,0.0,4,False,True
100000004268036100,transit,0.0,46,0.0005,"1 входящих связей от 1 отправителей; 0 исходящих связей к 0 получателям; вход 5,500 KZT, выход 0 KZT. Depth=4: отсутствие исходящих связей может быть следствием границы выгрузки",1,0,5500.0,0.0,0.00028851261710781314,0.0,4,False,True
100000001256409100,transit,0.0,1,0.1089,"1 входящих связей от 1 отправителей; 0 исходящих связей к 0 получателям; вход 8,000 KZT, выход 0 KZT. Depth=4: отсутствие исходящих связей может быть следствием границы выгрузки",1,0,8000.0,0.0,0.0005471647850140182,0.0,4,False,True
100000005360814100,transit,0.0,1,0.178,"1 входящих связей от 1 отправителей; 0 исходящих связей к 0 получателям; вход 144,000 KZT, выход 0 KZT. Depth=4: отсутствие исходящих связей может быть следствием границы выгрузки",1,0,144000.0,0.0,0.0004336887325641262,0.0,4,False,True
100000002369454100,transit,0.0,1,0.1094,"1 входящих связей от 1 отправителей; 0 исходящих связей к 0 получателям; вход 25,000 KZT, выход 0 KZT. Depth=4: отсутствие исходящих связей может быть следствием границы выгрузки",1,0,25000.0,0.0,0.0004288818435522467,0.0,4,False,True
100000004272302100,transit,0.0,57,0.0231,"1 входящих связей от 1 отправителей; 0 исходящих связей к 0 получателям; вход 10,000 KZT, выход 0 KZT. Depth=4: отсутствие исходящих связей может быть следствием границы выгрузки",1,0,10000.0,0.0,0.0002877361499743463,0.0,4,False,True
100000008727982100,transit,0.0,48,0.1472,"1 входящих связей от 1 отправителей; 0 исходящих связей к 0 получателям; вход 30,000 KZT, выход 0 KZT. Depth=4: отсутствие исходящих связей может быть следствием границы выгрузки",1,0,30000.0,0.0,0.0005138489258762199,0.0,4,False,True
100000000600707100,transit,0.0,26,0.2092,"1 входящих связей от 1 отправителей; 0 исходящих связей к 0 получателям; вход 89,000 KZT, выход 0 KZT. Depth=4: отсутствие исходящих связей может быть следствием границы выгрузки",1,0,89000.0,0.0,0.0005701602511841799,0.0,4,False,True
100000004500781100,transit,0.0,40,0.2424,"1 входящих связей от 1 отправителей; 0 исходящих связей к 0 получателям; вход 74,000 KZT, выход 0 KZT. Depth=4: отсутствие исходящих связей может быть следствием границы выгрузки",1,0,74000.0,0.0,0.000680750362585005,0.0,4,False,True
100000008703533100,transit,0.0,42,0.1028,"1 входящих связей от 1 отправителей; 0 исходящих связей к 0 получателям; вход 75,000 KZT, выход 0 KZT. Depth=4: отсутствие исходящих связей может быть следствием границы выгрузки",1,0,75000.0,0.0,0.0002955267779905951,0.0,4,False,True
100000004549591100,transit,0.0,19,0.1407,"1 входящих связей от 1 отправителей; 0 исходящих связей к 0 получателям; вход 49,000 KZT, выход 0 KZT. Depth=4: отсутствие исходящих связей может быть следствием границы выгрузки",1,0,49000.0,0.0,0.0004443211683334039,0.0,4,False,True
100000002700161100,transit,0.0,47,0.2986,"1 входящих связей от 1 отправителей; 0 исходящих связей к 0 получателям; вход 39,000 KZT, выход 0 KZT. Depth=4: отсутствие исходящих связей может быть следствием границы выгрузки",1,0,39000.0,0.0,0.000902664307815214,0.0,4,False,True
100000003134550100,transit,0.0,42,0.115,"1 входящих связей от 1 отправителей; 0 исходящих связей к 0 получателям; вход 100,000 KZT, выход 0 KZT. Depth=4: отсутствие исходящих связей может быть следствием границы выгрузки",1,0,100000.0,0.0,0.00029884593924836344,0.0,4,False,True
100000001957974100,transit,0.0,40,0.1842,"1 входящих связей от 1 отправителей; 0 исходящих связей к 0 получателям; вход 500,000 KZT, выход 0 KZT. Depth=4: отсутствие исходящих связей может быть следствием границы выгрузки",1,0,500000.0,0.0,0.00032013746769043446,0.0,4,False,True
100000001246806100,transit,0.0,5,0.2102,"1 входящих связей от 1 отправителей; 0 исходящих связей к 0 получателям; вход 130,000 KZT, выход 0 KZT. Depth=4: отсутствие исходящих связей может быть следствием границы выгрузки",1,0,130000.0,0.0,0.0005329767614424794,0.0,4,False,True
100000003622955100,transit,0.0,11,0.2883,"1 входящих связей от 1 отправителей; 0 исходящих связей к 0 получателям; вход 15,000 KZT, выход 0 KZT. Depth=4: отсутствие исходящих связей может быть следствием границы выгрузки",1,0,15000.0,0.0,0.0013342637758280147,0.0,4,False,True
100000003692843100,transit,0.0,54,0.2611,"1 входящих связей от 1 отправителей; 0 исходящих связей к 0 получателям; вход 510,000 KZT, выход 0 KZT. Depth=4: отсутствие исходящих связей может быть следствием границы выгрузки",1,0,510000.0,0.0,0.0005294957412060594,0.0,4,False,True
100000008629504100,transit,0.0,0,0.0547,"1 входящих связей от 1 отправителей; 0 исходящих связей к 0 получателям; вход 20,000 KZT, выход 0 KZT. Depth=4: отсутствие исходящих связей может быть следствием границы выгрузки",1,0,20000.0,0.0,0.00030201034173378425,0.0,4,False,True
100000005621418100,transit,0.0,14,0.0723,"1 входящих связей от 1 отправителей; 0 исходящих связей к 0 получателям; вход 30,000 KZT, выход 0 KZT. Depth=4: отсутствие исходящих связей может быть следствием границы выгрузки",1,0,30000.0,0.0,0.00030782638639647263,0.0,4,False,True
100000004167082100,transit,0.0,12,0.0693,"1 входящих связей от 1 отправителей; 0 исходящих связей к 0 получателям; вход 13,300 KZT, выход 0 KZT. Depth=4: отсутствие исходящих связей может быть следствием границы выгрузки",1,0,13300.0,0.0,0.0003849148092594282,0.0,4,False,True
100000004379306100,transit,0.0,1,0.1274,"1 входящих связей от 1 отправителей; 0 исходящих связей к 0 получателям; вход 15,000 KZT, выход 0 KZT. Depth=4: отсутствие исходящих связей может быть следствием границы выгрузки",1,0,15000.0,0.0,0.0005320511103436054,0.0,4,False,True
100000004856746100,transit,0.0,62,0.054,"1 входящих связей от 1 отправителей; 0 исходящих связей к 0 получателям; вход 20,000 KZT, выход 0 KZT. Depth=4: отсутствие исходящих связей может быть следствием границы выгрузки",1,0,20000.0,0.0,0.0003000473060624511,0.0,4,False,True
100000004891562100,transit,0.0,46,0.1316,"1 входящих связей от 1 отправителей; 0 исходящих связей к 0 получателям; вход 103,400 KZT, выход 0 KZT. Depth=4: отсутствие исходящих связей может быть следствием границы выгрузки",1,0,103400.0,0.0,0.0003409037645591215,0.0,4,False,True
100000007042175100,transit,0.0,0,0.181,"1 входящих связей от 1 отправителей; 0 исходящих связей к 0 получателям; вход 60,000 KZT, выход 0 KZT. Depth=4: отсутствие исходящих связей может быть следствием границы выгрузки",1,0,60000.0,0.0,0.0005340058628254442,0.0,4,False,True
100000002670463100,transit,0.0,46,0.0722,"1 входящих связей от 1 отправителей; 0 исходящих связей к 0 получателям; вход 31,500 KZT, выход 0 KZT. Depth=4: отсутствие исходящих связей может быть следствием границы выгрузки",1,0,31500.0,0.0,0.00030242650713573977,0.0,4,False,True
100000005567828100,transit,0.0,18,0.1206,"1 входящих связей от 1 отправителей; 0 исходящих связей к 0 получателям; вход 94,000 KZT, выход 0 KZT. Depth=4: отсутствие исходящих связей может быть следствием границы выгрузки",1,0,94000.0,0.0,0.00032075622145791993,0.0,4,False,True
100000004200745100,transit,0.0,8,0.2349,"1 входящих связей от 1 отправителей; 0 исходящих связей к 0 получателям; вход 130,000 KZT, выход 0 KZT. Depth=4: отсутствие исходящих связей может быть следствием границы выгрузки",1,0,130000.0,0.0,0.0006010148962169071,0.0,4,False,True
100000003989033100,transit,0.0,11,0.2744,"1 входящих связей от 1 отправителей; 0 исходящих связей к 0 получателям; вход 373,400 KZT, выход 0 KZT. Depth=4: отсутствие исходящих связей может быть следствием границы выгрузки",1,0,373400.0,0.0,0.0005989171063455096,0.0,4,False,True
100000005146665100,transit,0.0,44,0.0,"1 входящих связей от 1 отправителей; 0 исходящих связей к 0 получателям; вход 5,500 KZT, выход 0 KZT. Depth=4: отсутствие исходящих связей может быть следствием границы выгрузки",1,0,5500.0,0.0,0.0002864537524941113,0.0,4,False,True
100000003096787100,transit,0.0,18,0.0434,"1 входящих связей от 1 отправителей; 0 исходящих связей к 0 получателям; вход 16,400 KZT, выход 0 KZT. Depth=4: отсутствие исходящих связей может быть следствием границы выгрузки",1,0,16400.0,0.0,0.00029170829003374047,0.0,4,False,True
100000003074515100,transit,0.0,5,0.1171,"1 входящих связей от 1 отправителей; 0 исходящих связей к 0 получателям; вход 105,000 KZT, выход 0 KZT. Depth=4: отсутствие исходящих связей может быть следствием границы выгрузки",1,0,105000.0,0.0,0.00029938285450538106,0.0,4,False,True
100000004377043100,transit,0.0,15,0.0292,"1 входящих связей от 1 отправителей; 0 исходящих связей к 0 получателям; вход 5,700 KZT, выход 0 KZT. Depth=4: отсутствие исходящих связей может быть следствием границы выгрузки",1,0,5700.0,0.0,0.0003635495256865634,0.0,4,False,True
100000008680061100,transit,0.0,10,0.0856,"1 входящих связей от 1 отправителей; 0 исходящих связей к 0 получателям; вход 41,300 KZT, выход 0 KZT. Depth=4: отсутствие исходящих связей может быть следствием границы выгрузки",1,0,41300.0,0.0,0.00031068559080704136,0.0,4,False,True
100000008471634100,transit,0.0,13,0.2993,"1 входящих связей от 1 отправителей; 0 исходящих связей к 0 получателям; вход 20,000 KZT, выход 0 KZT. Depth=4: отсутствие исходящих связей может быть следствием границы выгрузки",1,0,20000.0,0.0,0.0011246149928916304,0.0,4,False,True
100000002119762100,transit,0.0,10,0.1889,"1 входящих связей от 1 отправителей; 0 исходящих связей к 0 получателям; вход 77,000 KZT, выход 0 KZT. Depth=4: отсутствие исходящих связей может быть следствием границы выгрузки",1,0,77000.0,0.0,0.0005295245957280105,0.0,4,False,True
100000008628818100,transit,0.0,18,0.0871,"1 входящих связей от 1 отправителей; 0 исходящих связей к 0 получателям; вход 46,310 KZT, выход 0 KZT. Depth=4: отсутствие исходящих связей может быть следствием границы выгрузки",1,0,46310.0,0.0,0.0003029044708184983,0.0,4,False,True
100000007510567100,transit,0.0,18,0.0923,"1 входящих связей от 1 отправителей; 0 исходящих связей к 0 получателям; вход 52,000 KZT, выход 0 KZT. Depth=4: отсутствие исходящих связей может быть следствием границы выгрузки",1,0,52000.0,0.0,0.000305034402903596,0.0,4,False,True
100000004780327100,transit,0.0,46,0.0316,"1 входящих связей от 1 отправителей; 0 исходящих связей к 0 получателям; вход 12,000 KZT, выход 0 KZT. Depth=4: отсутствие исходящих связей может быть следствием границы выгрузки",1,0,12000.0,0.0,0.00029199108961479477,0.0,4,False,True
100000008376785100,transit,0.0,10,0.2322,"1 входящих связей от 1 отправителей; 0 исходящих связей к 0 получателям; вход 234,250 KZT, выход 0 KZT. Depth=4: отсутствие исходящих связей может быть следствием границы выгрузки",1,0,234250.0,0.0,0.0005318070054641091,0.0,4,False,True
100000005745873100,transit,0.0,65,0.152,"1 входящих связей от 1 отправителей; 0 исходящих связей к 0 получателям; вход 223,000 KZT, выход 0 KZT. Depth=4: отсутствие исходящих связей может быть следствием границы выгрузки",1,0,223000.0,0.0,0.0003163211975392898,0.0,4,False,True
100000002594214100,transit,0.0,30,0.2091,"1 входящих связей от 1 отправителей; 0 исходящих связей к 0 получателям; вход 1,000,000 KZT, выход 0 KZT. Depth=4: отсутствие исходящих связей может быть следствием границы выгрузки",1,0,1000000.0,0.0,0.000367059243362219,0.0,4,False,True
100000001299323100,transit,0.0,5,0.1187,"1 входящих связей от 1 отправителей; 0 исходящих связей к 0 получателям; вход 109,000 KZT, выход 0 KZT. Depth=4: отсутствие исходящих связей может быть следствием границы выгрузки",1,0,109000.0,0.0,0.0002999090853734988,0.0,4,False,True
100000003838587100,transit,0.0,40,0.1008,"1 входящих связей от 1 отправителей; 0 исходящих связей к 0 получателям; вход 6,000 KZT, выход 0 KZT. Depth=4: отсутствие исходящих связей может быть следствием границы выгрузки",1,0,6000.0,0.0,0.0005550324069085211,0.0,4,False,True
100000000673915100,transit,0.0,20,0.0499,"1 входящих связей от 1 отправителей; 0 исходящих связей к 0 получателям; вход 20,200 KZT, выход 0 KZT. Depth=4: отсутствие исходящих связей может быть следствием границы выгрузки",1,0,20200.0,0.0,0.00028757651330181647,0.0,4,False,True
100000003061115100,transit,0.0,0,0.17,"1 входящих связей от 1 отправителей; 0 исходящих связей к 0 получателям; вход 45,000 KZT, выход 0 KZT. Depth=4: отсутствие исходящих связей может быть следствием границы выгрузки",1,0,45000.0,0.0,0.0005339039923107192,0.0,4,False,True
100000004326224100,transit,0.0,10,0.1813,"1 входящих связей от 1 отправителей; 0 исходящих связей к 0 получателям; вход 60,000 KZT, выход 0 KZT. Depth=4: отсутствие исходящих связей может быть следствием границы выгрузки",1,0,60000.0,0.0,0.0005348779091078297,0.0,4,False,True
100000004988240100,transit,0.0,0,0.1376,"1 входящих связей от 1 отправителей; 0 исходящих связей к 0 получателям; вход 20,000 KZT, выход 0 KZT. Depth=4: отсутствие исходящих связей может быть следствием границы выгрузки",1,0,20000.0,0.0,0.0005299271891403055,0.0,4,False,True
100000008525136100,transit,0.0,0,0.0365,"1 входящих связей от 1 отправителей; 0 исходящих связей к 0 получателям; вход 14,100 KZT, выход 0 KZT. Depth=4: отсутствие исходящих связей может быть следствием границы выгрузки",1,0,14100.0,0.0,0.00028852165504843517,0.0,4,False,True
100000001991973100,transit,0.0,46,0.0543,"1 входящих связей от 1 отправителей; 0 исходящих связей к 0 получателям; вход 20,800 KZT, выход 0 KZT. Depth=4: отсутствие исходящих связей может быть следствием границы выгрузки",1,0,20800.0,0.0,0.0002967004062396315,0.0,4,False,True
100000004569637100,transit,0.0,1,0.0968,"1 входящих связей от 1 отправителей; 0 исходящих связей к 0 получателям; вход 5,500 KZT, выход 0 KZT. Depth=4: отсутствие исходящих связей может быть следствием границы выгрузки",1,0,5500.0,0.0,0.0005531603067223179,0.0,4,False,True
100000008675322100,transit,0.0,20,0.1692,"1 входящих связей от 1 отправителей; 0 исходящих связей к 0 получателям; вход 340,000 KZT, выход 0 KZT. Depth=4: отсутствие исходящих связей может быть следствием границы выгрузки",1,0,340000.0,0.0,0.00031935416989743563,0.0,4,False,True
100000004235471100,transit,0.0,10,0.1556,"1 входящих связей от 1 отправителей; 0 исходящих связей к 0 получателям; вход 180,000 KZT, выход 0 KZT. Depth=4: отсутствие исходящих связей может быть следствием границы выгрузки",1,0,180000.0,0.0,0.0003486135302974605,0.0,4,False,True
100000003194831100,transit,0.0,11,0.0063,"1 входящих связей от 1 отправителей; 0 исходящих связей к 0 получателям; вход 6,265 KZT, выход 0 KZT. Depth=4: отсутствие исходящих связей может быть следствием границы выгрузки",1,0,6265.0,0.0,0.00029082672336293373,0.0,4,False,True
100000008588665100,transit,0.0,0,0.0816,"1 входящих связей от 1 отправителей; 0 исходящих связей к 0 получателям; вход 25,000 KZT, выход 0 KZT. Depth=4: отсутствие исходящих связей может быть следствием границы выгрузки",1,0,25000.0,0.0,0.00035249090665568923,0.0,4,False,True
100000003230329100,transit,0.0,5,0.1191,"1 входящих связей от 1 отправителей; 0 исходящих связей к 0 получателям; вход 110,000 KZT, выход 0 KZT. Depth=4: отсутствие исходящих связей может быть следствием границы выгрузки",1,0,110000.0,0.0,0.00030004064309052827,0.0,4,False,True
100000002217806100,transit,0.0,19,0.1522,"1 входящих связей от 1 отправителей; 0 исходящих связей к 0 получателям; вход 55,000 KZT, выход 0 KZT. Depth=4: отсутствие исходящих связей может быть следствием границы выгрузки",1,0,55000.0,0.0,0.00046376017332721377,0.0,4,False,True
100000004041294100,transit,0.0,13,0.0499,"1 входящих связей от 1 отправителей; 0 исходящих связей к 0 получателям; вход 17,800 KZT, выход 0 KZT. Depth=4: отсутствие исходящих связей может быть следствием границы выгрузки",1,0,17800.0,0.0,0.00030085428557357664,0.0,4,False,True
100000008583971100,transit,0.0,0,0.2,"2 входящих связей от 2 отправителей; 0 исходящих связей к 0 получателям; вход 51,000 KZT, выход 0 KZT. Depth=4: отсутствие исходящих связей может быть следствием границы выгрузки",2,0,51000.0,0.0,0.00032971602313587844,0.0,4,False,True
100000008251939100,transit,0.0,18,0.0852,"1 входящих связей от 1 отправителей; 0 исходящих связей к 0 получателям; вход 44,360 KZT, выход 0 KZT. Depth=4: отсутствие исходящих связей может быть следствием границы выгрузки",1,0,44360.0,0.0,0.00030217452924276186,0.0,4,False,True
100000004049912100,transit,0.0,43,0.0365,"1 входящих связей от 1 отправителей; 0 исходящих связей к 0 получателям; вход 10,000 KZT, выход 0 KZT. Depth=4: отсутствие исходящих связей может быть следствием границы выгрузки",1,0,10000.0,0.0,0.0003245564257590681,0.0,4,False,True
100000002227960100,transit,0.0,32,0.0273,"1 входящих связей от 1 отправителей; 0 исходящих связей к 0 получателям; вход 10,000 KZT, выход 0 KZT. Depth=4: отсутствие исходящих связей может быть следствием границы выгрузки",1,0,10000.0,0.0,0.0002994376832159761,0.0,4,False,True
100000008677368100,transit,0.0,2,0.1241,"1 входящих связей от 1 отправителей; 0 исходящих связей к 0 получателям; вход 13,500 KZT, выход 0 KZT. Depth=4: отсутствие исходящих связей может быть следствием границы выгрузки",1,0,13500.0,0.0,0.0005340288694748723,0.0,4,False,True
100000008631800100,transit,0.0,46,0.0344,"1 входящих связей от 1 отправителей; 0 исходящих связей к 0 получателям; вход 12,850 KZT, выход 0 KZT. Depth=4: отсутствие исходящих связей может быть следствием границы выгрузки",1,0,12850.0,0.0,0.00029244596678878467,0.0,4,False,True
100000003220685100,transit,0.0,10,0.2711,"1 входящих связей от 1 отправителей; 0 исходящих связей к 0 получателям; вход 1,306,000 KZT, выход 0 KZT. Depth=4: отсутствие исходящих связей может быть следствием границы выгрузки",1,0,1306000.0,0.0,0.0005375987236644594,0.0,4,False,True
100000003072205100,transit,0.0,5,0.2404,"2 входящих связей от 2 отправителей; 0 исходящих связей к 0 получателям; вход 163,000 KZT, выход 0 KZT. Depth=4: отсутствие исходящих связей может быть следствием границы выгрузки",2,0,163000.0,0.0,0.00031897392558810547,0.0,4,False,True
100000001202637100,transit,0.0,18,0.118,"1 входящих связей от 1 отправителей; 0 исходящих связей к 0 получателям; вход 10,000 KZT, выход 0 KZT. Depth=4: отсутствие исходящих связей может быть следствием границы выгрузки",1,0,10000.0,0.0,0.0005487659443752234,0.0,4,False,True
100000002835874100,transit,0.0,5,0.0927,"1 входящих связей от 1 отправителей; 0 исходящих связей к 0 получателям; вход 58,700 KZT, выход 0 KZT. Depth=4: отсутствие исходящих связей может быть следствием границы выгрузки",1,0,58700.0,0.0,0.00029329173220691814,0.0,4,False,True
100000002707106100,transit,0.0,40,0.0383,"1 входящих связей от 1 отправителей; 0 исходящих связей к 0 получателям; вход 15,000 KZT, выход 0 KZT. Depth=4: отсутствие исходящих связей может быть следствием границы выгрузки",1,0,15000.0,0.0,0.00028660633942148453,0.0,4,False,True
100000008343415100,transit,0.0,1,0.1642,"1 входящих связей от 1 отправителей; 0 исходящих связей к 0 получателям; вход 100,000 KZT, выход 0 KZT. Depth=4: отсутствие исходящих связей может быть следствием границы выгрузки",1,0,100000.0,0.0,0.00043399201964799375,0.0,4,False,True
100000004981068100,transit,0.0,1,0.0562,"1 входящих связей от 1 отправителей; 0 исходящих связей к 0 получателям; вход 10,000 KZT, выход 0 KZT. Depth=4: отсутствие исходящих связей может быть следствием границы выгрузки",1,0,10000.0,0.0,0.0003788472368268373,0.0,4,False,True
100000004241142100,transit,0.0,0,0.1493,"1 входящих связей от 1 отправителей; 0 исходящих связей к 0 получателям; вход 27,102 KZT, выход 0 KZT. Depth=4: отсутствие исходящих связей может быть следствием границы выгрузки",1,0,27102.0,0.0,0.0005301329725055725,0.0,4,False,True
100000008190411100,transit,0.0,50,0.1867,"1 входящих связей от 1 отправителей; 0 исходящих связей к 0 получателям; вход 198,450 KZT, выход 0 KZT. Depth=4: отсутствие исходящих связей может быть следствием границы выгрузки",1,0,198450.0,0.0,0.0004241348636842555,0.0,4,False,True
100000008699083100,transit,0.0,24,0.151,"1 входящих связей от 1 отправителей; 0 исходящих связей к 0 получателям; вход 238,500 KZT, выход 0 KZT. Depth=4: отсутствие исходящих связей может быть следствием границы выгрузки",1,0,238500.0,0.0,0.00030640170893457807,0.0,4,False,True
100000008136608100,transit,0.0,18,0.2318,"1 входящих связей от 1 отправителей; 0 исходящих связей к 0 получателям; вход 170,000 KZT, выход 0 KZT. Depth=4: отсутствие исходящих связей может быть следствием границы выгрузки",1,0,170000.0,0.0,0.0005643778935793348,0.0,4,False,True
100000008695157100,transit,0.0,1,0.2425,"1 входящих связей от 1 отправителей; 0 исходящих связей к 0 получателям; вход 425,546 KZT, выход 0 KZT. Depth=4: отсутствие исходящих связей может быть следствием границы выгрузки",1,0,425546.0,0.0,0.0004975174254247265,0.0,4,False,True
100000000369781100,transit,0.0,10,0.0892,"1 входящих связей от 1 отправителей; 0 исходящих связей к 0 получателям; вход 5,000 KZT, выход 0 KZT. Depth=4: отсутствие исходящих связей может быть следствием границы выгрузки",1,0,5000.0,0.0,0.0005324777910582551,0.0,4,False,True
100000003133045100,transit,0.0,50,0.1127,"1 входящих связей от 1 отправителей; 0 исходящих связей к 0 получателям; вход 68,000 KZT, выход 0 KZT. Depth=4: отсутствие исходящих связей может быть следствием границы выгрузки",1,0,68000.0,0.0,0.0003330495598950611,0.0,4,False,True
100000002474570100,transit,0.0,46,0.0086,"1 входящих связей от 1 отправителей; 0 исходящих связей к 0 получателям; вход 6,750 KZT, выход 0 KZT. Depth=4: отсутствие исходящих связей может быть следствием границы выгрузки",1,0,6750.0,0.0,0.0002891815541283865,0.0,4,False,True
100000002514975100,transit,0.0,14,0.1338,"1 входящих связей от 1 отправителей; 0 исходящих связей к 0 получателям; вход 17,920 KZT, выход 0 KZT. Depth=4: отсутствие исходящих связей может быть следствием границы выгрузки",1,0,17920.0,0.0,0.0005310425183631411,0.0,4,False,True
100000001089055100,transit,0.0,28,0.0482,"1 входящих связей от 1 отправителей; 0 исходящих связей к 0 получателям; вход 13,000 KZT, выход 0 KZT. Depth=4: отсутствие исходящих связей может быть следствием границы выгрузки",1,0,13000.0,0.0,0.00032930768290613944,0.0,4,False,True
100000000608031100,transit,0.0,28,0.1562,"1 входящих связей от 1 отправителей; 0 исходящих связей к 0 получателям; вход 30,000 KZT, выход 0 KZT. Depth=4: отсутствие исходящих связей может быть следствием границы выгрузки",1,0,30000.0,0.0,0.0005386366709608561,0.0,4,False,True
100000002659103100,transit,0.0,51,0.1526,"1 входящих связей от 1 отправителей; 0 исходящих связей к 0 получателям; вход 165,000 KZT, выход 0 KZT. Depth=4: отсутствие исходящих связей может быть следствием границы выгрузки",1,0,165000.0,0.0,0.000349710524256835,0.0,4,False,True
100000000733940100,transit,0.0,36,0.2251,"1 входящих связей от 1 отправителей; 0 исходящих связей к 0 получателям; вход 752,000 KZT, выход 0 KZT. Depth=4: отсутствие исходящих связей может быть следствием границы выгрузки",1,0,752000.0,0.0,0.00041118521018324706,0.0,4,False,True
100000001537524100,transit,0.0,24,0.1304,"1 входящих связей от 1 отправителей; 0 исходящих связей к 0 получателям; вход 150,000 KZT, выход 0 KZT. Depth=4: отсутствие исходящих связей может быть следствием границы выгрузки",1,0,150000.0,0.0,0.0002986714418382259,0.0,4,False,True
100000002971593100,transit,0.0,10,0.172,"1 входящих связей от 1 отправителей; 0 исходящих связей к 0 получателям; вход 49,050 KZT, выход 0 KZT. Depth=4: отсутствие исходящих связей может быть следствием границы выгрузки",1,0,49050.0,0.0,0.0005303801543957137,0.0,4,False,True
100000006918814100,transit,0.0,3,0.0556,"1 входящих связей от 1 отправителей; 0 исходящих связей к 0 получателям; вход 20,000 KZT, выход 0 KZT. Depth=4: отсутствие исходящих связей может быть следствием границы выгрузки",1,0,20000.0,0.0,0.0003043279710896778,0.0,4,False,True
100000007381662100,transit,0.0,0,0.03,"1 входящих связей от 1 отправителей; 0 исходящих связей к 0 получателям; вход 11,000 KZT, выход 0 KZT. Depth=4: отсутствие исходящих связей может быть следствием границы выгрузки",1,0,11000.0,0.0,0.00029683392810289037,0.0,4,False,True
100000003199390100,transit,0.0,10,0.1798,"1 входящих связей от 1 отправителей; 0 исходящих связей к 0 получателям; вход 260,000 KZT, выход 0 KZT. Depth=4: отсутствие исходящих связей может быть следствием границы выгрузки",1,0,260000.0,0.0,0.00037663319077753615,0.0,4,False,True
100000007749747100,transit,0.0,42,0.1412,"1 входящих связей от 1 отправителей; 0 исходящих связей к 0 получателям; вход 50,000 KZT, выход 0 KZT. Depth=4: отсутствие исходящих связей может быть следствием границы выгрузки",1,0,50000.0,0.0,0.0004436219671018509,0.0,4,False,True
100000003447411100,transit,0.0,1,0.1598,"1 входящих связей от 1 отправителей; 0 исходящих связей к 0 получателям; вход 302,000 KZT, выход 0 KZT. Depth=4: отсутствие исходящих связей может быть следствием границы выгрузки",1,0,302000.0,0.0,0.00030581844296807327,0.0,4,False,True
100000000500040100,transit,0.0,0,0.0562,"1 входящих связей от 1 отправителей; 0 исходящих связей к 0 получателям; вход 20,000 KZT, выход 0 KZT. Depth=4: отсутствие исходящих связей может быть следствием границы выгрузки",1,0,20000.0,0.0,0.0003060504467365633,0.0,4,False,True
100000008551752100,transit,0.0,65,0.184,"1 входящих связей от 1 отправителей; 0 исходящих связей к 0 получателям; вход 406,000 KZT, выход 0 KZT. Depth=4: отсутствие исходящих связей может быть следствием границы выгрузки",1,0,406000.0,0.0,0.0003415570643909756,0.0,4,False,True
100000002876914100,transit,0.0,46,0.0316,"1 входящих связей от 1 отправителей; 0 исходящих связей к 0 получателям; вход 12,000 KZT, выход 0 KZT. Depth=4: отсутствие исходящих связей может быть следствием границы выгрузки",1,0,12000.0,0.0,0.00029199108961479477,0.0,4,False,True
100000004571634100,transit,0.0,11,0.081,"1 входящих связей от 1 отправителей; 0 исходящих связей к 0 получателям; вход 20,000 KZT, выход 0 KZT. Depth=4: отсутствие исходящих связей может быть следствием границы выгрузки",1,0,20000.0,0.0,0.00037417734894680267,0.0,4,False,True
100000004610802100,transit,0.0,56,0.2123,"1 входящих связей от 1 отправителей; 0 исходящих связей к 0 получателям; вход 241,000 KZT, выход 0 KZT. Depth=4: отсутствие исходящих связей может быть следствием границы выгрузки",1,0,241000.0,0.0,0.0004739522248641112,0.0,4,False,True
100000001311175100,transit,0.0,24,0.2416,"1 входящих связей от 1 отправителей; 0 исходящих связей к 0 получателям; вход 300,000 KZT, выход 0 KZT. Depth=4: отсутствие исходящих связей может быть следствием границы выгрузки",1,0,300000.0,0.0,0.0005315144876960884,0.0,4,False,True
100000008740295100,transit,0.0,5,0.1665,"1 входящих связей от 1 отправителей; 0 исходящих связей к 0 получателям; вход 300,000 KZT, выход 0 KZT. Depth=4: отсутствие исходящих связей может быть следствием границы выгрузки",1,0,300000.0,0.0,0.00032503660932612125,0.0,4,False,True
100000002596039100,transit,0.0,1,0.1563,"1 входящих связей от 1 отправителей; 0 исходящих связей к 0 получателям; вход 280,000 KZT, выход 0 KZT. Depth=4: отсутствие исходящих связей может быть следствием границы выгрузки",1,0,280000.0,0.0,0.00030434333941669174,0.0,4,False,True
100000002126791100,transit,0.0,5,0.2835,"1 входящих связей от 1 отправителей; 0 исходящих связей к 0 получателям; вход 1,313,000 KZT, выход 0 KZT. Depth=4: отсутствие исходящих связей может быть следствием границы выгрузки",1,0,1313000.0,0.0,0.0005716806006060716,0.0,4,False,True
100000005783452100,transit,0.0,24,0.2603,"2 входящих связей от 2 отправителей; 0 исходящих связей к 0 получателям; вход 286,500 KZT, выход 0 KZT. Depth=4: отсутствие исходящих связей может быть следствием границы выгрузки",2,0,286500.0,0.0,0.00031441856690158417,0.0,4,False,True
100000006693788100,transit,0.0,0,0.1147,"1 входящих связей от 1 отправителей; 0 исходящих связей к 0 получателям; вход 10,764 KZT, выход 0 KZT. Depth=4: отсутствие исходящих связей может быть следствием границы выгрузки",1,0,10764.0,0.0,0.0005320949120369095,0.0,4,False,True
100000002832753100,transit,0.0,4,0.2017,"1 входящих связей от 1 отправителей; 0 исходящих связей к 0 получателям; вход 12,500 KZT, выход 0 KZT. Depth=4: отсутствие исходящих связей может быть следствием границы выгрузки",1,0,12500.0,0.0,0.0007555331214190848,0.0,4,False,True
100000002981489100,transit,0.0,10,0.0233,"1 входящих связей от 1 отправителей; 0 исходящих связей к 0 получателям; вход 10,000 KZT, выход 0 KZT. Depth=4: отсутствие исходящих связей может быть следствием границы выгрузки",1,0,10000.0,0.0,0.0002883312964836393,0.0,4,False,True
100000003084870100,transit,0.0,24,0.0275,"1 входящих связей от 1 отправителей; 0 исходящих связей к 0 получателям; вход 6,500 KZT, выход 0 KZT. Depth=4: отсутствие исходящих связей может быть следствием границы выгрузки",1,0,6500.0,0.0,0.0003451786560651282,0.0,4,False,True
100000002791494100,transit,0.0,18,0.1161,"1 входящих связей от 1 отправителей; 0 исходящих связей к 0 получателям; вход 85,860 KZT, выход 0 KZT. Depth=4: отсутствие исходящих связей может быть следствием границы выгрузки",1,0,85860.0,0.0,0.00031770918329048663,0.0,4,False,True
100000003345947100,transit,0.0,1,0.1775,"1 входящих связей от 1 отправителей; 0 исходящих связей к 0 получателям; вход 79,500 KZT, выход 0 KZT. Depth=4: отсутствие исходящих связей может быть следствием границы выгрузки",1,0,79500.0,0.0,0.0004947659232077648,0.0,4,False,True
100000002733083100,transit,0.0,18,0.0403,"1 входящих связей от 1 отправителей; 0 исходящих связей к 0 получателям; вход 15,200 KZT, выход 0 KZT. Depth=4: отсутствие исходящих связей может быть следствием границы выгрузки",1,0,15200.0,0.0,0.00029125909521790267,0.0,4,False,True
100000003247600100,transit,0.0,3,0.2914,"1 входящих связей от 1 отправителей; 0 исходящих связей к 0 получателям; вход 58,000 KZT, выход 0 KZT. Depth=4: отсутствие исходящих связей может быть следствием границы выгрузки",1,0,58000.0,0.0,0.000841209095166374,0.0,4,False,True
100000001378288100,transit,0.0,1,0.2343,"1 входящих связей от 1 отправителей; 0 исходящих связей к 0 получателям; вход 268,000 KZT, выход 0 KZT. Depth=4: отсутствие исходящих связей может быть следствием границы выгрузки",1,0,268000.0,0.0,0.0005234508868762789,0.0,4,False,True
100000002305477100,transit,0.0,32,0.0588,"1 входящих связей от 1 отправителей; 0 исходящих связей к 0 получателям; вход 20,000 KZT, выход 0 KZT. Depth=4: отсутствие исходящих связей может быть следствием границы выгрузки",1,0,20000.0,0.0,0.00031330607221466205,0.0,4,False,True
100000006638021100,transit,0.0,60,0.3556,"2 входящих связей от 2 отправителей; 0 исходящих связей к 0 получателям; вход 388,500 KZT, выход 0 KZT. Depth=4: отсутствие исходящих связей может быть следствием границы выгрузки",2,0,388500.0,0.0,0.0005444856962899737,0.0,4,False,True
100000008517061100,transit,0.0,40,0.2258,"1 входящих связей от 1 отправителей; 0 исходящих связей к 0 получателям; вход 1,844,000 KZT, выход 0 KZT. Depth=4: отсутствие исходящих связей может быть следствием границы выгрузки",1,0,1844000.0,0.0,0.0004130567179862461,0.0,4,False,True
100000005910895100,transit,0.0,53,0.1129,"1 входящих связей от 1 отправителей; 0 исходящих связей к 0 получателям; вход 5,100 KZT, выход 0 KZT. Depth=4: отсутствие исходящих связей может быть следствием границы выгрузки",1,0,5100.0,0.0,0.0005976000607837513,0.0,4,False,True
100000002723439100,transit,0.0,53,0.1418,"1 входящих связей от 1 отправителей; 0 исходящих связей к 0 получателям; вход 18,000 KZT, выход 0 KZT. Depth=4: отсутствие исходящих связей может быть следствием границы выгрузки",1,0,18000.0,0.0,0.0005526233540248626,0.0,4,False,True
100000002320495100,transit,0.0,28,0.1247,"1 входящих связей от 1 отправителей; 0 исходящих связей к 0 получателям; вход 13,526 KZT, выход 0 KZT. Depth=4: отсутствие исходящих связей может быть следствием границы выгрузки",1,0,13526.27,0.0,0.0005354179344206204,0.0,4,False,True
100000002229615100,transit,0.0,32,0.2147,"1 входящих связей от 1 отправителей; 0 исходящих связей к 0 получателям; вход 25,000 KZT, выход 0 KZT. Depth=4: отсутствие исходящих связей может быть следствием границы выгрузки",1,0,25000.0,0.0,0.0007184983881728341,0.0,4,False,True
100000008327791100,transit,0.0,28,0.1173,"1 входящих связей от 1 отправителей; 0 исходящих связей к 0 получателям; вход 11,000 KZT, выход 0 KZT. Depth=4: отсутствие исходящих связей может быть следствием границы выгрузки",1,0,11000.0,0.0,0.0005367685704661624,0.0,4,False,True
100000002208836100,transit,0.0,10,0.1223,"1 входящих связей от 1 отправителей; 0 исходящих связей к 0 получателям; вход 90,000 KZT, выход 0 KZT. Depth=4: отсутствие исходящих связей может быть следствием границы выгрузки",1,0,90000.0,0.0,0.000329818544919523,0.0,4,False,True
100000001724740100,transit,0.0,5,0.2249,"1 входящих связей от 1 отправителей; 0 исходящих связей к 0 получателям; вход 185,000 KZT, выход 0 KZT. Depth=4: отсутствие исходящих связей может быть следствием границы выгрузки",1,0,185000.0,0.0,0.0005364804152149856,0.0,4,False,True
100000004386286100,transit,0.0,8,0.1441,"1 входящих связей от 1 отправителей; 0 исходящих связей к 0 получателям; вход 12,500 KZT, выход 0 KZT. Depth=4: отсутствие исходящих связей может быть следствием границы выгрузки",1,0,12500.0,0.0,0.0005972866869113208,0.0,4,False,True
100000001714883100,transit,0.0,46,0.0095,"1 входящих связей от 1 отправителей; 0 исходящих связей к 0 получателям; вход 6,900 KZT, выход 0 KZT. Depth=4: отсутствие исходящих связей может быть следствием границы выгрузки",1,0,6900.0,0.0,0.00028926182657085535,0.0,4,False,True
100000008337304100,transit,0.0,1,0.1372,"1 входящих связей от 1 отправителей; 0 исходящих связей к 0 получателям; вход 105,465 KZT, выход 0 KZT. Depth=4: отсутствие исходящих связей может быть следствием границы выгрузки",1,0,105465.0,0.0,0.0003542650469239118,0.0,4,False,True
100000000655469100,transit,0.0,32,0.0705,"1 входящих связей от 1 отправителей; 0 исходящих связей к 0 получателям; вход 20,000 KZT, выход 0 KZT. Depth=4: отсутствие исходящих связей может быть следствием границы выгрузки",1,0,20000.0,0.0,0.00034543115072670764,0.0,4,False,True
100000008722541100,transit,0.0,10,0.1852,"1 входящих связей от 1 отправителей; 0 исходящих связей к 0 получателям; вход 280,000 KZT, выход 0 KZT. Depth=4: отсутствие исходящих связей может быть следствием границы выгрузки",1,0,280000.0,0.0,0.0003836381058975551,0.0,4,False,True
100000004222274100,transit,0.0,0,0.1335,"1 входящих связей от 1 отправителей; 0 исходящих связей к 0 получателям; вход 15,500 KZT, выход 0 KZT. Depth=4: отсутствие исходящих связей может быть следствием границы выгрузки",1,0,15500.0,0.0,0.0005454170226679202,0.0,4,False,True
100000006232642100,transit,0.0,66,0.2199,"1 входящих связей от 1 отправителей; 0 исходящих связей к 0 получателям; вход 456,000 KZT, выход 0 KZT. Depth=4: отсутствие исходящих связей может быть следствием границы выгрузки",1,0,456000.0,0.0,0.0004278560911161392,0.0,4,False,True
100000004066370100,transit,0.0,26,0.2042,"1 входящих связей от 1 отправителей; 0 исходящих связей к 0 получателям; вход 65,000 KZT, выход 0 KZT. Depth=4: отсутствие исходящих связей может быть следствием границы выгрузки",1,0,65000.0,0.0,0.0005893461583954309,0.0,4,False,True
100000005685783100,transit,0.0,22,0.1486,"1 входящих связей от 1 отправителей; 0 исходящих связей к 0 получателям; вход 26,150 KZT, выход 0 KZT. Depth=4: отсутствие исходящих связей может быть следствием границы выгрузки",1,0,26150.0,0.0,0.0005320610913052164,0.0,4,False,True
100000006171671100,transit,0.0,0,0.1108,"1 входящих связей от 1 отправителей; 0 исходящих связей к 0 получателям; вход 10,000 KZT, выход 0 KZT. Depth=4: отсутствие исходящих связей может быть следствием границы выгрузки",1,0,10000.0,0.0,0.0005290656990407915,0.0,4,False,True
100000003481025100,transit,0.0,0,0.1075,"1 входящих связей от 1 отправителей; 0 исходящих связей к 0 получателям; вход 9,000 KZT, выход 0 KZT. Depth=4: отсутствие исходящих связей может быть следствием границы выгрузки",1,0,9000.0,0.0,0.0005310260909453542,0.0,4,False,True
100000003646145100,transit,0.0,41,0.1333,"1 входящих связей от 1 отправителей; 0 исходящих связей к 0 получателям; вход 5,000 KZT, выход 0 KZT. Depth=4: отсутствие исходящих связей может быть следствием границы выгрузки",1,0,5000.0,0.0,0.0006536813277109168,0.0,4,False,True
100000002659265100,transit,0.0,5,0.1357,"1 входящих связей от 1 отправителей; 0 исходящих связей к 0 получателям; вход 141,000 KZT, выход 0 KZT. Depth=4: отсутствие исходящих связей может быть следствием границы выгрузки",1,0,141000.0,0.0,0.00031969973198944253,0.0,4,False,True
100000003289281100,transit,0.0,0,0.1883,"1 входящих связей от 1 отправителей; 0 исходящих связей к 0 получателям; вход 40,000 KZT, выход 0 KZT. Depth=4: отсутствие исходящих связей может быть следствием границы выгрузки",1,0,40000.0,0.0,0.0005967179150727075,0.0,4,False,True
100000004840086100,transit,0.0,0,0.2024,"1 входящих связей от 1 отправителей; 0 исходящих связей к 0 получателям; вход 100,000 KZT, выход 0 KZT. Depth=4: отсутствие исходящих связей может быть следствием границы выгрузки",1,0,100000.0,0.0,0.0005391572563123882,0.0,4,False,True
100000008554390100,transit,0.0,46,0.0379,"1 входящих связей от 1 отправителей; 0 исходящих связей к 0 получателям; вход 14,000 KZT, выход 0 KZT. Depth=4: отсутствие исходящих связей может быть следствием границы выгрузки",1,0,14000.0,0.0,0.0002930613888477122,0.0,4,False,True
100000004691350100,transit,0.0,7,0.2518,"1 входящих связей от 1 отправителей; 0 исходящих связей к 0 получателям; вход 13,300 KZT, выход 0 KZT. Depth=4: отсутствие исходящих связей может быть следствием границы выгрузки",1,0,13300.0,0.0,0.0008870591048616315,0.0,4,False,True
100000004652395100,transit,0.0,0,0.299,"3 входящих связей от 3 отправителей; 0 исходящих связей к 0 получателям; вход 101,528 KZT, выход 0 KZT. Depth=4: отсутствие исходящих связей может быть следствием границы выгрузки",3,0,101528.0,0.0,0.0003357067098927743,0.0,4,False,True
100000004979264100,transit,0.0,42,0.1208,"1 входящих связей от 1 отправителей; 0 исходящих связей к 0 получателям; вход 39,800 KZT, выход 0 KZT. Depth=4: отсутствие исходящих связей может быть следствием границы выгрузки",1,0,39800.0,0.0,0.0004113792218334005,0.0,4,False,True
100000008074304100,transit,0.0,10,0.0165,"1 входящих связей от 1 отправителей; 0 исходящих связей к 0 получателям; вход 5,500 KZT, выход 0 KZT. Depth=4: отсутствие исходящих связей может быть следствием границы выгрузки",1,0,5500.0,0.0,0.000332421192783094,0.0,4,False,True
100000002227989100,transit,0.0,32,0.0883,"1 входящих связей от 1 отправителей; 0 исходящих связей к 0 получателям; вход 20,000 KZT, выход 0 KZT. Depth=4: отсутствие исходящих связей может быть следствием границы выгрузки",1,0,20000.0,0.0,0.0003944604204613206,0.0,4,False,True
100000003207060100,transit,0.0,0,0.1375,"1 входящих связей от 1 отправителей; 0 исходящих связей к 0 получателям; вход 53,000 KZT, выход 0 KZT. Depth=4: отсутствие исходящих связей может быть следствием границы выгрузки",1,0,53000.0,0.0,0.0004274431125866961,0.0,4,False,True
100000004601193100,transit,0.0,11,0.2191,"1 входящих связей от 1 отправителей; 0 исходящих связей к 0 получателям; вход 84,000 KZT, выход 0 KZT. Depth=4: отсутствие исходящих связей может быть следствием границы выгрузки",1,0,84000.0,0.0,0.0006034150427286818,0.0,4,False,True
100000004991593100,transit,0.0,1,0.1049,"1 входящих связей от 1 отправителей; 0 исходящих связей к 0 получателям; вход 45,000 KZT, выход 0 KZT. Depth=4: отсутствие исходящих связей может быть следствием границы выгрузки",1,0,45000.0,0.0,0.00035489105110696575,0.0,4,False,True
100000003128638100,transit,0.0,5,0.1785,"1 входящих связей от 1 отправителей; 0 исходящих связей к 0 получателям; вход 300,000 KZT, выход 0 KZT. Depth=4: отсутствие исходящих связей может быть следствием границы выгрузки",1,0,300000.0,0.0,0.00035818724692399735,0.0,4,False,True
100000005878334100,transit,0.0,1,0.1411,"1 входящих связей от 1 отправителей; 0 исходящих связей к 0 получателям; вход 76,400 KZT, выход 0 KZT. Depth=4: отсутствие исходящих связей может быть следствием границы выгрузки",1,0,76400.0,0.0,0.0003989642564463477,0.0,4,False,True
100000002878483100,transit,0.0,46,0.004,"1 входящих связей от 1 отправителей; 0 исходящих связей к 0 получателям; вход 6,000 KZT, выход 0 KZT. Depth=4: отсутствие исходящих связей может быть следствием границы выгрузки",1,0,6000.0,0.0,0.0002887801919160425,0.0,4,False,True
100000000981693100,transit,0.0,0,0.1299,"1 входящих связей от 1 отправителей; 0 исходящих связей к 0 получателям; вход 16,500 KZT, выход 0 KZT. Depth=4: отсутствие исходящих связей может быть следствием границы выгрузки",1,0,16500.0,0.0,0.0005290815211541508,0.0,4,False,True
100000006416061100,transit,0.0,1,0.1185,"1 входящих связей от 1 отправителей; 0 исходящих связей к 0 получателям; вход 30,000 KZT, выход 0 KZT. Depth=4: отсутствие исходящих связей может быть следствием границы выгрузки",1,0,30000.0,0.0,0.0004348563786213122,0.0,4,False,True
100000008168850100,transit,0.0,10,0.2243,"1 входящих связей от 1 отправителей; 0 исходящих связей к 0 получателям; вход 187,910 KZT, выход 0 KZT. Depth=4: отсутствие исходящих связей может быть следствием границы выгрузки",1,0,187910.0,0.0,0.000533079579985651,0.0,4,False,True
100000004747154100,transit,0.0,50,0.1119,"1 входящих связей от 1 отправителей; 0 исходящих связей к 0 получателям; вход 67,000 KZT, выход 0 KZT. Depth=4: отсутствие исходящих связей может быть следствием границы выгрузки",1,0,67000.0,0.0,0.00033235132069391743,0.0,4,False,True
100000008524903100,transit,0.0,0,0.0546,"1 входящих связей от 1 отправителей; 0 исходящих связей к 0 получателям; вход 15,000 KZT, выход 0 KZT. Depth=4: отсутствие исходящих связей может быть следствием границы выгрузки",1,0,15000.0,0.0,0.00033177325018699015,0.0,4,False,True
100000005049404100,transit,0.0,10,0.1193,"1 входящих связей от 1 отправителей; 0 исходящих связей к 0 получателям; вход 98,000 KZT, выход 0 KZT. Depth=4: отсутствие исходящих связей может быть следствием границы выгрузки",1,0,98000.0,0.0,0.00031263691642751117,0.0,4,False,True
100000002258492100,transit,0.0,49,0.1108,"1 входящих связей от 1 отправителей; 0 исходящих связей к 0 получателям; вход 9,000 KZT, выход 0 KZT. Depth=4: отсутствие исходящих связей может быть следствием границы выгрузки",1,0,9000.0,0.0,0.0005401265380892341,0.0,4,False,True
100000005497148100,transit,0.0,10,0.13,"1 входящих связей от 1 отправителей; 0 исходящих связей к 0 получателям; вход 24,000 KZT, выход 0 KZT. Depth=4: отсутствие исходящих связей может быть следствием границы выгрузки",1,0,24000.0,0.0,0.0004900139425044343,0.0,4,False,True
100000004596284100,transit,0.0,16,0.1755,"1 входящих связей от 1 отправителей; 0 исходящих связей к 0 получателям; вход 30,000 KZT, выход 0 KZT. Depth=4: отсутствие исходящих связей может быть следствием границы выгрузки",1,0,30000.0,0.0,0.0005914888430857128,0.0,4,False,True
100000007960337100,transit,0.0,1,0.0769,"1 входящих связей от 1 отправителей; 0 исходящих связей к 0 получателям; вход 35,500 KZT, выход 0 KZT. Depth=4: отсутствие исходящих связей может быть следствием границы выгрузки",1,0,35500.0,0.0,0.00030276808937766117,0.0,4,False,True
100000003180305100,transit,0.0,0,0.2123,"1 входящих связей от 1 отправителей; 0 исходящих связей к 0 получателям; вход 144,000 KZT, выход 0 KZT. Depth=4: отсутствие исходящих связей может быть следствием границы выгрузки",1,0,144000.0,0.0,0.0005280565512084151,0.0,4,False,True
100000007653094100,transit,0.0,12,0.1456,"1 входящих связей от 1 отправителей; 0 исходящих связей к 0 получателям; вход 16,000 KZT, выход 0 KZT. Depth=4: отсутствие исходящих связей может быть следствием границы выгрузки",1,0,16000.0,0.0,0.0005754742432917488,0.0,4,False,True
100000008175078100,transit,0.0,20,0.2462,"1 входящих связей от 1 отправителей; 0 исходящих связей к 0 получателям; вход 1,846,711 KZT, выход 0 KZT. Depth=4: отсутствие исходящих связей может быть следствием границы выгрузки",1,0,1846711.0,0.0,0.00046907194584128176,0.0,4,False,True
100000004263867100,transit,0.0,46,0.02,"1 входящих связей от 1 отправителей; 0 исходящих связей к 0 получателям; вход 9,000 KZT, выход 0 KZT. Depth=4: отсутствие исходящих связей может быть следствием границы выгрузки",1,0,9000.0,0.0,0.00029038564076541864,0.0,4,False,True
100000002194320100,transit,0.0,45,0.2219,"1 входящих связей от 1 отправителей; 0 исходящих связей к 0 получателям; вход 275,000 KZT, выход 0 KZT. Depth=4: отсутствие исходящих связей может быть следствием границы выгрузки",1,0,275000.0,0.0,0.0004865679346318247,0.0,4,False,True
100000001222245100,transit,0.0,10,0.2608,"1 входящих связей от 1 отправителей; 0 исходящих связей к 0 получателям; вход 420,000 KZT, выход 0 KZT. Depth=4: отсутствие исходящих связей может быть следствием границы выгрузки",1,0,420000.0,0.0,0.0005491629789918033,0.0,4,False,True
100000008151098100,transit,0.0,14,0.0729,"1 входящих связей от 1 отправителей; 0 исходящих связей к 0 получателям; вход 30,000 KZT, выход 0 KZT. Depth=4: отсутствие исходящих связей может быть следствием границы выгрузки",1,0,30000.0,0.0,0.0003093477246134623,0.0,4,False,True
100000008735802100,transit,0.0,0,0.1851,"1 входящих связей от 1 отправителей; 0 исходящих связей к 0 получателям; вход 85,000 KZT, выход 0 KZT. Depth=4: отсутствие исходящих связей может быть следствием границы выгрузки",1,0,85000.0,0.0,0.0005087033417052566,0.0,4,False,True
100000004047887100,transit,0.0,30,0.0651,"1 входящих связей от 1 отправителей; 0 исходящих связей к 0 получателям; вход 30,000 KZT, выход 0 KZT. Depth=4: отсутствие исходящих связей может быть следствием границы выгрузки",1,0,30000.0,0.0,0.00028801399269163803,0.0,4,False,True
100000003146511100,transit,0.0,12,0.0318,"1 входящих связей от 1 отправителей; 0 исходящих связей к 0 получателям; вход 10,000 KZT, выход 0 KZT. Depth=4: отсутствие исходящих связей может быть следствием границы выгрузки",1,0,10000.0,0.0,0.0003118136674871963,0.0,4,False,True
100000007511780100,transit,0.0,0,0.2259,"1 входящих связей от 1 отправителей; 0 исходящих связей к 0 получателям; вход 155,000 KZT, выход 0 KZT. Depth=4: отсутствие исходящих связей может быть следствием границы выгрузки",1,0,155000.0,0.0,0.0005577703986813184,0.0,4,False,True
100000007867364100,transit,0.0,43,0.1363,"1 входящих связей от 1 отправителей; 0 исходящих связей к 0 получателям; вход 41,852 KZT, выход 0 KZT. Depth=4: отсутствие исходящих связей может быть следствием границы выгрузки",1,0,41852.0,0.0,0.0004487382371459393,0.0,4,False,True
100000006288612100,transit,0.0,8,0.0696,"1 входящих связей от 1 отправителей; 0 исходящих связей к 0 получателям; вход 30,805 KZT, выход 0 KZT. Depth=4: отсутствие исходящих связей может быть следствием границы выгрузки",1,0,30805.0,0.0,0.0002976242451746872,0.0,4,False,True
100000006735545100,transit,0.0,1,0.0023,"1 входящих связей от 1 отправителей; 0 исходящих связей к 0 получателям; вход 5,000 KZT, выход 0 KZT. Depth=4: отсутствие исходящих связей может быть следствием границы выгрузки",1,0,5000.0,0.0,0.0002932717116494764,0.0,4,False,True
100000004403641100,transit,0.0,24,0.1362,"1 входящих связей от 1 отправителей; 0 исходящих связей к 0 получателям; вход 171,500 KZT, выход 0 KZT. Depth=4: отсутствие исходящих связей может быть следствием границы выгрузки",1,0,171500.0,0.0,0.0003005494163305601,0.0,4,False,True
100000003370425100,transit,0.0,12,0.1805,"1 входящих связей от 1 отправителей; 0 исходящих связей к 0 получателям; вход 20,000 KZT, выход 0 KZT. Depth=4: отсутствие исходящих связей может быть следствием границы выгрузки",1,0,20000.0,0.0,0.0006479504805603634,0.0,4,False,True
100000004350094100,transit,0.0,43,0.2699,"1 входящих связей от 1 отправителей; 0 исходящих связей к 0 получателям; вход 20,000 KZT, выход 0 KZT. Depth=4: отсутствие исходящих связей может быть следствием границы выгрузки",1,0,20000.0,0.0,0.0008939457051040829,0.0,4,False,True
100000004911971100,transit,0.0,20,0.0714,"1 входящих связей от 1 отправителей; 0 исходящих связей к 0 получателям; вход 35,000 KZT, выход 0 KZT. Depth=4: отсутствие исходящих связей может быть следствием границы выгрузки",1,0,35000.0,0.0,0.00028904714906671694,0.0,4,False,True
100000001202787100,transit,0.0,0,0.1607,"2 входящих связей от 2 отправителей; 0 исходящих связей к 0 получателям; вход 14,850 KZT, выход 0 KZT. Depth=4: отсутствие исходящих связей может быть следствием границы выгрузки",2,0,14850.0,0.0,0.00035114494940795466,0.0,4,False,True
100000008469048100,transit,0.0,0,0.254,"1 входящих связей от 1 отправителей; 0 исходящих связей к 0 получателям; вход 265,200 KZT, выход 0 KZT. Depth=4: отсутствие исходящих связей может быть следствием границы выгрузки",1,0,265200.0,0.0,0.0005788057669614698,0.0,4,False,True
100000002635746100,transit,0.0,46,0.0005,"1 входящих связей от 1 отправителей; 0 исходящих связей к 0 получателям; вход 5,300 KZT, выход 0 KZT. Depth=4: отсутствие исходящих связей может быть следствием границы выгрузки",1,0,5300.0,0.0,0.0002884055871845214,0.0,4,False,True
100000008321975100,transit,0.0,32,0.0086,"1 входящих связей от 1 отправителей; 0 исходящих связей к 0 получателям; вход 5,900 KZT, выход 0 KZT. Depth=4: отсутствие исходящих связей может быть следствием границы выгрузки",1,0,5900.0,0.0,0.00030322854188756835,0.0,4,False,True
100000003078839100,transit,0.0,1,0.0458,"1 входящих связей от 1 отправителей; 0 исходящих связей к 0 получателям; вход 14,000 KZT, выход 0 KZT. Depth=4: отсутствие исходящих связей может быть следствием границы выгрузки",1,0,14000.0,0.0,0.0003147926722848653,0.0,4,False,True
100000004006327100,transit,0.0,42,0.2501,"1 входящих связей от 1 отправителей; 0 исходящих связей к 0 получателям; вход 300,000 KZT, выход 0 KZT. Depth=4: отсутствие исходящих связей может быть следствием границы выгрузки",1,0,300000.0,0.0,0.0005549673062458651,0.0,4,False,True
100000007865484100,transit,0.0,65,0.2069,"1 входящих связей от 1 отправителей; 0 исходящих связей к 0 получателям; вход 584,600 KZT, выход 0 KZT. Depth=4: отсутствие исходящих связей может быть следствием границы выгрузки",1,0,584600.0,0.0,0.00036618616723092687,0.0,4,False,True
100000005367180100,transit,0.0,1,0.1931,"1 входящих связей от 1 отправителей; 0 исходящих связей к 0 получателям; вход 7,700 KZT, выход 0 KZT. Depth=4: отсутствие исходящих связей может быть следствием границы выгрузки",1,0,7700.0,0.0,0.0007828047220453414,0.0,4,False,True
100000001669260100,transit,0.0,1,0.2715,"1 входящих связей от 1 отправителей; 0 исходящих связей к 0 получателям; вход 500,000 KZT, выход 0 KZT. Depth=4: отсутствие исходящих связей может быть следствием границы выгрузки",1,0,500000.0,0.0,0.0005601153780204297,0.0,4,False,True
100000001297206100,transit,0.0,0,0.012,"1 входящих связей от 1 отправителей; 0 исходящих связей к 0 получателям; вход 6,758 KZT, выход 0 KZT. Depth=4: отсутствие исходящих связей может быть следствием границы выгрузки",1,0,6758.0,0.0,0.0002985109724275793,0.0,4,False,True
100000002645046100,transit,0.0,46,0.0316,"1 входящих связей от 1 отправителей; 0 исходящих связей к 0 получателям; вход 12,000 KZT, выход 0 KZT. Depth=4: отсутствие исходящих связей может быть следствием границы выгрузки",1,0,12000.0,0.0,0.00029199108961479477,0.0,4,False,True
100000006308406100,transit,0.0,32,0.2255,"1 входящих связей от 1 отправителей; 0 исходящих связей к 0 получателям; вход 183,000 KZT, выход 0 KZT. Depth=4: отсутствие исходящих связей может быть следствием границы выгрузки",1,0,183000.0,0.0,0.0005393608128932426,0.0,4,False,True
100000002728246100,transit,0.0,10,0.1143,"1 входящих связей от 1 отправителей; 0 исходящих связей к 0 получателям; вход 10,000 KZT, выход 0 KZT. Depth=4: отсутствие исходящих связей может быть следствием границы выгрузки",1,0,10000.0,0.0,0.0005386393313923868,0.0,4,False,True
100000001590795100,transit,0.0,46,0.0004,"1 входящих связей от 1 отправителей; 0 исходящих связей к 0 получателям; вход 5,060 KZT, выход 0 KZT. Depth=4: отсутствие исходящих связей может быть следствием границы выгрузки",1,0,5060.0,0.0,0.00028827715127657127,0.0,4,False,True
100000006257675100,transit,0.0,32,0.1319,"1 входящих связей от 1 отправителей; 0 исходящих связей к 0 получателям; вход 70,000 KZT, выход 0 KZT. Depth=4: отсутствие исходящих связей может быть следствием границы выгрузки",1,0,70000.0,0.0,0.00038264801720809164,0.0,4,False,True
100000002130400100,transit,0.0,26,0.0339,"1 входящих связей от 1 отправителей; 0 исходящих связей к 0 получателям; вход 10,000 KZT, выход 0 KZT. Depth=4: отсутствие исходящих связей может быть следствием границы выгрузки",1,0,10000.0,0.0,0.0003175458062360418,0.0,4,False,True
100000000557536100,transit,0.0,20,0.132,"1 входящих связей от 1 отправителей; 0 исходящих связей к 0 получателям; вход 153,000 KZT, выход 0 KZT. Depth=4: отсутствие исходящих связей может быть следствием границы выгрузки",1,0,153000.0,0.0,0.00030077248827335565,0.0,4,False,True
100000002689717100,transit,0.0,18,0.0882,"1 входящих связей от 1 отправителей; 0 исходящих связей к 0 получателям; вход 47,500 KZT, выход 0 KZT. Depth=4: отсутствие исходящих связей может быть следствием границы выгрузки",1,0,47500.0,0.0,0.00030334992234420417,0.0,4,False,True
100000005189258100,transit,0.0,10,0.0948,"1 входящих связей от 1 отправителей; 0 исходящих связей к 0 получателям; вход 50,000 KZT, выход 0 KZT. Depth=4: отсутствие исходящих связей может быть следствием границы выгрузки",1,0,50000.0,0.0,0.0003159764329458025,0.0,4,False,True
100000002748511100,transit,0.0,16,0.1513,"1 входящих связей от 1 отправителей; 0 исходящих связей к 0 получателям; вход 20,000 KZT, выход 0 KZT. Depth=4: отсутствие исходящих связей может быть следствием границы выгрузки",1,0,20000.0,0.0,0.0005674892808776459,0.0,4,False,True
100000002371892100,transit,0.0,54,0.0863,"1 входящих связей от 1 отправителей; 0 исходящих связей к 0 получателям; вход 43,830 KZT, выход 0 KZT. Depth=4: отсутствие исходящих связей может быть следствием границы выгрузки",1,0,43830.0,0.0,0.0003065326200437956,0.0,4,False,True
100000008130868100,transit,0.0,24,0.1141,"1 входящих связей от 1 отправителей; 0 исходящих связей к 0 получателям; вход 22,782 KZT, выход 0 KZT. Depth=4: отсутствие исходящих связей может быть следствием границы выгрузки",1,0,22782.0,0.0,0.0004516044976627316,0.0,4,False,True
100000007153161100,transit,0.0,0,0.1689,"1 входящих связей от 1 отправителей; 0 исходящих связей к 0 получателям; вход 44,997 KZT, выход 0 KZT. Depth=4: отсутствие исходящих связей может быть следствием границы выгрузки",1,0,44997.0,0.0,0.0005309451743246825,0.0,4,False,True
100000002994441100,transit,0.0,1,0.0968,"1 входящих связей от 1 отправителей; 0 исходящих связей к 0 получателям; вход 5,000 KZT, выход 0 KZT. Depth=4: отсутствие исходящих связей может быть следствием границы выгрузки",1,0,5000.0,0.0,0.0005532703163220659,0.0,4,False,True
100000001065481100,transit,0.0,12,0.0936,"1 входящих связей от 1 отправителей; 0 исходящих связей к 0 получателям; вход 16,000 KZT, выход 0 KZT. Depth=4: отсутствие исходящих связей может быть следствием границы выгрузки",1,0,16000.0,0.0,0.0004322656924987207,0.0,4,False,True
100000007731977100,transit,0.0,0,0.1023,"1 входящих связей от 1 отправителей; 0 исходящих связей к 0 получателям; вход 50,000 KZT, выход 0 KZT. Depth=4: отсутствие исходящих связей может быть следствием границы выгрузки",1,0,50000.0,0.0,0.00033677217551547297,0.0,4,False,True
100000003252446100,transit,0.0,42,0.1186,"1 входящих связей от 1 отправителей; 0 исходящих связей к 0 получателям; вход 108,600 KZT, выход 0 KZT. Depth=4: отсутствие исходящих связей может быть следствием границы выгрузки",1,0,108600.0,0.0,0.00029998773072103575,0.0,4,False,True
100000002671326100,transit,0.0,42,0.3045,"1 входящих связей от 1 отправителей; 0 исходящих связей к 0 получателям; вход 1,050,000 KZT, выход 0 KZT. Depth=4: отсутствие исходящих связей может быть следствием границы выгрузки",1,0,1050000.0,0.0,0.0006294451129335758,0.0,4,False,True
100000005087923100,transit,0.0,48,0.1124,"1 входящих связей от 1 отправителей; 0 исходящих связей к 0 получателям; вход 20,000 KZT, выход 0 KZT. Depth=4: отсутствие исходящих связей может быть следствием границы выгрузки",1,0,20000.0,0.0,0.0004605791647030624,0.0,4,False,True
100000008770483100,transit,0.0,60,0.0007,"1 входящих связей от 1 отправителей; 0 исходящих связей к 0 получателям; вход 5,000 KZT, выход 0 KZT. Depth=4: отсутствие исходящих связей может быть следствием границы выгрузки",1,0,5000.0,0.0,0.00028889205365380943,0.0,4,False,True
100000002748040100,transit,0.0,18,0.0472,"1 входящих связей от 1 отправителей; 0 исходящих связей к 0 получателям; вход 18,000 KZT, выход 0 KZT. Depth=4: отсутствие исходящих связей может быть следствием границы выгрузки",1,0,18000.0,0.0,0.0002923072164548576,0.0,4,False,True
100000004800648100,transit,0.0,8,0.1391,"1 входящих связей от 1 отправителей; 0 исходящих связей к 0 получателям; вход 131,000 KZT, выход 0 KZT. Depth=4: отсутствие исходящих связей может быть следствием границы выгрузки",1,0,131000.0,0.0,0.0003368336531012053,0.0,4,False,True
100000005025629100,transit,0.0,10,0.0099,"1 входящих связей от 1 отправителей; 0 исходящих связей к 0 получателям; вход 5,227 KZT, выход 0 KZT. Depth=4: отсутствие исходящих связей может быть следствием границы выгрузки",1,0,5227.0,0.0,0.00031415101088485,0.0,4,False,True
100000000581682100,transit,0.0,15,0.0014,"1 входящих связей от 1 отправителей; 0 исходящих связей к 0 получателям; вход 5,000 KZT, выход 0 KZT. Depth=4: отсутствие исходящих связей может быть следствием границы выгрузки",1,0,5000.0,0.0,0.000290862187223339,0.0,4,False,True
100000004976946100,transit,0.0,65,0.1569,"1 входящих связей от 1 отправителей; 0 исходящих связей к 0 получателям; вход 246,000 KZT, выход 0 KZT. Depth=4: отсутствие исходящих связей может быть следствием границы выгрузки",1,0,246000.0,0.0,0.00031949291850972026,0.0,4,False,True
100000000957746100,transit,0.0,28,0.0219,"1 входящих связей от 1 отправителей; 0 исходящих связей к 0 получателям; вход 5,300 KZT, выход 0 KZT. Depth=4: отсутствие исходящих связей может быть следствием границы выгрузки",1,0,5300.0,0.0,0.0003473073598506199,0.0,4,False,True
100000003001138100,transit,0.0,15,0.0758,"1 входящих связей от 1 отправителей; 0 исходящих связей к 0 получателям; вход 30,000 KZT, выход 0 KZT. Depth=4: отсутствие исходящих связей может быть следствием границы выгрузки",1,0,30000.0,0.0,0.00031732665225358317,0.0,4,False,True
100000001325618100,transit,0.0,46,0.0213,"1 входящих связей от 1 отправителей; 0 исходящих связей к 0 получателям; вход 9,300 KZT, выход 0 KZT. Depth=4: отсутствие исходящих связей может быть следствием границы выгрузки",1,0,9300.0,0.0,0.0002905461856503563,0.0,4,False,True
100000003792647100,transit,0.0,10,0.0555,"1 входящих связей от 1 отправителей; 0 исходящих связей к 0 получателям; вход 8,000 KZT, выход 0 KZT. Depth=4: отсутствие исходящих связей может быть следствием границы выгрузки",1,0,8000.0,0.0,0.00040027314211192583,0.0,4,False,True
100000004107228100,transit,0.0,3,0.0006,"1 входящих связей от 1 отправителей; 0 исходящих связей к 0 получателям; вход 5,000 KZT, выход 0 KZT. Depth=4: отсутствие исходящих связей может быть следствием границы выгрузки",1,0,5000.0,0.0,0.0002887085719064808,0.0,4,False,True
100000003500764100,transit,0.0,28,0.1396,"1 входящих связей от 1 отправителей; 0 исходящих связей к 0 получателям; вход 21,000 KZT, выход 0 KZT. Depth=4: отсутствие исходящих связей может быть следствием границы выгрузки",1,0,21000.0,0.0,0.0005301918184248231,0.0,4,False,True
100000004261340100,transit,0.0,0,0.105,"1 входящих связей от 1 отправителей; 0 исходящих связей к 0 получателям; вход 48,500 KZT, выход 0 KZT. Depth=4: отсутствие исходящих связей может быть следствием границы выгрузки",1,0,48500.0,0.0,0.0003473850492015357,0.0,4,False,True
100000008172721100,transit,0.0,1,0.1699,"1 входящих связей от 1 отправителей; 0 исходящих связей к 0 получателям; вход 168,335 KZT, выход 0 KZT. Depth=4: отсутствие исходящих связей может быть следствием границы выгрузки",1,0,168335.0,0.0,0.00039521609203523115,0.0,4,False,True
100000005079473100,transit,0.0,1,0.0893,"1 входящих связей от 1 отправителей; 0 исходящих связей к 0 получателям; вход 39,312 KZT, выход 0 KZT. Depth=4: отсутствие исходящих связей может быть следствием границы выгрузки",1,0,39312.0,0.0,0.0003260059008859764,0.0,4,False,True
100000004850609100,transit,0.0,0,0.0323,"1 входящих связей от 1 отправителей; 0 исходящих связей к 0 получателям; вход 10,000 KZT, выход 0 KZT. Depth=4: отсутствие исходящих связей может быть следствием границы выгрузки",1,0,10000.0,0.0,0.0003130294967403098,0.0,4,False,True
100000005042822100,transit,0.0,36,0.2402,"1 входящих связей от 1 отправителей; 0 исходящих связей к 0 получателям; вход 1,000,000 KZT, выход 0 KZT. Depth=4: отсутствие исходящих связей может быть следствием границы выгрузки",1,0,1000000.0,0.0,0.00045261173566138175,0.0,4,False,True
100000002794374100,transit,0.0,60,0.1426,"1 входящих связей от 1 отправителей; 0 исходящих связей к 0 получателям; вход 111,000 KZT, выход 0 KZT. Depth=4: отсутствие исходящих связей может быть следствием границы выгрузки",1,0,111000.0,0.0,0.0003637625168388316,0.0,4,False,True
100000002860934100,transit,0.0,15,0.257,"1 входящих связей от 1 отправителей; 0 исходящих связей к 0 получателям; вход 279,500 KZT, выход 0 KZT. Depth=4: отсутствие исходящих связей может быть следствием границы выгрузки",1,0,279500.0,0.0,0.0005814420132554198,0.0,4,False,True
100000003097947100,transit,0.0,1,0.0985,"1 входящих связей от 1 отправителей; 0 исходящих связей к 0 получателям; вход 52,980 KZT, выход 0 KZT. Depth=4: отсутствие исходящих связей может быть следствием границы выгрузки",1,0,52980.0,0.0,0.00032007838233559304,0.0,4,False,True
100000004260869100,transit,0.0,16,0.2246,"1 входящих связей от 1 отправителей; 0 исходящих связей к 0 получателям; вход 10,000 KZT, выход 0 KZT. Depth=4: отсутствие исходящих связей может быть следствием границы выгрузки",1,0,10000.0,0.0,0.0008422084803364126,0.0,4,False,True
100000008762885100,transit,0.0,5,0.0093,"1 входящих связей от 1 отправителей; 0 исходящих связей к 0 получателям; вход 7,000 KZT, выход 0 KZT. Depth=4: отсутствие исходящих связей может быть следствием границы выгрузки",1,0,7000.0,0.0,0.00028726371311378,0.0,4,False,True
100000002986245100,transit,0.0,46,0.0023,"1 входящих связей от 1 отправителей; 0 исходящих связей к 0 получателям; вход 5,750 KZT, выход 0 KZT. Depth=4: отсутствие исходящих связей может быть следствием границы выгрузки",1,0,5750.0,0.0,0.0002886464045119278,0.0,4,False,True
100000001471706100,transit,0.0,49,0.2534,"1 входящих связей от 1 отправителей; 0 исходящих связей к 0 получателям; вход 377,000 KZT, выход 0 KZT. Depth=4: отсутствие исходящих связей может быть следствием границы выгрузки",1,0,377000.0,0.0,0.0005401265380892341,0.0,4,False,True
100000002304943100,transit,0.0,32,0.0453,"1 входящих связей от 1 отправителей; 0 исходящих связей к 0 получателям; вход 15,000 KZT, выход 0 KZT. Depth=4: отсутствие исходящих связей может быть следствием границы выгрузки",1,0,15000.0,0.0,0.00030637187771531904,0.0,4,False,True
100000002695812100,transit,0.0,18,0.1212,"1 входящих связей от 1 отправителей; 0 исходящих связей к 0 получателям; вход 95,000 KZT, выход 0 KZT. Depth=4: отсутствие исходящих связей может быть следствием границы выгрузки",1,0,95000.0,0.0,0.0003211305504711181,0.0,4,False,True
100000008761220100,transit,0.0,5,0.0228,"1 входящих связей от 1 отправителей; 0 исходящих связей к 0 получателям; вход 10,000 KZT, выход 0 KZT. Depth=4: отсутствие исходящих связей может быть следствием границы выгрузки",1,0,10000.0,0.0,0.0002868848713875846,0.0,4,False,True
100000004890713100,transit,0.0,18,0.0812,"1 входящих связей от 1 отправителей; 0 исходящих связей к 0 получателям; вход 40,485 KZT, выход 0 KZT. Depth=4: отсутствие исходящих связей может быть следствием границы выгрузки",1,0,40485.0,0.0,0.00030072400431661883,0.0,4,False,True
100000003083865100,transit,0.0,18,0.0398,"1 входящих связей от 1 отправителей; 0 исходящих связей к 0 получателям; вход 15,000 KZT, выход 0 KZT. Depth=4: отсутствие исходящих связей может быть следствием границы выгрузки",1,0,15000.0,0.0,0.000291184229415263,0.0,4,False,True
100000004030553100,transit,0.0,1,0.1858,"1 входящих связей от 1 отправителей; 0 исходящих связей к 0 получателям; вход 70,000 KZT, выход 0 KZT. Depth=4: отсутствие исходящих связей может быть следствием границы выгрузки",1,0,70000.0,0.0,0.000530829721053794,0.0,4,False,True
100000002653187100,transit,0.0,8,0.106,"1 входящих связей от 1 отправителей; 0 исходящих связей к 0 получателям; вход 15,000 KZT, выход 0 KZT. Depth=4: отсутствие исходящих связей может быть следствием границы выгрузки",1,0,15000.0,0.0,0.00047327891401503287,0.0,4,False,True
100000006412162100,transit,0.0,46,0.0407,"1 входящих связей от 1 отправителей; 0 исходящих связей к 0 получателям; вход 15,000 KZT, выход 0 KZT. Depth=4: отсутствие исходящих связей может быть следствием границы выгрузки",1,0,15000.0,0.0,0.00029359653846417096,0.0,4,False,True
100000004674178100,transit,0.0,13,0.055,"1 входящих связей от 1 отправителей; 0 исходящих связей к 0 получателям; вход 20,000 KZT, выход 0 KZT. Depth=4: отсутствие исходящих связей может быть следствием границы выгрузки",1,0,20000.0,0.0,0.00030274344180862333,0.0,4,False,True
100000004070530100,transit,0.0,30,0.0493,"1 входящих связей от 1 отправителей; 0 исходящих связей к 0 получателям; вход 20,000 KZT, выход 0 KZT. Depth=4: отсутствие исходящих связей может быть следствием границы выгрузки",1,0,20000.0,0.0,0.00028719909320018875,0.0,4,False,True
100000006706519100,transit,0.0,0,0.1094,"1 входящих связей от 1 отправителей; 0 исходящих связей к 0 получателям; вход 36,000 KZT, выход 0 KZT. Depth=4: отсутствие исходящих связей может быть следствием границы выгрузки",1,0,36000.0,0.0,0.0003907109210365758,0.0,4,False,True
100000005636951100,transit,0.0,48,0.2025,"1 входящих связей от 1 отправителей; 0 исходящих связей к 0 получателям; вход 40,000 KZT, выход 0 KZT. Depth=4: отсутствие исходящих связей может быть следствием границы выгрузки",1,0,40000.0,0.0,0.0006355890351888347,0.0,4,False,True
100000003040087100,transit,0.0,18,0.0669,"1 входящих связей от 1 отправителей; 0 исходящих связей к 0 получателям; вход 29,000 KZT, выход 0 KZT. Depth=4: отсутствие исходящих связей может быть следствием границы выгрузки",1,0,29000.0,0.0,0.00029642483560003767,0.0,4,False,True
100000008766764100,transit,0.0,5,0.0,"1 входящих связей от 1 отправителей; 0 исходящих связей к 0 получателям; вход 5,000 KZT, выход 0 KZT. Depth=4: отсутствие исходящих связей может быть следствием границы выгрузки",1,0,5000.0,0.0,0.0002862270828024374,0.0,4,False,True
100000000299820100,transit,0.0,1,0.0821,"1 входящих связей от 1 отправителей; 0 исходящих связей к 0 получателям; вход 10,000 KZT, выход 0 KZT. Depth=4: отсутствие исходящих связей может быть следствием границы выгрузки",1,0,10000.0,0.0,0.0004501620352243427,0.0,4,False,True
100000008349740100,transit,0.0,20,0.0991,"1 входящих связей от 1 отправителей; 0 исходящих связей к 0 получателям; вход 70,000 KZT, выход 0 KZT. Depth=4: отсутствие исходящих связей может быть следствием границы выгрузки",1,0,70000.0,0.0,0.0002925250039161437,0.0,4,False,True
100000008761132100,transit,0.0,5,0.0228,"1 входящих связей от 1 отправителей; 0 исходящих связей к 0 получателям; вход 10,000 KZT, выход 0 KZT. Depth=4: отсутствие исходящих связей может быть следствием границы выгрузки",1,0,10000.0,0.0,0.0002868848713875846,0.0,4,False,True
100000002540033100,transit,0.0,35,0.1352,"1 входящих связей от 1 отправителей; 0 исходящих связей к 0 получателям; вход 10,000 KZT, выход 0 KZT. Depth=4: отсутствие исходящих связей может быть следствием границы выгрузки",1,0,10000.0,0.0,0.0005960851621180794,0.0,4,False,True
100000001845505100,transit,0.0,1,0.1603,"1 входящих связей от 1 отправителей; 0 исходящих связей к 0 получателям; вход 20,000 KZT, выход 0 KZT. Depth=4: отсутствие исходящих связей может быть следствием границы выгрузки",1,0,20000.0,0.0,0.0005923838494805264,0.0,4,False,True
100000003782913100,transit,0.0,40,0.1417,"1 входящих связей от 1 отправителей; 0 исходящих связей к 0 получателям; вход 200,000 KZT, выход 0 KZT. Depth=4: отсутствие исходящих связей может быть следствием границы выгрузки",1,0,200000.0,0.0,0.00029939656360654794,0.0,4,False,True
100000008778753100,transit,0.0,13,0.0254,"1 входящих связей от 1 отправителей; 0 исходящих связей к 0 получателям; вход 10,000 KZT, выход 0 KZT. Depth=4: отсутствие исходящих связей может быть следствием границы выгрузки",1,0,10000.0,0.0,0.00029415636801295676,0.0,4,False,True
100000008710913100,transit,0.0,5,0.0361,"1 входящих связей от 1 отправителей; 0 исходящих связей к 0 получателям; вход 14,000 KZT, выход 0 KZT. Depth=4: отсутствие исходящих связей может быть следствием границы выгрузки",1,0,14000.0,0.0,0.00028811097479962714,0.0,4,False,True
100000005495211100,transit,0.0,0,0.1362,"1 входящих связей от 1 отправителей; 0 исходящих связей к 0 получателям; вход 14,500 KZT, выход 0 KZT. Depth=4: отсутствие исходящих связей может быть следствием границы выгрузки",1,0,14500.0,0.0,0.0005599644833584294,0.0,4,False,True
100000004013952100,transit,0.0,0,0.0895,"1 входящих связей от 1 отправителей; 0 исходящих связей к 0 получателям; вход 5,500 KZT, выход 0 KZT. Depth=4: отсутствие исходящих связей может быть следствием границы выгрузки",1,0,5500.0,0.0,0.0005331412160251201,0.0,4,False,True
100000007330432100,transit,0.0,84,0.2695,"1 входящих связей от 1 отправителей; 0 исходящих связей к 0 получателям; вход 584,900 KZT, выход 0 KZT. Depth=4: отсутствие исходящих связей может быть следствием границы выгрузки",1,0,584900.0,0.0,0.0005381759930674287,0.0,4,False,True
100000000737152100,transit,0.0,0,0.0915,"1 входящих связей от 1 отправителей; 0 исходящих связей к 0 получателям; вход 35,000 KZT, выход 0 KZT. Depth=4: отсутствие исходящих связей может быть следствием границы выгрузки",1,0,35000.0,0.0,0.0003445071691804108,0.0,4,False,True
100000004674389100,transit,0.0,11,0.0619,"1 входящих связей от 1 отправителей; 0 исходящих связей к 0 получателям; вход 15,000 KZT, выход 0 KZT. Depth=4: отсутствие исходящих связей может быть следствием границы выгрузки",1,0,15000.0,0.0,0.0003520253352644245,0.0,4,False,True
100000002529877100,transit,0.0,24,0.1497,"1 входящих связей от 1 отправителей; 0 исходящих связей к 0 получателям; вход 232,000 KZT, выход 0 KZT. Depth=4: отсутствие исходящих связей может быть следствием границы выгрузки",1,0,232000.0,0.0,0.0003058339492043375,0.0,4,False,True
100000004035925100,transit,0.0,70,0.2438,"1 входящих связей от 1 отправителей; 0 исходящих связей к 0 получателям; вход 1,111,588 KZT, выход 0 KZT. Depth=4: отсутствие исходящих связей может быть следствием границы выгрузки",1,0,1111588.0,0.0,0.0004624126239356524,0.0,4,False,True
100000002188586100,transit,0.0,18,0.0788,"1 входящих связей от 1 отправителей; 0 исходящих связей к 0 получателям; вход 38,310 KZT, выход 0 KZT. Depth=4: отсутствие исходящих связей может быть следствием границы выгрузки",1,0,38310.0,0.0,0.00029990983871291276,0.0,4,False,True
100000008050986100,transit,0.0,10,0.1178,"1 входящих связей от 1 отправителей; 0 исходящих связей к 0 получателям; вход 95,000 KZT, выход 0 KZT. Depth=4: отсутствие исходящих связей может быть следствием границы выгрузки",1,0,95000.0,0.0,0.00031180831574760645,0.0,4,False,True
100000004777215100,transit,0.0,32,0.156,"1 входящих связей от 1 отправителей; 0 исходящих связей к 0 получателям; вход 60,000 KZT, выход 0 KZT. Depth=4: отсутствие исходящих связей может быть следствием границы выгрузки",1,0,60000.0,0.0,0.0004651548637455426,0.0,4,False,True
100000000926078100,transit,0.0,1,0.2292,"1 входящих связей от 1 отправителей; 0 исходящих связей к 0 получателям; вход 250,000 KZT, выход 0 KZT. Depth=4: отсутствие исходящих связей может быть следствием границы выгрузки",1,0,250000.0,0.0,0.0005165635899862588,0.0,4,False,True
100000003486846100,transit,0.0,16,0.1495,"1 входящих связей от 1 отправителей; 0 исходящих связей к 0 получателям; вход 27,000 KZT, выход 0 KZT. Depth=4: отсутствие исходящих связей может быть следствием границы выгрузки",1,0,27000.0,0.0,0.0005311359663531769,0.0,4,False,True
100000002516862100,transit,0.0,56,0.1257,"1 входящих связей от 1 отправителей; 0 исходящих связей к 0 получателям; вход 81,710 KZT, выход 0 KZT. Depth=4: отсутствие исходящих связей может быть следствием границы выгрузки",1,0,81710.0,0.0,0.0003494397060975879,0.0,4,False,True
100000008730238100,transit,0.0,42,0.2158,"1 входящих связей от 1 отправителей; 0 исходящих связей к 0 получателям; вход 113,000 KZT, выход 0 KZT. Depth=4: отсутствие исходящих связей может быть следствием границы выгрузки",1,0,113000.0,0.0,0.0005632359245676673,0.0,4,False,True
100000000803368100,transit,0.0,40,0.2184,"1 входящих связей от 1 отправителей; 0 исходящих связей к 0 получателям; вход 139,503 KZT, выход 0 KZT. Depth=4: отсутствие исходящих связей может быть следствием границы выгрузки",1,0,139503.0,0.0,0.0005481144591336156,0.0,4,False,True
100000002528978100,transit,0.0,18,0.0422,"1 входящих связей от 1 отправителей; 0 исходящих связей к 0 получателям; вход 15,900 KZT, выход 0 KZT. Depth=4: отсутствие исходящих связей может быть следствием границы выгрузки",1,0,15900.0,0.0,0.0002915211255271414,0.0,4,False,True
100000002597074100,transit,0.0,0,0.0228,"1 входящих связей от 1 отправителей; 0 исходящих связей к 0 получателям; вход 8,000 KZT, выход 0 KZT. Depth=4: отсутствие исходящих связей может быть следствием границы выгрузки",1,0,8000.0,0.0,0.0003104283235888235,0.0,4,False,True
100000003631015100,transit,0.0,65,0.1609,"1 входящих связей от 1 отправителей; 0 исходящих связей к 0 получателям; вход 266,000 KZT, выход 0 KZT. Depth=4: отсутствие исходящих связей может быть следствием границы выгрузки",1,0,266000.0,0.0,0.0003222509367448772,0.0,4,False,True
100000008255655100,transit,0.0,28,0.0888,"1 входящих связей от 1 отправителей; 0 исходящих связей к 0 получателям; вход 5,400 KZT, выход 0 KZT. Depth=4: отсутствие исходящих связей может быть следствием границы выгрузки",1,0,5400.0,0.0,0.0005311928331095991,0.0,4,False,True
100000004265639100,transit,0.0,1,0.1193,"1 входящих связей от 1 отправителей; 0 исходящих связей к 0 получателям; вход 10,000 KZT, выход 0 KZT. Depth=4: отсутствие исходящих связей может быть следствием границы выгрузки",1,0,10000.0,0.0,0.0005523205956514864,0.0,4,False,True
100000002726055100,transit,0.0,32,0.0421,"1 входящих связей от 1 отправителей; 0 исходящих связей к 0 получателям; вход 10,000 KZT, выход 0 KZT. Depth=4: отсутствие исходящих связей может быть следствием границы выгрузки",1,0,10000.0,0.0,0.00034001485733930537,0.0,4,False,True
100000003696422100,transit,0.0,36,0.2703,"1 входящих связей от 1 отправителей; 0 исходящих связей к 0 получателям; вход 118,000 KZT, выход 0 KZT. Depth=4: отсутствие исходящих связей может быть следствием границы выгрузки",1,0,118000.0,0.0,0.0007085171420194962,0.0,4,False,True
100000007745062100,transit,0.0,8,0.2337,"1 входящих связей от 1 отправителей; 0 исходящих связей к 0 получателям; вход 100,000 KZT, выход 0 KZT. Depth=4: отсутствие исходящих связей может быть следствием границы выгрузки",1,0,100000.0,0.0,0.00062527994252457,0.0,4,False,True
100000005041147100,transit,0.0,0,0.1125,"1 входящих связей от 1 отправителей; 0 исходящих связей к 0 получателям; вход 10,000 KZT, выход 0 KZT. Depth=4: отсутствие исходящих связей может быть следствием границы выгрузки",1,0,10000.0,0.0,0.0005337622626216128,0.0,4,False,True
100000003819173100,transit,0.0,1,0.1276,"1 входящих связей от 1 отправителей; 0 исходящих связей к 0 получателям; вход 143,777 KZT, выход 0 KZT. Depth=4: отсутствие исходящих связей может быть следствием границы выгрузки",1,0,143777.0,0.0,0.0002952095652766986,0.0,4,False,True
100000001275557100,transit,0.0,29,0.0713,"1 входящих связей от 1 отправителей; 0 исходящих связей к 0 получателям; вход 20,000 KZT, выход 0 KZT. Depth=4: отсутствие исходящих связей может быть следствием границы выгрузки",1,0,20000.0,0.0,0.0003475117995580216,0.0,4,False,True
100000002706810100,transit,0.0,46,0.0885,"1 входящих связей от 1 отправителей; 0 исходящих связей к 0 получателям; вход 45,000 KZT, выход 0 KZT. Depth=4: отсутствие исходящих связей может быть следствием границы выгрузки",1,0,45000.0,0.0,0.00030965102695793245,0.0,4,False,True
100000002896506100,transit,0.0,10,0.0899,"1 входящих связей от 1 отправителей; 0 исходящих связей к 0 получателям; вход 45,000 KZT, выход 0 KZT. Depth=4: отсутствие исходящих связей может быть следствием границы выгрузки",1,0,45000.0,0.0,0.00031362964480833634,0.0,4,False,True
100000008766031100,transit,0.0,5,0.0,"1 входящих связей от 1 отправителей; 0 исходящих связей к 0 получателям; вход 5,000 KZT, выход 0 KZT. Depth=4: отсутствие исходящих связей может быть следствием границы выгрузки",1,0,5000.0,0.0,0.00028647703728241055,0.0,4,False,True
100000008758607100,transit,0.0,5,0.0,"1 входящих связей от 1 отправителей; 0 исходящих связей к 0 получателям; вход 5,000 KZT, выход 0 KZT. Depth=4: отсутствие исходящих связей может быть следствием границы выгрузки",1,0,5000.0,0.0,0.0002862270828024374,0.0,4,False,True
100000008648783100,transit,0.0,46,0.0005,"1 входящих связей от 1 отправителей; 0 исходящих связей к 0 получателям; вход 5,200 KZT, выход 0 KZT. Depth=4: отсутствие исходящих связей может быть следствием границы выгрузки",1,0,5200.0,0.0,0.0002883520722228755,0.0,4,False,True
100000004291663100,transit,0.0,0,0.0666,"1 входящих связей от 1 отправителей; 0 исходящих связей к 0 получателям; вход 25,000 KZT, выход 0 KZT. Depth=4: отсутствие исходящих связей может быть следствием границы выгрузки",1,0,25000.0,0.0,0.0003111707348663816,0.0,4,False,True
100000003037476100,transit,0.0,5,0.3725,"3 входящих связей от 3 отправителей; 0 исходящих связей к 0 получателям; вход 555,000 KZT, выход 0 KZT. Depth=4: отсутствие исходящих связей может быть следствием границы выгрузки",3,0,555000.0,0.0,0.00035935405632802974,0.0,4,False,True
100000008715513100,transit,0.0,46,0.0736,"1 входящих связей от 1 отправителей; 0 исходящих связей к 0 получателям; вход 32,500 KZT, выход 0 KZT. Depth=4: отсутствие исходящих связей может быть следствием границы выгрузки",1,0,32500.0,0.0,0.0003029616567521985,0.0,4,False,True
100000001276409100,transit,0.0,18,0.121,"1 входящих связей от 1 отправителей; 0 исходящих связей к 0 получателям; вход 94,760 KZT, выход 0 KZT. Depth=4: отсутствие исходящих связей может быть следствием границы выгрузки",1,0,94760.0,0.0,0.0003210407115079505,0.0,4,False,True
100000003232675100,transit,0.0,12,0.1208,"1 входящих связей от 1 отправителей; 0 исходящих связей к 0 получателям; вход 44,000 KZT, выход 0 KZT. Depth=4: отсутствие исходящих связей может быть следствием границы выгрузки",1,0,44000.0,0.0,0.000401044536604877,0.0,4,False,True
100000007988344100,transit,0.0,0,0.0858,"1 входящих связей от 1 отправителей; 0 исходящих связей к 0 получателям; вход 20,000 KZT, выход 0 KZT. Depth=4: отсутствие исходящих связей может быть следствием границы выгрузки",1,0,20000.0,0.0,0.00038745764148945754,0.0,4,False,True
100000003047800100,transit,0.0,24,0.0623,"1 входящих связей от 1 отправителей; 0 исходящих связей к 0 получателям; вход 12,212 KZT, выход 0 KZT. Depth=4: отсутствие исходящих связей может быть следствием границы выгрузки",1,0,12212.0,0.0,0.00037457034348757943,0.0,4,False,True
100000003230328100,transit,0.0,0,0.2536,"3 входящих связей от 3 отправителей; 0 исходящих связей к 0 получателям; вход 26,572 KZT, выход 0 KZT. Depth=4: отсутствие исходящих связей может быть следствием границы выгрузки",3,0,26572.0,0.0,0.0003516801374186606,0.0,4,False,True
100000002702968100,transit,0.0,18,0.0705,"1 входящих связей от 1 отправителей; 0 исходящих связей к 0 получателям; вход 31,600 KZT, выход 0 KZT. Depth=4: отсутствие исходящих связей может быть следствием границы выгрузки",1,0,31600.0,0.0,0.00029739809103435295,0.0,4,False,True
100000004788983100,transit,0.0,0,0.0907,"1 входящих связей от 1 отправителей; 0 исходящих связей к 0 получателям; вход 27,000 KZT, выход 0 KZT. Depth=4: отсутствие исходящих связей может быть следствием границы выгрузки",1,0,27000.0,0.0,0.00036946851834621515,0.0,4,False,True
100000006490615100,transit,0.0,12,0.1164,"1 входящих связей от 1 отправителей; 0 исходящих связей к 0 получателям; вход 41,600 KZT, выход 0 KZT. Depth=4: отсутствие исходящих связей может быть следствием границы выгрузки",1,0,41600.0,0.0,0.0003947458870200995,0.0,4,False,True
100000008745676100,transit,0.0,22,0.1586,"1 входящих связей от 1 отправителей; 0 исходящих связей к 0 получателям; вход 34,547 KZT, выход 0 KZT. Depth=4: отсутствие исходящих связей может быть следствием границы выгрузки",1,0,34547.0,0.0,0.0005303236661827117,0.0,4,False,True
100000001598625100,transit,0.0,1,0.1094,"1 входящих связей от 1 отправителей; 0 исходящих связей к 0 получателям; вход 25,000 KZT, выход 0 KZT. Depth=4: отсутствие исходящих связей может быть следствием границы выгрузки",1,0,25000.0,0.0,0.0004288818435522467,0.0,4,False,True
100000008461217100,transit,0.0,47,0.1393,"1 входящих связей от 1 отправителей; 0 исходящих связей к 0 получателям; вход 18,000 KZT, выход 0 KZT. Depth=4: отсутствие исходящих связей может быть следствием границы выгрузки",1,0,18000.0,0.0,0.000545589789549071,0.0,4,False,True
100000005711521100,transit,0.0,12,0.2336,"1 входящих связей от 1 отправителей; 0 исходящих связей к 0 получателям; вход 238,000 KZT, выход 0 KZT. Depth=4: отсутствие исходящих связей может быть следствием границы выгрузки",1,0,238000.0,0.0,0.0005338432844113265,0.0,4,False,True
100000002713974100,transit,0.0,1,0.0999,"1 входящих связей от 1 отправителей; 0 исходящих связей к 0 получателям; вход 50,000 KZT, выход 0 KZT. Depth=4: отсутствие исходящих связей может быть следствием границы выгрузки",1,0,50000.0,0.0,0.0003299501883700866,0.0,4,False,True
100000005272139100,transit,0.0,16,0.3002,"1 входящих связей от 1 отправителей; 0 исходящих связей к 0 получателям; вход 165,000 KZT, выход 0 KZT. Depth=4: отсутствие исходящих связей может быть следствием границы выгрузки",1,0,165000.0,0.0,0.0007555290963517862,0.0,4,False,True
100000002968096100,transit,0.0,1,0.1089,"1 входящих связей от 1 отправителей; 0 исходящих связей к 0 получателям; вход 70,000 KZT, выход 0 KZT. Depth=4: отсутствие исходящих связей может быть следствием границы выгрузки",1,0,70000.0,0.0,0.00031948241143492313,0.0,4,False,True
100000004449824100,transit,0.0,46,0.02,"1 входящих связей от 1 отправителей; 0 исходящих связей к 0 получателям; вход 9,000 KZT, выход 0 KZT. Depth=4: отсутствие исходящих связей может быть следствием границы выгрузки",1,0,9000.0,0.0,0.00029038564076541864,0.0,4,False,True
100000004502048100,transit,0.0,43,0.0545,"1 входящих связей от 1 отправителей; 0 исходящих связей к 0 получателям; вход 13,888 KZT, выход 0 KZT. Depth=4: отсутствие исходящих связей может быть следствием границы выгрузки",1,0,13888.0,0.0,0.00033971462250251136,0.0,4,False,True
100000002660298100,transit,0.0,18,0.0696,"1 входящих связей от 1 отправителей; 0 исходящих связей к 0 получателям; вход 30,900 KZT, выход 0 KZT. Depth=4: отсутствие исходящих связей может быть следствием границы выгрузки",1,0,30900.0,0.0,0.0002971360607251142,0.0,4,False,True
100000001299828100,transit,0.0,0,0.2053,"1 входящих связей от 1 отправителей; 0 исходящих связей к 0 получателям; вход 100,000 KZT, выход 0 KZT. Depth=4: отсутствие исходящих связей может быть следствием границы выгрузки",1,0,100000.0,0.0,0.0005472629597932571,0.0,4,False,True
100000000581662100,transit,0.0,24,0.0572,"1 входящих связей от 1 отправителей; 0 исходящих связей к 0 получателям; вход 21,160 KZT, выход 0 KZT. Depth=4: отсутствие исходящих связей может быть следствием границы выгрузки",1,0,21160.0,0.0,0.0003029166285306614,0.0,4,False,True
100000001249054100,transit,0.0,18,0.0457,"1 входящих связей от 1 отправителей; 0 исходящих связей к 0 получателям; вход 17,375 KZT, выход 0 KZT. Depth=4: отсутствие исходящих связей может быть следствием границы выгрузки",1,0,17375.0,0.0,0.00029207326082160873,0.0,4,False,True
100000008759795100,transit,0.0,46,0.0459,"1 входящих связей от 1 отправителей; 0 исходящих связей к 0 получателям; вход 17,000 KZT, выход 0 KZT. Depth=4: отсутствие исходящих связей может быть следствием границы выгрузки",1,0,17000.0,0.0,0.00029466683769708836,0.0,4,False,True
100000001299443100,transit,0.0,46,0.0153,"1 входящих связей от 1 отправителей; 0 исходящих связей к 0 получателям; вход 8,000 KZT, выход 0 KZT. Depth=4: отсутствие исходящих связей может быть следствием границы выгрузки",1,0,8000.0,0.0,0.00028985049114895996,0.0,4,False,True
100000007997939100,transit,0.0,5,0.0586,"1 входящих связей от 1 отправителей; 0 исходящих связей к 0 получателям; вход 13,000 KZT, выход 0 KZT. Depth=4: отсутствие исходящих связей может быть следствием границы выгрузки",1,0,13000.0,0.0,0.0003579630834798816,0.0,4,False,True
100000003470579100,transit,0.0,14,0.2617,"1 входящих связей от 1 отправителей; 0 исходящих связей к 0 получателям; вход 357,000 KZT, выход 0 KZT. Depth=4: отсутствие исходящих связей может быть следствием границы выгрузки",1,0,357000.0,0.0,0.0005685326159317385,0.0,4,False,True
100000008649416100,transit,0.0,28,0.0897,"1 входящих связей от 1 отправителей; 0 исходящих связей к 0 получателям; вход 5,000 KZT, выход 0 KZT. Depth=4: отсутствие исходящих связей может быть следствием границы выгрузки",1,0,5000.0,0.0,0.0005337267176293667,0.0,4,False,True
100000008183752100,transit,0.0,35,0.212,"1 входящих связей от 1 отправителей; 0 исходящих связей к 0 получателям; вход 140,000 KZT, выход 0 KZT. Depth=4: отсутствие исходящих связей может быть следствием границы выгрузки",1,0,140000.0,0.0,0.0005301890395310123,0.0,4,False,True
100000003950749100,transit,0.0,16,0.0445,"1 входящих связей от 1 отправителей; 0 исходящих связей к 0 получателям; вход 7,000 KZT, выход 0 KZT. Depth=4: отсутствие исходящих связей может быть следствием границы выгрузки",1,0,7000.0,0.0,0.00038424128954841466,0.0,4,False,True
100000005979037100,transit,0.0,1,0.1052,"1 входящих связей от 1 отправителей; 0 исходящих связей к 0 получателям; вход 60,300 KZT, выход 0 KZT. Depth=4: отсутствие исходящих связей может быть следствием границы выгрузки",1,0,60300.0,0.0,0.0003248463424153586,0.0,4,False,True
100000008734279100,transit,0.0,1,0.072,"1 входящих связей от 1 отправителей; 0 исходящих связей к 0 получателям; вход 31,650 KZT, выход 0 KZT. Depth=4: отсутствие исходящих связей может быть следствием границы выгрузки",1,0,31650.0,0.0,0.00030133294456934464,0.0,4,False,True
100000005589319100,transit,0.0,3,0.0676,"1 входящих связей от 1 отправителей; 0 исходящих связей к 0 получателям; вход 26,000 KZT, выход 0 KZT. Depth=4: отсутствие исходящих связей может быть следствием границы выгрузки",1,0,26000.0,0.0,0.00030995557415139407,0.0,4,False,True
100000003626268100,transit,0.0,1,0.0887,"1 входящих связей от 1 отправителей; 0 исходящих связей к 0 получателям; вход 5,000 KZT, выход 0 KZT. Depth=4: отсутствие исходящих связей может быть следствием границы выгрузки",1,0,5000.0,0.0,0.000530890379133667,0.0,4,False,True
100000001220124100,transit,0.0,1,0.1676,"1 входящих связей от 1 отправителей; 0 исходящих связей к 0 получателям; вход 40,000 KZT, выход 0 KZT. Depth=4: отсутствие исходящих связей может быть следствием границы выгрузки",1,0,40000.0,0.0,0.000539556585195879,0.0,4,False,True
100000003904497100,transit,0.0,5,0.0425,"1 входящих связей от 1 отправителей; 0 исходящих связей к 0 получателям; вход 10,000 KZT, выход 0 KZT. Depth=4: отсутствие исходящих связей может быть следствием границы выгрузки",1,0,10000.0,0.0,0.00034125682441928356,0.0,4,False,True
100000001270470100,transit,0.0,0,0.1144,"1 входящих связей от 1 отправителей; 0 исходящих связей к 0 получателям; вход 28,300 KZT, выход 0 KZT. Depth=4: отсутствие исходящих связей может быть следствием границы выгрузки",1,0,28300.0,0.0,0.00042974130560740703,0.0,4,False,True
100000003091142100,transit,0.0,0,0.1204,"1 входящих связей от 1 отправителей; 0 исходящих связей к 0 получателям; вход 40,000 KZT, выход 0 KZT. Depth=4: отсутствие исходящих связей может быть следствием границы выгрузки",1,0,40000.0,0.0,0.00040986444107495674,0.0,4,False,True
100000001053894100,transit,0.0,30,0.2387,"1 входящих связей от 1 отправителей; 0 исходящих связей к 0 получателям; вход 2,000,000 KZT, выход 0 KZT. Depth=4: отсутствие исходящих связей может быть следствием границы выгрузки",1,0,2000000.0,0.0,0.0004485491925071477,0.0,4,False,True
100000004722630100,transit,0.0,7,0.232,"1 входящих связей от 1 отправителей; 0 исходящих связей к 0 получателям; вход 340,000 KZT, выход 0 KZT. Depth=4: отсутствие исходящих связей может быть следствием границы выгрузки",1,0,340000.0,0.0,0.0004921869960127052,0.0,4,False,True
100000004655046100,transit,0.0,18,0.1546,"1 входящих связей от 1 отправителей; 0 исходящих связей к 0 получателям; вход 24,000 KZT, выход 0 KZT. Depth=4: отсутствие исходящих связей может быть следствием границы выгрузки",1,0,24000.0,0.0,0.0005575082914139765,0.0,4,False,True
100000004019056100,transit,0.0,12,0.1766,"1 входящих связей от 1 отправителей; 0 исходящих связей к 0 получателям; вход 50,000 KZT, выход 0 KZT. Depth=4: отсутствие исходящих связей может быть следствием границы выгрузки",1,0,50000.0,0.0,0.0005409213827074562,0.0,4,False,True
100000008071749100,transit,0.0,18,0.0606,"1 входящих связей от 1 отправителей; 0 исходящих связей к 0 получателям; вход 24,943 KZT, выход 0 KZT. Depth=4: отсутствие исходящих связей может быть следствием границы выгрузки",1,0,24943.0,0.0,0.00029490618279349263,0.0,4,False,True
100000008221765100,transit,0.0,10,0.2199,"1 входящих связей от 1 отправителей; 0 исходящих связей к 0 получателям; вход 156,354 KZT, выход 0 KZT. Depth=4: отсутствие исходящих связей может быть следствием границы выгрузки",1,0,156354.0,0.0,0.0005404417175185705,0.0,4,False,True
100000008778010100,transit,0.0,22,0.1889,"1 входящих связей от 1 отправителей; 0 исходящих связей к 0 получателям; вход 76,950 KZT, выход 0 KZT. Depth=4: отсутствие исходящих связей может быть следствием границы выгрузки",1,0,76950.0,0.0,0.0005296426486872749,0.0,4,False,True
100000004584730100,transit,0.0,51,0.088,"1 входящих связей от 1 отправителей; 0 исходящих связей к 0 получателям; вход 47,000 KZT, выход 0 KZT. Depth=4: отсутствие исходящих связей может быть следствием границы выгрузки",1,0,47000.0,0.0,0.00030383982641037267,0.0,4,False,True
100000004797167100,transit,0.0,1,0.1622,"1 входящих связей от 1 отправителей; 0 исходящих связей к 0 получателям; вход 31,000 KZT, выход 0 KZT. Depth=4: отсутствие исходящих связей может быть следствием границы выгрузки",1,0,31000.0,0.0,0.000551624702702953,0.0,4,False,True
100000005010159100,transit,0.0,1,0.1287,"1 входящих связей от 1 отправителей; 0 исходящих связей к 0 получателям; вход 7,092 KZT, выход 0 KZT. Depth=4: отсутствие исходящих связей может быть следствием границы выгрузки",1,0,7092.0,0.0,0.0006143684568259235,0.0,4,False,True
100000003025903100,transit,0.0,10,0.2494,"1 входящих связей от 1 отправителей; 0 исходящих связей к 0 получателям; вход 386,300 KZT, выход 0 KZT. Depth=4: отсутствие исходящих связей может быть следствием границы выгрузки",1,0,386300.0,0.0,0.0005264518149577599,0.0,4,False,True
100000003005167100,transit,0.0,46,0.01,"1 входящих связей от 1 отправителей; 0 исходящих связей к 0 получателям; вход 7,000 KZT, выход 0 KZT. Depth=4: отсутствие исходящих связей может быть следствием границы выгрузки",1,0,7000.0,0.0,0.0002893153415325012,0.0,4,False,True
100000002214383100,transit,0.0,22,0.2282,"1 входящих связей от 1 отправителей; 0 исходящих связей к 0 получателям; вход 213,000 KZT, выход 0 KZT. Depth=4: отсутствие исходящих связей может быть следствием границы выгрузки",1,0,213000.0,0.0,0.0005308718022156244,0.0,4,False,True
100000004800452100,transit,0.0,10,0.1233,"1 входящих связей от 1 отправителей; 0 исходящих связей к 0 получателям; вход 6,545 KZT, выход 0 KZT. Depth=4: отсутствие исходящих связей может быть следствием границы выгрузки",1,0,6544.53,0.0,0.0006079797659745975,0.0,4,False,True
100000006903193100,transit,0.0,0,0.0241,"1 входящих связей от 1 отправителей; 0 исходящих связей к 0 получателям; вход 9,000 KZT, выход 0 KZT. Depth=4: отсутствие исходящих связей может быть следствием границы выгрузки",1,0,9000.0,0.0,0.00030160452688525306,0.0,4,False,True
100000007811950100,transit,0.0,13,0.1785,"1 входящих связей от 1 отправителей; 0 исходящих связей к 0 получателям; вход 50,000 KZT, выход 0 KZT. Depth=4: отсутствие исходящих связей может быть следствием границы выгрузки",1,0,50000.0,0.0,0.000546228540071972,0.0,4,False,True
100000000375150100,transit,0.0,12,0.3197,"1 входящих связей от 1 отправителей; 0 исходящих связей к 0 получателям; вход 300,000 KZT, выход 0 KZT. Depth=4: отсутствие исходящих связей может быть следствием границы выгрузки",1,0,300000.0,0.0,0.0007463802351751558,0.0,4,False,True
100000008775747100,transit,0.0,5,0.0,"1 входящих связей от 1 отправителей; 0 исходящих связей к 0 получателям; вход 5,000 KZT, выход 0 KZT. Depth=4: отсутствие исходящих связей может быть следствием границы выгрузки",1,0,5000.0,0.0,0.0002862270828024374,0.0,4,False,True
100000006689603100,transit,0.0,1,0.1729,"1 входящих связей от 1 отправителей; 0 исходящих связей к 0 получателям; вход 400,000 KZT, выход 0 KZT. Depth=4: отсутствие исходящих связей может быть следствием границы выгрузки",1,0,400000.0,0.0,0.00031238935878786383,0.0,4,False,True
100000005075949100,transit,0.0,57,0.3548,"1 входящих связей от 1 отправителей; 0 исходящих связей к 0 получателям; вход 2,226,000 KZT, выход 0 KZT. Depth=4: отсутствие исходящих связей может быть следствием границы выгрузки",1,0,2226000.0,0.0,0.0007679113857379692,0.0,4,False,True
100000003985389100,transit,0.0,1,0.2397,"1 входящих связей от 1 отправителей; 0 исходящих связей к 0 получателям; вход 422,698 KZT, выход 0 KZT. Depth=4: отсутствие исходящих связей может быть следствием границы выгрузки",1,0,422698.0,0.0,0.0004903551059552761,0.0,4,False,True
100000002478829100,transit,0.0,32,0.106,"1 входящих связей от 1 отправителей; 0 исходящих связей к 0 получателям; вход 34,000 KZT, выход 0 KZT. Depth=4: отсутствие исходящих связей может быть следствием границы выгрузки",1,0,34000.0,0.0,0.0003873344502832999,0.0,4,False,True
100000003125997100,transit,0.0,42,0.2008,"1 входящих связей от 1 отправителей; 0 исходящих связей к 0 получателям; вход 87,750 KZT, выход 0 KZT. Depth=4: отсутствие исходящих связей может быть следствием границы выгрузки",1,0,87750.0,0.0,0.0005483720399494504,0.0,4,False,True
100000003214786100,transit,0.0,0,0.0484,"1 входящих связей от 1 отправителей; 0 исходящих связей к 0 получателям; вход 5,000 KZT, выход 0 KZT. Depth=4: отсутствие исходящих связей может быть следствием границы выгрузки",1,0,5000.0,0.0,0.00042028195414468866,0.0,4,False,True
100000008308418100,transit,0.0,0,0.1368,"1 входящих связей от 1 отправителей; 0 исходящих связей к 0 получателям; вход 50,000 KZT, выход 0 KZT. Depth=4: отсутствие исходящих связей может быть следствием границы выгрузки",1,0,50000.0,0.0,0.000431599331466298,0.0,4,False,True
100000008619159100,transit,0.0,70,0.1931,"1 входящих связей от 1 отправителей; 0 исходящих связей к 0 получателям; вход 446,400 KZT, выход 0 KZT. Depth=4: отсутствие исходящих связей может быть следствием границы выгрузки",1,0,446400.0,0.0,0.00035658738939848764,0.0,4,False,True
100000004418967100,transit,0.0,42,0.1712,"1 входящих связей от 1 отправителей; 0 исходящих связей к 0 получателям; вход 100,000 KZT, выход 0 KZT. Depth=4: отсутствие исходящих связей может быть следствием границы выгрузки",1,0,100000.0,0.0,0.0004534748089525561,0.0,4,False,True
100000003173783100,transit,0.0,33,0.0772,"1 входящих связей от 1 отправителей; 0 исходящих связей к 0 получателям; вход 23,500 KZT, выход 0 KZT. Depth=4: отсутствие исходящих связей может быть следствием границы выгрузки",1,0,23500.0,0.0,0.0003468224290716622,0.0,4,False,True
100000002242455100,transit,0.0,10,0.2035,"1 входящих связей от 1 отправителей; 0 исходящих связей к 0 получателям; вход 110,000 KZT, выход 0 KZT. Depth=4: отсутствие исходящих связей может быть следствием границы выгрузки",1,0,110000.0,0.0,0.0005321740677312205,0.0,4,False,True
100000004848236100,transit,0.0,0,0.0198,"1 входящих связей от 1 отправителей; 0 исходящих связей к 0 получателям; вход 7,500 KZT, выход 0 KZT. Depth=4: отсутствие исходящих связей может быть следствием границы выгрузки",1,0,7500.0,0.0,0.00030887463425310267,0.0,4,False,True
100000004674412100,transit,0.0,11,0.1546,"1 входящих связей от 1 отправителей; 0 исходящих связей к 0 получателям; вход 46,000 KZT, выход 0 KZT. Depth=4: отсутствие исходящих связей может быть следствием границы выгрузки",1,0,46000.0,0.0,0.0004893678200951688,0.0,4,False,True
100000007071852100,transit,0.0,1,0.1931,"1 входящих связей от 1 отправителей; 0 исходящих связей к 0 получателям; вход 195,000 KZT, выход 0 KZT. Depth=4: отсутствие исходящих связей может быть следствием границы выгрузки",1,0,195000.0,0.0,0.00044351479276962143,0.0,4,False,True
100000001498732100,transit,0.0,50,0.0009,"1 входящих связей от 1 отправителей; 0 исходящих связей к 0 получателям; вход 5,500 KZT, выход 0 KZT. Depth=4: отсутствие исходящих связей может быть следствием границы выгрузки",1,0,5500.0,0.0,0.0002894096098235805,0.0,4,False,True
100000000627521100,transit,0.0,30,0.0064,"1 входящих связей от 1 отправителей; 0 исходящих связей к 0 получателям; вход 6,500 KZT, выход 0 KZT. Depth=4: отсутствие исходящих связей может быть следствием границы выгрузки",1,0,6500.0,0.0,0.00028609897888673224,0.0,4,False,True
100000003105089100,transit,0.0,32,0.0273,"1 входящих связей от 1 отправителей; 0 исходящих связей к 0 получателям; вход 10,000 KZT, выход 0 KZT. Depth=4: отсутствие исходящих связей может быть следствием границы выгрузки",1,0,10000.0,0.0,0.0002994376832159761,0.0,4,False,True
100000003166017100,transit,0.0,18,0.0398,"1 входящих связей от 1 отправителей; 0 исходящих связей к 0 получателям; вход 15,000 KZT, выход 0 KZT. Depth=4: отсутствие исходящих связей может быть следствием границы выгрузки",1,0,15000.0,0.0,0.000291184229415263,0.0,4,False,True
100000002506987100,transit,0.0,18,0.0657,"1 входящих связей от 1 отправителей; 0 исходящих связей к 0 получателям; вход 28,200 KZT, выход 0 KZT. Depth=4: отсутствие исходящих связей может быть следствием границы выгрузки",1,0,28200.0,0.0,0.0002961253723894791,0.0,4,False,True
100000005767403100,transit,0.0,62,0.43,"1 входящих связей от 1 отправителей; 0 исходящих связей к 0 получателям; вход 1,100,000 KZT, выход 0 KZT. Depth=4: отсутствие исходящих связей может быть следствием границы выгрузки",1,0,1100000.0,0.0,0.0010818599457011395,0.0,4,False,True
100000005553088100,transit,0.0,1,0.0468,"1 входящих связей от 1 отправителей; 0 исходящих связей к 0 получателям; вход 17,500 KZT, выход 0 KZT. Depth=4: отсутствие исходящих связей может быть следствием границы выгрузки",1,0,17500.0,0.0,0.0002942853726110012,0.0,4,False,True
100000003632533100,transit,0.0,10,0.0744,"1 входящих связей от 1 отправителей; 0 исходящих связей к 0 получателям; вход 10,000 KZT, выход 0 KZT. Depth=4: отсутствие исходящих связей может быть следствием границы выгрузки",1,0,10000.0,0.0,0.00042894910408558474,0.0,4,False,True
100000008762005100,transit,0.0,5,0.0,"1 входящих связей от 1 отправителей; 0 исходящих связей к 0 получателям; вход 5,000 KZT, выход 0 KZT. Depth=4: отсутствие исходящих связей может быть следствием границы выгрузки",1,0,5000.0,0.0,0.0002867795934290686,0.0,4,False,True
100000002214207100,transit,0.0,26,0.2563,"1 входящих связей от 1 отправителей; 0 исходящих связей к 0 получателям; вход 97,000 KZT, выход 0 KZT. Depth=4: отсутствие исходящих связей может быть следствием границы выгрузки",1,0,97000.0,0.0,0.0006906066279546765,0.0,4,False,True
100000003180820100,transit,0.0,5,0.1154,"1 входящих связей от 1 отправителей; 0 исходящих связей к 0 получателям; вход 101,000 KZT, выход 0 KZT. Depth=4: отсутствие исходящих связей может быть следствием границы выгрузки",1,0,101000.0,0.0,0.0002988566236372633,0.0,4,False,True
100000003786516100,transit,0.0,0,0.0022,"1 входящих связей от 1 отправителей; 0 исходящих связей к 0 получателям; вход 5,000 KZT, выход 0 KZT. Depth=4: отсутствие исходящих связей может быть следствием границы выгрузки",1,0,5000.0,0.0,0.00029315964798120263,0.0,4,False,True
100000005226217100,transit,0.0,5,0.0791,"1 входящих связей от 1 отправителей; 0 исходящих связей к 0 получателям; вход 17,500 KZT, выход 0 KZT. Depth=4: отсутствие исходящих связей может быть следствием границы выгрузки",1,0,17500.0,0.0,0.0003830224720707786,0.0,4,False,True
100000001533161100,transit,0.0,51,0.1243,"1 входящих связей от 1 отправителей; 0 исходящих связей к 0 получателям; вход 100,000 KZT, выход 0 KZT. Depth=4: отсутствие исходящих связей может быть следствием границы выгрузки",1,0,100000.0,0.0,0.00032444276696852947,0.0,4,False,True
100000007034089100,transit,0.0,5,0.2486,"2 входящих связей от 2 отправителей; 0 исходящих связей к 0 получателям; вход 198,000 KZT, выход 0 KZT. Depth=4: отсутствие исходящих связей может быть следствием границы выгрузки",2,0,198000.0,0.0,0.0003211159924280986,0.0,4,False,True
100000008336318100,transit,0.0,5,0.1454,"1 входящих связей от 1 отправителей; 0 исходящих связей к 0 получателям; вход 170,000 KZT, выход 0 KZT. Depth=4: отсутствие исходящих связей может быть следствием границы выгрузки",1,0,170000.0,0.0,0.0003267194674177576,0.0,4,False,True
100000005370558100,transit,0.0,0,0.0045,"1 входящих связей от 1 отправителей; 0 исходящих связей к 0 получателям; вход 5,000 KZT, выход 0 KZT. Depth=4: отсутствие исходящих связей может быть следствием границы выгрузки",1,0,5000.0,0.0,0.0002992993954788,0.0,4,False,True
100000002729875100,transit,0.0,18,0.1101,"1 входящих связей от 1 отправителей; 0 исходящих связей к 0 получателям; вход 76,000 KZT, выход 0 KZT. Depth=4: отсутствие исходящих связей может быть следствием границы выгрузки",1,0,76000.0,0.0,0.0003140182992203525,0.0,4,False,True
100000006512787100,transit,0.0,0,0.1376,"1 входящих связей от 1 отправителей; 0 исходящих связей к 0 получателям; вход 20,000 KZT, выход 0 KZT. Depth=4: отсутствие исходящих связей может быть следствием границы выгрузки",1,0,20000.0,0.0,0.0005300461906110868,0.0,4,False,True
100000003186579100,transit,0.0,1,0.1973,"1 входящих связей от 1 отправителей; 0 исходящих связей к 0 получателям; вход 110,000 KZT, выход 0 KZT. Depth=4: отсутствие исходящих связей может быть следствием границы выгрузки",1,0,110000.0,0.0,0.0005151815504625234,0.0,4,False,True
100000004472936100,transit,0.0,12,0.089,"1 входящих связей от 1 отправителей; 0 исходящих связей к 0 получателям; вход 5,000 KZT, выход 0 KZT. Depth=4: отсутствие исходящих связей может быть следствием границы выгрузки",1,0,5000.0,0.0,0.0005318955309395088,0.0,4,False,True
100000002231144100,transit,0.0,32,0.0675,"1 входящих связей от 1 отправителей; 0 исходящих связей к 0 получателям; вход 15,000 KZT, выход 0 KZT. Depth=4: отсутствие исходящих связей может быть следствием границы выгрузки",1,0,15000.0,0.0,0.000367237638900313,0.0,4,False,True
100000002505277100,transit,0.0,0,0.1351,"1 входящих связей от 1 отправителей; 0 исходящих связей к 0 получателям; вход 60,000 KZT, выход 0 KZT. Depth=4: отсутствие исходящих связей может быть следствием границы выгрузки",1,0,60000.0,0.0,0.0004076531172154499,0.0,4,False,True
100000003177533100,transit,0.0,1,0.0679,"1 входящих связей от 1 отправителей; 0 исходящих связей к 0 получателям; вход 20,000 KZT, выход 0 KZT. Depth=4: отсутствие исходящих связей может быть следствием границы выгрузки",1,0,20000.0,0.0,0.00033819737698218943,0.0,4,False,True
100000005888829100,transit,0.0,5,0.1455,"1 входящих связей от 1 отправителей; 0 исходящих связей к 0 получателям; вход 197,000 KZT, выход 0 KZT. Depth=4: отсутствие исходящих связей может быть следствием границы выгрузки",1,0,197000.0,0.0,0.0003114861644720892,0.0,4,False,True
100000002242066100,transit,0.0,38,0.1809,"1 входящих связей от 1 отправителей; 0 исходящих связей к 0 получателям; вход 60,000 KZT, выход 0 KZT. Depth=4: отсутствие исходящих связей может быть следствием границы выгрузки",1,0,60000.0,0.0,0.0005337841025658801,0.0,4,False,True
100000008027922100,transit,0.0,29,0.1754,"1 входящих связей от 1 отправителей; 0 исходящих связей к 0 получателям; вход 70,000 KZT, выход 0 KZT. Depth=4: отсутствие исходящих связей может быть следствием границы выгрузки",1,0,70000.0,0.0,0.0005023680629098503,0.0,4,False,True
100000002686226100,transit,0.0,28,0.3001,"1 входящих связей от 1 отправителей; 0 исходящих связей к 0 получателям; вход 430,000 KZT, выход 0 KZT. Depth=4: отсутствие исходящих связей может быть следствием границы выгрузки",1,0,430000.0,0.0,0.0006546162523072467,0.0,4,False,True
100000001065234100,transit,0.0,45,0.2548,"1 входящих связей от 1 отправителей; 0 исходящих связей к 0 получателям; вход 360,000 KZT, выход 0 KZT. Depth=4: отсутствие исходящих связей может быть следствием границы выгрузки",1,0,360000.0,0.0,0.00054869478712359,0.0,4,False,True
100000000424935100,transit,0.0,15,0.0435,"1 входящих связей от 1 отправителей; 0 исходящих связей к 0 получателям; вход 15,000 KZT, выход 0 KZT. Depth=4: отсутствие исходящих связей может быть следствием границы выгрузки",1,0,15000.0,0.0,0.0003014479732354367,0.0,4,False,True
100000005723580100,transit,0.0,42,0.0915,"1 входящих связей от 1 отправителей; 0 исходящих связей к 0 получателям; вход 35,000 KZT, выход 0 KZT. Depth=4: отсутствие исходящих связей может быть следствием границы выгрузки",1,0,35000.0,0.0,0.00034433622437463323,0.0,4,False,True
100000000704700100,transit,0.0,34,0.1123,"1 входящих связей от 1 отправителей; 0 исходящих связей к 0 получателям; вход 10,000 KZT, выход 0 KZT. Depth=4: отсутствие исходящих связей может быть следствием границы выгрузки",1,0,10000.0,0.0,0.0005332551718567717,0.0,4,False,True
100000005293969100,transit,0.0,0,0.0885,"1 входящих связей от 1 отправителей; 0 исходящих связей к 0 получателям; вход 5,467 KZT, выход 0 KZT. Depth=4: отсутствие исходящих связей может быть следствием границы выгрузки",1,0,5466.97,0.0,0.0005304901604905825,0.0,4,False,True
100000002512742100,transit,0.0,46,0.004,"1 входящих связей от 1 отправителей; 0 исходящих связей к 0 получателям; вход 6,000 KZT, выход 0 KZT. Depth=4: отсутствие исходящих связей может быть следствием границы выгрузки",1,0,6000.0,0.0,0.0002887801919160425,0.0,4,False,True
100000001816678100,transit,0.0,3,0.0994,"1 входящих связей от 1 отправителей; 0 исходящих связей к 0 получателям; вход 60,000 KZT, выход 0 KZT. Depth=4: отсутствие исходящих связей может быть следствием границы выгрузки",1,0,60000.0,0.0,0.00030965522203982006,0.0,4,False,True
100000004586598100,transit,0.0,25,0.2717,"1 входящих связей от 1 отправителей; 0 исходящих связей к 0 получателям; вход 761,255 KZT, выход 0 KZT. Depth=4: отсутствие исходящих связей может быть следствием границы выгрузки",1,0,761255.0,0.0,0.0005392658410384621,0.0,4,False,True
100000005782886100,transit,0.0,5,0.0635,"1 входящих связей от 1 отправителей; 0 исходящих связей к 0 получателям; вход 14,000 KZT, выход 0 KZT. Depth=4: отсутствие исходящих связей может быть следствием границы выгрузки",1,0,14000.0,0.0,0.0003635318365000809,0.0,4,False,True
100000002622822100,transit,0.0,35,0.4056,"1 входящих связей от 1 отправителей; 0 исходящих связей к 0 получателям; вход 750,000 KZT, выход 0 KZT. Depth=4: отсутствие исходящих связей может быть следствием границы выгрузки",1,0,750000.0,0.0,0.0009076861139921038,0.0,4,False,True
100000003718715100,transit,0.0,12,0.2849,"1 входящих связей от 1 отправителей; 0 исходящих связей к 0 получателям; вход 915,000 KZT, выход 0 KZT. Depth=4: отсутствие исходящих связей может быть следствием границы выгрузки",1,0,915000.0,0.0,0.0005755764809645297,0.0,4,False,True
100000006491963100,transit,0.0,46,0.0433,"1 входящих связей от 1 отправителей; 0 исходящих связей к 0 получателям; вход 16,000 KZT, выход 0 KZT. Depth=4: отсутствие исходящих связей может быть следствием границы выгрузки",1,0,16000.0,0.0,0.00029413168808062963,0.0,4,False,True
100000004526651100,transit,0.0,5,0.0694,"1 входящих связей от 1 отправителей; 0 исходящих связей к 0 получателям; вход 33,000 KZT, выход 0 KZT. Depth=4: отсутствие исходящих связей может быть следствием границы выгрузки",1,0,33000.0,0.0,0.0002899106988792616,0.0,4,False,True
100000008331280100,transit,0.0,14,0.088,"1 входящих связей от 1 отправителей; 0 исходящих связей к 0 получателям; вход 41,000 KZT, выход 0 KZT. Depth=4: отсутствие исходящих связей может быть следствием границы выгрузки",1,0,41000.0,0.0,0.0003180664824253921,0.0,4,False,True
100000004177936100,transit,0.0,1,0.041,"1 входящих связей от 1 отправителей; 0 исходящих связей к 0 получателям; вход 10,000 KZT, выход 0 KZT. Depth=4: отсутствие исходящих связей может быть следствием границы выгрузки",1,0,10000.0,0.0,0.00033700711990315767,0.0,4,False,True
100000002922000100,transit,0.0,51,0.2308,"1 входящих связей от 1 отправителей; 0 исходящих связей к 0 получателям; вход 448,000 KZT, выход 0 KZT. Depth=4: отсутствие исходящих связей может быть следствием границы выгрузки",1,0,448000.0,0.0,0.0004597224521428421,0.0,4,False,True
100000002404112100,transit,0.0,14,0.1069,"1 входящих связей от 1 отправителей; 0 исходящих связей к 0 получателям; вход 60,000 KZT, выход 0 KZT. Depth=4: отсутствие исходящих связей может быть следствием границы выгрузки",1,0,60000.0,0.0,0.00033008347857565497,0.0,4,False,True
100000000634341100,transit,0.0,0,0.1536,"1 входящих связей от 1 отправителей; 0 исходящих связей к 0 получателям; вход 24,000 KZT, выход 0 KZT. Depth=4: отсутствие исходящих связей может быть следствием границы выгрузки",1,0,24000.0,0.0,0.0005549382719388587,0.0,4,False,True
100000001822650100,transit,0.0,5,0.1219,"1 входящих связей от 1 отправителей; 0 исходящих связей к 0 получателям; вход 112,000 KZT, выход 0 KZT. Depth=4: отсутствие исходящих связей может быть следствием границы выгрузки",1,0,112000.0,0.0,0.00030590273887598577,0.0,4,False,True
100000004791226100,transit,0.0,0,0.1418,"1 входящих связей от 1 отправителей; 0 исходящих связей к 0 получателям; вход 20,000 KZT, выход 0 KZT. Depth=4: отсутствие исходящих связей может быть следствием границы выгрузки",1,0,20000.0,0.0,0.000541483660737929,0.0,4,False,True
100000007841978100,transit,0.0,10,0.2478,"1 входящих связей от 1 отправителей; 0 исходящих связей к 0 получателям; вход 449,000 KZT, выход 0 KZT. Depth=4: отсутствие исходящих связей может быть следствием границы выгрузки",1,0,449000.0,0.0,0.0005063238893873184,0.0,4,False,True
100000006866831100,transit,0.0,1,0.0713,"1 входящих связей от 1 отправителей; 0 исходящих связей к 0 получателям; вход 16,500 KZT, выход 0 KZT. Depth=4: отсутствие исходящих связей может быть следствием границы выгрузки",1,0,16500.0,0.0,0.0003676771906395023,0.0,4,False,True
100000002999140100,transit,0.0,8,0.0237,"1 входящих связей от 1 отправителей; 0 исходящих связей к 0 получателям; вход 10,000 KZT, выход 0 KZT. Depth=4: отсутствие исходящих связей может быть следствием границы выгрузки",1,0,10000.0,0.0,0.000289482604055757,0.0,4,False,True
100000002884708100,transit,0.0,42,0.2802,"1 входящих связей от 1 отправителей; 0 исходящих связей к 0 получателям; вход 1,171,644 KZT, выход 0 KZT. Depth=4: отсутствие исходящих связей может быть следствием границы выгрузки",1,0,1171644.0,0.0,0.0005625754563953251,0.0,4,False,True
100000001130553100,transit,0.0,10,0.1386,"1 входящих связей от 1 отправителей; 0 исходящих связей к 0 получателям; вход 18,000 KZT, выход 0 KZT. Depth=4: отсутствие исходящих связей может быть следствием границы выгрузки",1,0,18000.0,0.0,0.0005436529519802205,0.0,4,False,True
100000006351075100,transit,0.0,65,0.0772,"1 входящих связей от 1 отправителей; 0 исходящих связей к 0 получателям; вход 40,000 KZT, выход 0 KZT. Depth=4: отсутствие исходящих связей может быть следствием границы выгрузки",1,0,40000.0,0.0,0.00029108533068760405,0.0,4,False,True
100000005616568100,transit,0.0,10,0.2271,"1 входящих связей от 1 отправителей; 0 исходящих связей к 0 получателям; вход 530,000 KZT, выход 0 KZT. Depth=4: отсутствие исходящих связей может быть следствием границы выгрузки",1,0,530000.0,0.0,0.0004319554143337915,0.0,4,False,True
100000006381453100,transit,0.0,5,0.1854,"1 входящих связей от 1 отправителей; 0 исходящих связей к 0 получателям; вход 45,000 KZT, выход 0 KZT. Depth=4: отсутствие исходящих связей может быть следствием границы выгрузки",1,0,45000.0,0.0,0.000576167770487525,0.0,4,False,True
100000004616845100,transit,0.0,44,0.0503,"1 входящих связей от 1 отправителей; 0 исходящих связей к 0 получателям; вход 20,200 KZT, выход 0 KZT. Depth=4: отсутствие исходящих связей может быть следствием границы выгрузки",1,0,20200.0,0.0,0.0002888176682521603,0.0,4,False,True
100000004908173100,transit,0.0,42,0.0634,"1 входящих связей от 1 отправителей; 0 исходящих связей к 0 получателям; вход 21,000 KZT, выход 0 KZT. Depth=4: отсутствие исходящих связей может быть следствием границы выгрузки",1,0,21000.0,0.0,0.00032082945231169603,0.0,4,False,True
100000004433250100,transit,0.0,0,0.0214,"1 входящих связей от 1 отправителей; 0 исходящих связей к 0 получателям; вход 8,000 KZT, выход 0 KZT. Depth=4: отсутствие исходящих связей может быть следствием границы выгрузки",1,0,8000.0,0.0,0.0003065701457455694,0.0,4,False,True
100000003664994100,transit,0.0,66,0.1951,"1 входящих связей от 1 отправителей; 0 исходящих связей к 0 получателям; вход 338,271 KZT, выход 0 KZT. Depth=4: отсутствие исходящих связей может быть следствием границы выгрузки",1,0,338271.0,0.0,0.0003911208228878397,0.0,4,False,True
100000004673335100,transit,0.0,33,0.1775,"1 входящих связей от 1 отправителей; 0 исходящих связей к 0 получателям; вход 80,000 KZT, выход 0 KZT. Depth=4: отсутствие исходящих связей может быть следствием границы выгрузки",1,0,80000.0,0.0,0.0004940906043598334,0.0,4,False,True
100000002487222100,transit,0.0,10,0.1152,"1 входящих связей от 1 отправителей; 0 исходящих связей к 0 получателям; вход 90,000 KZT, выход 0 KZT. Depth=4: отсутствие исходящих связей может быть следствием границы выгрузки",1,0,90000.0,0.0,0.0003104273146144319,0.0,4,False,True
100000000018102100,transit,0.0,1,0.0213,"1 входящих связей от 1 отправителей; 0 исходящих связей к 0 получателям; вход 7,000 KZT, выход 0 KZT. Depth=4: отсутствие исходящих связей может быть следствием границы выгрузки",1,0,7000.0,0.0,0.00032040294724489533,0.0,4,False,True
100000008638859100,transit,0.0,43,0.1614,"1 входящих связей от 1 отправителей; 0 исходящих связей к 0 получателям; вход 34,000 KZT, выход 0 KZT. Depth=4: отсутствие исходящих связей может быть следствием границы выгрузки",1,0,34000.0,0.0,0.000539648613146656,0.0,4,False,True
100000001131403100,transit,0.0,44,0.2713,"1 входящих связей от 1 отправителей; 0 исходящих связей к 0 получателям; вход 1,570,000 KZT, выход 0 KZT. Depth=4: отсутствие исходящих связей может быть следствием границы выгрузки",1,0,1570000.0,0.0,0.0005380419296007586,0.0,4,False,True
100000001733216100,transit,0.0,0,0.1351,"1 входящих связей от 1 отправителей; 0 исходящих связей к 0 получателям; вход 60,000 KZT, выход 0 KZT. Depth=4: отсутствие исходящих связей может быть следствием границы выгрузки",1,0,60000.0,0.0,0.0004076531172154499,0.0,4,False,True
100000004400480100,transit,0.0,24,0.1242,"1 входящих связей от 1 отправителей; 0 исходящих связей к 0 получателям; вход 21,700 KZT, выход 0 KZT. Depth=4: отсутствие исходящих связей может быть следствием границы выгрузки",1,0,21700.0,0.0,0.00048457285607853413,0.0,4,False,True
100000007539296100,transit,0.0,10,0.1794,"1 входящих связей от 1 отправителей; 0 исходящих связей к 0 получателям; вход 46,000 KZT, выход 0 KZT. Depth=4: отсутствие исходящих связей может быть следствием границы выгрузки",1,0,46000.0,0.0,0.0005573238796527781,0.0,4,False,True
100000008757301100,transit,0.0,0,0.1787,"1 входящих связей от 1 отправителей; 0 исходящих связей к 0 получателям; вход 58,398 KZT, выход 0 KZT. Depth=4: отсутствие исходящих связей может быть следствием границы выгрузки",1,0,58398.0,0.0,0.0005305464848242204,0.0,4,False,True
100000002752565100,transit,0.0,1,0.1079,"1 входящих связей от 1 отправителей; 0 исходящих связей к 0 получателям; вход 57,000 KZT, выход 0 KZT. Depth=4: отсутствие исходящих связей может быть следствием границы выгрузки",1,0,57000.0,0.0,0.00033823599365261504,0.0,4,False,True
100000002734815100,transit,0.0,5,0.1235,"1 входящих связей от 1 отправителей; 0 исходящих связей к 0 получателям; вход 110,000 KZT, выход 0 KZT. Depth=4: отсутствие исходящих связей может быть следствием границы выгрузки",1,0,110000.0,0.0,0.0003121958768764161,0.0,4,False,True
100000008333492100,transit,0.0,60,0.1951,"1 входящих связей от 1 отправителей; 0 исходящих связей к 0 получателям; вход 216,400 KZT, выход 0 KZT. Depth=4: отсутствие исходящих связей может быть следствием границы выгрузки",1,0,216400.0,0.0,0.0004380108561569439,0.0,4,False,True
100000006527156100,transit,0.0,57,0.0864,"1 входящих связей от 1 отправителей; 0 исходящих связей к 0 получателям; вход 48,500 KZT, выход 0 KZT. Depth=4: отсутствие исходящих связей может быть следствием границы выгрузки",1,0,48500.0,0.0,0.00029607854463901213,0.0,4,False,True
100000003448713100,transit,0.0,1,0.1542,"1 входящих связей от 1 отправителей; 0 исходящих связей к 0 получателям; вход 266,750 KZT, выход 0 KZT. Depth=4: отсутствие исходящих связей может быть следствием границы выгрузки",1,0,266750.0,0.0,0.0003034549247777915,0.0,4,False,True
100000004780083100,transit,0.0,56,0.0251,"1 входящих связей от 1 отправителей; 0 исходящих связей к 0 получателям; вход 9,999 KZT, выход 0 KZT. Depth=4: отсутствие исходящих связей может быть следствием границы выгрузки",1,0,9999.0,0.0,0.0002933852316593548,0.0,4,False,True
100000004798515100,transit,0.0,8,0.1651,"1 входящих связей от 1 отправителей; 0 исходящих связей к 0 получателям; вход 200,000 KZT, выход 0 KZT. Depth=4: отсутствие исходящих связей может быть следствием границы выгрузки",1,0,200000.0,0.0,0.0003638354909866263,0.0,4,False,True
100000004232712100,transit,0.0,10,0.1194,"1 входящих связей от 1 отправителей; 0 исходящих связей к 0 получателям; вход 12,500 KZT, выход 0 KZT. Depth=4: отсутствие исходящих связей может быть следствием границы выгрузки",1,0,12500.0,0.0,0.0005292762077277096,0.0,4,False,True
100000005209352100,transit,0.0,0,0.0484,"1 входящих связей от 1 отправителей; 0 исходящих связей к 0 получателям; вход 5,000 KZT, выход 0 KZT. Depth=4: отсутствие исходящих связей может быть следствием границы выгрузки",1,0,5000.0,0.0,0.00042028195414468866,0.0,4,False,True
100000000561160100,transit,0.0,3,0.1984,"1 входящих связей от 1 отправителей; 0 исходящих связей к 0 получателям; вход 240,000 KZT, выход 0 KZT. Depth=4: отсутствие исходящих связей может быть следствием границы выгрузки",1,0,240000.0,0.0,0.00043625462329843924,0.0,4,False,True
100000003568904100,transit,0.0,12,0.1725,"1 входящих связей от 1 отправителей; 0 исходящих связей к 0 получателям; вход 49,000 KZT, выход 0 KZT. Depth=4: отсутствие исходящих связей может быть следствием границы выгрузки",1,0,49000.0,0.0,0.0005317310119569377,0.0,4,False,True
100000000470237100,transit,0.0,15,0.176,"1 входящих связей от 1 отправителей; 0 исходящих связей к 0 получателям; вход 32,500 KZT, выход 0 KZT. Depth=4: отсутствие исходящих связей может быть следствием границы выгрузки",1,0,32500.0,0.0,0.000584633394176411,0.0,4,False,True
100000008560263100,transit,0.0,10,0.1202,"1 входящих связей от 1 отправителей; 0 исходящих связей к 0 получателям; вход 100,000 KZT, выход 0 KZT. Depth=4: отсутствие исходящих связей может быть следствием границы выгрузки",1,0,100000.0,0.0,0.000313189316880781,0.0,4,False,True
100000000542087100,transit,0.0,20,0.0166,"1 входящих связей от 1 отправителей; 0 исходящих связей к 0 получателям; вход 8,507 KZT, выход 0 KZT. Depth=4: отсутствие исходящих связей может быть следствием границы выгрузки",1,0,8506.91,0.0,0.00028641460273720837,0.0,4,False,True
100000004403548100,transit,0.0,1,0.0294,"1 входящих связей от 1 отправителей; 0 исходящих связей к 0 получателям; вход 5,000 KZT, выход 0 KZT. Depth=4: отсутствие исходящих связей может быть следствием границы выгрузки",1,0,5000.0,0.0,0.0003678656647208164,0.0,4,False,True
100000003010908100,transit,0.0,18,0.0839,"1 входящих связей от 1 отправителей; 0 исходящих связей к 0 получателям; вход 17,000 KZT, выход 0 KZT. Depth=4: отсутствие исходящих связей может быть следствием границы выгрузки",1,0,17000.0,0.0,0.0003994094269981735,0.0,4,False,True
100000006756956100,transit,0.0,0,0.1268,"1 входящих связей от 1 отправителей; 0 исходящих связей к 0 получателям; вход 121,200 KZT, выход 0 KZT. Depth=4: отсутствие исходящих связей может быть следствием границы выгрузки",1,0,121200.0,0.0,0.00031094703412755777,0.0,4,False,True
100000007357489100,transit,0.0,5,0.2386,"2 входящих связей от 2 отправителей; 0 исходящих связей к 0 получателям; вход 164,500 KZT, выход 0 KZT. Depth=4: отсутствие исходящих связей может быть следствием границы выгрузки",2,0,164500.0,0.0,0.00031295949170801515,0.0,4,False,True
100000002599729100,transit,0.0,0,0.1665,"1 входящих связей от 1 отправителей; 0 исходящих связей к 0 получателям; вход 65,000 KZT, выход 0 KZT. Depth=4: отсутствие исходящих связей может быть следствием границы выгрузки",1,0,65000.0,0.0,0.00048578643675265665,0.0,4,False,True
100000005849862100,transit,0.0,2,0.1279,"1 входящих связей от 1 отправителей; 0 исходящих связей к 0 получателям; вход 13,000 KZT, выход 0 KZT. Depth=4: отсутствие исходящих связей может быть следствием границы выгрузки",1,0,13000.0,0.0,0.000548435563920348,0.0,4,False,True
100000008762843100,transit,0.0,5,0.0093,"1 входящих связей от 1 отправителей; 0 исходящих связей к 0 получателям; вход 7,000 KZT, выход 0 KZT. Depth=4: отсутствие исходящих связей может быть следствием границы выгрузки",1,0,7000.0,0.0,0.00028726371311378,0.0,4,False,True
100000002723674100,transit,0.0,32,0.0794,"1 входящих связей от 1 отправителей; 0 исходящих связей к 0 получателям; вход 30,000 KZT, выход 0 KZT. Depth=4: отсутствие исходящих связей может быть следствием границы выгрузки",1,0,30000.0,0.0,0.00032717446121334796,0.0,4,False,True
100000008758106100,transit,0.0,5,0.0228,"1 входящих связей от 1 отправителей; 0 исходящих связей к 0 получателям; вход 10,000 KZT, выход 0 KZT. Depth=4: отсутствие исходящих связей может быть следствием границы выгрузки",1,0,10000.0,0.0,0.0002868848713875846,0.0,4,False,True
100000001286703100,transit,0.0,30,0.0503,"1 входящих связей от 1 отправителей; 0 исходящих связей к 0 получателям; вход 20,500 KZT, выход 0 KZT. Depth=4: отсутствие исходящих связей может быть следствием границы выгрузки",1,0,20500.0,0.0,0.00028723983817476127,0.0,4,False,True
